/*
 * Generated by scripts/gen-font.py from Inter Regular - do not edit by hand.
 *
 * The face is licensed under the SIL Open Font License 1.1; the licence text is in
 * licenses/ and covers this derived data too.
 *
 * 323 glyphs on a 35x36 master (32 cell rows under a 4-row overhang) at 16 coverage
 * levels, 53437 bytes of pixels, rasterised at 29 px on a 29-row baseline. The coverage
 * set is whatever src/theme/font5x7.c can draw, so the two fonts render the same
 * names.
 *
 * Proportional: every glyph carries its own advance, and the master is wider than
 * any of them because a glyph is positioned inside it at its own sidebearing.
 */

#include "inkcell/ui/font_ui.h"

/* Every glyph's ink box, one after another: coverage packed two pixels to a byte,
   low nibble first, row by row within the box. */
static const uint8_t k_pixels[] = {
    0x10, 0x01, 0x20, 0xED, 0x07, 0xF2, 0x8F, 0x20, 0xFE, 0x07, 0xE2, 0x7F,
    0x20, 0xFE, 0x07, 0xE2, 0x7F, 0x20, 0xFE, 0x07, 0xE2, 0x7F, 0x20, 0xFE,
    0x07, 0xE2, 0x7F, 0x20, 0xFE, 0x07, 0xE2, 0x7F, 0x20, 0xFE, 0x07, 0xF2,
    0x8F, 0x00, 0x44, 0x02, 0x00, 0x00, 0x00, 0x00, 0x00, 0x60, 0x17, 0x70,
    0xFF, 0x0B, 0xFB, 0xEF, 0x51, 0xFF, 0x08, 0x20, 0x03, 0x00, 0x10, 0x11,
    0x00, 0x11, 0x11, 0xED, 0x0A, 0xE3, 0x7E, 0xE1, 0xAF, 0x30, 0xFF, 0x17,
    0xFD, 0x09, 0xE2, 0x7F, 0xD0, 0x9F, 0x20, 0xFE, 0x06, 0xFC, 0x08, 0xE2,
    0x5F, 0xC0, 0x7F, 0x10, 0xFE, 0x05, 0xFB, 0x07, 0xE1, 0x4F, 0xA0, 0x6E,
    0x10, 0xEC, 0x03, 0x11, 0x00, 0x10, 0x01, 0x00, 0x00, 0x00, 0x11, 0x00,
    0x00, 0x00, 0x11, 0x00, 0x00, 0x00, 0x10, 0xED, 0x03, 0x00, 0x70, 0x8E,
    0x00, 0x00, 0x00, 0x20, 0xFF, 0x01, 0x00, 0xA0, 0x7F, 0x00, 0x00, 0x00,
    0x40, 0xCF, 0x00, 0x00, 0xC0, 0x4F, 0x00, 0x00, 0x00, 0x70, 0xAF, 0x00,
    0x00, 0xE1, 0x2F, 0x00, 0x00, 0x00, 0x90, 0x7F, 0x00, 0x00, 0xF3, 0x0D,
    0x00, 0x00, 0x43, 0xC4, 0x8F, 0x44, 0x44, 0xF8, 0x4C, 0x34, 0x10, 0xFF,
    0xFF, 0xFF, 0xFF, 0xFF, 0xFF, 0xFF, 0xCF, 0x30, 0xEE, 0xFE, 0xEF, 0xEE,
    0xEE, 0xFF, 0xEF, 0x8E, 0x00, 0x11, 0xF5, 0x1D, 0x11, 0x11, 0xFD, 0x15,
    0x11, 0x00, 0x00, 0xF6, 0x0A, 0x00, 0x10, 0xFE, 0x02, 0x00, 0x00, 0x00,
    0xF9, 0x08, 0x00, 0x30, 0xEF, 0x01, 0x00, 0x00, 0x00, 0xFB, 0x05, 0x00,
    0x50, 0xBF, 0x00, 0x00, 0x10, 0x21, 0xFD, 0x14, 0x11, 0x81, 0xAF, 0x11,
    0x01, 0xE4, 0xEE, 0xFF, 0xEE, 0xEE, 0xFE, 0xEF, 0xEE, 0x08, 0xF7, 0xFF,
    0xFF, 0xFF, 0xFF, 0xFF, 0xFF, 0xFF, 0x06, 0x42, 0x94, 0xBF, 0x44, 0x44,
    0xF5, 0x6F, 0x44, 0x01, 0x00, 0x80, 0x8F, 0x00, 0x00, 0xF2, 0x0E, 0x00,
    0x00, 0x00, 0xB0, 0x6F, 0x00, 0x00, 0xF5, 0x0C, 0x00, 0x00, 0x00, 0xD0,
    0x4F, 0x00, 0x00, 0xF8, 0x09, 0x00, 0x00, 0x00, 0xF2, 0x2F, 0x00, 0x00,
    0xFA, 0x07, 0x00, 0x00, 0x00, 0xE3, 0x0C, 0x00, 0x00, 0xEB, 0x04, 0x00,
    0x00, 0x00, 0x10, 0x01, 0x00, 0x00, 0x11, 0x00, 0x00, 0x00, 0x00, 0x00,
    0x00, 0x20, 0x14, 0x00, 0x00, 0x00, 0x00, 0x00, 0x00, 0x00, 0xF8, 0x04,
    0x00, 0x00, 0x00, 0x00, 0x00, 0x00, 0x70, 0x3F, 0x00, 0x00, 0x00, 0x00,
    0x00, 0x00, 0x41, 0xFA, 0x59, 0x02, 0x00, 0x00, 0x00, 0x10, 0xE9, 0xFF,
    0xFF, 0xEF, 0x29, 0x00, 0x00, 0x20, 0xFD, 0xEF, 0xFE, 0xED, 0xFF, 0x3D,
    0x00, 0x10, 0xFD, 0x8F, 0x71, 0x4F, 0x92, 0xFF, 0x1D, 0x00, 0xF6, 0x6F,
    0x00, 0xF7, 0x04, 0x70, 0xFF, 0x06, 0xA0, 0xDF, 0x00, 0x70, 0x4F, 0x00,
    0xD1, 0x9E, 0x00, 0xFB, 0x0C, 0x00, 0xF7, 0x04, 0x00, 0x21, 0x01, 0xA0,
    0xEF, 0x03, 0x70, 0x4F, 0x00, 0x00, 0x00, 0x00, 0xF5, 0xDF, 0x05, 0xF7,
    0x04, 0x00, 0x00, 0x00, 0x00, 0xFA, 0xFF, 0xBB, 0x4F, 0x00, 0x00, 0x00,
    0x00, 0x00, 0xF9, 0xFF, 0xFF, 0x9D, 0x04, 0x00, 0x00, 0x00, 0x00, 0x93,
    0xFD, 0xFF, 0xFF, 0x5C, 0x00, 0x00, 0x00, 0x00, 0x10, 0xF9, 0xFD, 0xFF,
    0x8F, 0x00, 0x00, 0x00, 0x00, 0x70, 0x4F, 0x92, 0xFF, 0x5F, 0x00, 0x00,
    0x00, 0x00, 0xF7, 0x04, 0x40, 0xFE, 0x0B, 0x00, 0x00, 0x00, 0x70, 0x4F,
    0x10, 0xA0, 0xDF, 0x31, 0x88, 0x03, 0x00, 0xF7, 0x04, 0x00, 0xF9, 0x1E,
    0xF3, 0xAF, 0x10, 0x70, 0x4F, 0x00, 0xC0, 0xCF, 0x00, 0xFC, 0x5F, 0x00,
    0xF7, 0x03, 0x80, 0xFF, 0x07, 0x40, 0xFF, 0x9F, 0x84, 0x5F, 0xB5, 0xFF,
    0x1C, 0x00, 0x50, 0xFE, 0xFF, 0xFF, 0xFF, 0xFF, 0x2C, 0x00, 0x00, 0x20,
    0xD8, 0xFF, 0xFF, 0xCE, 0x06, 0x00, 0x00, 0x00, 0x00, 0x20, 0xF9, 0x26,
    0x00, 0x00, 0x00, 0x00, 0x00, 0x00, 0x70, 0x3F, 0x00, 0x00, 0x00, 0x00,
    0x00, 0x00, 0x00, 0xE7, 0x03, 0x00, 0x00, 0x00, 0x00, 0x00, 0x00, 0x00,
    0x01, 0x00, 0x00, 0x00, 0x00, 0x00, 0x30, 0x24, 0x00, 0x00, 0x00, 0x00,
    0x00, 0x00, 0x11, 0x00, 0x00, 0xC3, 0xFF, 0xBF, 0x02, 0x00, 0x00, 0x00,
    0x10, 0xDC, 0x03, 0x00, 0xE2, 0xBF, 0xC8, 0xCF, 0x00, 0x00, 0x00, 0x00,
    0xFA, 0x09, 0x00, 0x80, 0xCF, 0x00, 0xE2, 0x4F, 0x00, 0x00, 0x00, 0xF6,
    0x1D, 0x00, 0x00, 0xFB, 0x08, 0x01, 0xFB, 0x07, 0x00, 0x00, 0xE2, 0x3F,
    0x00, 0x00, 0xB0, 0x7F, 0x00, 0xB0, 0x7F, 0x00, 0x00, 0xB0, 0x8F, 0x00,
    0x00, 0x00, 0xFB, 0x08, 0x01, 0xFB, 0x07, 0x00, 0x70, 0xCF, 0x00, 0x00,
    0x00, 0x80, 0xCF, 0x00, 0xE2, 0x4F, 0x00, 0x30, 0xEE, 0x03, 0x00, 0x00,
    0x00, 0xE2, 0xBF, 0xD8, 0xCF, 0x00, 0x00, 0xFC, 0x07, 0x00, 0x00, 0x00,
    0x00, 0xC3, 0xFF, 0xBF, 0x02, 0x00, 0xF8, 0x0B, 0x00, 0x00, 0x00, 0x00,
    0x00, 0x30, 0x24, 0x00, 0x00, 0xF3, 0x2E, 0x00, 0x00, 0x00, 0x00, 0x00,
    0x00, 0x00, 0x00, 0x00, 0xC1, 0x6F, 0x00, 0x00, 0x00, 0x00, 0x00, 0x00,
    0x00, 0x00, 0x00, 0x90, 0xAF, 0x00, 0x00, 0x10, 0x01, 0x00, 0x00, 0x00,
    0x00, 0x00, 0x40, 0xDF, 0x01, 0x00, 0xA3, 0xEE, 0x5C, 0x00, 0x00, 0x00,
    0x00, 0x10, 0xFD, 0x05, 0x00, 0xE3, 0xDF, 0xFC, 0x6F, 0x00, 0x00, 0x00,
    0x00, 0xFA, 0x09, 0x00, 0xA0, 0xAF, 0x00, 0xF7, 0x1D, 0x00, 0x00, 0x00,
    0xF5, 0x1D, 0x00, 0x10, 0xFD, 0x05, 0x10, 0xFE, 0x03, 0x00, 0x00, 0xE2,
    0x4F, 0x00, 0x00, 0xE1, 0x4F, 0x00, 0xE1, 0x4F, 0x00, 0x00, 0xA0, 0x8F,
    0x00, 0x00, 0x10, 0xFE, 0x04, 0x10, 0xFE, 0x04, 0x00, 0x60, 0xCF, 0x00,
    0x00, 0x00, 0xC0, 0x7F, 0x00, 0xF3, 0x2F, 0x00, 0x20, 0xFE, 0x03, 0x00,
    0x00, 0x00, 0xF7, 0x5E, 0xC4, 0xAF, 0x00, 0x00, 0xFB, 0x07, 0x00, 0x00,
    0x00, 0x00, 0xF9, 0xFF, 0xCF, 0x01, 0x00, 0x30, 0x02, 0x00, 0x00, 0x00,
    0x00, 0x00, 0x73, 0x57, 0x00, 0x00, 0x00, 0x00, 0x10, 0x43, 0x03, 0x00,
    0x00, 0x00, 0x00, 0x00, 0x10, 0xE9, 0xFF, 0xDF, 0x06, 0x00, 0x00, 0x00,
    0x00, 0xB0, 0xFF, 0xEF, 0xFF, 0x7F, 0x00, 0x00, 0x00, 0x00, 0xF6, 0xAF,
    0x13, 0xC4, 0xFF, 0x02, 0x00, 0x00, 0x00, 0xFB, 0x1D, 0x00, 0x40, 0xFF,
    0x07, 0x00, 0x00, 0x00, 0xFC, 0x0B, 0x00, 0x20, 0xFE, 0x07, 0x00, 0x00,
    0x00, 0xFB, 0x0D, 0x00, 0x60, 0xFF, 0x05, 0x00, 0x00, 0x00, 0xF7, 0x6F,
    0x00, 0xE4, 0xDF, 0x01, 0x00, 0x00, 0x00, 0xD1, 0xEF, 0x62, 0xFF, 0x3E,
    0x00, 0x00, 0x00, 0x00, 0x40, 0xFF, 0xFE, 0xDF, 0x03, 0x00, 0x00, 0x00,
    0x00, 0x00, 0xF9, 0xFF, 0x1A, 0x00, 0x00, 0x00, 0x00, 0x00, 0x70, 0xFE,
    0xFF, 0x08, 0x00, 0x00, 0x00, 0x00, 0x00, 0xF9, 0xCF, 0xFC, 0x6F, 0x00,
    0x20, 0x44, 0x00, 0x80, 0xFF, 0x0A, 0xD1, 0xFF, 0x04, 0x80, 0xFF, 0x02,
    0xF2, 0xBF, 0x00, 0x30, 0xFE, 0x2E, 0xA0, 0xDF, 0x01, 0xF6, 0x4F, 0x00,
    0x00, 0xF5, 0xCF, 0xD2, 0xBF, 0x00, 0xF7, 0x2E, 0x00, 0x00, 0x70, 0xFF,
    0xFD, 0x7F, 0x00, 0xF6, 0x3F, 0x00, 0x00, 0x00, 0xF8, 0xFF, 0x1D, 0x00,
    0xF2, 0xBF, 0x00, 0x00, 0x00, 0xF3, 0xFE, 0x08, 0x00, 0x90, 0xFF, 0x4B,
    0x22, 0x94, 0xFE, 0xFF, 0x4E, 0x00, 0x10, 0xFA, 0xFF, 0xEE, 0xFF, 0xFF,
    0xE8, 0xEF, 0x03, 0x00, 0x60, 0xEC, 0xFF, 0xDF, 0x39, 0x40, 0xEE, 0x1C,
    0x00, 0x00, 0x20, 0x43, 0x13, 0x00, 0x00, 0x11, 0x01, 0x10, 0x11, 0xD1,
    0xAE, 0xE1, 0xAF, 0xD1, 0x9F, 0xD0, 0x9F, 0xC0, 0x8F, 0xC0, 0x7F, 0xB0,
    0x7F, 0xA0, 0x6E, 0x10, 0x01, 0x00, 0x00, 0x41, 0x04, 0x00, 0xB0, 0xCF,
    0x00, 0x40, 0xFF, 0x05, 0x00, 0xFB, 0x0D, 0x00, 0xF2, 0x8F, 0x00, 0x70,
    0xFF, 0x03, 0x00, 0xFB, 0x0C, 0x00, 0xE1, 0x9F, 0x00, 0x40, 0xFF, 0x05,
    0x00, 0xF7, 0x2F, 0x00, 0xA0, 0xDF, 0x01, 0x00, 0xFC, 0x0B, 0x00, 0xD0,
    0xAF, 0x00, 0x10, 0xFE, 0x09, 0x00, 0xE1, 0x9F, 0x00, 0x10, 0xFD, 0x09,
    0x00, 0xD0, 0xAF, 0x00, 0x00, 0xFB, 0x0C, 0x00, 0x90, 0xEF, 0x01, 0x00,
    0xF6, 0x4F, 0x00, 0x30, 0xFF, 0x07, 0x00, 0xC0, 0xCF, 0x00, 0x00, 0xF7,
    0x3F, 0x00, 0x20, 0xFE, 0x08, 0x00, 0xA0, 0xDF, 0x01, 0x00, 0xF3, 0x6F,
    0x00, 0x00, 0xE9, 0x0C, 0x00, 0x00, 0x11, 0x42, 0x04, 0x00, 0x40, 0xFF,
    0x05, 0x00, 0xB0, 0xCF, 0x00, 0x00, 0xF5, 0x5F, 0x00, 0x10, 0xFD, 0x0A,
    0x00, 0x90, 0xEF, 0x01, 0x00, 0xF4, 0x5F, 0x00, 0x10, 0xFE, 0x09, 0x00,
    0xB0, 0xCF, 0x00, 0x00, 0xF8, 0x2E, 0x00, 0x50, 0xFF, 0x04, 0x00, 0xF3,
    0x6F, 0x00, 0x20, 0xFE, 0x07, 0x00, 0xE1, 0x8F, 0x00, 0x10, 0xFE, 0x08,
    0x00, 0xE1, 0x8F, 0x00, 0x20, 0xFF, 0x07, 0x00, 0xF4, 0x5F, 0x00, 0x60,
    0xFF, 0x03, 0x00, 0xFA, 0x1E, 0x00, 0xD0, 0xBF, 0x00, 0x40, 0xFF, 0x06,
    0x00, 0xF9, 0x2E, 0x00, 0xE1, 0xAF, 0x00, 0x60, 0xFF, 0x04, 0x00, 0xFC,
    0x0B, 0x00, 0xE4, 0x3E, 0x00, 0x10, 0x11, 0x00, 0x00, 0x00, 0x00, 0x10,
    0x01, 0x00, 0x00, 0x00, 0x00, 0xB0, 0x1E, 0x00, 0x00, 0x00, 0x00, 0xC0,
    0x1F, 0x00, 0x00, 0x90, 0x06, 0xB0, 0x1F, 0x30, 0x1A, 0xF3, 0xAF, 0xB1,
    0x1F, 0xF8, 0x7F, 0x51, 0xFC, 0xEE, 0xDF, 0xEF, 0x17, 0x00, 0x50, 0xFD,
    0xFF, 0x07, 0x00, 0x00, 0x82, 0xFE, 0xFF, 0x3A, 0x00, 0x82, 0xFE, 0xDB,
    0xAF, 0xFF, 0x3A, 0xF3, 0x7F, 0xB0, 0x0F, 0xD4, 0x6F, 0x60, 0x03, 0xB0,
    0x1F, 0x10, 0x06, 0x00, 0x00, 0xC0, 0x1F, 0x00, 0x00, 0x00, 0x00, 0x80,
    0x1B, 0x00, 0x00, 0x00, 0x00, 0x00, 0x10, 0x01, 0x00, 0x00, 0x00, 0x00,
    0x00, 0x70, 0xDE, 0x01, 0x00, 0x00, 0x00, 0x00, 0x00, 0xF8, 0x1E, 0x00,
    0x00, 0x00, 0x00, 0x00, 0x70, 0xEF, 0x01, 0x00, 0x00, 0x00, 0x00, 0x00,
    0xF8, 0x1E, 0x00, 0x00, 0x00, 0x00, 0x00, 0x70, 0xEF, 0x00, 0x00, 0x00,
    0x41, 0x44, 0x44, 0xF9, 0x5E, 0x44, 0x44, 0x32, 0xFF, 0xFF, 0xFF, 0xFF,
    0xFF, 0xFF, 0x8F, 0xE2, 0xEE, 0xEE, 0xFE, 0xEF, 0xEE, 0xEE, 0x07, 0x11,
    0x11, 0x81, 0xEF, 0x12, 0x11, 0x01, 0x00, 0x00, 0x00, 0xF7, 0x1E, 0x00,
    0x00, 0x00, 0x00, 0x00, 0x70, 0xEF, 0x01, 0x00, 0x00, 0x00, 0x00, 0x00,
    0xF7, 0x1E, 0x00, 0x00, 0x00, 0x00, 0x00, 0x80, 0xFF, 0x01, 0x00, 0x00,
    0x00, 0x00, 0x00, 0xB6, 0x1A, 0x00, 0x00, 0x00, 0x00, 0x11, 0x01, 0xD1,
    0xBE, 0x30, 0xFF, 0x09, 0xF5, 0x4F, 0x70, 0xEF, 0x01, 0xF9, 0x0B, 0xB0,
    0x7F, 0x10, 0xFE, 0x03, 0xE2, 0x0C, 0x00, 0x11, 0x00, 0x10, 0x11, 0x11,
    0x11, 0x11, 0x10, 0xED, 0xEE, 0xEE, 0xEE, 0x4E, 0xF1, 0xFF, 0xFF, 0xFF,
    0xFF, 0x04, 0x44, 0x44, 0x44, 0x44, 0x14, 0x60, 0x17, 0x70, 0xFF, 0x0B,
    0xFB, 0xEF, 0x51, 0xFF, 0x08, 0x20, 0x03, 0x00, 0x00, 0x00, 0x00, 0x00,
    0x11, 0x00, 0x00, 0x00, 0x90, 0x9E, 0x00, 0x00, 0x00, 0xE1, 0x6F, 0x00,
    0x00, 0x00, 0xF4, 0x2F, 0x00, 0x00, 0x00, 0xF7, 0x0C, 0x00, 0x00, 0x00,
    0xFB, 0x09, 0x00, 0x00, 0x10, 0xFE, 0x05, 0x00, 0x00, 0x50, 0xEF, 0x02,
    0x00, 0x00, 0x80, 0xBF, 0x00, 0x00, 0x00, 0xC0, 0x8F, 0x00, 0x00, 0x00,
    0xF2, 0x4F, 0x00, 0x00, 0x00, 0xF6, 0x1E, 0x00, 0x00, 0x00, 0xF9, 0x0A,
    0x00, 0x00, 0x00, 0xFD, 0x06, 0x00, 0x00, 0x30, 0xFF, 0x03, 0x00, 0x00,
    0x70, 0xDF, 0x00, 0x00, 0x00, 0xA0, 0x9F, 0x00, 0x00, 0x00, 0xE1, 0x5F,
    0x00, 0x00, 0x00, 0xF4, 0x2E, 0x00, 0x00, 0x00, 0xF8, 0x0C, 0x00, 0x00,
    0x00, 0xFC, 0x08, 0x00, 0x00, 0x20, 0xFE, 0x04, 0x00, 0x00, 0x50, 0xEF,
    0x01, 0x00, 0x00, 0x90, 0xBF, 0x00, 0x00, 0x00, 0xC0, 0x7F, 0x00, 0x00,
    0x00, 0xF3, 0x3F, 0x00, 0x00, 0x00, 0x41, 0x04, 0x00, 0x00, 0x00, 0x00,
    0x00, 0x00, 0x42, 0x34, 0x00, 0x00, 0x00, 0x00, 0x00, 0xB4, 0xFE, 0xFF,
    0x6C, 0x00, 0x00, 0x00, 0x60, 0xFF, 0xEF, 0xFE, 0xFF, 0x0A, 0x00, 0x00,
    0xF4, 0xEF, 0x26, 0x41, 0xFB, 0x8F, 0x00, 0x00, 0xFC, 0x3E, 0x00, 0x00,
    0xB0, 0xFF, 0x03, 0x40, 0xFF, 0x07, 0x00, 0x00, 0x20, 0xFE, 0x09, 0x90,
    0xEF, 0x01, 0x00, 0x00, 0x00, 0xFB, 0x1D, 0xC0, 0xBF, 0x00, 0x00, 0x00,
    0x00, 0xF6, 0x3F, 0xE1, 0x8F, 0x00, 0x00, 0x00, 0x00, 0xF4, 0x6F, 0xF3,
    0x6F, 0x00, 0x00, 0x00, 0x00, 0xE2, 0x7F, 0xF3, 0x5F, 0x00, 0x00, 0x00,
    0x00, 0xE1, 0x8F, 0xF4, 0x5F, 0x00, 0x00, 0x00, 0x00, 0xE1, 0x8F, 0xF4,
    0x5F, 0x00, 0x00, 0x00, 0x00, 0xE1, 0x8F, 0xF3, 0x6F, 0x00, 0x00, 0x00,
    0x00, 0xE2, 0x7F, 0xE2, 0x8F, 0x00, 0x00, 0x00, 0x00, 0xF4, 0x6F, 0xD0,
    0xBF, 0x00, 0x00, 0x00, 0x00, 0xF6, 0x3F, 0x90, 0xEF, 0x01, 0x00, 0x00,
    0x00, 0xFB, 0x1D, 0x50, 0xFF, 0x07, 0x00, 0x00, 0x20, 0xFF, 0x09, 0x00,
    0xFC, 0x3E, 0x00, 0x00, 0xB0, 0xFF, 0x03, 0x00, 0xF4, 0xEF, 0x26, 0x42,
    0xFB, 0x9F, 0x00, 0x00, 0x60, 0xFF, 0xFF, 0xFE, 0xFF, 0x0A, 0x00, 0x00,
    0x00, 0xB4, 0xFE, 0xFF, 0x6C, 0x00, 0x00, 0x00, 0x00, 0x00, 0x32, 0x24,
    0x00, 0x00, 0x00, 0x00, 0x00, 0x10, 0x11, 0x00, 0x00, 0xB2, 0xEE, 0x2E,
    0x00, 0xD5, 0xFF, 0xFF, 0x12, 0xF8, 0xDF, 0xFC, 0x2E, 0xF9, 0xCF, 0x72,
    0xEF, 0xC2, 0x9F, 0x01, 0xF8, 0x2E, 0x6A, 0x00, 0x70, 0xEF, 0x12, 0x00,
    0x00, 0xF7, 0x2E, 0x00, 0x00, 0x70, 0xEF, 0x02, 0x00, 0x00, 0xF7, 0x2E,
    0x00, 0x00, 0x70, 0xEF, 0x02, 0x00, 0x00, 0xF7, 0x2E, 0x00, 0x00, 0x70,
    0xEF, 0x02, 0x00, 0x00, 0xF7, 0x2E, 0x00, 0x00, 0x70, 0xEF, 0x02, 0x00,
    0x00, 0xF7, 0x2E, 0x00, 0x00, 0x70, 0xEF, 0x02, 0x00, 0x00, 0xF7, 0x2E,
    0x00, 0x00, 0x70, 0xEF, 0x02, 0x00, 0x00, 0xF7, 0x2E, 0x00, 0x00, 0x80,
    0xFF, 0x02, 0x00, 0x00, 0xE7, 0x2D, 0x00, 0x00, 0x00, 0x11, 0x00, 0x00,
    0x00, 0x30, 0x44, 0x02, 0x00, 0x00, 0x00, 0x71, 0xFD, 0xFF, 0xBE, 0x05,
    0x00, 0x10, 0xFC, 0xFF, 0xEE, 0xFF, 0x8F, 0x00, 0xB0, 0xFF, 0x39, 0x21,
    0xC5, 0xFF, 0x06, 0xF4, 0x8F, 0x00, 0x00, 0x10, 0xFD, 0x1D, 0xF9, 0x1E,
    0x00, 0x00, 0x00, 0xF6, 0x3F, 0xD9, 0x0B, 0x00, 0x00, 0x00, 0xF4, 0x5F,
    0x10, 0x00, 0x00, 0x00, 0x00, 0xF5, 0x4F, 0x00, 0x00, 0x00, 0x00, 0x00,
    0xFA, 0x1E, 0x00, 0x00, 0x00, 0x00, 0x40, 0xFF, 0x09, 0x00, 0x00, 0x00,
    0x00, 0xE2, 0xEF, 0x01, 0x00, 0x00, 0x00, 0x10, 0xFC, 0x4F, 0x00, 0x00,
    0x00, 0x00, 0xB0, 0xFF, 0x07, 0x00, 0x00, 0x00, 0x00, 0xFA, 0x8F, 0x00,
    0x00, 0x00, 0x00, 0x90, 0xFF, 0x09, 0x00, 0x00, 0x00, 0x00, 0xF8, 0xAF,
    0x00, 0x00, 0x00, 0x00, 0x70, 0xFF, 0x0B, 0x00, 0x00, 0x00, 0x00, 0xF6,
    0xBF, 0x01, 0x00, 0x00, 0x00, 0x60, 0xFF, 0x0B, 0x00, 0x00, 0x00, 0x00,
    0xF5, 0xFF, 0x79, 0x78, 0x77, 0x77, 0x67, 0xFC, 0xFF, 0xFF, 0xFF, 0xFF,
    0xFF, 0xCF, 0xEA, 0xEE, 0xEE, 0xEE, 0xEE, 0xEE, 0xAE, 0x11, 0x11, 0x11,
    0x11, 0x11, 0x11, 0x11, 0x00, 0x00, 0x00, 0x42, 0x24, 0x00, 0x00, 0x00,
    0x00, 0x10, 0xD7, 0xFF, 0xFF, 0x6C, 0x00, 0x00, 0x00, 0xC2, 0xFF, 0xEF,
    0xFE, 0xFF, 0x0A, 0x00, 0x10, 0xFD, 0x9F, 0x14, 0x41, 0xFB, 0x7F, 0x00,
    0x60, 0xFF, 0x07, 0x00, 0x00, 0xC0, 0xEF, 0x01, 0xB0, 0xDF, 0x00, 0x00,
    0x00, 0x50, 0xFF, 0x04, 0x30, 0x34, 0x00, 0x00, 0x00, 0x40, 0xFF, 0x05,
    0x00, 0x00, 0x00, 0x00, 0x00, 0x60, 0xFF, 0x03, 0x00, 0x00, 0x00, 0x00,
    0x00, 0xD1, 0xCF, 0x00, 0x00, 0x00, 0x00, 0x11, 0x52, 0xFD, 0x4F, 0x00,
    0x00, 0x00, 0x20, 0xEE, 0xFE, 0xAF, 0x02, 0x00, 0x00, 0x00, 0x20, 0xFF,
    0xFF, 0xAF, 0x04, 0x00, 0x00, 0x00, 0x10, 0x44, 0x85, 0xFD, 0x9F, 0x00,
    0x00, 0x00, 0x00, 0x00, 0x00, 0x91, 0xFF, 0x06, 0x00, 0x00, 0x00, 0x00,
    0x00, 0x00, 0xFD, 0x0C, 0x00, 0x00, 0x00, 0x00, 0x00, 0x00, 0xF8, 0x1E,
    0x51, 0x25, 0x00, 0x00, 0x00, 0x00, 0xF8, 0x2E, 0xF3, 0xAF, 0x00, 0x00,
    0x00, 0x00, 0xFB, 0x0D, 0xD0, 0xFF, 0x04, 0x00, 0x00, 0x60, 0xFF, 0x09,
    0x50, 0xFF, 0x8E, 0x13, 0x42, 0xF9, 0xDF, 0x01, 0x00, 0xF7, 0xFF, 0xEF,
    0xFE, 0xFF, 0x3D, 0x00, 0x00, 0x30, 0xD9, 0xFF, 0xFF, 0x7C, 0x01, 0x00,
    0x00, 0x00, 0x10, 0x43, 0x24, 0x00, 0x00, 0x00, 0x00, 0x00, 0x00, 0x00,
    0x00, 0x11, 0x01, 0x00, 0x00, 0x00, 0x00, 0x00, 0x00, 0xE7, 0xEE, 0x02,
    0x00, 0x00, 0x00, 0x00, 0x00, 0xF3, 0xFF, 0x2F, 0x00, 0x00, 0x00, 0x00,
    0x00, 0xB0, 0xFF, 0xEF, 0x02, 0x00, 0x00, 0x00, 0x00, 0x60, 0xEF, 0xFB,
    0x2E, 0x00, 0x00, 0x00, 0x00, 0x20, 0xFE, 0x67, 0xEF, 0x02, 0x00, 0x00,
    0x00, 0x00, 0xFA, 0x0D, 0xF7, 0x2E, 0x00, 0x00, 0x00, 0x00, 0xF5, 0x5F,
    0x80, 0xEF, 0x02, 0x00, 0x00, 0x00, 0xD1, 0xAF, 0x00, 0xF7, 0x2E, 0x00,
    0x00, 0x00, 0x80, 0xEF, 0x02, 0x70, 0xEF, 0x02, 0x00, 0x00, 0x30, 0xFF,
    0x07, 0x00, 0xF7, 0x2E, 0x00, 0x00, 0x00, 0xFC, 0x0C, 0x00, 0x70, 0xEF,
    0x02, 0x00, 0x00, 0xF7, 0x3F, 0x00, 0x00, 0xF7, 0x2E, 0x00, 0x00, 0xE2,
    0x9F, 0x00, 0x00, 0x80, 0xEF, 0x02, 0x00, 0xB0, 0xDF, 0x00, 0x00, 0x00,
    0xF7, 0x1E, 0x00, 0x40, 0xFF, 0xBD, 0xBB, 0xBB, 0xDB, 0xFF, 0xBB, 0x1A,
    0xF6, 0xFF, 0xFF, 0xFF, 0xFF, 0xFF, 0xFF, 0xFF, 0x41, 0xBB, 0xBB, 0xBB,
    0xBB, 0xDB, 0xFF, 0xBB, 0x1A, 0x00, 0x00, 0x00, 0x00, 0x00, 0xF7, 0x1E,
    0x00, 0x00, 0x00, 0x00, 0x00, 0x00, 0x80, 0xEF, 0x02, 0x00, 0x00, 0x00,
    0x00, 0x00, 0x00, 0xF8, 0x2F, 0x00, 0x00, 0x00, 0x00, 0x00, 0x00, 0x70,
    0xDE, 0x02, 0x00, 0x00, 0x00, 0x00, 0x00, 0x00, 0x10, 0x01, 0x00, 0x00,
    0x00, 0x11, 0x11, 0x11, 0x11, 0x11, 0x01, 0x00, 0xB0, 0xEE, 0xEE, 0xEE,
    0xEE, 0xEE, 0x05, 0x00, 0xFD, 0xFF, 0xFF, 0xFF, 0xFF, 0x6F, 0x00, 0xE1,
    0x9F, 0x44, 0x44, 0x44, 0x44, 0x01, 0x20, 0xFF, 0x06, 0x00, 0x00, 0x00,
    0x00, 0x00, 0xF4, 0x5F, 0x00, 0x00, 0x00, 0x00, 0x00, 0x60, 0xFF, 0x03,
    0x00, 0x00, 0x00, 0x00, 0x00, 0xF7, 0x1E, 0x00, 0x00, 0x00, 0x00, 0x00,
    0x90, 0xDF, 0x61, 0xBA, 0x8A, 0x03, 0x00, 0x00, 0xFB, 0xDD, 0xFF, 0xFF,
    0xFF, 0x08, 0x00, 0xD0, 0xFF, 0xBF, 0x88, 0xEA, 0xFF, 0x0A, 0x00, 0x85,
    0x28, 0x00, 0x00, 0xC3, 0xFF, 0x05, 0x00, 0x00, 0x00, 0x00, 0x00, 0xE2,
    0xCF, 0x00, 0x00, 0x00, 0x00, 0x00, 0x00, 0xF8, 0x2F, 0x00, 0x00, 0x00,
    0x00, 0x00, 0x50, 0xFF, 0x04, 0x00, 0x00, 0x00, 0x00, 0x00, 0xF4, 0x5F,
    0x51, 0x15, 0x00, 0x00, 0x00, 0x60, 0xFF, 0x34, 0xFF, 0x08, 0x00, 0x00,
    0x00, 0xFB, 0x1E, 0xD1, 0xEF, 0x03, 0x00, 0x00, 0xF6, 0x9F, 0x00, 0xF6,
    0xEF, 0x26, 0x31, 0xF9, 0xDF, 0x01, 0x00, 0xF8, 0xFF, 0xEF, 0xFF, 0xDF,
    0x03, 0x00, 0x00, 0xB4, 0xFE, 0xFF, 0x8D, 0x01, 0x00, 0x00, 0x00, 0x20,
    0x43, 0x13, 0x00, 0x00, 0x00, 0x00, 0x00, 0x00, 0x31, 0x34, 0x01, 0x00,
    0x00, 0x00, 0x00, 0x92, 0xFD, 0xFF, 0x9E, 0x02, 0x00, 0x00, 0x30, 0xFD,
    0xFF, 0xFE, 0xFF, 0x4E, 0x00, 0x00, 0xD1, 0xEF, 0x27, 0x21, 0xF7, 0xEF,
    0x02, 0x00, 0xF9, 0x4E, 0x00, 0x00, 0x60, 0xFF, 0x08, 0x20, 0xFF, 0x07,
    0x00, 0x00, 0x00, 0xFC, 0x1E, 0x70, 0xEF, 0x01, 0x00, 0x00, 0x00, 0x42,
    0x03, 0xB0, 0xAF, 0x00, 0x00, 0x00, 0x00, 0x00, 0x00, 0xD1, 0x8F, 0x10,
    0xA6, 0xAB, 0x27, 0x00, 0x00, 0xE2, 0x5F, 0xD3, 0xFF, 0xFF, 0xEF, 0x07,
    0x00, 0xF3, 0x8F, 0xFE, 0x8C, 0xA7, 0xFE, 0x8F, 0x00, 0xF4, 0xFF, 0x7F,
    0x00, 0x00, 0xD3, 0xFF, 0x04, 0xF4, 0xFF, 0x09, 0x00, 0x00, 0x20, 0xFE,
    0x0B, 0xF3, 0xEF, 0x01, 0x00, 0x00, 0x00, 0xF9, 0x2E, 0xF3, 0xBF, 0x00,
    0x00, 0x00, 0x00, 0xF6, 0x3F, 0xE1, 0xBF, 0x00, 0x00, 0x00, 0x00, 0xF5,
    0x4F, 0xB0, 0xDF, 0x00, 0x00, 0x00, 0x00, 0xF7, 0x2F, 0x70, 0xFF, 0x04,
    0x00, 0x00, 0x00, 0xFD, 0x0D, 0x10, 0xFE, 0x2D, 0x00, 0x00, 0x90, 0xFF,
    0x07, 0x00, 0xF6, 0xDF, 0x26, 0x42, 0xFA, 0xCF, 0x01, 0x00, 0x80, 0xFF,
    0xFF, 0xFE, 0xFF, 0x2C, 0x00, 0x00, 0x00, 0xB4, 0xFE, 0xFF, 0x8D, 0x01,
    0x00, 0x00, 0x00, 0x00, 0x32, 0x24, 0x00, 0x00, 0x00, 0x10, 0x11, 0x11,
    0x11, 0x11, 0x11, 0x11, 0x70, 0xEE, 0xEE, 0xEE, 0xEE, 0xEE, 0xEE, 0x4E,
    0xF8, 0xFF, 0xFF, 0xFF, 0xFF, 0xFF, 0xFF, 0x44, 0x77, 0x77, 0x77, 0x77,
    0x78, 0xFD, 0x3F, 0x00, 0x00, 0x00, 0x00, 0x00, 0xE1, 0xBF, 0x00, 0x00,
    0x00, 0x00, 0x00, 0x90, 0xFF, 0x04, 0x00, 0x00, 0x00, 0x00, 0x20, 0xFF,
    0x0B, 0x00, 0x00, 0x00, 0x00, 0x00, 0xF9, 0x4F, 0x00, 0x00, 0x00, 0x00,
    0x00, 0xF2, 0xBF, 0x00, 0x00, 0x00, 0x00, 0x00, 0xA0, 0xFF, 0x04, 0x00,
    0x00, 0x00, 0x00, 0x30, 0xFF, 0x0B, 0x00, 0x00, 0x00, 0x00, 0x00, 0xFA,
    0x3F, 0x00, 0x00, 0x00, 0x00, 0x00, 0xF3, 0xBF, 0x00, 0x00, 0x00, 0x00,
    0x00, 0xA0, 0xFF, 0x03, 0x00, 0x00, 0x00, 0x00, 0x30, 0xFF, 0x0A, 0x00,
    0x00, 0x00, 0x00, 0x00, 0xFA, 0x3F, 0x00, 0x00, 0x00, 0x00, 0x00, 0xF3,
    0xAF, 0x00, 0x00, 0x00, 0x00, 0x00, 0xA0, 0xFF, 0x03, 0x00, 0x00, 0x00,
    0x00, 0x30, 0xFF, 0x0A, 0x00, 0x00, 0x00, 0x00, 0x00, 0xFB, 0x3F, 0x00,
    0x00, 0x00, 0x00, 0x00, 0xF3, 0xAF, 0x00, 0x00, 0x00, 0x00, 0x00, 0xB0,
    0xEF, 0x02, 0x00, 0x00, 0x00, 0x00, 0x00, 0x22, 0x02, 0x00, 0x00, 0x00,
    0x00, 0x00, 0x00, 0x00, 0x00, 0x42, 0x24, 0x00, 0x00, 0x00, 0x00, 0x00,
    0xC7, 0xFF, 0xFF, 0x7C, 0x00, 0x00, 0x00, 0xB1, 0xFF, 0xEF, 0xFE, 0xFF,
    0x1B, 0x00, 0x00, 0xFA, 0xAF, 0x14, 0x41, 0xFA, 0xAF, 0x00, 0x30, 0xFF,
    0x0A, 0x00, 0x00, 0xA0, 0xFF, 0x03, 0x70, 0xFF, 0x03, 0x00, 0x00, 0x30,
    0xFF, 0x07, 0x70, 0xEF, 0x02, 0x00, 0x00, 0x20, 0xFE, 0x07, 0x50, 0xFF,
    0x04, 0x00, 0x00, 0x40, 0xFF, 0x05, 0x10, 0xFE, 0x0B, 0x00, 0x00, 0xB0,
    0xEF, 0x01, 0x00, 0xF6, 0xBF, 0x24, 0x42, 0xFB, 0x5F, 0x00, 0x00, 0x40,
    0xFC, 0xEF, 0xFE, 0xCF, 0x04, 0x00, 0x00, 0x60, 0xFC, 0xFF, 0xFF, 0xCF,
    0x06, 0x00, 0x00, 0xFA, 0xCF, 0x47, 0x74, 0xFC, 0xAF, 0x00, 0x70, 0xFF,
    0x08, 0x00, 0x00, 0x80, 0xFF, 0x07, 0xD1, 0xBF, 0x00, 0x00, 0x00, 0x00,
    0xFB, 0x1D, 0xF3, 0x6F, 0x00, 0x00, 0x00, 0x00, 0xF6, 0x3F, 0xF4, 0x5F,
    0x00, 0x00, 0x00, 0x00, 0xF5, 0x4F, 0xF2, 0x8F, 0x00, 0x00, 0x00, 0x00,
    0xF8, 0x2F, 0xC0, 0xEF, 0x03, 0x00, 0x00, 0x30, 0xFE, 0x0C, 0x40, 0xFF,
    0x8E, 0x13, 0x31, 0xE8, 0xFF, 0x04, 0x00, 0xE5, 0xFF, 0xEF, 0xFE, 0xFF,
    0x5E, 0x00, 0x00, 0x20, 0xD9, 0xFF, 0xFF, 0x9D, 0x02, 0x00, 0x00, 0x00,
    0x10, 0x42, 0x24, 0x00, 0x00, 0x00, 0x00, 0x00, 0x00, 0x43, 0x24, 0x00,
    0x00, 0x00, 0x00, 0x10, 0xD8, 0xFF, 0xEF, 0x5B, 0x00, 0x00, 0x00, 0xC2,
    0xFF, 0xEF, 0xFE, 0xFF, 0x09, 0x00, 0x10, 0xFD, 0xAF, 0x14, 0x52, 0xFC,
    0x7F, 0x00, 0x80, 0xFF, 0x08, 0x00, 0x00, 0xC1, 0xFF, 0x02, 0xD0, 0xCF,
    0x00, 0x00, 0x00, 0x30, 0xFF, 0x08, 0xF3, 0x7F, 0x00, 0x00, 0x00, 0x00,
    0xFB, 0x0C, 0xF4, 0x5F, 0x00, 0x00, 0x00, 0x00, 0xF9, 0x2E, 0xF3, 0x6F,
    0x00, 0x00, 0x00, 0x00, 0xFB, 0x3F, 0xE1, 0xAF, 0x00, 0x00, 0x00, 0x20,
    0xFE, 0x4F, 0xA0, 0xFF, 0x04, 0x00, 0x00, 0xA0, 0xFF, 0x5F, 0x30, 0xFF,
    0x6E, 0x01, 0x20, 0xFA, 0xFE, 0x5F, 0x00, 0xF6, 0xFF, 0xBD, 0xFC, 0xCF,
    0xF6, 0x4F, 0x00, 0x40, 0xFC, 0xFF, 0xFF, 0x1A, 0xF4, 0x3F, 0x00, 0x00,
    0x40, 0x77, 0x36, 0x00, 0xF7, 0x1E, 0x00, 0x00, 0x00, 0x00, 0x00, 0x00,
    0xFA, 0x0C, 0x61, 0x47, 0x00, 0x00, 0x00, 0x10, 0xFE, 0x08, 0xE0, 0xDF,
    0x00, 0x00, 0x00, 0x70, 0xFF, 0x03, 0x70, 0xFF, 0x07, 0x00, 0x00, 0xE4,
    0xAF, 0x00, 0x10, 0xFD, 0x8F, 0x13, 0x73, 0xFE, 0x2E, 0x00, 0x00, 0xD3,
    0xFF, 0xEF, 0xFF, 0xEF, 0x03, 0x00, 0x00, 0x10, 0xD9, 0xFF, 0xDF, 0x29,
    0x00, 0x00, 0x00, 0x00, 0x10, 0x43, 0x13, 0x00, 0x00, 0x00, 0x00, 0x01,
    0x30, 0xDC, 0x05, 0xFB, 0xEF, 0x91, 0xFF, 0x0D, 0x91, 0x3A, 0x00, 0x00,
    0x00, 0x00, 0x00, 0x00, 0x00, 0x00, 0x00, 0x00, 0x00, 0x00, 0x00, 0x00,
    0x00, 0x00, 0x00, 0x00, 0x60, 0x17, 0x70, 0xFF, 0x0B, 0xFB, 0xEF, 0x51,
    0xFF, 0x08, 0x20, 0x03, 0x00, 0x00, 0x10, 0x00, 0x00, 0xE8, 0x1B, 0x30,
    0xFF, 0x7F, 0x20, 0xFF, 0x6F, 0x00, 0xB5, 0x07, 0x00, 0x00, 0x00, 0x00,
    0x00, 0x00, 0x00, 0x00, 0x00, 0x00, 0x00, 0x00, 0x00, 0x00, 0x00, 0x00,
    0x00, 0x00, 0x00, 0x00, 0x00, 0x00, 0x11, 0x01, 0x10, 0xEC, 0x0C, 0x20,
    0xFF, 0x09, 0x40, 0xFF, 0x05, 0x60, 0xEF, 0x02, 0x80, 0xBF, 0x00, 0xA0,
    0x7F, 0x00, 0xD0, 0x4F, 0x00, 0xE1, 0x1D, 0x00, 0x10, 0x01, 0x00, 0x00,
    0x00, 0x00, 0x00, 0x00, 0x00, 0x83, 0x00, 0x00, 0x00, 0x00, 0x00, 0xA3,
    0xDF, 0x00, 0x00, 0x00, 0x00, 0xA3, 0xFF, 0xCF, 0x00, 0x00, 0x00, 0xA3,
    0xFF, 0xEF, 0x28, 0x00, 0x00, 0x93, 0xFF, 0xDF, 0x28, 0x00, 0x00, 0x93,
    0xFF, 0xDF, 0x17, 0x00, 0x00, 0x92, 0xFF, 0xDF, 0x16, 0x00, 0x00, 0x00,
    0xF8, 0xEF, 0x05, 0x00, 0x00, 0x00, 0x00, 0xF6, 0xFF, 0x5B, 0x00, 0x00,
    0x00, 0x00, 0x30, 0xFA, 0xFF, 0x6C, 0x01, 0x00, 0x00, 0x00, 0x30, 0xFA,
    0xFF, 0x7D, 0x01, 0x00, 0x00, 0x00, 0x30, 0xFA, 0xFF, 0x7D, 0x01, 0x00,
    0x00, 0x00, 0x30, 0xFA, 0xFF, 0x7E, 0x00, 0x00, 0x00, 0x00, 0x30, 0xFA,
    0xDF, 0x00, 0x00, 0x00, 0x00, 0x00, 0x30, 0xDA, 0x00, 0x00, 0x00, 0x00,
    0x00, 0x00, 0x20, 0x75, 0x77, 0x77, 0x77, 0x77, 0x77, 0x07, 0xFD, 0xFF,
    0xFF, 0xFF, 0xFF, 0xFF, 0x1F, 0xB8, 0xBB, 0xBB, 0xBB, 0xBB, 0xBB, 0x1A,
    0x00, 0x00, 0x00, 0x00, 0x00, 0x00, 0x00, 0x00, 0x00, 0x00, 0x00, 0x00,
    0x00, 0x00, 0x00, 0x00, 0x00, 0x00, 0x00, 0x00, 0x00, 0x43, 0x44, 0x44,
    0x44, 0x44, 0x44, 0x04, 0xFC, 0xFF, 0xFF, 0xFF, 0xFF, 0xFF, 0x1F, 0xEA,
    0xEE, 0xEE, 0xEE, 0xEE, 0xEE, 0x1D, 0x11, 0x11, 0x11, 0x11, 0x11, 0x11,
    0x01, 0x47, 0x00, 0x00, 0x00, 0x00, 0x00, 0x00, 0xFC, 0x4A, 0x00, 0x00,
    0x00, 0x00, 0x00, 0xFB, 0xFF, 0x4A, 0x00, 0x00, 0x00, 0x00, 0x82, 0xFD,
    0xFF, 0x4A, 0x00, 0x00, 0x00, 0x00, 0x71, 0xFD, 0xFF, 0x4A, 0x00, 0x00,
    0x00, 0x00, 0x61, 0xFC, 0xFF, 0x3A, 0x00, 0x00, 0x00, 0x00, 0x50, 0xFC,
    0xFF, 0x3A, 0x00, 0x00, 0x00, 0x00, 0x40, 0xFD, 0xAF, 0x00, 0x00, 0x00,
    0x00, 0xA4, 0xFE, 0x7F, 0x00, 0x00, 0x00, 0xB5, 0xFF, 0xBF, 0x04, 0x00,
    0x10, 0xC6, 0xFF, 0xBF, 0x04, 0x00, 0x10, 0xD7, 0xFF, 0xBF, 0x04, 0x00,
    0x00, 0xD6, 0xFF, 0xBF, 0x04, 0x00, 0x00, 0x00, 0xFC, 0xBF, 0x04, 0x00,
    0x00, 0x00, 0x00, 0xBB, 0x04, 0x00, 0x00, 0x00, 0x00, 0x00, 0x02, 0x00,
    0x00, 0x00, 0x00, 0x00, 0x00, 0x00, 0x00, 0x42, 0x34, 0x00, 0x00, 0x00,
    0x40, 0xEB, 0xFF, 0xDF, 0x07, 0x00, 0x60, 0xFF, 0xFF, 0xFE, 0xFF, 0x0B,
    0x30, 0xFF, 0x7E, 0x12, 0xB4, 0xFF, 0x08, 0xF9, 0x6F, 0x00, 0x00, 0xC0,
    0xEF, 0xD1, 0xEF, 0x00, 0x00, 0x00, 0xF6, 0x3F, 0x54, 0x04, 0x00, 0x00,
    0x50, 0xFF, 0x04, 0x00, 0x00, 0x00, 0x00, 0xF8, 0x3F, 0x00, 0x00, 0x00,
    0x00, 0xE3, 0xDF, 0x00, 0x00, 0x00, 0x00, 0xE5, 0xFF, 0x05, 0x00, 0x00,
    0x00, 0xF9, 0xFF, 0x08, 0x00, 0x00, 0x00, 0xF9, 0xDF, 0x05, 0x00, 0x00,
    0x00, 0xF3, 0xDF, 0x02, 0x00, 0x00, 0x00, 0x60, 0xFF, 0x05, 0x00, 0x00,
    0x00, 0x00, 0xF9, 0x2F, 0x00, 0x00, 0x00, 0x00, 0x60, 0xAB, 0x01, 0x00,
    0x00, 0x00, 0x00, 0x00, 0x00, 0x00, 0x00, 0x00, 0x00, 0x00, 0x00, 0x00,
    0x00, 0x00, 0x00, 0x00, 0x72, 0x04, 0x00, 0x00, 0x00, 0x00, 0xE1, 0xFF,
    0x04, 0x00, 0x00, 0x00, 0x40, 0xEF, 0x8F, 0x00, 0x00, 0x00, 0x00, 0xB1,
    0xDF, 0x02, 0x00, 0x00, 0x00, 0x00, 0x40, 0x01, 0x00, 0x00, 0x00, 0x00,
    0x00, 0x00, 0x00, 0x10, 0x64, 0x77, 0x57, 0x13, 0x00, 0x00, 0x00, 0x00,
    0x00, 0x00, 0x00, 0x50, 0xEA, 0xFF, 0xFF, 0xFF, 0xDF, 0x28, 0x00, 0x00,
    0x00, 0x00, 0x00, 0x40, 0xFC, 0xFF, 0x9C, 0x78, 0xA8, 0xFD, 0xEF, 0x07,
    0x00, 0x00, 0x00, 0x00, 0xF6, 0xDF, 0x27, 0x00, 0x00, 0x00, 0x40, 0xFA,
    0xAF, 0x00, 0x00, 0x00, 0x50, 0xFF, 0x1A, 0x00, 0x00, 0x00, 0x00, 0x00,
    0x60, 0xFF, 0x0A, 0x00, 0x00, 0xE2, 0xAF, 0x00, 0x00, 0x00, 0x00, 0x00,
    0x00, 0x00, 0xF5, 0x6F, 0x00, 0x00, 0xFA, 0x0C, 0x00, 0x00, 0x20, 0x34,
    0x01, 0x00, 0x00, 0x80, 0xEF, 0x01, 0x30, 0xFF, 0x04, 0x00, 0x40, 0xFC,
    0xFF, 0x5D, 0xD7, 0x09, 0x10, 0xFD, 0x06, 0x80, 0xCF, 0x00, 0x00, 0xF6,
    0xFF, 0xEE, 0xFF, 0xFD, 0x0B, 0x00, 0xF8, 0x0B, 0xC0, 0x8F, 0x00, 0x30,
    0xFF, 0x4B, 0x21, 0xC5, 0xFF, 0x0B, 0x00, 0xF4, 0x1E, 0xE1, 0x4F, 0x00,
    0xA0, 0xCF, 0x00, 0x00, 0x20, 0xFE, 0x0B, 0x00, 0xF2, 0x3F, 0xF3, 0x2F,
    0x00, 0xE1, 0x5F, 0x00, 0x00, 0x00, 0xFA, 0x0B, 0x00, 0xE1, 0x4F, 0xF3,
    0x1E, 0x00, 0xF3, 0x2E, 0x00, 0x00, 0x00, 0xF8, 0x0B, 0x00, 0xE1, 0x4F,
    0xF4, 0x1E, 0x00, 0xF4, 0x1E, 0x00, 0x00, 0x00, 0xF7, 0x0B, 0x00, 0xE1,
    0x3F, 0xF3, 0x1E, 0x00, 0xF3, 0x2F, 0x00, 0x00, 0x00, 0xF8, 0x0B, 0x00,
    0xF2, 0x2F, 0xF3, 0x2F, 0x00, 0xE1, 0x4F, 0x00, 0x00, 0x00, 0xFB, 0x0B,
    0x00, 0xF3, 0x1E, 0xE1, 0x4F, 0x00, 0xB0, 0xAF, 0x00, 0x00, 0x20, 0xFE,
    0x0B, 0x01, 0xF6, 0x0C, 0xC0, 0x7F, 0x00, 0x50, 0xFF, 0x18, 0x00, 0xC3,
    0xFF, 0x1E, 0x00, 0xFB, 0x08, 0x80, 0xCF, 0x00, 0x00, 0xFB, 0xDF, 0xCB,
    0xFF, 0xF9, 0xCF, 0xB8, 0xEF, 0x02, 0x30, 0xFF, 0x04, 0x00, 0x91, 0xFF,
    0xFF, 0x6F, 0x90, 0xFF, 0xFF, 0x4E, 0x00, 0x00, 0xFB, 0x0C, 0x00, 0x00,
    0x63, 0x67, 0x02, 0x00, 0x63, 0x67, 0x02, 0x00, 0x00, 0xF3, 0xAF, 0x00,
    0x00, 0x00, 0x00, 0x00, 0x00, 0x00, 0x00, 0x00, 0x00, 0x00, 0x60, 0xFF,
    0x2A, 0x00, 0x00, 0x00, 0x00, 0x00, 0x00, 0x00, 0x00, 0x00, 0x00, 0x00,
    0xF7, 0xEF, 0x38, 0x00, 0x00, 0x00, 0x10, 0x45, 0x00, 0x00, 0x00, 0x00,
    0x00, 0x40, 0xFC, 0xFF, 0xAC, 0x78, 0x98, 0xEB, 0xCF, 0x00, 0x00, 0x00,
    0x00, 0x00, 0x00, 0x50, 0xEA, 0xFF, 0xFF, 0xFF, 0xFF, 0x8C, 0x00, 0x00,
    0x00, 0x00, 0x00, 0x00, 0x00, 0x10, 0x53, 0x76, 0x67, 0x24, 0x00, 0x00,
    0x00, 0x00, 0x00, 0x00, 0x00, 0x00, 0x22, 0x12, 0x00, 0x00, 0x00, 0x00,
    0x00, 0x00, 0x00, 0x10, 0xFD, 0x9F, 0x00, 0x00, 0x00, 0x00, 0x00, 0x00,
    0x00, 0x50, 0xFF, 0xEF, 0x01, 0x00, 0x00, 0x00, 0x00, 0x00, 0x00, 0xA0,
    0xBF, 0xFD, 0x05, 0x00, 0x00, 0x00, 0x00, 0x00, 0x00, 0xE1, 0x5F, 0xFA,
    0x0A, 0x00, 0x00, 0x00, 0x00, 0x00, 0x00, 0xF6, 0x1F, 0xF6, 0x2E, 0x00,
    0x00, 0x00, 0x00, 0x00, 0x00, 0xFB, 0x0B, 0xF3, 0x7F, 0x00, 0x00, 0x00,
    0x00, 0x00, 0x20, 0xFF, 0x07, 0xC0, 0xCF, 0x00, 0x00, 0x00, 0x00, 0x00,
    0x70, 0xFF, 0x02, 0x70, 0xFF, 0x03, 0x00, 0x00, 0x00, 0x00, 0xC0, 0xCF,
    0x00, 0x30, 0xFF, 0x08, 0x00, 0x00, 0x00, 0x00, 0xF3, 0x7F, 0x00, 0x00,
    0xFC, 0x0D, 0x00, 0x00, 0x00, 0x00, 0xF9, 0x2F, 0x00, 0x00, 0xF7, 0x4F,
    0x00, 0x00, 0x00, 0x10, 0xFD, 0x0B, 0x00, 0x00, 0xE1, 0xAF, 0x00, 0x00,
    0x00, 0x50, 0xFF, 0x49, 0x44, 0x44, 0xC4, 0xEF, 0x01, 0x00, 0x00, 0xA0,
    0xFF, 0xFF, 0xFF, 0xFF, 0xFF, 0xFF, 0x06, 0x00, 0x00, 0xE1, 0xFF, 0xEE,
    0xEE, 0xEE, 0xEE, 0xFF, 0x0B, 0x00, 0x00, 0xF6, 0x6F, 0x11, 0x11, 0x11,
    0x11, 0xFA, 0x2F, 0x00, 0x00, 0xFB, 0x1E, 0x00, 0x00, 0x00, 0x00, 0xF4,
    0x7F, 0x00, 0x20, 0xFF, 0x0A, 0x00, 0x00, 0x00, 0x00, 0xD1, 0xCF, 0x00,
    0x70, 0xFF, 0x05, 0x00, 0x00, 0x00, 0x00, 0x90, 0xFF, 0x03, 0xD0, 0xEF,
    0x01, 0x00, 0x00, 0x00, 0x00, 0x40, 0xFF, 0x09, 0xD3, 0x8D, 0x00, 0x00,
    0x00, 0x00, 0x00, 0x00, 0xDB, 0x1B, 0x10, 0x11, 0x11, 0x11, 0x01, 0x00,
    0x00, 0x00, 0xE7, 0xEE, 0xEE, 0xEE, 0xCE, 0x5A, 0x00, 0x00, 0xF8, 0xFF,
    0xFF, 0xFF, 0xFF, 0xFF, 0x0A, 0x00, 0xF7, 0x5E, 0x44, 0x44, 0x75, 0xFC,
    0x9F, 0x00, 0xF7, 0x1E, 0x00, 0x00, 0x00, 0xC1, 0xFF, 0x02, 0xF7, 0x2E,
    0x00, 0x00, 0x00, 0x40, 0xFF, 0x06, 0xF7, 0x2E, 0x00, 0x00, 0x00, 0x20,
    0xFE, 0x07, 0xF7, 0x2E, 0x00, 0x00, 0x00, 0x30, 0xFF, 0x06, 0xF7, 0x2E,
    0x00, 0x00, 0x00, 0xA0, 0xFF, 0x03, 0xF7, 0x1E, 0x00, 0x00, 0x20, 0xF9,
    0x8F, 0x00, 0xF8, 0xCF, 0xBB, 0xBB, 0xEC, 0xBF, 0x05, 0x00, 0xF8, 0xFF,
    0xFF, 0xFF, 0xFF, 0xBF, 0x05, 0x00, 0xF7, 0x8F, 0x77, 0x77, 0xA8, 0xFE,
    0xAF, 0x00, 0xF7, 0x1E, 0x00, 0x00, 0x00, 0xA1, 0xFF, 0x07, 0xF7, 0x2E,
    0x00, 0x00, 0x00, 0x00, 0xFD, 0x1E, 0xF7, 0x2E, 0x00, 0x00, 0x00, 0x00,
    0xF7, 0x3F, 0xF7, 0x2E, 0x00, 0x00, 0x00, 0x00, 0xF5, 0x4F, 0xF7, 0x2E,
    0x00, 0x00, 0x00, 0x00, 0xF8, 0x3F, 0xF7, 0x1E, 0x00, 0x00, 0x00, 0x30,
    0xFE, 0x0D, 0xF7, 0x5E, 0x44, 0x44, 0x64, 0xE9, 0xFF, 0x05, 0xF8, 0xFF,
    0xFF, 0xFF, 0xFF, 0xFF, 0x7E, 0x00, 0xE7, 0xEE, 0xEE, 0xEE, 0xDE, 0x8B,
    0x02, 0x00, 0x10, 0x11, 0x11, 0x11, 0x11, 0x00, 0x00, 0x00, 0x00, 0x00,
    0x00, 0x00, 0x42, 0x34, 0x01, 0x00, 0x00, 0x00, 0x00, 0x00, 0x82, 0xFD,
    0xFF, 0xDF, 0x39, 0x00, 0x00, 0x00, 0x00, 0xE6, 0xFF, 0xFF, 0xFF, 0xFF,
    0x8F, 0x00, 0x00, 0x00, 0xF7, 0xFF, 0x7B, 0x44, 0xA6, 0xFF, 0x9F, 0x00,
    0x00, 0xF4, 0xEF, 0x05, 0x00, 0x00, 0x40, 0xFD, 0x6F, 0x00, 0xD1, 0xFF,
    0x04, 0x00, 0x00, 0x00, 0x20, 0xFE, 0x1D, 0x50, 0xFF, 0x08, 0x00, 0x00,
    0x00, 0x00, 0x70, 0xFF, 0x05, 0xFB, 0x1E, 0x00, 0x00, 0x00, 0x00, 0x00,
    0x92, 0x5A, 0xD1, 0xAF, 0x00, 0x00, 0x00, 0x00, 0x00, 0x00, 0x00, 0x20,
    0xFF, 0x07, 0x00, 0x00, 0x00, 0x00, 0x00, 0x00, 0x00, 0xF3, 0x6F, 0x00,
    0x00, 0x00, 0x00, 0x00, 0x00, 0x00, 0x40, 0xFF, 0x05, 0x00, 0x00, 0x00,
    0x00, 0x00, 0x00, 0x00, 0xF4, 0x6F, 0x00, 0x00, 0x00, 0x00, 0x00, 0x00,
    0x00, 0x20, 0xFF, 0x07, 0x00, 0x00, 0x00, 0x00, 0x00, 0x00, 0x00, 0xD1,
    0xAF, 0x00, 0x00, 0x00, 0x00, 0x00, 0x00, 0x00, 0x00, 0xFB, 0x1E, 0x00,
    0x00, 0x00, 0x00, 0x00, 0x92, 0x5A, 0x60, 0xFF, 0x08, 0x00, 0x00, 0x00,
    0x00, 0x70, 0xFF, 0x05, 0xD1, 0xFF, 0x04, 0x00, 0x00, 0x00, 0x20, 0xFE,
    0x1D, 0x00, 0xF4, 0xEF, 0x05, 0x00, 0x00, 0x40, 0xFD, 0x6F, 0x00, 0x00,
    0xF7, 0xFF, 0x7B, 0x44, 0xA6, 0xFF, 0x9F, 0x00, 0x00, 0x00, 0xE6, 0xFF,
    0xFF, 0xFF, 0xFF, 0x8F, 0x00, 0x00, 0x00, 0x00, 0x82, 0xFD, 0xFF, 0xDF,
    0x39, 0x00, 0x00, 0x00, 0x00, 0x00, 0x00, 0x42, 0x34, 0x01, 0x00, 0x00,
    0x00, 0x10, 0x11, 0x11, 0x11, 0x01, 0x00, 0x00, 0x00, 0x00, 0xE7, 0xEE,
    0xEE, 0xEE, 0xCD, 0x49, 0x00, 0x00, 0x00, 0xF8, 0xFF, 0xFF, 0xFF, 0xFF,
    0xFF, 0x3B, 0x00, 0x00, 0xF7, 0x5E, 0x44, 0x44, 0x96, 0xFD, 0xEF, 0x04,
    0x00, 0xF7, 0x1E, 0x00, 0x00, 0x00, 0x71, 0xFF, 0x2E, 0x00, 0xF7, 0x2E,
    0x00, 0x00, 0x00, 0x00, 0xF6, 0xBF, 0x00, 0xF7, 0x2E, 0x00, 0x00, 0x00,
    0x00, 0xA0, 0xFF, 0x03, 0xF7, 0x2E, 0x00, 0x00, 0x00, 0x00, 0x30, 0xFF,
    0x08, 0xF7, 0x2E, 0x00, 0x00, 0x00, 0x00, 0x00, 0xFC, 0x0C, 0xF7, 0x2E,
    0x00, 0x00, 0x00, 0x00, 0x00, 0xFA, 0x1D, 0xF7, 0x2E, 0x00, 0x00, 0x00,
    0x00, 0x00, 0xF8, 0x2E, 0xF7, 0x2E, 0x00, 0x00, 0x00, 0x00, 0x00, 0xF8,
    0x2E, 0xF7, 0x2E, 0x00, 0x00, 0x00, 0x00, 0x00, 0xF8, 0x1E, 0xF7, 0x2E,
    0x00, 0x00, 0x00, 0x00, 0x00, 0xFA, 0x1D, 0xF7, 0x2E, 0x00, 0x00, 0x00,
    0x00, 0x00, 0xFC, 0x0B, 0xF7, 0x2E, 0x00, 0x00, 0x00, 0x00, 0x30, 0xFF,
    0x08, 0xF7, 0x2E, 0x00, 0x00, 0x00, 0x00, 0xA0, 0xFF, 0x03, 0xF7, 0x2E,
    0x00, 0x00, 0x00, 0x00, 0xF6, 0xAF, 0x00, 0xF7, 0x1E, 0x00, 0x00, 0x00,
    0x81, 0xFF, 0x2E, 0x00, 0xF7, 0x5E, 0x44, 0x54, 0x96, 0xFD, 0xEF, 0x03,
    0x00, 0xF8, 0xFF, 0xFF, 0xFF, 0xFF, 0xFF, 0x2A, 0x00, 0x00, 0xE7, 0xEE,
    0xEE, 0xEE, 0xBD, 0x38, 0x00, 0x00, 0x00, 0x10, 0x11, 0x11, 0x11, 0x00,
    0x00, 0x00, 0x00, 0x00, 0x10, 0x11, 0x11, 0x11, 0x11, 0x11, 0x01, 0xE7,
    0xEE, 0xEE, 0xEE, 0xEE, 0xEE, 0x5E, 0xF8, 0xFF, 0xFF, 0xFF, 0xFF, 0xFF,
    0x6F, 0xF7, 0x5E, 0x44, 0x44, 0x44, 0x44, 0x24, 0xF7, 0x1E, 0x00, 0x00,
    0x00, 0x00, 0x00, 0xF7, 0x2E, 0x00, 0x00, 0x00, 0x00, 0x00, 0xF7, 0x2E,
    0x00, 0x00, 0x00, 0x00, 0x00, 0xF7, 0x2E, 0x00, 0x00, 0x00, 0x00, 0x00,
    0xF7, 0x2E, 0x00, 0x00, 0x00, 0x00, 0x00, 0xF7, 0x1E, 0x00, 0x00, 0x00,
    0x00, 0x00, 0xF8, 0xCF, 0xBB, 0xBB, 0xBB, 0xBB, 0x07, 0xF8, 0xFF, 0xFF,
    0xFF, 0xFF, 0xFF, 0x0B, 0xF7, 0x8F, 0x77, 0x77, 0x77, 0x77, 0x05, 0xF7,
    0x1E, 0x00, 0x00, 0x00, 0x00, 0x00, 0xF7, 0x2E, 0x00, 0x00, 0x00, 0x00,
    0x00, 0xF7, 0x2E, 0x00, 0x00, 0x00, 0x00, 0x00, 0xF7, 0x2E, 0x00, 0x00,
    0x00, 0x00, 0x00, 0xF7, 0x2E, 0x00, 0x00, 0x00, 0x00, 0x00, 0xF7, 0x1E,
    0x00, 0x00, 0x00, 0x00, 0x00, 0xF7, 0x5E, 0x44, 0x44, 0x44, 0x44, 0x24,
    0xF8, 0xFF, 0xFF, 0xFF, 0xFF, 0xFF, 0x8F, 0xE7, 0xEE, 0xEE, 0xEE, 0xEE,
    0xEE, 0x7E, 0x10, 0x11, 0x11, 0x11, 0x11, 0x11, 0x01, 0x10, 0x11, 0x11,
    0x11, 0x11, 0x11, 0x01, 0xE7, 0xEE, 0xEE, 0xEE, 0xEE, 0xEE, 0x4E, 0xF8,
    0xFF, 0xFF, 0xFF, 0xFF, 0xFF, 0x4F, 0xF7, 0x5E, 0x44, 0x44, 0x44, 0x44,
    0x14, 0xF7, 0x1E, 0x00, 0x00, 0x00, 0x00, 0x00, 0xF7, 0x2E, 0x00, 0x00,
    0x00, 0x00, 0x00, 0xF7, 0x2E, 0x00, 0x00, 0x00, 0x00, 0x00, 0xF7, 0x2E,
    0x00, 0x00, 0x00, 0x00, 0x00, 0xF7, 0x2E, 0x00, 0x00, 0x00, 0x00, 0x00,
    0xF7, 0x1E, 0x00, 0x00, 0x00, 0x00, 0x00, 0xF7, 0x5E, 0x44, 0x44, 0x44,
    0x44, 0x01, 0xF8, 0xFF, 0xFF, 0xFF, 0xFF, 0xFF, 0x04, 0xF8, 0xEF, 0xEE,
    0xEE, 0xEE, 0xEE, 0x04, 0xF7, 0x3E, 0x11, 0x11, 0x11, 0x11, 0x00, 0xF7,
    0x2E, 0x00, 0x00, 0x00, 0x00, 0x00, 0xF7, 0x2E, 0x00, 0x00, 0x00, 0x00,
    0x00, 0xF7, 0x2E, 0x00, 0x00, 0x00, 0x00, 0x00, 0xF7, 0x2E, 0x00, 0x00,
    0x00, 0x00, 0x00, 0xF7, 0x2E, 0x00, 0x00, 0x00, 0x00, 0x00, 0xF7, 0x2E,
    0x00, 0x00, 0x00, 0x00, 0x00, 0xF7, 0x2E, 0x00, 0x00, 0x00, 0x00, 0x00,
    0xF7, 0x2E, 0x00, 0x00, 0x00, 0x00, 0x00, 0x31, 0x02, 0x00, 0x00, 0x00,
    0x00, 0x00, 0x00, 0x00, 0x00, 0x00, 0x42, 0x24, 0x01, 0x00, 0x00, 0x00,
    0x00, 0x00, 0x92, 0xFD, 0xFF, 0xDF, 0x39, 0x00, 0x00, 0x00, 0x00, 0xE6,
    0xFF, 0xFF, 0xFF, 0xFF, 0x8F, 0x00, 0x00, 0x00, 0xF8, 0xFF, 0x7B, 0x44,
    0xA6, 0xFF, 0x9F, 0x00, 0x00, 0xF5, 0xEF, 0x05, 0x00, 0x00, 0x40, 0xFE,
    0x6F, 0x00, 0xD1, 0xFF, 0x04, 0x00, 0x00, 0x00, 0x30, 0xFE, 0x1E, 0x60,
    0xFF, 0x08, 0x00, 0x00, 0x00, 0x00, 0x80, 0xFF, 0x06, 0xFB, 0x1E, 0x00,
    0x00, 0x00, 0x00, 0x00, 0x92, 0x69, 0xD1, 0xAF, 0x00, 0x00, 0x00, 0x00,
    0x00, 0x00, 0x00, 0x20, 0xFF, 0x07, 0x00, 0x00, 0x00, 0x00, 0x00, 0x00,
    0x00, 0xF3, 0x6F, 0x00, 0x00, 0x00, 0x00, 0x00, 0x00, 0x00, 0x40, 0xFF,
    0x05, 0x00, 0x00, 0x20, 0x88, 0x88, 0x88, 0x68, 0xF4, 0x6F, 0x00, 0x00,
    0x00, 0xF4, 0xFF, 0xFF, 0xFF, 0x2D, 0xFF, 0x07, 0x00, 0x00, 0x30, 0xBB,
    0xBB, 0xEB, 0xCF, 0xD1, 0xAF, 0x00, 0x00, 0x00, 0x00, 0x00, 0x00, 0xFB,
    0x0C, 0xFB, 0x1E, 0x00, 0x00, 0x00, 0x00, 0x00, 0xE1, 0xAF, 0x60, 0xFF,
    0x08, 0x00, 0x00, 0x00, 0x00, 0x50, 0xFF, 0x07, 0xD1, 0xFF, 0x04, 0x00,
    0x00, 0x00, 0x10, 0xFD, 0x2F, 0x00, 0xF5, 0xEF, 0x06, 0x00, 0x00, 0x30,
    0xFC, 0x8F, 0x00, 0x00, 0xF7, 0xFF, 0x7C, 0x44, 0x96, 0xFE, 0xBF, 0x00,
    0x00, 0x00, 0xE6, 0xFF, 0xFF, 0xFF, 0xFF, 0xAF, 0x01, 0x00, 0x00, 0x00,
    0x82, 0xED, 0xFF, 0xEF, 0x4A, 0x00, 0x00, 0x00, 0x00, 0x00, 0x00, 0x42,
    0x34, 0x01, 0x00, 0x00, 0x00, 0x10, 0x01, 0x00, 0x00, 0x00, 0x00, 0x00,
    0x11, 0x71, 0xDE, 0x02, 0x00, 0x00, 0x00, 0x00, 0xA0, 0xBE, 0xF8, 0x2F,
    0x00, 0x00, 0x00, 0x00, 0x00, 0xFB, 0x7C, 0xEF, 0x02, 0x00, 0x00, 0x00,
    0x00, 0xB0, 0xCF, 0xF7, 0x2E, 0x00, 0x00, 0x00, 0x00, 0x00, 0xFB, 0x7C,
    0xEF, 0x02, 0x00, 0x00, 0x00, 0x00, 0xB0, 0xCF, 0xF7, 0x2E, 0x00, 0x00,
    0x00, 0x00, 0x00, 0xFB, 0x7C, 0xEF, 0x02, 0x00, 0x00, 0x00, 0x00, 0xB0,
    0xCF, 0xF7, 0x2E, 0x00, 0x00, 0x00, 0x00, 0x00, 0xFB, 0x7C, 0xEF, 0x13,
    0x11, 0x11, 0x11, 0x11, 0xB1, 0xCF, 0xF8, 0xEF, 0xEE, 0xEE, 0xEE, 0xEE,
    0xEE, 0xFF, 0x8C, 0xFF, 0xFF, 0xFF, 0xFF, 0xFF, 0xFF, 0xFF, 0xCF, 0xF7,
    0x5E, 0x44, 0x44, 0x44, 0x44, 0x44, 0xFC, 0x7C, 0xEF, 0x01, 0x00, 0x00,
    0x00, 0x00, 0xB0, 0xCF, 0xF7, 0x2E, 0x00, 0x00, 0x00, 0x00, 0x00, 0xFB,
    0x7C, 0xEF, 0x02, 0x00, 0x00, 0x00, 0x00, 0xB0, 0xCF, 0xF7, 0x2E, 0x00,
    0x00, 0x00, 0x00, 0x00, 0xFB, 0x7C, 0xEF, 0x02, 0x00, 0x00, 0x00, 0x00,
    0xB0, 0xCF, 0xF7, 0x2E, 0x00, 0x00, 0x00, 0x00, 0x00, 0xFB, 0x7C, 0xEF,
    0x02, 0x00, 0x00, 0x00, 0x00, 0xB0, 0xCF, 0xF8, 0x2F, 0x00, 0x00, 0x00,
    0x00, 0x00, 0xFB, 0x7C, 0xDE, 0x02, 0x00, 0x00, 0x00, 0x00, 0xA0, 0xBE,
    0x10, 0x01, 0x00, 0x00, 0x00, 0x00, 0x00, 0x11, 0x01, 0x10, 0x01, 0xE7,
    0x2D, 0xF8, 0x2F, 0xF7, 0x2E, 0xF7, 0x2E, 0xF7, 0x2E, 0xF7, 0x2E, 0xF7,
    0x2E, 0xF7, 0x2E, 0xF7, 0x2E, 0xF7, 0x2E, 0xF7, 0x2E, 0xF7, 0x2E, 0xF7,
    0x2E, 0xF7, 0x2E, 0xF7, 0x2E, 0xF7, 0x2E, 0xF7, 0x2E, 0xF7, 0x2E, 0xF7,
    0x2E, 0xF8, 0x2F, 0xE7, 0x2D, 0x10, 0x01, 0x00, 0x00, 0x00, 0x00, 0x00,
    0x31, 0x02, 0x00, 0x00, 0x00, 0x00, 0x00, 0xF9, 0x1E, 0x00, 0x00, 0x00,
    0x00, 0x00, 0xF9, 0x1E, 0x00, 0x00, 0x00, 0x00, 0x00, 0xF9, 0x1E, 0x00,
    0x00, 0x00, 0x00, 0x00, 0xF9, 0x1E, 0x00, 0x00, 0x00, 0x00, 0x00, 0xF9,
    0x1E, 0x00, 0x00, 0x00, 0x00, 0x00, 0xF9, 0x1E, 0x00, 0x00, 0x00, 0x00,
    0x00, 0xF9, 0x1E, 0x00, 0x00, 0x00, 0x00, 0x00, 0xF9, 0x1E, 0x00, 0x00,
    0x00, 0x00, 0x00, 0xF9, 0x1E, 0x00, 0x00, 0x00, 0x00, 0x00, 0xF9, 0x1E,
    0x00, 0x00, 0x00, 0x00, 0x00, 0xF9, 0x1E, 0x00, 0x00, 0x00, 0x00, 0x00,
    0xF9, 0x1E, 0x00, 0x00, 0x00, 0x00, 0x00, 0xF9, 0x1E, 0x31, 0x02, 0x00,
    0x00, 0x00, 0xF9, 0x1E, 0xF7, 0x2E, 0x00, 0x00, 0x00, 0xF9, 0x1E, 0xF7,
    0x2F, 0x00, 0x00, 0x00, 0xF9, 0x1E, 0xF6, 0x4F, 0x00, 0x00, 0x00, 0xFB,
    0x0C, 0xF2, 0xBF, 0x00, 0x00, 0x40, 0xFF, 0x09, 0xA0, 0xFF, 0x4A, 0x21,
    0xE6, 0xFF, 0x03, 0x10, 0xFC, 0xFF, 0xFE, 0xFF, 0x6F, 0x00, 0x00, 0x81,
    0xFD, 0xFF, 0xBE, 0x04, 0x00, 0x00, 0x00, 0x30, 0x34, 0x02, 0x00, 0x00,
    0x10, 0x01, 0x00, 0x00, 0x00, 0x00, 0x10, 0x11, 0x71, 0xDE, 0x02, 0x00,
    0x00, 0x00, 0x70, 0xEE, 0x2D, 0xF8, 0x2F, 0x00, 0x00, 0x00, 0x60, 0xFF,
    0x3E, 0x70, 0xEF, 0x02, 0x00, 0x00, 0x50, 0xFF, 0x4E, 0x00, 0xF7, 0x2E,
    0x00, 0x00, 0x40, 0xFF, 0x4F, 0x00, 0x70, 0xEF, 0x02, 0x00, 0x30, 0xFE,
    0x5F, 0x00, 0x00, 0xF7, 0x2E, 0x00, 0x30, 0xFE, 0x6F, 0x00, 0x00, 0x70,
    0xEF, 0x02, 0x20, 0xFD, 0x7F, 0x00, 0x00, 0x00, 0xF7, 0x2E, 0x10, 0xFD,
    0x8F, 0x00, 0x00, 0x00, 0x70, 0xEF, 0x02, 0xFC, 0x8F, 0x00, 0x00, 0x00,
    0x00, 0xF7, 0x1E, 0xF9, 0xFF, 0x04, 0x00, 0x00, 0x00, 0x70, 0xEF, 0xF9,
    0xFF, 0xEF, 0x02, 0x00, 0x00, 0x00, 0xF8, 0xFF, 0x8F, 0xF6, 0xBF, 0x00,
    0x00, 0x00, 0x80, 0xFF, 0x9F, 0x00, 0xFB, 0x7F, 0x00, 0x00, 0x00, 0xF7,
    0xAF, 0x00, 0x10, 0xFE, 0x3F, 0x00, 0x00, 0x70, 0xEF, 0x02, 0x00, 0x40,
    0xFF, 0x1D, 0x00, 0x00, 0xF7, 0x2E, 0x00, 0x00, 0x90, 0xFF, 0x09, 0x00,
    0x70, 0xEF, 0x02, 0x00, 0x00, 0xC0, 0xFF, 0x05, 0x00, 0xF7, 0x2E, 0x00,
    0x00, 0x00, 0xF3, 0xEF, 0x02, 0x70, 0xEF, 0x02, 0x00, 0x00, 0x00, 0xF6,
    0xBF, 0x00, 0xF8, 0x2F, 0x00, 0x00, 0x00, 0x00, 0xFB, 0x7F, 0x70, 0xDE,
    0x02, 0x00, 0x00, 0x00, 0x10, 0xED, 0x3E, 0x10, 0x01, 0x00, 0x00, 0x00,
    0x00, 0x00, 0x11, 0x01, 0x10, 0x01, 0x00, 0x00, 0x00, 0x00, 0x00, 0xE7,
    0x2D, 0x00, 0x00, 0x00, 0x00, 0x00, 0xF8, 0x2F, 0x00, 0x00, 0x00, 0x00,
    0x00, 0xF7, 0x2E, 0x00, 0x00, 0x00, 0x00, 0x00, 0xF7, 0x2E, 0x00, 0x00,
    0x00, 0x00, 0x00, 0xF7, 0x2E, 0x00, 0x00, 0x00, 0x00, 0x00, 0xF7, 0x2E,
    0x00, 0x00, 0x00, 0x00, 0x00, 0xF7, 0x2E, 0x00, 0x00, 0x00, 0x00, 0x00,
    0xF7, 0x2E, 0x00, 0x00, 0x00, 0x00, 0x00, 0xF7, 0x2E, 0x00, 0x00, 0x00,
    0x00, 0x00, 0xF7, 0x2E, 0x00, 0x00, 0x00, 0x00, 0x00, 0xF7, 0x2E, 0x00,
    0x00, 0x00, 0x00, 0x00, 0xF7, 0x2E, 0x00, 0x00, 0x00, 0x00, 0x00, 0xF7,
    0x2E, 0x00, 0x00, 0x00, 0x00, 0x00, 0xF7, 0x2E, 0x00, 0x00, 0x00, 0x00,
    0x00, 0xF7, 0x2E, 0x00, 0x00, 0x00, 0x00, 0x00, 0xF7, 0x2E, 0x00, 0x00,
    0x00, 0x00, 0x00, 0xF7, 0x2E, 0x00, 0x00, 0x00, 0x00, 0x00, 0xF7, 0x1E,
    0x00, 0x00, 0x00, 0x00, 0x00, 0xF7, 0x5E, 0x44, 0x44, 0x44, 0x44, 0x04,
    0xF8, 0xFF, 0xFF, 0xFF, 0xFF, 0xFF, 0x1F, 0xE7, 0xEE, 0xEE, 0xEE, 0xEE,
    0xEE, 0x1D, 0x10, 0x11, 0x11, 0x11, 0x11, 0x11, 0x01, 0x10, 0x11, 0x00,
    0x00, 0x00, 0x00, 0x00, 0x00, 0x00, 0x11, 0x11, 0xE7, 0xEE, 0x08, 0x00,
    0x00, 0x00, 0x00, 0x00, 0x60, 0xEE, 0x8E, 0xF8, 0xFF, 0x1E, 0x00, 0x00,
    0x00, 0x00, 0x00, 0xC0, 0xFF, 0x9F, 0xF7, 0xFF, 0x5F, 0x00, 0x00, 0x00,
    0x00, 0x00, 0xF3, 0xFF, 0x9F, 0xF7, 0xDE, 0xBF, 0x00, 0x00, 0x00, 0x00,
    0x00, 0xF9, 0xDC, 0x9F, 0xF7, 0x9D, 0xFF, 0x03, 0x00, 0x00, 0x00, 0x10,
    0xFE, 0xD8, 0x9F, 0xF7, 0x4E, 0xFE, 0x08, 0x00, 0x00, 0x00, 0x50, 0xEF,
    0xD3, 0x9F, 0xF7, 0x1E, 0xFB, 0x1D, 0x00, 0x00, 0x00, 0xB0, 0xBF, 0xE1,
    0x9F, 0xF7, 0x1F, 0xF6, 0x5F, 0x00, 0x00, 0x00, 0xF2, 0x6F, 0xE0, 0x9F,
    0xF7, 0x2E, 0xE1, 0xAF, 0x00, 0x00, 0x00, 0xF8, 0x2E, 0xE1, 0x9F, 0xF7,
    0x2E, 0xA0, 0xEF, 0x02, 0x00, 0x00, 0xFD, 0x0A, 0xE1, 0x9F, 0xF7, 0x2E,
    0x40, 0xFF, 0x07, 0x00, 0x40, 0xFF, 0x05, 0xE1, 0x9F, 0xF7, 0x2E, 0x00,
    0xFD, 0x0D, 0x00, 0xA0, 0xDF, 0x01, 0xE1, 0x9F, 0xF7, 0x2E, 0x00, 0xF7,
    0x4F, 0x00, 0xE2, 0x8F, 0x00, 0xE1, 0x9F, 0xF7, 0x2E, 0x00, 0xE2, 0xAF,
    0x00, 0xF6, 0x3F, 0x00, 0xE1, 0x9F, 0xF7, 0x2E, 0x00, 0xA0, 0xEF, 0x01,
    0xFB, 0x0B, 0x00, 0xE1, 0x9F, 0xF7, 0x2E, 0x00, 0x40, 0xFF, 0x15, 0xFF,
    0x06, 0x00, 0xE1, 0x9F, 0xF7, 0x2E, 0x00, 0x00, 0xFD, 0x58, 0xEF, 0x01,
    0x00, 0xE1, 0x9F, 0xF7, 0x2E, 0x00, 0x00, 0xF7, 0xBD, 0x9F, 0x00, 0x00,
    0xE1, 0x9F, 0xF7, 0x2E, 0x00, 0x00, 0xE2, 0xFF, 0x3F, 0x00, 0x00, 0xE1,
    0x9F, 0xF8, 0x2F, 0x00, 0x00, 0xA0, 0xFF, 0x0C, 0x00, 0x00, 0xE1, 0x9F,
    0xE7, 0x2D, 0x00, 0x00, 0x40, 0xEE, 0x06, 0x00, 0x00, 0xD1, 0x8E, 0x10,
    0x01, 0x00, 0x00, 0x00, 0x11, 0x00, 0x00, 0x00, 0x10, 0x11, 0x10, 0x11,
    0x00, 0x00, 0x00, 0x00, 0x00, 0x10, 0x01, 0xE7, 0xDE, 0x01, 0x00, 0x00,
    0x00, 0x00, 0xE5, 0x4E, 0xF8, 0xFF, 0x0A, 0x00, 0x00, 0x00, 0x00, 0xF5,
    0x4F, 0xF7, 0xFF, 0x4F, 0x00, 0x00, 0x00, 0x00, 0xF5, 0x4F, 0xF7, 0xEE,
    0xDF, 0x01, 0x00, 0x00, 0x00, 0xF5, 0x4F, 0xF7, 0x6D, 0xFF, 0x08, 0x00,
    0x00, 0x00, 0xF5, 0x4F, 0xF7, 0x1E, 0xFA, 0x3F, 0x00, 0x00, 0x00, 0xF5,
    0x4F, 0xF7, 0x1E, 0xF2, 0xCF, 0x00, 0x00, 0x00, 0xF5, 0x4F, 0xF7, 0x2E,
    0x80, 0xFF, 0x07, 0x00, 0x00, 0xF5, 0x4F, 0xF7, 0x2E, 0x10, 0xFD, 0x3F,
    0x00, 0x00, 0xF5, 0x4F, 0xF7, 0x2E, 0x00, 0xF4, 0xBF, 0x00, 0x00, 0xF5,
    0x4F, 0xF7, 0x2E, 0x00, 0xA0, 0xFF, 0x06, 0x00, 0xF5, 0x4F, 0xF7, 0x2E,
    0x00, 0x10, 0xFE, 0x2E, 0x00, 0xF5, 0x4F, 0xF7, 0x2E, 0x00, 0x00, 0xF5,
    0xAF, 0x00, 0xF5, 0x4F, 0xF7, 0x2E, 0x00, 0x00, 0xB0, 0xFF, 0x05, 0xF5,
    0x4F, 0xF7, 0x2E, 0x00, 0x00, 0x20, 0xFE, 0x0E, 0xF5, 0x4F, 0xF7, 0x2E,
    0x00, 0x00, 0x00, 0xF7, 0x7F, 0xF4, 0x4F, 0xF7, 0x2E, 0x00, 0x00, 0x00,
    0xC0, 0xEF, 0xF7, 0x4F, 0xF7, 0x2E, 0x00, 0x00, 0x00, 0x30, 0xFF, 0xFD,
    0x4F, 0xF7, 0x2E, 0x00, 0x00, 0x00, 0x00, 0xF8, 0xFF, 0x4F, 0xF8, 0x2F,
    0x00, 0x00, 0x00, 0x00, 0xD0, 0xFF, 0x4F, 0xE7, 0x2D, 0x00, 0x00, 0x00,
    0x00, 0x40, 0xEE, 0x4E, 0x10, 0x01, 0x00, 0x00, 0x00, 0x00, 0x00, 0x11,
    0x01, 0x00, 0x00, 0x00, 0x00, 0x42, 0x34, 0x01, 0x00, 0x00, 0x00, 0x00,
    0x00, 0x20, 0xD8, 0xFE, 0xFF, 0xAD, 0x03, 0x00, 0x00, 0x00, 0x00, 0xE6,
    0xFF, 0xFF, 0xFF, 0xFF, 0x8F, 0x00, 0x00, 0x00, 0x70, 0xFF, 0xBF, 0x47,
    0x64, 0xFA, 0xFF, 0x0A, 0x00, 0x00, 0xF4, 0xEF, 0x05, 0x00, 0x00, 0x30,
    0xFD, 0x8F, 0x00, 0x00, 0xFD, 0x4F, 0x00, 0x00, 0x00, 0x00, 0xD1, 0xFF,
    0x02, 0x50, 0xFF, 0x08, 0x00, 0x00, 0x00, 0x00, 0x40, 0xFF, 0x09, 0xB0,
    0xEF, 0x01, 0x00, 0x00, 0x00, 0x00, 0x00, 0xFB, 0x1D, 0xD1, 0xAF, 0x00,
    0x00, 0x00, 0x00, 0x00, 0x00, 0xF7, 0x3F, 0xF2, 0x7F, 0x00, 0x00, 0x00,
    0x00, 0x00, 0x00, 0xF4, 0x6F, 0xF3, 0x6F, 0x00, 0x00, 0x00, 0x00, 0x00,
    0x00, 0xF2, 0x7F, 0xF4, 0x5F, 0x00, 0x00, 0x00, 0x00, 0x00, 0x00, 0xE2,
    0x7F, 0xF4, 0x6F, 0x00, 0x00, 0x00, 0x00, 0x00, 0x00, 0xF2, 0x7F, 0xF2,
    0x7F, 0x00, 0x00, 0x00, 0x00, 0x00, 0x00, 0xF4, 0x6F, 0xD1, 0xAF, 0x00,
    0x00, 0x00, 0x00, 0x00, 0x00, 0xF7, 0x3F, 0xB0, 0xEF, 0x01, 0x00, 0x00,
    0x00, 0x00, 0x00, 0xFB, 0x1D, 0x50, 0xFF, 0x08, 0x00, 0x00, 0x00, 0x00,
    0x40, 0xFF, 0x09, 0x10, 0xFD, 0x4F, 0x00, 0x00, 0x00, 0x00, 0xD1, 0xFF,
    0x03, 0x00, 0xF4, 0xEF, 0x05, 0x00, 0x00, 0x30, 0xFD, 0x8F, 0x00, 0x00,
    0x70, 0xFF, 0xBF, 0x47, 0x64, 0xFA, 0xFF, 0x0A, 0x00, 0x00, 0x00, 0xE6,
    0xFF, 0xFF, 0xFF, 0xFF, 0x9F, 0x00, 0x00, 0x00, 0x00, 0x20, 0xD8, 0xFE,
    0xFF, 0xAD, 0x04, 0x00, 0x00, 0x00, 0x00, 0x00, 0x00, 0x42, 0x34, 0x01,
    0x00, 0x00, 0x00, 0x10, 0x11, 0x11, 0x11, 0x01, 0x00, 0x00, 0x70, 0xEE,
    0xEE, 0xEE, 0xDE, 0x9C, 0x03, 0x00, 0xF8, 0xFF, 0xFF, 0xFF, 0xFF, 0xFF,
    0x08, 0x70, 0xEF, 0x45, 0x44, 0x54, 0xE8, 0xFF, 0x08, 0xF7, 0x1E, 0x00,
    0x00, 0x00, 0xC2, 0xFF, 0x72, 0xEF, 0x02, 0x00, 0x00, 0x00, 0xF3, 0x8F,
    0xF7, 0x2E, 0x00, 0x00, 0x00, 0x00, 0xFD, 0x7B, 0xEF, 0x02, 0x00, 0x00,
    0x00, 0xB0, 0xCF, 0xF7, 0x2E, 0x00, 0x00, 0x00, 0x00, 0xFC, 0x7B, 0xEF,
    0x02, 0x00, 0x00, 0x00, 0xE1, 0x9F, 0xF7, 0x2E, 0x00, 0x00, 0x00, 0x80,
    0xFF, 0x75, 0xEF, 0x01, 0x00, 0x00, 0x82, 0xFF, 0x0C, 0xF8, 0xCF, 0xBB,
    0xBB, 0xEC, 0xFF, 0x3D, 0x80, 0xFF, 0xFF, 0xFF, 0xFF, 0xEF, 0x2A, 0x00,
    0xF7, 0x8F, 0x77, 0x77, 0x57, 0x02, 0x00, 0x70, 0xEF, 0x01, 0x00, 0x00,
    0x00, 0x00, 0x00, 0xF7, 0x2E, 0x00, 0x00, 0x00, 0x00, 0x00, 0x70, 0xEF,
    0x02, 0x00, 0x00, 0x00, 0x00, 0x00, 0xF7, 0x2E, 0x00, 0x00, 0x00, 0x00,
    0x00, 0x70, 0xEF, 0x02, 0x00, 0x00, 0x00, 0x00, 0x00, 0xF7, 0x2E, 0x00,
    0x00, 0x00, 0x00, 0x00, 0x70, 0xEF, 0x02, 0x00, 0x00, 0x00, 0x00, 0x00,
    0x31, 0x02, 0x00, 0x00, 0x00, 0x00, 0x00, 0x00, 0x00, 0x00, 0x00, 0x00,
    0x42, 0x34, 0x01, 0x00, 0x00, 0x00, 0x00, 0x00, 0x20, 0xD8, 0xFE, 0xFF,
    0xAD, 0x03, 0x00, 0x00, 0x00, 0x00, 0xE6, 0xFF, 0xFF, 0xFF, 0xFF, 0x8F,
    0x00, 0x00, 0x00, 0x70, 0xFF, 0xBF, 0x47, 0x64, 0xFA, 0xFF, 0x0A, 0x00,
    0x00, 0xF4, 0xEF, 0x05, 0x00, 0x00, 0x30, 0xFD, 0x8F, 0x00, 0x00, 0xFD,
    0x4F, 0x00, 0x00, 0x00, 0x00, 0xD1, 0xFF, 0x02, 0x50, 0xFF, 0x08, 0x00,
    0x00, 0x00, 0x00, 0x40, 0xFF, 0x09, 0xB0, 0xEF, 0x01, 0x00, 0x00, 0x00,
    0x00, 0x00, 0xFB, 0x1D, 0xD1, 0xAF, 0x00, 0x00, 0x00, 0x00, 0x00, 0x00,
    0xF7, 0x3F, 0xF2, 0x7F, 0x00, 0x00, 0x00, 0x00, 0x00, 0x00, 0xF4, 0x6F,
    0xF3, 0x6F, 0x00, 0x00, 0x00, 0x00, 0x00, 0x00, 0xF2, 0x7F, 0xF4, 0x5F,
    0x00, 0x00, 0x00, 0x00, 0x00, 0x00, 0xE2, 0x7F, 0xF4, 0x6F, 0x00, 0x00,
    0x00, 0x00, 0x00, 0x00, 0xF2, 0x7F, 0xF2, 0x7F, 0x00, 0x00, 0x00, 0x00,
    0x00, 0x00, 0xF4, 0x6F, 0xD1, 0xAF, 0x00, 0x00, 0x00, 0x00, 0x00, 0x00,
    0xF7, 0x3F, 0xB0, 0xEF, 0x01, 0x00, 0x50, 0x99, 0x03, 0x00, 0xFB, 0x1D,
    0x50, 0xFF, 0x08, 0x00, 0x20, 0xFE, 0x1D, 0x40, 0xFF, 0x09, 0x10, 0xFD,
    0x4F, 0x00, 0x00, 0xE3, 0xAF, 0xD2, 0xFF, 0x03, 0x00, 0xF4, 0xEF, 0x05,
    0x00, 0x50, 0xFF, 0xFE, 0x8F, 0x00, 0x00, 0x70, 0xFF, 0xBF, 0x47, 0x64,
    0xFE, 0xFF, 0x0A, 0x00, 0x00, 0x00, 0xE6, 0xFF, 0xFF, 0xFF, 0xFF, 0xEF,
    0x01, 0x00, 0x00, 0x00, 0x20, 0xD8, 0xFE, 0xFF, 0xAE, 0xFE, 0x0A, 0x00,
    0x00, 0x00, 0x00, 0x00, 0x42, 0x34, 0x01, 0xF5, 0x7F, 0x00, 0x00, 0x00,
    0x00, 0x00, 0x00, 0x00, 0x00, 0x90, 0xEE, 0x03, 0x00, 0x00, 0x00, 0x00,
    0x00, 0x00, 0x00, 0x00, 0x11, 0x01, 0x11, 0x11, 0x11, 0x11, 0x01, 0x00,
    0x00, 0x00, 0xE7, 0xEE, 0xEE, 0xEE, 0xCE, 0x4A, 0x00, 0x00, 0xF8, 0xFF,
    0xFF, 0xFF, 0xFF, 0xFF, 0x0A, 0x00, 0xF7, 0x5E, 0x44, 0x44, 0x75, 0xFD,
    0xAF, 0x00, 0xF7, 0x1E, 0x00, 0x00, 0x00, 0xB1, 0xFF, 0x04, 0xF7, 0x2E,
    0x00, 0x00, 0x00, 0x20, 0xFE, 0x09, 0xF7, 0x2E, 0x00, 0x00, 0x00, 0x00,
    0xFC, 0x0B, 0xF7, 0x2E, 0x00, 0x00, 0x00, 0x00, 0xFB, 0x0C, 0xF7, 0x2E,
    0x00, 0x00, 0x00, 0x00, 0xFC, 0x0B, 0xF7, 0x2E, 0x00, 0x00, 0x00, 0x30,
    0xFF, 0x08, 0xF7, 0x1E, 0x00, 0x00, 0x00, 0xD3, 0xFF, 0x03, 0xF7, 0x9F,
    0x88, 0x88, 0xB9, 0xFF, 0x7F, 0x00, 0xF8, 0xFF, 0xFF, 0xFF, 0xFF, 0xEF,
    0x07, 0x00, 0xF8, 0xBF, 0xBB, 0xBB, 0xFE, 0x3F, 0x00, 0x00, 0xF7, 0x1E,
    0x00, 0x00, 0xF7, 0x9F, 0x00, 0x00, 0xF7, 0x2E, 0x00, 0x00, 0xD0, 0xFF,
    0x03, 0x00, 0xF7, 0x2E, 0x00, 0x00, 0x50, 0xFF, 0x0B, 0x00, 0xF7, 0x2E,
    0x00, 0x00, 0x00, 0xFC, 0x4F, 0x00, 0xF7, 0x2E, 0x00, 0x00, 0x00, 0xF4,
    0xCF, 0x00, 0xF7, 0x2E, 0x00, 0x00, 0x00, 0xA0, 0xFF, 0x05, 0xF8, 0x2F,
    0x00, 0x00, 0x00, 0x20, 0xFF, 0x1D, 0xD6, 0x2C, 0x00, 0x00, 0x00, 0x00,
    0xD8, 0x5D, 0x00, 0x00, 0x10, 0x74, 0x77, 0x25, 0x00, 0x00, 0x00, 0x00,
    0x91, 0xFE, 0xFF, 0xFF, 0x9E, 0x02, 0x00, 0x00, 0xD2, 0xFF, 0xCE, 0xCB,
    0xFF, 0xDF, 0x03, 0x00, 0xD1, 0xFF, 0x28, 0x00, 0x20, 0xF8, 0xDF, 0x01,
    0x60, 0xFF, 0x06, 0x00, 0x00, 0x00, 0xF7, 0x6F, 0x00, 0xFA, 0x0D, 0x00,
    0x00, 0x00, 0x10, 0xED, 0x09, 0xB0, 0xCF, 0x00, 0x00, 0x00, 0x00, 0x10,
    0x12, 0x00, 0xFA, 0x3E, 0x00, 0x00, 0x00, 0x00, 0x00, 0x00, 0x50, 0xFF,
    0x4D, 0x00, 0x00, 0x00, 0x00, 0x00, 0x00, 0xA0, 0xFF, 0xCF, 0x37, 0x00,
    0x00, 0x00, 0x00, 0x00, 0x90, 0xFF, 0xFF, 0xDF, 0x49, 0x00, 0x00, 0x00,
    0x00, 0x30, 0xD9, 0xFF, 0xFF, 0xCF, 0x05, 0x00, 0x00, 0x00, 0x00, 0x41,
    0xC8, 0xFF, 0xFF, 0x08, 0x00, 0x00, 0x00, 0x00, 0x00, 0x30, 0xF9, 0xFF,
    0x05, 0x00, 0x00, 0x00, 0x00, 0x00, 0x00, 0xE4, 0xBF, 0x00, 0x00, 0x00,
    0x00, 0x00, 0x00, 0x00, 0xFA, 0x1D, 0x83, 0x38, 0x00, 0x00, 0x00, 0x00,
    0x90, 0xEF, 0x31, 0xFF, 0x0A, 0x00, 0x00, 0x00, 0x00, 0xFC, 0x0C, 0xC0,
    0xFF, 0x05, 0x00, 0x00, 0x00, 0xF8, 0x7F, 0x00, 0xF4, 0xFF, 0x49, 0x12,
    0x52, 0xFB, 0xCF, 0x01, 0x00, 0xE5, 0xFF, 0xEF, 0xFE, 0xFF, 0xCF, 0x02,
    0x00, 0x00, 0x82, 0xFD, 0xFF, 0xEF, 0x6C, 0x00, 0x00, 0x00, 0x00, 0x00,
    0x32, 0x34, 0x02, 0x00, 0x00, 0x00, 0x11, 0x11, 0x11, 0x11, 0x11, 0x11,
    0x11, 0x11, 0x71, 0xEE, 0xEE, 0xEE, 0xEE, 0xEE, 0xEE, 0xEE, 0x7E, 0xF8,
    0xFF, 0xFF, 0xFF, 0xFF, 0xFF, 0xFF, 0xFF, 0x28, 0x44, 0x44, 0x44, 0xFD,
    0x4C, 0x44, 0x44, 0x24, 0x00, 0x00, 0x00, 0xC0, 0xBF, 0x00, 0x00, 0x00,
    0x00, 0x00, 0x00, 0x00, 0xFC, 0x0B, 0x00, 0x00, 0x00, 0x00, 0x00, 0x00,
    0xC0, 0xBF, 0x00, 0x00, 0x00, 0x00, 0x00, 0x00, 0x00, 0xFC, 0x0B, 0x00,
    0x00, 0x00, 0x00, 0x00, 0x00, 0xC0, 0xBF, 0x00, 0x00, 0x00, 0x00, 0x00,
    0x00, 0x00, 0xFC, 0x0B, 0x00, 0x00, 0x00, 0x00, 0x00, 0x00, 0xC0, 0xBF,
    0x00, 0x00, 0x00, 0x00, 0x00, 0x00, 0x00, 0xFC, 0x0B, 0x00, 0x00, 0x00,
    0x00, 0x00, 0x00, 0xC0, 0xBF, 0x00, 0x00, 0x00, 0x00, 0x00, 0x00, 0x00,
    0xFC, 0x0B, 0x00, 0x00, 0x00, 0x00, 0x00, 0x00, 0xC0, 0xBF, 0x00, 0x00,
    0x00, 0x00, 0x00, 0x00, 0x00, 0xFC, 0x0B, 0x00, 0x00, 0x00, 0x00, 0x00,
    0x00, 0xC0, 0xBF, 0x00, 0x00, 0x00, 0x00, 0x00, 0x00, 0x00, 0xFC, 0x0B,
    0x00, 0x00, 0x00, 0x00, 0x00, 0x00, 0xC0, 0xBF, 0x00, 0x00, 0x00, 0x00,
    0x00, 0x00, 0x00, 0xFC, 0x0B, 0x00, 0x00, 0x00, 0x00, 0x00, 0x00, 0xC0,
    0xBF, 0x00, 0x00, 0x00, 0x00, 0x00, 0x00, 0x00, 0xDA, 0x09, 0x00, 0x00,
    0x00, 0x31, 0x02, 0x00, 0x00, 0x00, 0x00, 0x00, 0x31, 0x02, 0xF7, 0x2E,
    0x00, 0x00, 0x00, 0x00, 0x00, 0xF9, 0x1E, 0xF7, 0x2E, 0x00, 0x00, 0x00,
    0x00, 0x00, 0xF9, 0x1E, 0xF7, 0x2E, 0x00, 0x00, 0x00, 0x00, 0x00, 0xF9,
    0x1E, 0xF7, 0x2E, 0x00, 0x00, 0x00, 0x00, 0x00, 0xF9, 0x1E, 0xF7, 0x2E,
    0x00, 0x00, 0x00, 0x00, 0x00, 0xF9, 0x1E, 0xF7, 0x2E, 0x00, 0x00, 0x00,
    0x00, 0x00, 0xF9, 0x1E, 0xF7, 0x2E, 0x00, 0x00, 0x00, 0x00, 0x00, 0xF9,
    0x1E, 0xF7, 0x2E, 0x00, 0x00, 0x00, 0x00, 0x00, 0xF9, 0x1E, 0xF7, 0x2E,
    0x00, 0x00, 0x00, 0x00, 0x00, 0xF9, 0x1E, 0xF7, 0x2E, 0x00, 0x00, 0x00,
    0x00, 0x00, 0xF9, 0x1E, 0xF7, 0x2E, 0x00, 0x00, 0x00, 0x00, 0x00, 0xF9,
    0x1E, 0xF7, 0x2E, 0x00, 0x00, 0x00, 0x00, 0x00, 0xF9, 0x1E, 0xF7, 0x2E,
    0x00, 0x00, 0x00, 0x00, 0x00, 0xF9, 0x1E, 0xF7, 0x2E, 0x00, 0x00, 0x00,
    0x00, 0x00, 0xF9, 0x1E, 0xF7, 0x3F, 0x00, 0x00, 0x00, 0x00, 0x00, 0xFA,
    0x1D, 0xF5, 0x6F, 0x00, 0x00, 0x00, 0x00, 0x00, 0xFD, 0x0C, 0xE1, 0xDF,
    0x01, 0x00, 0x00, 0x00, 0x70, 0xFF, 0x08, 0x80, 0xFF, 0x2C, 0x00, 0x00,
    0x00, 0xF6, 0xEF, 0x02, 0x10, 0xFB, 0xEF, 0x69, 0x44, 0xB7, 0xFF, 0x5F,
    0x00, 0x00, 0xA1, 0xFF, 0xFF, 0xFF, 0xFF, 0xEF, 0x05, 0x00, 0x00, 0x00,
    0xB5, 0xFE, 0xFF, 0xDE, 0x28, 0x00, 0x00, 0x00, 0x00, 0x00, 0x31, 0x34,
    0x02, 0x00, 0x00, 0x00, 0x10, 0x01, 0x00, 0x00, 0x00, 0x00, 0x00, 0x00,
    0x10, 0x01, 0xD2, 0xAE, 0x00, 0x00, 0x00, 0x00, 0x00, 0x00, 0xEB, 0x2D,
    0xB0, 0xFF, 0x02, 0x00, 0x00, 0x00, 0x00, 0x20, 0xFF, 0x0B, 0x50, 0xFF,
    0x07, 0x00, 0x00, 0x00, 0x00, 0x70, 0xFF, 0x05, 0x10, 0xFE, 0x0C, 0x00,
    0x00, 0x00, 0x00, 0xC0, 0xEF, 0x01, 0x00, 0xF9, 0x3F, 0x00, 0x00, 0x00,
    0x00, 0xF3, 0x9F, 0x00, 0x00, 0xF4, 0x8F, 0x00, 0x00, 0x00, 0x00, 0xF8,
    0x4F, 0x00, 0x00, 0xC0, 0xDF, 0x00, 0x00, 0x00, 0x00, 0xFC, 0x0D, 0x00,
    0x00, 0x70, 0xFF, 0x04, 0x00, 0x00, 0x30, 0xFF, 0x08, 0x00, 0x00, 0x20,
    0xFF, 0x09, 0x00, 0x00, 0x80, 0xFF, 0x03, 0x00, 0x00, 0x00, 0xFB, 0x1D,
    0x00, 0x00, 0xD0, 0xCF, 0x00, 0x00, 0x00, 0x00, 0xF6, 0x5F, 0x00, 0x00,
    0xF4, 0x7F, 0x00, 0x00, 0x00, 0x00, 0xE1, 0xAF, 0x00, 0x00, 0xF9, 0x2E,
    0x00, 0x00, 0x00, 0x00, 0xA0, 0xEF, 0x01, 0x10, 0xFD, 0x0A, 0x00, 0x00,
    0x00, 0x00, 0x40, 0xFF, 0x06, 0x40, 0xFF, 0x05, 0x00, 0x00, 0x00, 0x00,
    0x00, 0xFD, 0x0A, 0x90, 0xDF, 0x01, 0x00, 0x00, 0x00, 0x00, 0x00, 0xF8,
    0x1E, 0xD0, 0x9F, 0x00, 0x00, 0x00, 0x00, 0x00, 0x00, 0xF3, 0x4F, 0xF3,
    0x4F, 0x00, 0x00, 0x00, 0x00, 0x00, 0x00, 0xC0, 0x9F, 0xF7, 0x0C, 0x00,
    0x00, 0x00, 0x00, 0x00, 0x00, 0x60, 0xDF, 0xFD, 0x08, 0x00, 0x00, 0x00,
    0x00, 0x00, 0x00, 0x20, 0xFF, 0xFF, 0x03, 0x00, 0x00, 0x00, 0x00, 0x00,
    0x00, 0x00, 0xEA, 0xBE, 0x00, 0x00, 0x00, 0x00, 0x00, 0x00, 0x00, 0x00,
    0x10, 0x01, 0x00, 0x00, 0x00, 0x00, 0x10, 0x01, 0x00, 0x00, 0x00, 0x00,
    0x10, 0x11, 0x00, 0x00, 0x00, 0x00, 0x10, 0x11, 0xE2, 0x9E, 0x00, 0x00,
    0x00, 0x00, 0xE5, 0xDE, 0x01, 0x00, 0x00, 0x00, 0xD2, 0xAE, 0xD0, 0xDF,
    0x00, 0x00, 0x00, 0x00, 0xFA, 0xFF, 0x03, 0x00, 0x00, 0x00, 0xF5, 0x7F,
    0x90, 0xFF, 0x02, 0x00, 0x00, 0x00, 0xFD, 0xFF, 0x07, 0x00, 0x00, 0x00,
    0xF9, 0x3F, 0x50, 0xFF, 0x06, 0x00, 0x00, 0x30, 0xEF, 0xFC, 0x0B, 0x00,
    0x00, 0x00, 0xFC, 0x0D, 0x10, 0xFE, 0x0A, 0x00, 0x00, 0x60, 0xCF, 0xF7,
    0x1E, 0x00, 0x00, 0x20, 0xFE, 0x09, 0x00, 0xFB, 0x0D, 0x00, 0x00, 0xA0,
    0xAF, 0xF3, 0x4F, 0x00, 0x00, 0x50, 0xFF, 0x05, 0x00, 0xF7, 0x3F, 0x00,
    0x00, 0xD1, 0x8F, 0xE0, 0x8F, 0x00, 0x00, 0x90, 0xEF, 0x02, 0x00, 0xF3,
    0x6F, 0x00, 0x00, 0xF4, 0x4F, 0xB0, 0xBF, 0x00, 0x00, 0xD0, 0xBF, 0x00,
    0x00, 0xD1, 0xAF, 0x00, 0x00, 0xF7, 0x1E, 0x70, 0xEF, 0x02, 0x00, 0xF2,
    0x7F, 0x00, 0x00, 0xA0, 0xDF, 0x01, 0x00, 0xFB, 0x0B, 0x30, 0xFF, 0x05,
    0x00, 0xF6, 0x4F, 0x00, 0x00, 0x60, 0xFF, 0x03, 0x10, 0xFE, 0x07, 0x00,
    0xFD, 0x09, 0x00, 0xFA, 0x1D, 0x00, 0x00, 0x20, 0xFF, 0x07, 0x40, 0xFF,
    0x03, 0x00, 0xF9, 0x0C, 0x00, 0xFD, 0x0A, 0x00, 0x00, 0x00, 0xFC, 0x0B,
    0x80, 0xDF, 0x00, 0x00, 0xF6, 0x2F, 0x30, 0xFF, 0x06, 0x00, 0x00, 0x00,
    0xF8, 0x1E, 0xC0, 0xAF, 0x00, 0x00, 0xF2, 0x6F, 0x60, 0xFF, 0x02, 0x00,
    0x00, 0x00, 0xF5, 0x3F, 0xE1, 0x6F, 0x00, 0x00, 0xC0, 0x9F, 0xA0, 0xCF,
    0x00, 0x00, 0x00, 0x00, 0xE1, 0x6F, 0xF3, 0x2F, 0x00, 0x00, 0x80, 0xCF,
    0xD0, 0x9F, 0x00, 0x00, 0x00, 0x00, 0xB0, 0x9F, 0xF7, 0x0C, 0x00, 0x00,
    0x40, 0xEF, 0xE4, 0x5F, 0x00, 0x00, 0x00, 0x00, 0x70, 0xCF, 0xFB, 0x08,
    0x00, 0x00, 0x10, 0xFE, 0xFA, 0x1E, 0x00, 0x00, 0x00, 0x00, 0x30, 0xFF,
    0xFE, 0x05, 0x00, 0x00, 0x00, 0xFB, 0xFE, 0x0B, 0x00, 0x00, 0x00, 0x00,
    0x10, 0xFD, 0xEF, 0x01, 0x00, 0x00, 0x00, 0xF7, 0xFF, 0x07, 0x00, 0x00,
    0x00, 0x00, 0x00, 0xE9, 0xBE, 0x00, 0x00, 0x00, 0x00, 0xE3, 0xEE, 0x03,
    0x00, 0x00, 0x00, 0x00, 0x00, 0x10, 0x01, 0x00, 0x00, 0x00, 0x00, 0x10,
    0x11, 0x00, 0x00, 0x00, 0x10, 0x11, 0x00, 0x00, 0x00, 0x00, 0x00, 0x00,
    0x11, 0x01, 0xE6, 0x9E, 0x00, 0x00, 0x00, 0x00, 0x00, 0xEC, 0x3E, 0x00,
    0xFB, 0x5F, 0x00, 0x00, 0x00, 0x00, 0xF8, 0x7F, 0x00, 0x20, 0xFE, 0x2E,
    0x00, 0x00, 0x00, 0xF4, 0xBF, 0x00, 0x00, 0x60, 0xFF, 0x0B, 0x00, 0x00,
    0xD1, 0xEF, 0x02, 0x00, 0x00, 0xA0, 0xFF, 0x06, 0x00, 0xA0, 0xFF, 0x06,
    0x00, 0x00, 0x00, 0xD1, 0xEF, 0x02, 0x50, 0xFF, 0x0A, 0x00, 0x00, 0x00,
    0x00, 0xF4, 0xBF, 0x10, 0xFE, 0x1D, 0x00, 0x00, 0x00, 0x00, 0x00, 0xF9,
    0x4F, 0xF8, 0x4F, 0x00, 0x00, 0x00, 0x00, 0x00, 0x10, 0xFD, 0xED, 0x9F,
    0x00, 0x00, 0x00, 0x00, 0x00, 0x00, 0x30, 0xFE, 0xCF, 0x01, 0x00, 0x00,
    0x00, 0x00, 0x00, 0x00, 0xD0, 0xFF, 0x0A, 0x00, 0x00, 0x00, 0x00, 0x00,
    0x00, 0x90, 0xFF, 0xFF, 0x06, 0x00, 0x00, 0x00, 0x00, 0x00, 0x40, 0xFF,
    0xC9, 0xEF, 0x02, 0x00, 0x00, 0x00, 0x00, 0x10, 0xFD, 0x0E, 0xF4, 0xBF,
    0x00, 0x00, 0x00, 0x00, 0x00, 0xFA, 0x5F, 0x00, 0xFA, 0x7F, 0x00, 0x00,
    0x00, 0x00, 0xF6, 0xAF, 0x00, 0x10, 0xFE, 0x2E, 0x00, 0x00, 0x00, 0xE2,
    0xDF, 0x01, 0x00, 0x50, 0xFF, 0x0C, 0x00, 0x00, 0xC0, 0xFF, 0x04, 0x00,
    0x00, 0x90, 0xFF, 0x08, 0x00, 0x70, 0xFF, 0x08, 0x00, 0x00, 0x00, 0xD1,
    0xFF, 0x03, 0x40, 0xFF, 0x0C, 0x00, 0x00, 0x00, 0x00, 0xF4, 0xDF, 0x11,
    0xEC, 0x3D, 0x00, 0x00, 0x00, 0x00, 0x00, 0xE8, 0x8E, 0x10, 0x11, 0x00,
    0x00, 0x00, 0x00, 0x00, 0x00, 0x11, 0x01, 0x10, 0x11, 0x00, 0x00, 0x00,
    0x00, 0x00, 0x00, 0x11, 0x11, 0xEC, 0x3E, 0x00, 0x00, 0x00, 0x00, 0x00,
    0xE8, 0x7E, 0x50, 0xFF, 0x0B, 0x00, 0x00, 0x00, 0x00, 0xF3, 0xDF, 0x01,
    0xA0, 0xFF, 0x06, 0x00, 0x00, 0x00, 0xC0, 0xFF, 0x04, 0x00, 0xE2, 0xEF,
    0x01, 0x00, 0x00, 0x60, 0xFF, 0x0A, 0x00, 0x00, 0xF6, 0x9F, 0x00, 0x00,
    0x10, 0xFE, 0x1E, 0x00, 0x00, 0x00, 0xFC, 0x4F, 0x00, 0x00, 0xF9, 0x6F,
    0x00, 0x00, 0x00, 0x30, 0xFF, 0x0C, 0x00, 0xF4, 0xBF, 0x00, 0x00, 0x00,
    0x00, 0x80, 0xFF, 0x07, 0xC0, 0xEF, 0x02, 0x00, 0x00, 0x00, 0x00, 0xD1,
    0xEF, 0x50, 0xFF, 0x07, 0x00, 0x00, 0x00, 0x00, 0x00, 0xF4, 0x8F, 0xFC,
    0x0C, 0x00, 0x00, 0x00, 0x00, 0x00, 0x00, 0xFA, 0xFF, 0x4F, 0x00, 0x00,
    0x00, 0x00, 0x00, 0x00, 0x10, 0xFE, 0x9F, 0x00, 0x00, 0x00, 0x00, 0x00,
    0x00, 0x00, 0x80, 0xEF, 0x02, 0x00, 0x00, 0x00, 0x00, 0x00, 0x00, 0x00,
    0xF7, 0x2E, 0x00, 0x00, 0x00, 0x00, 0x00, 0x00, 0x00, 0x80, 0xEF, 0x02,
    0x00, 0x00, 0x00, 0x00, 0x00, 0x00, 0x00, 0xF7, 0x2E, 0x00, 0x00, 0x00,
    0x00, 0x00, 0x00, 0x00, 0x70, 0xEF, 0x02, 0x00, 0x00, 0x00, 0x00, 0x00,
    0x00, 0x00, 0xF7, 0x2E, 0x00, 0x00, 0x00, 0x00, 0x00, 0x00, 0x00, 0x70,
    0xEF, 0x02, 0x00, 0x00, 0x00, 0x00, 0x00, 0x00, 0x00, 0xF8, 0x2F, 0x00,
    0x00, 0x00, 0x00, 0x00, 0x00, 0x00, 0x70, 0xDE, 0x02, 0x00, 0x00, 0x00,
    0x00, 0x00, 0x00, 0x00, 0x10, 0x01, 0x00, 0x00, 0x00, 0x00, 0x10, 0x11,
    0x11, 0x11, 0x11, 0x11, 0x11, 0x11, 0xE4, 0xEE, 0xEE, 0xEE, 0xEE, 0xEE,
    0xEE, 0x7E, 0xF4, 0xFF, 0xFF, 0xFF, 0xFF, 0xFF, 0xFF, 0x8F, 0x41, 0x44,
    0x44, 0x44, 0x44, 0x44, 0xFD, 0x2E, 0x00, 0x00, 0x00, 0x00, 0x00, 0x70,
    0xFF, 0x06, 0x00, 0x00, 0x00, 0x00, 0x00, 0xF4, 0xAF, 0x00, 0x00, 0x00,
    0x00, 0x00, 0x10, 0xFD, 0x1E, 0x00, 0x00, 0x00, 0x00, 0x00, 0x90, 0xFF,
    0x05, 0x00, 0x00, 0x00, 0x00, 0x00, 0xF5, 0xAF, 0x00, 0x00, 0x00, 0x00,
    0x00, 0x10, 0xFE, 0x1D, 0x00, 0x00, 0x00, 0x00, 0x00, 0xA0, 0xFF, 0x04,
    0x00, 0x00, 0x00, 0x00, 0x00, 0xF6, 0x9F, 0x00, 0x00, 0x00, 0x00, 0x00,
    0x20, 0xFE, 0x1D, 0x00, 0x00, 0x00, 0x00, 0x00, 0xB0, 0xFF, 0x04, 0x00,
    0x00, 0x00, 0x00, 0x00, 0xF6, 0x8F, 0x00, 0x00, 0x00, 0x00, 0x00, 0x20,
    0xFE, 0x1C, 0x00, 0x00, 0x00, 0x00, 0x00, 0xB0, 0xFF, 0x03, 0x00, 0x00,
    0x00, 0x00, 0x00, 0xF7, 0x8F, 0x00, 0x00, 0x00, 0x00, 0x00, 0x30, 0xFF,
    0x0A, 0x00, 0x00, 0x00, 0x00, 0x00, 0xC1, 0xEF, 0x46, 0x44, 0x44, 0x44,
    0x44, 0x24, 0xF4, 0xFF, 0xFF, 0xFF, 0xFF, 0xFF, 0xFF, 0x8F, 0xE4, 0xEE,
    0xEE, 0xEE, 0xEE, 0xEE, 0xEE, 0x7E, 0x10, 0x11, 0x11, 0x11, 0x11, 0x11,
    0x11, 0x01, 0x43, 0x44, 0x34, 0xFC, 0xFF, 0xDF, 0xFB, 0xEE, 0xCE, 0xFB,
    0x1C, 0x11, 0xFB, 0x0C, 0x00, 0xFB, 0x0C, 0x00, 0xFB, 0x0C, 0x00, 0xFB,
    0x0C, 0x00, 0xFB, 0x0C, 0x00, 0xFB, 0x0C, 0x00, 0xFB, 0x0C, 0x00, 0xFB,
    0x0C, 0x00, 0xFB, 0x0C, 0x00, 0xFB, 0x0C, 0x00, 0xFB, 0x0C, 0x00, 0xFB,
    0x0C, 0x00, 0xFB, 0x0C, 0x00, 0xFB, 0x0C, 0x00, 0xFB, 0x0C, 0x00, 0xFB,
    0x0C, 0x00, 0xFB, 0x0C, 0x00, 0xFB, 0x0C, 0x00, 0xFB, 0x0C, 0x00, 0xFB,
    0x0C, 0x00, 0xFB, 0x4D, 0x34, 0xFB, 0xFF, 0xDF, 0xEA, 0xEE, 0xCE, 0x11,
    0x11, 0x11, 0x10, 0x01, 0x00, 0x00, 0x00, 0xE3, 0x2E, 0x00, 0x00, 0x00,
    0xD1, 0x6F, 0x00, 0x00, 0x00, 0xA0, 0xAF, 0x00, 0x00, 0x00, 0x60, 0xDF,
    0x01, 0x00, 0x00, 0x20, 0xFF, 0x03, 0x00, 0x00, 0x00, 0xFC, 0x07, 0x00,
    0x00, 0x00, 0xF9, 0x0B, 0x00, 0x00, 0x00, 0xF5, 0x1E, 0x00, 0x00, 0x00,
    0xE2, 0x4F, 0x00, 0x00, 0x00, 0xB0, 0x8F, 0x00, 0x00, 0x00, 0x80, 0xCF,
    0x00, 0x00, 0x00, 0x40, 0xFF, 0x02, 0x00, 0x00, 0x10, 0xFE, 0x05, 0x00,
    0x00, 0x00, 0xFA, 0x09, 0x00, 0x00, 0x00, 0xF7, 0x0D, 0x00, 0x00, 0x00,
    0xF3, 0x3F, 0x00, 0x00, 0x00, 0xD0, 0x7F, 0x00, 0x00, 0x00, 0x90, 0xAF,
    0x00, 0x00, 0x00, 0x50, 0xEF, 0x01, 0x00, 0x00, 0x20, 0xFF, 0x04, 0x00,
    0x00, 0x00, 0xFC, 0x08, 0x00, 0x00, 0x00, 0xF8, 0x0B, 0x00, 0x00, 0x00,
    0xF4, 0x2E, 0x00, 0x00, 0x00, 0xE1, 0x5F, 0x00, 0x00, 0x00, 0xB0, 0x9F,
    0x00, 0x00, 0x00, 0x20, 0x34, 0x41, 0x44, 0x44, 0x42, 0xFF, 0xFF, 0x9F,
    0xE4, 0xEE, 0xFF, 0x09, 0x11, 0xE2, 0x9F, 0x00, 0x10, 0xFE, 0x09, 0x00,
    0xE1, 0x9F, 0x00, 0x10, 0xFE, 0x09, 0x00, 0xE1, 0x9F, 0x00, 0x10, 0xFE,
    0x09, 0x00, 0xE1, 0x9F, 0x00, 0x10, 0xFE, 0x09, 0x00, 0xE1, 0x9F, 0x00,
    0x10, 0xFE, 0x09, 0x00, 0xE1, 0x9F, 0x00, 0x10, 0xFE, 0x09, 0x00, 0xE1,
    0x9F, 0x00, 0x10, 0xFE, 0x09, 0x00, 0xE1, 0x9F, 0x00, 0x10, 0xFE, 0x09,
    0x00, 0xE1, 0x9F, 0x00, 0x10, 0xFE, 0x09, 0x00, 0xE1, 0x9F, 0x00, 0x10,
    0xFE, 0x09, 0x00, 0xE0, 0x9F, 0x41, 0x54, 0xFE, 0x49, 0xFF, 0xFF, 0x9F,
    0xE4, 0xEE, 0xEE, 0x08, 0x11, 0x11, 0x11, 0x00, 0x00, 0x75, 0x37, 0x00,
    0x00, 0x00, 0x10, 0xFE, 0xCF, 0x00, 0x00, 0x00, 0x70, 0xEF, 0xFE, 0x04,
    0x00, 0x00, 0xE1, 0x6F, 0xF9, 0x0B, 0x00, 0x00, 0xF7, 0x0E, 0xF3, 0x3F,
    0x00, 0x10, 0xFD, 0x08, 0xB0, 0xAF, 0x00, 0x60, 0xEF, 0x02, 0x40, 0xFF,
    0x03, 0xD0, 0x9F, 0x00, 0x00, 0xFC, 0x09, 0xF6, 0x2F, 0x00, 0x00, 0xF5,
    0x3F, 0x64, 0x04, 0x00, 0x00, 0x50, 0x36, 0x10, 0x11, 0x11, 0x11, 0x11,
    0x11, 0x11, 0x10, 0xED, 0xEE, 0xEE, 0xEE, 0xEE, 0xEE, 0x4E, 0xF1, 0xFF,
    0xFF, 0xFF, 0xFF, 0xFF, 0xFF, 0x04, 0x44, 0x44, 0x44, 0x44, 0x44, 0x44,
    0x14, 0x11, 0x01, 0x80, 0xEE, 0x03, 0xD1, 0xAF, 0x00, 0xF4, 0x2E, 0x00,
    0xF9, 0x0A, 0x10, 0x34, 0x00, 0x00, 0x00, 0x11, 0x00, 0x00, 0x00, 0x00,
    0x40, 0xC9, 0xEE, 0x9C, 0x04, 0x00, 0x00, 0xF9, 0xFF, 0xFF, 0xFF, 0x8F,
    0x00, 0x90, 0xFF, 0x8E, 0x45, 0xD7, 0xFF, 0x05, 0xE2, 0xDF, 0x02, 0x00,
    0x20, 0xFE, 0x0B, 0x10, 0x36, 0x00, 0x00, 0x01, 0xFA, 0x0D, 0x00, 0x00,
    0x00, 0x00, 0x00, 0xF9, 0x1E, 0x00, 0x00, 0x10, 0x43, 0x96, 0xFE, 0x1E,
    0x00, 0x93, 0xEC, 0xFF, 0xFF, 0xFF, 0x1E, 0x80, 0xFF, 0xFF, 0xBD, 0x69,
    0xFA, 0x1E, 0xF5, 0xDF, 0x26, 0x00, 0x00, 0xF8, 0x1E, 0xFA, 0x2E, 0x00,
    0x00, 0x00, 0xF9, 0x1E, 0xFB, 0x0C, 0x00, 0x00, 0x00, 0xFC, 0x1E, 0xFA,
    0x2E, 0x00, 0x00, 0x70, 0xFF, 0x1E, 0xF5, 0xCF, 0x24, 0x31, 0xF9, 0xFE,
    0x1E, 0xA0, 0xFF, 0xEF, 0xFE, 0x9F, 0xF9, 0x1E, 0x00, 0xD7, 0xFF, 0xDF,
    0x08, 0xD7, 0x1C, 0x00, 0x00, 0x43, 0x13, 0x00, 0x00, 0x00, 0x11, 0x01,
    0x00, 0x00, 0x00, 0x00, 0x00, 0xA0, 0xBE, 0x00, 0x00, 0x00, 0x00, 0x00,
    0x00, 0xFB, 0x0C, 0x00, 0x00, 0x00, 0x00, 0x00, 0xB0, 0xCF, 0x00, 0x00,
    0x00, 0x00, 0x00, 0x00, 0xFB, 0x0C, 0x00, 0x00, 0x00, 0x00, 0x00, 0xB0,
    0xCF, 0x00, 0x10, 0x11, 0x00, 0x00, 0x00, 0xFB, 0x0C, 0xA2, 0xED, 0xBD,
    0x05, 0x00, 0xB0, 0xBF, 0xE2, 0xFF, 0xFF, 0xFF, 0x0A, 0x00, 0xFB, 0xCC,
    0x9F, 0x45, 0xC7, 0xFF, 0x09, 0xB0, 0xFF, 0x5F, 0x00, 0x00, 0xB1, 0xFF,
    0x04, 0xFB, 0x9F, 0x00, 0x00, 0x00, 0xE2, 0xAF, 0xB0, 0xFF, 0x03, 0x00,
    0x00, 0x00, 0xFA, 0x1D, 0xFB, 0x1D, 0x00, 0x00, 0x00, 0x70, 0xFF, 0xB3,
    0xCF, 0x00, 0x00, 0x00, 0x00, 0xF5, 0x4F, 0xFB, 0x0C, 0x00, 0x00, 0x00,
    0x50, 0xFF, 0xB4, 0xDF, 0x00, 0x00, 0x00, 0x00, 0xF7, 0x3F, 0xFB, 0x2F,
    0x00, 0x00, 0x00, 0xA0, 0xEF, 0xB1, 0xFF, 0x07, 0x00, 0x00, 0x10, 0xFE,
    0x0B, 0xFB, 0xEF, 0x03, 0x00, 0x00, 0xFA, 0x5F, 0xB0, 0xCF, 0xED, 0x26,
    0x41, 0xFA, 0xBF, 0x00, 0xFB, 0x3A, 0xFF, 0xEF, 0xFF, 0xCF, 0x02, 0xA0,
    0xAE, 0x40, 0xFC, 0xFF, 0x8D, 0x01, 0x00, 0x11, 0x01, 0x00, 0x43, 0x13,
    0x00, 0x00, 0x00, 0x00, 0x00, 0x00, 0x11, 0x01, 0x00, 0x00, 0x00, 0x00,
    0x50, 0xDA, 0xEE, 0x7C, 0x01, 0x00, 0x00, 0xA1, 0xFF, 0xFF, 0xFF, 0xDF,
    0x04, 0x00, 0xA0, 0xFF, 0x6C, 0x54, 0xF9, 0xEF, 0x03, 0x60, 0xFF, 0x0A,
    0x00, 0x00, 0xE4, 0xCF, 0x00, 0xFD, 0x0D, 0x00, 0x00, 0x00, 0xC8, 0x17,
    0xF3, 0x7F, 0x00, 0x00, 0x00, 0x00, 0x00, 0x60, 0xFF, 0x04, 0x00, 0x00,
    0x00, 0x00, 0x00, 0xF7, 0x2E, 0x00, 0x00, 0x00, 0x00, 0x00, 0x70, 0xEF,
    0x02, 0x00, 0x00, 0x00, 0x00, 0x00, 0xF6, 0x3F, 0x00, 0x00, 0x00, 0x00,
    0x00, 0x40, 0xFF, 0x06, 0x00, 0x00, 0x00, 0x00, 0x00, 0xD1, 0xCF, 0x00,
    0x00, 0x00, 0x60, 0x6B, 0x01, 0xF8, 0x7F, 0x00, 0x00, 0x20, 0xFD, 0x1E,
    0x10, 0xFD, 0x9F, 0x13, 0x62, 0xFD, 0x5F, 0x00, 0x20, 0xFD, 0xFF, 0xFE,
    0xFF, 0x7F, 0x00, 0x00, 0x10, 0xD8, 0xFF, 0xEF, 0x4B, 0x00, 0x00, 0x00,
    0x00, 0x30, 0x34, 0x02, 0x00, 0x00, 0x00, 0x00, 0x00, 0x00, 0x00, 0x00,
    0x11, 0x00, 0x00, 0x00, 0x00, 0x00, 0x00, 0xD2, 0x7E, 0x00, 0x00, 0x00,
    0x00, 0x00, 0x20, 0xFF, 0x08, 0x00, 0x00, 0x00, 0x00, 0x00, 0xE2, 0x7F,
    0x00, 0x00, 0x00, 0x00, 0x00, 0x20, 0xFE, 0x07, 0x00, 0x00, 0x10, 0x01,
    0x00, 0xE2, 0x7F, 0x00, 0x00, 0xB6, 0xED, 0x9D, 0x11, 0xFE, 0x07, 0x20,
    0xFC, 0xFF, 0xFF, 0xDF, 0xE4, 0x7F, 0x10, 0xFC, 0xBF, 0x46, 0xA5, 0xDF,
    0xFE, 0x07, 0xF7, 0x9F, 0x00, 0x00, 0x60, 0xFF, 0x8F, 0xD1, 0xCF, 0x00,
    0x00, 0x00, 0xA0, 0xFF, 0x38, 0xFF, 0x07, 0x00, 0x00, 0x00, 0xF5, 0x7F,
    0xF6, 0x3F, 0x00, 0x00, 0x00, 0x20, 0xFE, 0x77, 0xEF, 0x02, 0x00, 0x00,
    0x00, 0xD1, 0x7F, 0xF7, 0x2E, 0x00, 0x00, 0x00, 0x10, 0xFD, 0x67, 0xFF,
    0x03, 0x00, 0x00, 0x00, 0xE2, 0x7F, 0xF4, 0x6F, 0x00, 0x00, 0x00, 0x40,
    0xFF, 0x17, 0xFE, 0x0C, 0x00, 0x00, 0x00, 0xF9, 0x8F, 0x90, 0xFF, 0x07,
    0x00, 0x00, 0xF4, 0xFF, 0x08, 0xE2, 0xFF, 0x39, 0x21, 0xF7, 0xDD, 0x7F,
    0x00, 0xE4, 0xFF, 0xEF, 0xFF, 0x3E, 0xFD, 0x08, 0x00, 0xA2, 0xFE, 0xFF,
    0x3B, 0xC0, 0x7E, 0x00, 0x00, 0x10, 0x43, 0x02, 0x00, 0x11, 0x00, 0x00,
    0x00, 0x00, 0x11, 0x01, 0x00, 0x00, 0x00, 0x00, 0x50, 0xDA, 0xDE, 0x6B,
    0x01, 0x00, 0x00, 0xA1, 0xFF, 0xFF, 0xFF, 0xCF, 0x02, 0x00, 0xB0, 0xFF,
    0x6B, 0x54, 0xFA, 0xDF, 0x01, 0x60, 0xFF, 0x08, 0x00, 0x00, 0xF6, 0x8F,
    0x00, 0xFC, 0x0B, 0x00, 0x00, 0x00, 0xFB, 0x1E, 0xF3, 0x4F, 0x00, 0x00,
    0x00, 0x40, 0xFF, 0x64, 0xFF, 0x46, 0x44, 0x44, 0x44, 0xF6, 0x6F, 0xF7,
    0xFF, 0xFF, 0xFF, 0xFF, 0xFF, 0xFF, 0x77, 0xFF, 0xEE, 0xEE, 0xEE, 0xEE,
    0xEE, 0x7E, 0xF6, 0x4F, 0x11, 0x11, 0x11, 0x11, 0x11, 0x41, 0xFF, 0x04,
    0x00, 0x00, 0x00, 0x00, 0x00, 0xE1, 0xAF, 0x00, 0x00, 0x00, 0x20, 0x03,
    0x00, 0xF8, 0x6F, 0x00, 0x00, 0x00, 0xFB, 0x2D, 0x10, 0xFD, 0x9F, 0x23,
    0x42, 0xFB, 0xAF, 0x00, 0x20, 0xFD, 0xFF, 0xEE, 0xFF, 0xBF, 0x01, 0x00,
    0x10, 0xD8, 0xFF, 0xFF, 0x6C, 0x00, 0x00, 0x00, 0x00, 0x20, 0x44, 0x02,
    0x00, 0x00, 0x00, 0x00, 0x00, 0x10, 0x01, 0x00, 0x00, 0x00, 0xB6, 0xEE,
    0x4D, 0x00, 0x00, 0xF8, 0xFF, 0xFF, 0x02, 0x00, 0xF3, 0xDF, 0x46, 0x04,
    0x00, 0x70, 0xFF, 0x04, 0x00, 0x00, 0x00, 0xF7, 0x2E, 0x00, 0x00, 0x11,
    0x81, 0xEF, 0x13, 0x11, 0x90, 0xEE, 0xFF, 0xEF, 0xEE, 0x0A, 0xFA, 0xFF,
    0xFF, 0xFF, 0xCF, 0x20, 0x44, 0xF9, 0x5E, 0x44, 0x03, 0x00, 0x70, 0xEF,
    0x01, 0x00, 0x00, 0x00, 0xF8, 0x2E, 0x00, 0x00, 0x00, 0x70, 0xEF, 0x02,
    0x00, 0x00, 0x00, 0xF7, 0x2E, 0x00, 0x00, 0x00, 0x70, 0xEF, 0x02, 0x00,
    0x00, 0x00, 0xF7, 0x2E, 0x00, 0x00, 0x00, 0x70, 0xEF, 0x02, 0x00, 0x00,
    0x00, 0xF7, 0x2E, 0x00, 0x00, 0x00, 0x70, 0xEF, 0x02, 0x00, 0x00, 0x00,
    0xF7, 0x2E, 0x00, 0x00, 0x00, 0x70, 0xEF, 0x02, 0x00, 0x00, 0x00, 0xF8,
    0x2F, 0x00, 0x00, 0x00, 0x60, 0xCD, 0x02, 0x00, 0x00, 0x00, 0x00, 0x00,
    0x11, 0x00, 0x00, 0x00, 0x00, 0x00, 0x60, 0xDB, 0xCE, 0x18, 0xA0, 0x7C,
    0x00, 0xC1, 0xFF, 0xFF, 0xFF, 0x1C, 0xFD, 0x09, 0xC1, 0xFF, 0x6B, 0x64,
    0xFA, 0xDB, 0x8F, 0x70, 0xFF, 0x09, 0x00, 0x00, 0xF7, 0xFF, 0x19, 0xFD,
    0x0C, 0x00, 0x00, 0x00, 0xFB, 0x9F, 0xF3, 0x7F, 0x00, 0x00, 0x00, 0x50,
    0xFF, 0x69, 0xFF, 0x03, 0x00, 0x00, 0x00, 0xF2, 0x9F, 0xF7, 0x2E, 0x00,
    0x00, 0x00, 0x10, 0xFE, 0x79, 0xEF, 0x02, 0x00, 0x00, 0x00, 0xE1, 0x9F,
    0xF6, 0x3F, 0x00, 0x00, 0x00, 0x20, 0xFF, 0x49, 0xFF, 0x07, 0x00, 0x00,
    0x00, 0xF5, 0x9F, 0xD1, 0xDF, 0x01, 0x00, 0x00, 0xC0, 0xFF, 0x09, 0xF7,
    0xBF, 0x01, 0x00, 0x91, 0xFF, 0x9F, 0x00, 0xFB, 0xDF, 0x89, 0xD9, 0x9F,
    0xFD, 0x09, 0x10, 0xFA, 0xFF, 0xFF, 0x9F, 0xE1, 0x9F, 0x00, 0x00, 0x83,
    0xBA, 0x59, 0x10, 0xFE, 0x09, 0x00, 0x00, 0x00, 0x00, 0x00, 0xE1, 0x8F,
    0x00, 0x11, 0x00, 0x00, 0x10, 0x30, 0xFF, 0x07, 0xD4, 0x1D, 0x00, 0x00,
    0x00, 0xFA, 0x4F, 0x80, 0xFF, 0x6D, 0x12, 0x52, 0xFB, 0xCF, 0x00, 0x80,
    0xFF, 0xFF, 0xFE, 0xFF, 0xCF, 0x02, 0x00, 0x40, 0xEB, 0xFF, 0xEF, 0x7C,
    0x01, 0x00, 0x00, 0x00, 0x31, 0x44, 0x02, 0x00, 0x00, 0x11, 0x01, 0x00,
    0x00, 0x00, 0x00, 0x00, 0xEA, 0x0B, 0x00, 0x00, 0x00, 0x00, 0x00, 0xFB,
    0x0C, 0x00, 0x00, 0x00, 0x00, 0x00, 0xFB, 0x0C, 0x00, 0x00, 0x00, 0x00,
    0x00, 0xFB, 0x0C, 0x00, 0x00, 0x00, 0x00, 0x00, 0xFB, 0x0C, 0x00, 0x10,
    0x01, 0x00, 0x00, 0xFB, 0x0C, 0x93, 0xED, 0xBD, 0x05, 0x00, 0xFB, 0x4B,
    0xFF, 0xFF, 0xFF, 0x8F, 0x00, 0xFB, 0xED, 0x7D, 0x54, 0xF9, 0xFF, 0x04,
    0xFB, 0xCF, 0x01, 0x00, 0x60, 0xFF, 0x0A, 0xFB, 0x3F, 0x00, 0x00, 0x00,
    0xFC, 0x0D, 0xFB, 0x0D, 0x00, 0x00, 0x00, 0xF9, 0x1E, 0xFB, 0x0C, 0x00,
    0x00, 0x00, 0xF9, 0x1E, 0xFB, 0x0C, 0x00, 0x00, 0x00, 0xF9, 0x1E, 0xFB,
    0x0C, 0x00, 0x00, 0x00, 0xF9, 0x1E, 0xFB, 0x0C, 0x00, 0x00, 0x00, 0xF9,
    0x1E, 0xFB, 0x0C, 0x00, 0x00, 0x00, 0xF9, 0x1E, 0xFB, 0x0C, 0x00, 0x00,
    0x00, 0xF9, 0x1E, 0xFB, 0x0C, 0x00, 0x00, 0x00, 0xF9, 0x1E, 0xFB, 0x0C,
    0x00, 0x00, 0x00, 0xF9, 0x1E, 0xFB, 0x0C, 0x00, 0x00, 0x00, 0xF9, 0x1E,
    0xEA, 0x0B, 0x00, 0x00, 0x00, 0xE8, 0x1D, 0x11, 0x01, 0x00, 0x00, 0x00,
    0x11, 0x01, 0x60, 0x6B, 0x30, 0xFF, 0x3F, 0xE2, 0xEF, 0x02, 0x73, 0x03,
    0x00, 0x00, 0x00, 0x00, 0x00, 0x80, 0x9B, 0x00, 0xFC, 0x0D, 0xB0, 0xCF,
    0x00, 0xFB, 0x0C, 0xB0, 0xCF, 0x00, 0xFB, 0x0C, 0xB0, 0xCF, 0x00, 0xFB,
    0x0C, 0xB0, 0xCF, 0x00, 0xFB, 0x0C, 0xB0, 0xCF, 0x00, 0xFB, 0x0C, 0xB0,
    0xCF, 0x00, 0xFB, 0x0C, 0xB0, 0xCF, 0x00, 0xEA, 0x0B, 0x10, 0x11, 0x00,
    0x00, 0x30, 0x37, 0x00, 0x20, 0xFE, 0x2E, 0x00, 0xF3, 0xFF, 0x03, 0x00,
    0xB6, 0x06, 0x00, 0x00, 0x00, 0x00, 0x00, 0x00, 0x00, 0x00, 0x70, 0x8A,
    0x00, 0x00, 0xFC, 0x0D, 0x00, 0xB0, 0xCF, 0x00, 0x00, 0xFB, 0x0C, 0x00,
    0xB0, 0xCF, 0x00, 0x00, 0xFB, 0x0C, 0x00, 0xB0, 0xCF, 0x00, 0x00, 0xFB,
    0x0C, 0x00, 0xB0, 0xCF, 0x00, 0x00, 0xFB, 0x0C, 0x00, 0xB0, 0xCF, 0x00,
    0x00, 0xFB, 0x0C, 0x00, 0xB0, 0xCF, 0x00, 0x00, 0xFB, 0x0C, 0x00, 0xB0,
    0xCF, 0x00, 0x00, 0xFB, 0x0C, 0x00, 0xB0, 0xCF, 0x00, 0x00, 0xFB, 0x0C,
    0x00, 0xD0, 0xBF, 0x20, 0xB5, 0xFF, 0x06, 0xF6, 0xFF, 0x1C, 0x50, 0xCE,
    0x18, 0x00, 0x10, 0x00, 0x00, 0x00, 0x11, 0x01, 0x00, 0x00, 0x00, 0x00,
    0x00, 0xEA, 0x0B, 0x00, 0x00, 0x00, 0x00, 0x00, 0xFB, 0x0C, 0x00, 0x00,
    0x00, 0x00, 0x00, 0xFB, 0x0C, 0x00, 0x00, 0x00, 0x00, 0x00, 0xFB, 0x0C,
    0x00, 0x00, 0x00, 0x00, 0x00, 0xFB, 0x0C, 0x00, 0x00, 0x00, 0x00, 0x00,
    0xFB, 0x0C, 0x00, 0x00, 0x50, 0xCB, 0x08, 0xFB, 0x0C, 0x00, 0x00, 0xF5,
    0xCF, 0x02, 0xFB, 0x0C, 0x00, 0x50, 0xFF, 0x1C, 0x00, 0xFB, 0x0C, 0x00,
    0xF4, 0xCF, 0x01, 0x00, 0xFB, 0x0C, 0x40, 0xFE, 0x1C, 0x00, 0x00, 0xFB,
    0x0C, 0xE4, 0xDF, 0x02, 0x00, 0x00, 0xFB, 0x3B, 0xFE, 0x2C, 0x00, 0x00,
    0x00, 0xFB, 0xEE, 0xFF, 0x0B, 0x00, 0x00, 0x00, 0xFB, 0xFF, 0xFD, 0x9F,
    0x00, 0x00, 0x00, 0xFB, 0x9F, 0xC1, 0xFF, 0x06, 0x00, 0x00, 0xFB, 0x0C,
    0x20, 0xFE, 0x3F, 0x00, 0x00, 0xFB, 0x0C, 0x00, 0xF4, 0xDF, 0x01, 0x00,
    0xFB, 0x0C, 0x00, 0x70, 0xFF, 0x0B, 0x00, 0xFB, 0x0C, 0x00, 0x00, 0xFA,
    0x8F, 0x00, 0xFB, 0x0C, 0x00, 0x00, 0xD1, 0xFF, 0x06, 0xEA, 0x0B, 0x00,
    0x00, 0x20, 0xED, 0x3E, 0x11, 0x01, 0x00, 0x00, 0x00, 0x11, 0x11, 0x11,
    0xA1, 0xBE, 0xFB, 0xBC, 0xCF, 0xFB, 0xBC, 0xCF, 0xFB, 0xBC, 0xCF, 0xFB,
    0xBC, 0xCF, 0xFB, 0xBC, 0xCF, 0xFB, 0xBC, 0xCF, 0xFB, 0xBC, 0xCF, 0xFB,
    0xBC, 0xCF, 0xFB, 0xBC, 0xCF, 0xFB, 0xAC, 0xBE, 0x11, 0x01, 0x00, 0x00,
    0x00, 0x11, 0x00, 0x00, 0x00, 0x10, 0x01, 0x00, 0x00, 0xB8, 0x08, 0xA3,
    0xED, 0x5C, 0x00, 0x50, 0xEB, 0xCE, 0x18, 0x00, 0xFC, 0x4B, 0xFF, 0xFF,
    0xFF, 0x05, 0xFA, 0xFF, 0xFF, 0xCF, 0x01, 0xFB, 0xEC, 0x5B, 0x74, 0xFD,
    0x8D, 0xBF, 0x45, 0xC6, 0xFF, 0x09, 0xFB, 0xAF, 0x00, 0x00, 0xE3, 0xFF,
    0x0A, 0x00, 0x10, 0xFC, 0x1E, 0xFB, 0x2E, 0x00, 0x00, 0xA0, 0xFF, 0x03,
    0x00, 0x00, 0xF6, 0x3F, 0xFB, 0x0C, 0x00, 0x00, 0x90, 0xEF, 0x01, 0x00,
    0x00, 0xF5, 0x4F, 0xFB, 0x0C, 0x00, 0x00, 0x90, 0xEF, 0x01, 0x00, 0x00,
    0xF5, 0x4F, 0xFB, 0x0C, 0x00, 0x00, 0x90, 0xEF, 0x01, 0x00, 0x00, 0xF5,
    0x4F, 0xFB, 0x0C, 0x00, 0x00, 0x90, 0xEF, 0x01, 0x00, 0x00, 0xF5, 0x4F,
    0xFB, 0x0C, 0x00, 0x00, 0x90, 0xEF, 0x01, 0x00, 0x00, 0xF5, 0x4F, 0xFB,
    0x0C, 0x00, 0x00, 0x90, 0xEF, 0x01, 0x00, 0x00, 0xF5, 0x4F, 0xFB, 0x0C,
    0x00, 0x00, 0x90, 0xEF, 0x01, 0x00, 0x00, 0xF5, 0x4F, 0xFB, 0x0C, 0x00,
    0x00, 0x90, 0xEF, 0x01, 0x00, 0x00, 0xF5, 0x4F, 0xFB, 0x0C, 0x00, 0x00,
    0x90, 0xEF, 0x01, 0x00, 0x00, 0xF5, 0x4F, 0xFB, 0x0C, 0x00, 0x00, 0x90,
    0xEF, 0x01, 0x00, 0x00, 0xF5, 0x4F, 0xEA, 0x0B, 0x00, 0x00, 0x80, 0xDE,
    0x01, 0x00, 0x00, 0xE5, 0x4E, 0x11, 0x01, 0x00, 0x00, 0x10, 0x11, 0x00,
    0x00, 0x00, 0x10, 0x01, 0x00, 0x00, 0x00, 0x10, 0x01, 0x00, 0x00, 0xB8,
    0x08, 0x93, 0xED, 0xBD, 0x05, 0x00, 0xFC, 0x3B, 0xFF, 0xFF, 0xFF, 0x8F,
    0x00, 0xFB, 0xDB, 0x7D, 0x54, 0xF9, 0xFF, 0x04, 0xFB, 0xCF, 0x01, 0x00,
    0x60, 0xFF, 0x0A, 0xFB, 0x3F, 0x00, 0x00, 0x00, 0xFC, 0x0D, 0xFB, 0x0D,
    0x00, 0x00, 0x00, 0xF9, 0x1E, 0xFB, 0x0C, 0x00, 0x00, 0x00, 0xF9, 0x1E,
    0xFB, 0x0C, 0x00, 0x00, 0x00, 0xF9, 0x1E, 0xFB, 0x0C, 0x00, 0x00, 0x00,
    0xF9, 0x1E, 0xFB, 0x0C, 0x00, 0x00, 0x00, 0xF9, 0x1E, 0xFB, 0x0C, 0x00,
    0x00, 0x00, 0xF9, 0x1E, 0xFB, 0x0C, 0x00, 0x00, 0x00, 0xF9, 0x1E, 0xFB,
    0x0C, 0x00, 0x00, 0x00, 0xF9, 0x1E, 0xFB, 0x0C, 0x00, 0x00, 0x00, 0xF9,
    0x1E, 0xFB, 0x0C, 0x00, 0x00, 0x00, 0xF9, 0x1E, 0xEA, 0x0B, 0x00, 0x00,
    0x00, 0xE8, 0x1D, 0x11, 0x01, 0x00, 0x00, 0x00, 0x11, 0x01, 0x00, 0x00,
    0x00, 0x10, 0x01, 0x00, 0x00, 0x00, 0x00, 0x00, 0xA5, 0xED, 0xCE, 0x28,
    0x00, 0x00, 0x00, 0xA1, 0xFF, 0xFF, 0xFF, 0xEF, 0x04, 0x00, 0x00, 0xFA,
    0xCF, 0x46, 0x95, 0xFE, 0x4F, 0x00, 0x60, 0xFF, 0x0A, 0x00, 0x00, 0xE4,
    0xDF, 0x01, 0xD0, 0xDF, 0x01, 0x00, 0x00, 0x70, 0xFF, 0x05, 0xF3, 0x7F,
    0x00, 0x00, 0x00, 0x10, 0xFE, 0x0A, 0xF6, 0x4F, 0x00, 0x00, 0x00, 0x00,
    0xFB, 0x0C, 0xF7, 0x2E, 0x00, 0x00, 0x00, 0x00, 0xF9, 0x1D, 0xF7, 0x2E,
    0x00, 0x00, 0x00, 0x00, 0xF9, 0x1E, 0xF6, 0x3F, 0x00, 0x00, 0x00, 0x00,
    0xFA, 0x0D, 0xF4, 0x6F, 0x00, 0x00, 0x00, 0x00, 0xFD, 0x0B, 0xD1, 0xCF,
    0x00, 0x00, 0x00, 0x50, 0xFF, 0x07, 0x80, 0xFF, 0x07, 0x00, 0x00, 0xD2,
    0xEF, 0x01, 0x10, 0xFD, 0x9F, 0x13, 0x62, 0xFD, 0x6F, 0x00, 0x00, 0xD2,
    0xFF, 0xEF, 0xFF, 0xFF, 0x07, 0x00, 0x00, 0x10, 0xD8, 0xFF, 0xEF, 0x4B,
    0x00, 0x00, 0x00, 0x00, 0x00, 0x43, 0x23, 0x00, 0x00, 0x00, 0x00, 0x00,
    0x00, 0x10, 0x00, 0x00, 0x00, 0x80, 0x8B, 0x30, 0xDA, 0xDE, 0x4A, 0x00,
    0x00, 0xFC, 0x3A, 0xFE, 0xFF, 0xFF, 0x9F, 0x00, 0xB0, 0xBF, 0xFC, 0x59,
    0x74, 0xFD, 0x8F, 0x00, 0xFB, 0xFF, 0x04, 0x00, 0x10, 0xFC, 0x3F, 0xB0,
    0xFF, 0x07, 0x00, 0x00, 0x30, 0xFF, 0x0A, 0xFB, 0x2E, 0x00, 0x00, 0x00,
    0xB0, 0xDF, 0xB1, 0xCF, 0x00, 0x00, 0x00, 0x00, 0xF7, 0x2F, 0xFB, 0x0B,
    0x00, 0x00, 0x00, 0x50, 0xFF, 0xB4, 0xAF, 0x00, 0x00, 0x00, 0x00, 0xF5,
    0x4F, 0xFB, 0x0B, 0x00, 0x00, 0x00, 0x60, 0xFF, 0xB3, 0xDF, 0x01, 0x00,
    0x00, 0x00, 0xF9, 0x1E, 0xFB, 0x4F, 0x00, 0x00, 0x00, 0xD1, 0xCF, 0xB0,
    0xFF, 0x0C, 0x00, 0x00, 0x80, 0xFF, 0x06, 0xFB, 0xFE, 0x2B, 0x00, 0x71,
    0xFF, 0x1D, 0xB0, 0xBF, 0xF9, 0xCF, 0xEB, 0xFF, 0x3E, 0x00, 0xFB, 0x0C,
    0xF9, 0xFF, 0xFF, 0x3B, 0x00, 0xB0, 0xCF, 0x00, 0x63, 0x67, 0x03, 0x00,
    0x00, 0xFB, 0x0C, 0x00, 0x00, 0x00, 0x00, 0x00, 0xB0, 0xCF, 0x00, 0x00,
    0x00, 0x00, 0x00, 0x00, 0xFB, 0x0C, 0x00, 0x00, 0x00, 0x00, 0x00, 0xB0,
    0xCF, 0x00, 0x00, 0x00, 0x00, 0x00, 0x00, 0xEA, 0x0B, 0x00, 0x00, 0x00,
    0x00, 0x00, 0x10, 0x11, 0x00, 0x00, 0x00, 0x00, 0x00, 0x00, 0x00, 0x00,
    0x00, 0x11, 0x00, 0x00, 0x00, 0x00, 0x00, 0x60, 0xDB, 0xCE, 0x18, 0xA0,
    0x6B, 0x00, 0xB1, 0xFF, 0xFF, 0xFF, 0x1C, 0xFD, 0x09, 0xC0, 0xFF, 0x6B,
    0x64, 0xFA, 0xDA, 0x8F, 0x70, 0xFF, 0x09, 0x00, 0x00, 0xF7, 0xFF, 0x09,
    0xFD, 0x0D, 0x00, 0x00, 0x00, 0xFB, 0x9F, 0xF3, 0x7F, 0x00, 0x00, 0x00,
    0x60, 0xFF, 0x69, 0xFF, 0x04, 0x00, 0x00, 0x00, 0xF3, 0x9F, 0xF7, 0x2F,
    0x00, 0x00, 0x00, 0x10, 0xFE, 0x79, 0xEF, 0x02, 0x00, 0x00, 0x00, 0xE1,
    0x9F, 0xF6, 0x3F, 0x00, 0x00, 0x00, 0x20, 0xFE, 0x59, 0xFF, 0x05, 0x00,
    0x00, 0x00, 0xF4, 0x9F, 0xE2, 0xAF, 0x00, 0x00, 0x00, 0x90, 0xFF, 0x09,
    0xFA, 0x4F, 0x00, 0x00, 0x30, 0xFF, 0x9F, 0x30, 0xFF, 0x5E, 0x00, 0x40,
    0xED, 0xFE, 0x09, 0x60, 0xFF, 0xDF, 0xCB, 0xFF, 0xD5, 0x9F, 0x00, 0x50,
    0xFD, 0xFF, 0xEF, 0x05, 0xFE, 0x09, 0x00, 0x10, 0x74, 0x57, 0x02, 0xE1,
    0x9F, 0x00, 0x00, 0x00, 0x00, 0x00, 0x10, 0xFE, 0x09, 0x00, 0x00, 0x00,
    0x00, 0x00, 0xE1, 0x9F, 0x00, 0x00, 0x00, 0x00, 0x00, 0x10, 0xFE, 0x09,
    0x00, 0x00, 0x00, 0x00, 0x00, 0xE1, 0x9F, 0x00, 0x00, 0x00, 0x00, 0x00,
    0x10, 0xED, 0x08, 0x00, 0x00, 0x00, 0x00, 0x00, 0x10, 0x11, 0x00, 0x00,
    0x00, 0x11, 0x80, 0x8B, 0x40, 0xDB, 0x4E, 0xFC, 0x5B, 0xFF, 0xFF, 0xB5,
    0xCF, 0xFE, 0x8A, 0x38, 0xFB, 0xDF, 0x03, 0x00, 0xB0, 0xFF, 0x04, 0x00,
    0x00, 0xFB, 0x0D, 0x00, 0x00, 0xB0, 0xCF, 0x00, 0x00, 0x00, 0xFB, 0x0C,
    0x00, 0x00, 0xB0, 0xCF, 0x00, 0x00, 0x00, 0xFB, 0x0C, 0x00, 0x00, 0xB0,
    0xCF, 0x00, 0x00, 0x00, 0xFB, 0x0C, 0x00, 0x00, 0xB0, 0xCF, 0x00, 0x00,
    0x00, 0xFB, 0x0C, 0x00, 0x00, 0xB0, 0xCF, 0x00, 0x00, 0x00, 0xEA, 0x0B,
    0x00, 0x00, 0x10, 0x11, 0x00, 0x00, 0x00, 0x00, 0x00, 0x30, 0x44, 0x02,
    0x00, 0x00, 0x00, 0xD7, 0xFF, 0xFF, 0x4C, 0x00, 0x10, 0xFB, 0xFF, 0xEE,
    0xFF, 0x5F, 0x00, 0xF8, 0xAF, 0x14, 0x52, 0xFD, 0x2F, 0xD0, 0xBF, 0x00,
    0x00, 0x20, 0xDE, 0x15, 0xFE, 0x09, 0x01, 0x00, 0x20, 0x01, 0xD0, 0xDF,
    0x03, 0x00, 0x00, 0x00, 0x00, 0xF6, 0xEF, 0x59, 0x02, 0x00, 0x00, 0x00,
    0xF8, 0xFF, 0xFF, 0x9C, 0x03, 0x00, 0x00, 0x83, 0xEB, 0xFF, 0xFF, 0x08,
    0x00, 0x00, 0x00, 0x41, 0xE8, 0xFF, 0x05, 0x00, 0x00, 0x00, 0x00, 0xE3,
    0xBF, 0x31, 0x16, 0x00, 0x00, 0x01, 0xFB, 0x5C, 0xFF, 0x06, 0x00, 0x00,
    0xE2, 0xAF, 0xD1, 0xEF, 0x38, 0x21, 0xD5, 0xFF, 0x04, 0xE4, 0xFF, 0xEF,
    0xFF, 0xFF, 0x08, 0x00, 0xA3, 0xFE, 0xFF, 0xBE, 0x04, 0x00, 0x00, 0x10,
    0x43, 0x23, 0x00, 0x00, 0x00, 0x82, 0x38, 0x00, 0x00, 0x40, 0xFF, 0x05,
    0x00, 0x00, 0xF4, 0x5F, 0x00, 0x00, 0x30, 0xFF, 0x05, 0x00, 0xB7, 0xFC,
    0xCF, 0xBB, 0xB6, 0xFF, 0xFF, 0xFF, 0x8F, 0x75, 0xF9, 0xAF, 0x77, 0x04,
    0x30, 0xFF, 0x04, 0x00, 0x00, 0xF4, 0x5F, 0x00, 0x00, 0x40, 0xFF, 0x05,
    0x00, 0x00, 0xF4, 0x5F, 0x00, 0x00, 0x40, 0xFF, 0x05, 0x00, 0x00, 0xF4,
    0x5F, 0x00, 0x00, 0x40, 0xFF, 0x05, 0x00, 0x00, 0xF4, 0x5F, 0x00, 0x00,
    0x40, 0xFF, 0x05, 0x00, 0x00, 0xF4, 0x5F, 0x00, 0x00, 0x20, 0xFF, 0x2B,
    0x12, 0x00, 0x90, 0xFF, 0xEE, 0x09, 0x00, 0x91, 0xFE, 0xCF, 0x00, 0x00,
    0x20, 0x44, 0x02, 0xB8, 0x09, 0x00, 0x00, 0x00, 0xB6, 0x1A, 0xFC, 0x0D,
    0x00, 0x00, 0x00, 0xF9, 0x1F, 0xFB, 0x0C, 0x00, 0x00, 0x00, 0xF8, 0x1E,
    0xFB, 0x0C, 0x00, 0x00, 0x00, 0xF9, 0x1E, 0xFB, 0x0C, 0x00, 0x00, 0x00,
    0xF9, 0x1E, 0xFB, 0x0C, 0x00, 0x00, 0x00, 0xF9, 0x1E, 0xFB, 0x0C, 0x00,
    0x00, 0x00, 0xF9, 0x1E, 0xFB, 0x0C, 0x00, 0x00, 0x00, 0xF9, 0x1E, 0xFB,
    0x0C, 0x00, 0x00, 0x00, 0xF9, 0x1E, 0xFB, 0x0C, 0x00, 0x00, 0x00, 0xF9,
    0x1E, 0xFB, 0x0C, 0x00, 0x00, 0x00, 0xF9, 0x1E, 0xFA, 0x1E, 0x00, 0x00,
    0x00, 0xFD, 0x1E, 0xF7, 0x7F, 0x00, 0x00, 0x70, 0xFF, 0x1E, 0xF2, 0xFF,
    0x28, 0x31, 0xF8, 0xFC, 0x1E, 0x70, 0xFF, 0xFF, 0xFE, 0x8F, 0xF7, 0x1E,
    0x00, 0xD6, 0xFF, 0xDF, 0x07, 0xE7, 0x1D, 0x00, 0x00, 0x43, 0x13, 0x00,
    0x11, 0x01, 0xB1, 0x8B, 0x00, 0x00, 0x00, 0x00, 0xB4, 0x4B, 0xC0, 0xEF,
    0x01, 0x00, 0x00, 0x00, 0xFB, 0x2F, 0x50, 0xFF, 0x06, 0x00, 0x00, 0x20,
    0xFE, 0x0A, 0x10, 0xFE, 0x0B, 0x00, 0x00, 0x60, 0xFF, 0x04, 0x00, 0xF9,
    0x2E, 0x00, 0x00, 0xC0, 0xDF, 0x00, 0x00, 0xF3, 0x7F, 0x00, 0x00, 0xF3,
    0x8F, 0x00, 0x00, 0xC0, 0xCF, 0x00, 0x00, 0xF8, 0x2F, 0x00, 0x00, 0x70,
    0xFF, 0x03, 0x00, 0xFD, 0x0B, 0x00, 0x00, 0x20, 0xFE, 0x08, 0x40, 0xFF,
    0x06, 0x00, 0x00, 0x00, 0xFA, 0x1D, 0x90, 0xEF, 0x01, 0x00, 0x00, 0x00,
    0xF5, 0x4F, 0xD0, 0x9F, 0x00, 0x00, 0x00, 0x00, 0xD0, 0x7F, 0xF3, 0x3F,
    0x00, 0x00, 0x00, 0x00, 0x80, 0xBF, 0xF8, 0x0C, 0x00, 0x00, 0x00, 0x00,
    0x30, 0xEF, 0xFE, 0x07, 0x00, 0x00, 0x00, 0x00, 0x00, 0xFB, 0xFF, 0x02,
    0x00, 0x00, 0x00, 0x00, 0x00, 0xE5, 0xAE, 0x00, 0x00, 0x00, 0x00, 0x00,
    0x00, 0x10, 0x01, 0x00, 0x00, 0x00, 0xBA, 0x09, 0x00, 0x00, 0x60, 0xBB,
    0x04, 0x00, 0x00, 0xB1, 0x7B, 0xFA, 0x1F, 0x00, 0x00, 0xC0, 0xFF, 0x09,
    0x00, 0x00, 0xF5, 0x6F, 0xF5, 0x5F, 0x00, 0x00, 0xE2, 0xFF, 0x0D, 0x00,
    0x00, 0xF9, 0x1E, 0xE1, 0x9F, 0x00, 0x00, 0xF5, 0xED, 0x2F, 0x00, 0x00,
    0xFC, 0x0B, 0xA0, 0xDF, 0x00, 0x00, 0xF9, 0xA7, 0x6F, 0x00, 0x30, 0xFF,
    0x07, 0x60, 0xFF, 0x03, 0x00, 0xFD, 0x73, 0xAF, 0x00, 0x60, 0xFF, 0x03,
    0x20, 0xFE, 0x07, 0x30, 0xEF, 0x40, 0xDF, 0x01, 0xA0, 0xCF, 0x00, 0x00,
    0xFC, 0x0B, 0x70, 0xBF, 0x10, 0xFE, 0x04, 0xE1, 0x8F, 0x00, 0x00, 0xF7,
    0x1E, 0xB0, 0x7F, 0x00, 0xFB, 0x07, 0xF4, 0x4F, 0x00, 0x00, 0xF3, 0x4F,
    0xE0, 0x3F, 0x00, 0xF7, 0x0B, 0xF8, 0x1D, 0x00, 0x00, 0xD0, 0x7F, 0xF3,
    0x0D, 0x00, 0xF3, 0x1E, 0xFB, 0x09, 0x00, 0x00, 0x80, 0xAF, 0xF6, 0x09,
    0x00, 0xD0, 0x4F, 0xFD, 0x05, 0x00, 0x00, 0x40, 0xDF, 0xFB, 0x05, 0x00,
    0x90, 0xAF, 0xEF, 0x01, 0x00, 0x00, 0x10, 0xFE, 0xEF, 0x01, 0x00, 0x50,
    0xEF, 0xAF, 0x00, 0x00, 0x00, 0x00, 0xFA, 0xBF, 0x00, 0x00, 0x10, 0xFE,
    0x6F, 0x00, 0x00, 0x00, 0x00, 0xE5, 0x7E, 0x00, 0x00, 0x00, 0xEA, 0x2D,
    0x00, 0x00, 0x00, 0x00, 0x10, 0x01, 0x00, 0x00, 0x00, 0x10, 0x01, 0x00,
    0x00, 0xB4, 0x6B, 0x00, 0x00, 0x00, 0xB4, 0x6B, 0xC1, 0xFF, 0x03, 0x00,
    0x10, 0xFD, 0x2E, 0x20, 0xFE, 0x0B, 0x00, 0x90, 0xFF, 0x04, 0x00, 0xF7,
    0x6F, 0x00, 0xF4, 0x9F, 0x00, 0x00, 0xB0, 0xEF, 0x02, 0xFD, 0x1D, 0x00,
    0x00, 0x20, 0xFE, 0x69, 0xFF, 0x04, 0x00, 0x00, 0x00, 0xF6, 0xEF, 0x9F,
    0x00, 0x00, 0x00, 0x00, 0xA0, 0xFF, 0x1C, 0x00, 0x00, 0x00, 0x00, 0xB0,
    0xFF, 0x0C, 0x00, 0x00, 0x00, 0x00, 0xF8, 0xEE, 0x8F, 0x00, 0x00, 0x00,
    0x30, 0xFF, 0x67, 0xFF, 0x04, 0x00, 0x00, 0xD1, 0xDF, 0x01, 0xFC, 0x1D,
    0x00, 0x00, 0xF9, 0x5F, 0x00, 0xF3, 0x9F, 0x00, 0x40, 0xFF, 0x0A, 0x00,
    0x80, 0xFF, 0x05, 0xD1, 0xDF, 0x01, 0x00, 0x10, 0xFD, 0x2E, 0xE9, 0x5E,
    0x00, 0x00, 0x00, 0xE4, 0xAE, 0x11, 0x01, 0x00, 0x00, 0x00, 0x10, 0x11,
    0xB1, 0x8B, 0x00, 0x00, 0x00, 0x00, 0xB4, 0x4B, 0xC0, 0xEF, 0x01, 0x00,
    0x00, 0x00, 0xFB, 0x2F, 0x50, 0xFF, 0x06, 0x00, 0x00, 0x20, 0xFE, 0x0A,
    0x10, 0xFE, 0x0B, 0x00, 0x00, 0x60, 0xFF, 0x04, 0x00, 0xF9, 0x2E, 0x00,
    0x00, 0xC0, 0xDF, 0x00, 0x00, 0xF4, 0x7F, 0x00, 0x00, 0xF3, 0x8F, 0x00,
    0x00, 0xC0, 0xCF, 0x00, 0x00, 0xF8, 0x2F, 0x00, 0x00, 0x70, 0xFF, 0x03,
    0x00, 0xFD, 0x0B, 0x00, 0x00, 0x20, 0xFE, 0x08, 0x40, 0xFF, 0x05, 0x00,
    0x00, 0x00, 0xFA, 0x0D, 0x90, 0xEF, 0x01, 0x00, 0x00, 0x00, 0xF5, 0x4F,
    0xD0, 0x9F, 0x00, 0x00, 0x00, 0x00, 0xD1, 0x7F, 0xF3, 0x3F, 0x00, 0x00,
    0x00, 0x00, 0x80, 0xBF, 0xF8, 0x0C, 0x00, 0x00, 0x00, 0x00, 0x30, 0xEF,
    0xFE, 0x07, 0x00, 0x00, 0x00, 0x00, 0x00, 0xFC, 0xEF, 0x02, 0x00, 0x00,
    0x00, 0x00, 0x00, 0xF6, 0xAF, 0x00, 0x00, 0x00, 0x00, 0x00, 0x00, 0xF5,
    0x4F, 0x00, 0x00, 0x00, 0x00, 0x00, 0x00, 0xFA, 0x0D, 0x00, 0x00, 0x00,
    0x00, 0x00, 0x30, 0xFE, 0x08, 0x00, 0x00, 0x00, 0x00, 0x53, 0xD6, 0xEF,
    0x02, 0x00, 0x00, 0x00, 0x00, 0xFB, 0xFF, 0x5F, 0x00, 0x00, 0x00, 0x00,
    0x00, 0xEB, 0xAD, 0x04, 0x00, 0x00, 0x00, 0x00, 0x00, 0x10, 0x01, 0x00,
    0x00, 0x00, 0x00, 0x00, 0xA1, 0xBB, 0xBB, 0xBB, 0xBB, 0xBB, 0x1A, 0xF1,
    0xFF, 0xFF, 0xFF, 0xFF, 0xFF, 0x1F, 0xA1, 0xBB, 0xBB, 0xBB, 0xCB, 0xFF,
    0x0C, 0x00, 0x00, 0x00, 0x00, 0xC0, 0xEF, 0x02, 0x00, 0x00, 0x00, 0x00,
    0xFA, 0x5F, 0x00, 0x00, 0x00, 0x00, 0x70, 0xFF, 0x08, 0x00, 0x00, 0x00,
    0x00, 0xF5, 0xBF, 0x00, 0x00, 0x00, 0x00, 0x20, 0xFE, 0x1D, 0x00, 0x00,
    0x00, 0x00, 0xC1, 0xFF, 0x03, 0x00, 0x00, 0x00, 0x00, 0xFA, 0x6F, 0x00,
    0x00, 0x00, 0x00, 0x70, 0xFF, 0x09, 0x00, 0x00, 0x00, 0x00, 0xF4, 0xCF,
    0x01, 0x00, 0x00, 0x00, 0x20, 0xFE, 0x1D, 0x00, 0x00, 0x00, 0x00, 0xC1,
    0xFF, 0x7B, 0x78, 0x77, 0x77, 0x27, 0xF4, 0xFF, 0xFF, 0xFF, 0xFF, 0xFF,
    0x4F, 0xE4, 0xEE, 0xEE, 0xEE, 0xEE, 0xEE, 0x4E, 0x10, 0x11, 0x11, 0x11,
    0x11, 0x11, 0x01, 0x00, 0x00, 0x00, 0x10, 0x23, 0x00, 0x00, 0x20, 0xEA,
    0xAF, 0x00, 0x00, 0xC1, 0xFF, 0x9F, 0x00, 0x00, 0xF6, 0x8F, 0x13, 0x00,
    0x00, 0xF9, 0x0C, 0x00, 0x00, 0x00, 0xFB, 0x08, 0x00, 0x00, 0x00, 0xFB,
    0x07, 0x00, 0x00, 0x00, 0xFB, 0x07, 0x00, 0x00, 0x00, 0xFB, 0x07, 0x00,
    0x00, 0x00, 0xFB, 0x07, 0x00, 0x00, 0x00, 0xFC, 0x07, 0x00, 0x00, 0x50,
    0xFF, 0x05, 0x00, 0x71, 0xFA, 0xAF, 0x00, 0x00, 0xF1, 0xDF, 0x05, 0x00,
    0x00, 0xD1, 0xFF, 0x5C, 0x00, 0x00, 0x10, 0xB3, 0xFF, 0x02, 0x00, 0x00,
    0x10, 0xFE, 0x06, 0x00, 0x00, 0x00, 0xFB, 0x07, 0x00, 0x00, 0x00, 0xFB,
    0x07, 0x00, 0x00, 0x00, 0xFB, 0x07, 0x00, 0x00, 0x00, 0xFB, 0x07, 0x00,
    0x00, 0x00, 0xFB, 0x07, 0x00, 0x00, 0x00, 0xFA, 0x08, 0x00, 0x00, 0x00,
    0xF8, 0x0C, 0x00, 0x00, 0x00, 0xF4, 0x8F, 0x12, 0x00, 0x00, 0xA0, 0xFF,
    0x9F, 0x00, 0x00, 0x00, 0xB6, 0x9E, 0x00, 0x00, 0x00, 0x00, 0x11, 0xC3,
    0x1B, 0xF4, 0x1E, 0xF4, 0x1E, 0xF4, 0x1E, 0xF4, 0x1E, 0xF4, 0x1E, 0xF4,
    0x1E, 0xF4, 0x1E, 0xF4, 0x1E, 0xF4, 0x1E, 0xF4, 0x1E, 0xF4, 0x1E, 0xF4,
    0x1E, 0xF4, 0x1E, 0xF4, 0x1E, 0xF4, 0x1E, 0xF4, 0x1E, 0xF4, 0x1E, 0xF4,
    0x1E, 0xF4, 0x1E, 0xF4, 0x1E, 0xF4, 0x1E, 0xF4, 0x1E, 0xF4, 0x1E, 0xF4,
    0x1E, 0xF4, 0x1E, 0xF4, 0x1E, 0xF4, 0x1E, 0xF4, 0x1E, 0xF4, 0x1E, 0xF4,
    0x1E, 0xF4, 0x1E, 0xF4, 0x1E, 0xF4, 0x1E, 0xC3, 0x1B, 0x41, 0x02, 0x00,
    0x00, 0x00, 0xF6, 0xBE, 0x03, 0x00, 0x00, 0xF5, 0xFF, 0x3E, 0x00, 0x00,
    0x21, 0xE6, 0x9F, 0x00, 0x00, 0x00, 0x80, 0xCF, 0x00, 0x00, 0x00, 0x40,
    0xEF, 0x01, 0x00, 0x00, 0x40, 0xEF, 0x01, 0x00, 0x00, 0x40, 0xEF, 0x01,
    0x00, 0x00, 0x40, 0xEF, 0x01, 0x00, 0x00, 0x40, 0xEF, 0x01, 0x00, 0x00,
    0x40, 0xFF, 0x02, 0x00, 0x00, 0x20, 0xFF, 0x08, 0x00, 0x00, 0x00, 0xF7,
    0xBF, 0x28, 0x00, 0x00, 0x30, 0xFB, 0x4F, 0x00, 0x00, 0xB2, 0xFE, 0x4E,
    0x00, 0x00, 0xFC, 0x4D, 0x02, 0x00, 0x30, 0xFF, 0x04, 0x00, 0x00, 0x40,
    0xEF, 0x01, 0x00, 0x00, 0x40, 0xEF, 0x01, 0x00, 0x00, 0x40, 0xEF, 0x01,
    0x00, 0x00, 0x40, 0xEF, 0x01, 0x00, 0x00, 0x40, 0xEF, 0x01, 0x00, 0x00,
    0x50, 0xDF, 0x01, 0x00, 0x00, 0x90, 0xCF, 0x00, 0x00, 0x20, 0xE6, 0x8F,
    0x00, 0x00, 0xF5, 0xFF, 0x1C, 0x00, 0x00, 0xE5, 0x8C, 0x01, 0x00, 0x00,
    0x10, 0x00, 0x00, 0x00, 0x00, 0x00, 0x00, 0x01, 0x00, 0x00, 0x00, 0x00,
    0x00, 0x91, 0xED, 0x8C, 0x01, 0x00, 0x30, 0x57, 0xC1, 0xFF, 0xFF, 0xCF,
    0x03, 0x00, 0xFA, 0x6B, 0xEF, 0x48, 0xF9, 0xEF, 0x26, 0xE5, 0x7F, 0xFA,
    0x0A, 0x00, 0xE5, 0xFF, 0xFE, 0xEF, 0x81, 0x5B, 0x00, 0x00, 0xB3, 0xFF,
    0xCF, 0x03, 0x00, 0x00, 0x00, 0x00, 0x20, 0x34, 0x00, 0x00, 0x20, 0x03,
    0x50, 0xFF, 0x08, 0xFB, 0xEF, 0x71, 0xFF, 0x0B, 0x60, 0x17, 0x00, 0x00,
    0x00, 0x00, 0x00, 0x00, 0x44, 0x02, 0xF2, 0x8F, 0x20, 0xFE, 0x07, 0xE2,
    0x7F, 0x20, 0xFE, 0x07, 0xE2, 0x7F, 0x20, 0xFE, 0x07, 0xE2, 0x7F, 0x20,
    0xFE, 0x07, 0xE2, 0x7F, 0x20, 0xFE, 0x07, 0xE2, 0x7F, 0x20, 0xFE, 0x07,
    0xF2, 0x8F, 0x20, 0xED, 0x07, 0x10, 0x01, 0x00, 0x00, 0x00, 0x00, 0x10,
    0x00, 0x00, 0x00, 0x00, 0x00, 0x00, 0x40, 0x7E, 0x00, 0x00, 0x00, 0x00,
    0x00, 0x00, 0xF3, 0x07, 0x00, 0x00, 0x00, 0x00, 0x00, 0x83, 0xBF, 0x25,
    0x00, 0x00, 0x00, 0x30, 0xFB, 0xFF, 0xFF, 0x8E, 0x01, 0x00, 0x50, 0xFF,
    0xEF, 0xDF, 0xFE, 0xCF, 0x01, 0x20, 0xFE, 0x5E, 0xF4, 0x27, 0xFA, 0x9F,
    0x00, 0xFA, 0x4F, 0x40, 0x7F, 0x00, 0xFB, 0x2E, 0xE1, 0xAF, 0x00, 0xF4,
    0x07, 0x20, 0x15, 0x50, 0xFF, 0x05, 0x40, 0x7F, 0x00, 0x00, 0x00, 0xF7,
    0x3F, 0x00, 0xF4, 0x07, 0x00, 0x00, 0x70, 0xEF, 0x02, 0x40, 0x7F, 0x00,
    0x00, 0x00, 0xF7, 0x2F, 0x00, 0xF4, 0x07, 0x00, 0x00, 0x50, 0xFF, 0x04,
    0x40, 0x7F, 0x00, 0x00, 0x00, 0xF2, 0x9F, 0x00, 0xF4, 0x07, 0x10, 0x14,
    0x00, 0xFB, 0x2E, 0x40, 0x7F, 0x00, 0xF8, 0x2D, 0x40, 0xFF, 0x2D, 0xF3,
    0x07, 0xF7, 0xCF, 0x00, 0x70, 0xFF, 0xBE, 0xCF, 0xFC, 0xEF, 0x02, 0x00,
    0x60, 0xFE, 0xFF, 0xFF, 0xBF, 0x02, 0x00, 0x00, 0x10, 0xA6, 0xCF, 0x48,
    0x00, 0x00, 0x00, 0x00, 0x00, 0xF3, 0x07, 0x00, 0x00, 0x00, 0x00, 0x00,
    0x40, 0x7F, 0x00, 0x00, 0x00, 0x00, 0x00, 0x00, 0x31, 0x01, 0x00, 0x00,
    0x00, 0x00, 0x00, 0x00, 0x20, 0x44, 0x02, 0x00, 0x00, 0x00, 0x00, 0x50,
    0xFC, 0xFF, 0xCF, 0x05, 0x00, 0x00, 0x00, 0xF8, 0xFF, 0xEE, 0xFF, 0x8F,
    0x00, 0x00, 0x60, 0xFF, 0x4B, 0x11, 0xC5, 0xFF, 0x05, 0x00, 0xD0, 0xCF,
    0x00, 0x00, 0x20, 0xFE, 0x0D, 0x00, 0xF3, 0x5F, 0x00, 0x00, 0x00, 0xF8,
    0x2D, 0x00, 0xF5, 0x3F, 0x00, 0x00, 0x00, 0x21, 0x01, 0x00, 0xF5, 0x3F,
    0x00, 0x00, 0x00, 0x00, 0x00, 0x00, 0xF5, 0x3F, 0x00, 0x00, 0x00, 0x00,
    0x00, 0x00, 0xF4, 0x3F, 0x00, 0x00, 0x00, 0x00, 0x00, 0xB4, 0xFC, 0xCF,
    0xBB, 0xBB, 0xBB, 0x01, 0x00, 0xF6, 0xFF, 0xFF, 0xFF, 0xFF, 0xFF, 0x02,
    0x00, 0x73, 0xF9, 0xAF, 0x77, 0x77, 0x77, 0x01, 0x00, 0x00, 0xF2, 0x4F,
    0x00, 0x00, 0x00, 0x00, 0x00, 0x00, 0xF3, 0x6F, 0x00, 0x00, 0x00, 0x00,
    0x00, 0x00, 0xF2, 0x6F, 0x00, 0x00, 0x00, 0x00, 0x00, 0x00, 0xE2, 0x7F,
    0x00, 0x00, 0x00, 0x00, 0x00, 0x00, 0xE2, 0x6F, 0x00, 0x00, 0x00, 0x62,
    0x16, 0x00, 0xF5, 0x1D, 0x00, 0x00, 0x00, 0xF4, 0x4F, 0x72, 0xED, 0x47,
    0x44, 0x44, 0x44, 0xFA, 0x2F, 0xF7, 0xFF, 0xFF, 0xFF, 0xFF, 0xFF, 0xFF,
    0x0B, 0xE5, 0xEE, 0xEE, 0xEE, 0xEE, 0xEE, 0x9D, 0x01, 0x10, 0x11, 0x11,
    0x11, 0x11, 0x11, 0x00, 0x00, 0x11, 0x01, 0x00, 0x00, 0x00, 0x00, 0x10,
    0x11, 0xE3, 0xAE, 0x00, 0x00, 0x00, 0x00, 0xE8, 0x5E, 0xB0, 0xFF, 0x03,
    0x00, 0x00, 0x20, 0xFE, 0x1D, 0x40, 0xFF, 0x09, 0x00, 0x00, 0x80, 0xFF,
    0x06, 0x00, 0xFB, 0x2E, 0x00, 0x00, 0xE1, 0xDF, 0x00, 0x00, 0xF4, 0x8F,
    0x00, 0x00, 0xF6, 0x6F, 0x00, 0x00, 0xB0, 0xDF, 0x01, 0x00, 0xFD, 0x0D,
    0x00, 0x00, 0x40, 0xFF, 0x06, 0x50, 0xFF, 0x06, 0x00, 0x00, 0x00, 0xFB,
    0x0C, 0xC0, 0xDF, 0x00, 0x00, 0x00, 0x00, 0xF4, 0x4F, 0xF3, 0x6F, 0x00,
    0x00, 0x00, 0x00, 0xA0, 0xBF, 0xFB, 0x0C, 0x00, 0x00, 0x00, 0x76, 0xA7,
    0xFF, 0xFF, 0x7B, 0x77, 0x00, 0x00, 0xFE, 0xFF, 0xFF, 0xFF, 0xFF, 0xFF,
    0x01, 0x00, 0x86, 0x88, 0xFA, 0xAF, 0x88, 0x78, 0x01, 0x00, 0x00, 0x00,
    0xF2, 0x4F, 0x00, 0x00, 0x00, 0x00, 0x86, 0x88, 0xF9, 0xAF, 0x88, 0x78,
    0x01, 0x00, 0xFE, 0xFF, 0xFF, 0xFF, 0xFF, 0xFF, 0x01, 0x00, 0x76, 0x77,
    0xF9, 0xAF, 0x77, 0x77, 0x00, 0x00, 0x00, 0x00, 0xF3, 0x4F, 0x00, 0x00,
    0x00, 0x00, 0x00, 0x00, 0xF4, 0x5F, 0x00, 0x00, 0x00, 0x00, 0x00, 0x00,
    0xF4, 0x5F, 0x00, 0x00, 0x00, 0x00, 0x00, 0x00, 0xE4, 0x5E, 0x00, 0x00,
    0x00, 0x00, 0x00, 0x00, 0x10, 0x01, 0x00, 0x00, 0x00, 0x10, 0x01, 0xE4,
    0x4E, 0xF4, 0x4F, 0xF4, 0x4F, 0xF4, 0x4F, 0xF4, 0x4F, 0xF4, 0x4F, 0xF4,
    0x4F, 0xF4, 0x4F, 0xF4, 0x4F, 0x82, 0x28, 0x00, 0x00, 0x00, 0x00, 0x00,
    0x00, 0x00, 0x00, 0x00, 0x00, 0xB3, 0x3B, 0xF4, 0x4F, 0xF4, 0x4F, 0xF4,
    0x4F, 0xF4, 0x4F, 0xF4, 0x4F, 0xF4, 0x4F, 0xF4, 0x4F, 0xF4, 0x4F, 0xE4,
    0x4E, 0x10, 0x01, 0x00, 0x00, 0x51, 0x77, 0x36, 0x00, 0x00, 0x00, 0x50,
    0xFD, 0xFF, 0xFF, 0x0A, 0x00, 0x00, 0xF5, 0xFF, 0xBC, 0xFD, 0x9F, 0x00,
    0x00, 0xFC, 0x5E, 0x00, 0x81, 0xFF, 0x04, 0x10, 0xFE, 0x0A, 0x00, 0x00,
    0xFD, 0x09, 0x10, 0xFD, 0x09, 0x00, 0x00, 0x54, 0x02, 0x00, 0xFA, 0x3E,
    0x00, 0x00, 0x00, 0x00, 0x00, 0xC1, 0xEF, 0x06, 0x00, 0x00, 0x00, 0x00,
    0x81, 0xFF, 0xBF, 0x03, 0x00, 0x00, 0x40, 0xFE, 0xBA, 0xFF, 0x8F, 0x01,
    0x00, 0xD0, 0x7F, 0x00, 0xC5, 0xFF, 0x5D, 0x00, 0xF3, 0x1E, 0x00, 0x10,
    0xE7, 0xFF, 0x06, 0xF4, 0x1E, 0x00, 0x00, 0x20, 0xFB, 0x3F, 0xE1, 0x7F,
    0x00, 0x00, 0x00, 0xC0, 0x9F, 0x70, 0xFF, 0x07, 0x00, 0x00, 0x80, 0xBF,
    0x00, 0xF9, 0xCF, 0x04, 0x00, 0x80, 0x9F, 0x00, 0x60, 0xFD, 0xAF, 0x03,
    0xE4, 0x3F, 0x00, 0x00, 0x91, 0xFF, 0xCE, 0xDE, 0x05, 0x00, 0x00, 0x00,
    0xB3, 0xFF, 0x1C, 0x00, 0x00, 0x00, 0x00, 0x00, 0xE6, 0xAF, 0x00, 0x00,
    0x00, 0x00, 0x00, 0x60, 0xFF, 0x04, 0x30, 0x98, 0x00, 0x00, 0x20, 0xFF,
    0x07, 0x80, 0xFF, 0x04, 0x00, 0x40, 0xFF, 0x07, 0x20, 0xFE, 0x5D, 0x22,
    0xD5, 0xFF, 0x03, 0x00, 0xF6, 0xFF, 0xEE, 0xFF, 0x8F, 0x00, 0x00, 0x50,
    0xEC, 0xFF, 0xCF, 0x06, 0x00, 0x00, 0x00, 0x20, 0x44, 0x02, 0x00, 0x00,
    0x00, 0x00, 0x00, 0x44, 0x04, 0x10, 0x44, 0x03, 0x00, 0x00, 0xF8, 0x7F,
    0x00, 0xFB, 0x4F, 0x00, 0x00, 0xF6, 0x8F, 0x00, 0xFA, 0x5F, 0x00, 0x00,
    0xF4, 0xAF, 0x00, 0xF8, 0x7F, 0x00, 0x00, 0xE3, 0xCF, 0x01, 0xF6, 0x9F,
    0x00, 0x00, 0xD1, 0xDF, 0x02, 0xF4, 0xBF, 0x00, 0x00, 0xC1, 0xEF, 0x03,
    0xE3, 0xCF, 0x01, 0x00, 0x50, 0xFF, 0x0A, 0x90, 0xFF, 0x06, 0x00, 0x00,
    0x90, 0xFF, 0x06, 0xC1, 0xEF, 0x03, 0x00, 0x00, 0xB0, 0xFF, 0x04, 0xD2,
    0xDF, 0x01, 0x00, 0x00, 0xC1, 0xEF, 0x02, 0xE3, 0xBF, 0x00, 0x00, 0x00,
    0xE2, 0xCF, 0x01, 0xF5, 0xAF, 0x00, 0x00, 0x00, 0xE4, 0xBF, 0x01, 0xF7,
    0x8F, 0x00, 0x00, 0x00, 0xE5, 0x8E, 0x00, 0xE8, 0x5E, 0x00, 0x00, 0x00,
    0x11, 0x01, 0x00, 0x11, 0x01, 0x86, 0x88, 0x88, 0x88, 0x88, 0x88, 0xD2,
    0xFF, 0xFF, 0xFF, 0xFF, 0xFF, 0x4F, 0xB8, 0xBB, 0xBB, 0xBB, 0xCB, 0xFF,
    0x04, 0x00, 0x00, 0x00, 0x00, 0xF3, 0x4F, 0x00, 0x00, 0x00, 0x00, 0x40,
    0xFF, 0x04, 0x00, 0x00, 0x00, 0x00, 0xF4, 0x4F, 0x00, 0x00, 0x00, 0x00,
    0x20, 0x99, 0x02, 0x10, 0x11, 0x11, 0x11, 0x11, 0x10, 0xED, 0xEE, 0xEE,
    0xEE, 0x4E, 0xF1, 0xFF, 0xFF, 0xFF, 0xFF, 0x04, 0x44, 0x44, 0x44, 0x44,
    0x14, 0x00, 0x00, 0x42, 0x02, 0x00, 0x00, 0x30, 0xFB, 0xFF, 0x3B, 0x00,
    0x30, 0xFE, 0xEF, 0xFF, 0x3E, 0x00, 0xFC, 0x4D, 0x41, 0xFD, 0x0C, 0xF2,
    0x4F, 0x00, 0x40, 0xFF, 0x42, 0xEF, 0x01, 0x00, 0xE1, 0x4F, 0xF2, 0x4F,
    0x00, 0x40, 0xFF, 0x02, 0xFC, 0x4D, 0x41, 0xFD, 0x0C, 0x30, 0xFE, 0xEF,
    0xFF, 0x3E, 0x00, 0x30, 0xFB, 0xFF, 0x3B, 0x00, 0x00, 0x00, 0x42, 0x02,
    0x00, 0x00, 0x00, 0x00, 0x00, 0xD6, 0x1C, 0x00, 0x00, 0x00, 0x00, 0x00,
    0x80, 0xEF, 0x01, 0x00, 0x00, 0x00, 0x00, 0x00, 0xF7, 0x1E, 0x00, 0x00,
    0x00, 0x00, 0x00, 0x70, 0xEF, 0x00, 0x00, 0x00, 0xA1, 0xBB, 0xBB, 0xFD,
    0xBF, 0xBB, 0xBB, 0x13, 0xFF, 0xFF, 0xFF, 0xFF, 0xFF, 0xFF, 0x4F, 0x71,
    0x88, 0x78, 0xFB, 0x8E, 0x88, 0x88, 0x02, 0x00, 0x00, 0x70, 0xEF, 0x00,
    0x00, 0x00, 0x00, 0x00, 0x00, 0xF7, 0x1E, 0x00, 0x00, 0x00, 0x00, 0x00,
    0x80, 0xEF, 0x01, 0x00, 0x00, 0x00, 0x00, 0x00, 0xD6, 0x1C, 0x00, 0x00,
    0x00, 0x00, 0x00, 0x00, 0x00, 0x00, 0x00, 0x00, 0x40, 0x44, 0x44, 0x44,
    0x44, 0x44, 0x44, 0x11, 0xFF, 0xFF, 0xFF, 0xFF, 0xFF, 0xFF, 0x4F, 0xD1,
    0xEE, 0xEE, 0xEE, 0xEE, 0xEE, 0xEE, 0x04, 0x11, 0x11, 0x11, 0x11, 0x11,
    0x11, 0x01, 0xB8, 0x09, 0x00, 0x00, 0x00, 0xB6, 0x1A, 0xC0, 0xDF, 0x00,
    0x00, 0x00, 0x90, 0xFF, 0x01, 0xFB, 0x0C, 0x00, 0x00, 0x00, 0xF8, 0x1E,
    0xB0, 0xCF, 0x00, 0x00, 0x00, 0x90, 0xEF, 0x01, 0xFB, 0x0C, 0x00, 0x00,
    0x00, 0xF9, 0x1E, 0xB0, 0xCF, 0x00, 0x00, 0x00, 0x90, 0xEF, 0x01, 0xFB,
    0x0C, 0x00, 0x00, 0x00, 0xF9, 0x1E, 0xB0, 0xCF, 0x00, 0x00, 0x00, 0x90,
    0xEF, 0x01, 0xFB, 0x0C, 0x00, 0x00, 0x00, 0xF9, 0x1E, 0xB0, 0xCF, 0x00,
    0x00, 0x00, 0x90, 0xEF, 0x01, 0xFB, 0x0C, 0x00, 0x00, 0x00, 0xF9, 0x1E,
    0xB0, 0xEF, 0x01, 0x00, 0x00, 0xC0, 0xEF, 0x01, 0xFB, 0x8F, 0x00, 0x00,
    0x40, 0xFF, 0x0E, 0xB0, 0xFF, 0x9F, 0x13, 0x62, 0xFE, 0xFF, 0x15, 0xFB,
    0xBC, 0xFF, 0xFE, 0xFF, 0xE5, 0xFF, 0xBC, 0xBF, 0xA1, 0xFF, 0xCF, 0x04,
    0xD5, 0xDF, 0xFB, 0x0C, 0x20, 0x34, 0x00, 0x00, 0x31, 0xB3, 0xCF, 0x00,
    0x00, 0x00, 0x00, 0x00, 0x00, 0xFB, 0x0C, 0x00, 0x00, 0x00, 0x00, 0x00,
    0xB0, 0xCF, 0x00, 0x00, 0x00, 0x00, 0x00, 0x00, 0xFB, 0x0C, 0x00, 0x00,
    0x00, 0x00, 0x00, 0xA0, 0xBE, 0x00, 0x00, 0x00, 0x00, 0x00, 0x00, 0x11,
    0x01, 0x00, 0x00, 0x00, 0x00, 0x00, 0x00, 0x91, 0x3A, 0x90, 0xFF, 0x0D,
    0xFB, 0xEF, 0x31, 0xDC, 0x05, 0x00, 0x01, 0x00, 0x43, 0x04, 0x00, 0x44,
    0x03, 0x00, 0x00, 0x50, 0xFF, 0x0A, 0x80, 0xFF, 0x07, 0x00, 0x00, 0x60,
    0xFF, 0x08, 0x90, 0xFF, 0x05, 0x00, 0x00, 0x80, 0xFF, 0x06, 0xB0, 0xEF,
    0x03, 0x00, 0x00, 0xA0, 0xFF, 0x04, 0xD1, 0xDF, 0x02, 0x00, 0x00, 0xC1,
    0xEF, 0x03, 0xE3, 0xCF, 0x01, 0x00, 0x00, 0xD2, 0xDF, 0x02, 0xE5, 0xAF,
    0x01, 0x00, 0x00, 0xF8, 0x7F, 0x00, 0xFB, 0x4F, 0x00, 0x00, 0xE4, 0xBF,
    0x01, 0xF7, 0x8F, 0x00, 0x00, 0xE2, 0xCF, 0x01, 0xF5, 0xAF, 0x00, 0x00,
    0xD1, 0xEF, 0x02, 0xE3, 0xBF, 0x00, 0x00, 0xB0, 0xEF, 0x04, 0xD2, 0xDF,
    0x01, 0x00, 0x90, 0xFF, 0x05, 0xC1, 0xEF, 0x02, 0x00, 0x60, 0xEE, 0x07,
    0x90, 0xDE, 0x04, 0x00, 0x00, 0x11, 0x01, 0x00, 0x11, 0x01, 0x00, 0x00,
    0x00, 0x00, 0x00, 0x00, 0x10, 0x00, 0x00, 0x00, 0x00, 0x00, 0xC3, 0x5D,
    0x00, 0x00, 0x00, 0x00, 0xB0, 0xFF, 0x1E, 0x00, 0x00, 0x00, 0x00, 0xF9,
    0xDF, 0x00, 0x00, 0x00, 0x00, 0x10, 0xA9, 0x03, 0x00, 0x00, 0x00, 0x00,
    0x00, 0x00, 0x00, 0x00, 0x00, 0x00, 0x00, 0x00, 0x00, 0x00, 0x00, 0x00,
    0x00, 0x61, 0x37, 0x00, 0x00, 0x00, 0x00, 0x20, 0xFF, 0x08, 0x00, 0x00,
    0x00, 0x00, 0xF5, 0x6F, 0x00, 0x00, 0x00, 0x00, 0xC1, 0xFF, 0x03, 0x00,
    0x00, 0x00, 0xC3, 0xFF, 0x0A, 0x00, 0x00, 0x00, 0xF7, 0xFF, 0x1B, 0x00,
    0x00, 0x00, 0xF6, 0xEF, 0x06, 0x00, 0x00, 0x00, 0xE1, 0xEF, 0x03, 0x00,
    0x00, 0x00, 0x50, 0xFF, 0x06, 0x00, 0x00, 0x00, 0x00, 0xF7, 0x2F, 0x00,
    0x00, 0x00, 0x22, 0x71, 0xFF, 0x02, 0x00, 0x00, 0xE1, 0x8F, 0xF4, 0x7F,
    0x00, 0x00, 0x60, 0xFF, 0x16, 0xFD, 0x6E, 0x01, 0x50, 0xFE, 0x1E, 0x40,
    0xFF, 0xDF, 0xDB, 0xFF, 0x5F, 0x00, 0x40, 0xFC, 0xFF, 0xFF, 0x4C, 0x00,
    0x00, 0x00, 0x63, 0x67, 0x03, 0x00, 0x00, 0x00, 0x00, 0x00, 0x75, 0x17,
    0x00, 0x00, 0x00, 0x00, 0x00, 0x00, 0x00, 0x00, 0xF4, 0x7F, 0x00, 0x00,
    0x00, 0x00, 0x00, 0x00, 0x00, 0x00, 0x80, 0xDF, 0x00, 0x00, 0x00, 0x00,
    0x00, 0x00, 0x00, 0x00, 0x10, 0xFD, 0x06, 0x00, 0x00, 0x00, 0x00, 0x00,
    0x00, 0x00, 0x00, 0xB4, 0x09, 0x00, 0x00, 0x00, 0x00, 0x00, 0x00, 0x00,
    0x00, 0x00, 0x00, 0x00, 0x00, 0x00, 0x00, 0x00, 0x00, 0x00, 0x00, 0x32,
    0x13, 0x00, 0x00, 0x00, 0x00, 0x00, 0x00, 0x00, 0x10, 0xFE, 0x9F, 0x00,
    0x00, 0x00, 0x00, 0x00, 0x00, 0x00, 0x50, 0xFF, 0xEF, 0x01, 0x00, 0x00,
    0x00, 0x00, 0x00, 0x00, 0xA0, 0xBF, 0xFD, 0x05, 0x00, 0x00, 0x00, 0x00,
    0x00, 0x00, 0xE2, 0x5F, 0xFA, 0x0B, 0x00, 0x00, 0x00, 0x00, 0x00, 0x00,
    0xF6, 0x1E, 0xF6, 0x2E, 0x00, 0x00, 0x00, 0x00, 0x00, 0x00, 0xFB, 0x0B,
    0xF2, 0x7F, 0x00, 0x00, 0x00, 0x00, 0x00, 0x20, 0xFF, 0x07, 0xC0, 0xCF,
    0x00, 0x00, 0x00, 0x00, 0x00, 0x70, 0xFF, 0x02, 0x70, 0xFF, 0x03, 0x00,
    0x00, 0x00, 0x00, 0xC0, 0xCF, 0x00, 0x20, 0xFF, 0x08, 0x00, 0x00, 0x00,
    0x00, 0xF4, 0x7F, 0x00, 0x00, 0xFB, 0x1D, 0x00, 0x00, 0x00, 0x00, 0xF9,
    0x2F, 0x00, 0x00, 0xF7, 0x4F, 0x00, 0x00, 0x00, 0x10, 0xFD, 0x0A, 0x00,
    0x00, 0xE1, 0xAF, 0x00, 0x00, 0x00, 0x50, 0xFF, 0x49, 0x44, 0x44, 0xC4,
    0xEF, 0x01, 0x00, 0x00, 0xA0, 0xFF, 0xFF, 0xFF, 0xFF, 0xFF, 0xFF, 0x06,
    0x00, 0x00, 0xE1, 0xFF, 0xEE, 0xEE, 0xEE, 0xEE, 0xFF, 0x0B, 0x00, 0x00,
    0xF6, 0x6F, 0x11, 0x11, 0x11, 0x11, 0xFA, 0x2F, 0x00, 0x00, 0xFB, 0x1E,
    0x00, 0x00, 0x00, 0x00, 0xF4, 0x7F, 0x00, 0x20, 0xFF, 0x0A, 0x00, 0x00,
    0x00, 0x00, 0xD1, 0xCF, 0x00, 0x70, 0xFF, 0x05, 0x00, 0x00, 0x00, 0x00,
    0x90, 0xFF, 0x03, 0xD0, 0xEF, 0x01, 0x00, 0x00, 0x00, 0x00, 0x30, 0xFF,
    0x09, 0xD3, 0x8D, 0x00, 0x00, 0x00, 0x00, 0x00, 0x00, 0xDB, 0x1B, 0x00,
    0x00, 0x00, 0x00, 0x00, 0x62, 0x26, 0x00, 0x00, 0x00, 0x00, 0x00, 0x00,
    0x00, 0x00, 0xFA, 0x2E, 0x00, 0x00, 0x00, 0x00, 0x00, 0x00, 0x00, 0x30,
    0xFE, 0x05, 0x00, 0x00, 0x00, 0x00, 0x00, 0x00, 0x00, 0xA0, 0x9F, 0x00,
    0x00, 0x00, 0x00, 0x00, 0x00, 0x00, 0x00, 0xB1, 0x1B, 0x00, 0x00, 0x00,
    0x00, 0x00, 0x00, 0x00, 0x00, 0x00, 0x00, 0x00, 0x00, 0x00, 0x00, 0x00,
    0x00, 0x00, 0x00, 0x32, 0x13, 0x00, 0x00, 0x00, 0x00, 0x00, 0x00, 0x00,
    0x10, 0xFD, 0x9F, 0x00, 0x00, 0x00, 0x00, 0x00, 0x00, 0x00, 0x50, 0xFF,
    0xEF, 0x01, 0x00, 0x00, 0x00, 0x00, 0x00, 0x00, 0xA0, 0xBF, 0xFD, 0x05,
    0x00, 0x00, 0x00, 0x00, 0x00, 0x00, 0xE1, 0x5F, 0xFA, 0x0A, 0x00, 0x00,
    0x00, 0x00, 0x00, 0x00, 0xF6, 0x1F, 0xF6, 0x2E, 0x00, 0x00, 0x00, 0x00,
    0x00, 0x00, 0xFB, 0x0B, 0xF3, 0x7F, 0x00, 0x00, 0x00, 0x00, 0x00, 0x20,
    0xFF, 0x07, 0xC0, 0xCF, 0x00, 0x00, 0x00, 0x00, 0x00, 0x70, 0xFF, 0x02,
    0x70, 0xFF, 0x03, 0x00, 0x00, 0x00, 0x00, 0xC0, 0xCF, 0x00, 0x30, 0xFF,
    0x08, 0x00, 0x00, 0x00, 0x00, 0xF3, 0x7F, 0x00, 0x00, 0xFC, 0x0D, 0x00,
    0x00, 0x00, 0x00, 0xF9, 0x2F, 0x00, 0x00, 0xF7, 0x4F, 0x00, 0x00, 0x00,
    0x10, 0xFD, 0x0B, 0x00, 0x00, 0xE1, 0xAF, 0x00, 0x00, 0x00, 0x50, 0xFF,
    0x49, 0x44, 0x44, 0xC4, 0xEF, 0x01, 0x00, 0x00, 0xA0, 0xFF, 0xFF, 0xFF,
    0xFF, 0xFF, 0xFF, 0x06, 0x00, 0x00, 0xE1, 0xFF, 0xEE, 0xEE, 0xEE, 0xEE,
    0xFF, 0x0B, 0x00, 0x00, 0xF6, 0x6F, 0x11, 0x11, 0x11, 0x11, 0xFA, 0x2F,
    0x00, 0x00, 0xFB, 0x1E, 0x00, 0x00, 0x00, 0x00, 0xF4, 0x7F, 0x00, 0x20,
    0xFF, 0x0A, 0x00, 0x00, 0x00, 0x00, 0xD1, 0xCF, 0x00, 0x70, 0xFF, 0x05,
    0x00, 0x00, 0x00, 0x00, 0x90, 0xFF, 0x03, 0xD0, 0xEF, 0x01, 0x00, 0x00,
    0x00, 0x00, 0x40, 0xFF, 0x09, 0xD3, 0x8D, 0x00, 0x00, 0x00, 0x00, 0x00,
    0x00, 0xDB, 0x1B, 0x00, 0x00, 0x00, 0x00, 0x63, 0x15, 0x00, 0x00, 0x00,
    0x00, 0x00, 0x00, 0x00, 0x30, 0xFE, 0xBF, 0x00, 0x00, 0x00, 0x00, 0x00,
    0x00, 0x00, 0xD1, 0x7F, 0xFA, 0x09, 0x00, 0x00, 0x00, 0x00, 0x00, 0x20,
    0xFD, 0x0A, 0xD1, 0x9F, 0x00, 0x00, 0x00, 0x00, 0x00, 0x40, 0x78, 0x01,
    0x30, 0x87, 0x01, 0x00, 0x00, 0x00, 0x00, 0x00, 0x00, 0x00, 0x00, 0x00,
    0x00, 0x00, 0x00, 0x00, 0x00, 0x00, 0x00, 0x22, 0x12, 0x00, 0x00, 0x00,
    0x00, 0x00, 0x00, 0x00, 0x10, 0xFD, 0x9F, 0x00, 0x00, 0x00, 0x00, 0x00,
    0x00, 0x00, 0x50, 0xFF, 0xEF, 0x01, 0x00, 0x00, 0x00, 0x00, 0x00, 0x00,
    0xA0, 0xBF, 0xFD, 0x05, 0x00, 0x00, 0x00, 0x00, 0x00, 0x00, 0xE1, 0x5F,
    0xFA, 0x0A, 0x00, 0x00, 0x00, 0x00, 0x00, 0x00, 0xF6, 0x1F, 0xF6, 0x2E,
    0x00, 0x00, 0x00, 0x00, 0x00, 0x00, 0xFB, 0x0B, 0xF3, 0x7F, 0x00, 0x00,
    0x00, 0x00, 0x00, 0x20, 0xFF, 0x07, 0xC0, 0xCF, 0x00, 0x00, 0x00, 0x00,
    0x00, 0x70, 0xFF, 0x02, 0x70, 0xFF, 0x03, 0x00, 0x00, 0x00, 0x00, 0xC0,
    0xCF, 0x00, 0x30, 0xFF, 0x08, 0x00, 0x00, 0x00, 0x00, 0xF3, 0x7F, 0x00,
    0x00, 0xFC, 0x0D, 0x00, 0x00, 0x00, 0x00, 0xF9, 0x2F, 0x00, 0x00, 0xF7,
    0x4F, 0x00, 0x00, 0x00, 0x10, 0xFD, 0x0B, 0x00, 0x00, 0xE1, 0xAF, 0x00,
    0x00, 0x00, 0x50, 0xFF, 0x49, 0x44, 0x44, 0xC4, 0xEF, 0x01, 0x00, 0x00,
    0xA0, 0xFF, 0xFF, 0xFF, 0xFF, 0xFF, 0xFF, 0x06, 0x00, 0x00, 0xE1, 0xFF,
    0xEE, 0xEE, 0xEE, 0xEE, 0xFF, 0x0B, 0x00, 0x00, 0xF6, 0x6F, 0x11, 0x11,
    0x11, 0x11, 0xFA, 0x2F, 0x00, 0x00, 0xFB, 0x1E, 0x00, 0x00, 0x00, 0x00,
    0xF4, 0x7F, 0x00, 0x20, 0xFF, 0x0A, 0x00, 0x00, 0x00, 0x00, 0xD1, 0xCF,
    0x00, 0x70, 0xFF, 0x05, 0x00, 0x00, 0x00, 0x00, 0x90, 0xFF, 0x03, 0xD0,
    0xEF, 0x01, 0x00, 0x00, 0x00, 0x00, 0x40, 0xFF, 0x09, 0xD3, 0x8D, 0x00,
    0x00, 0x00, 0x00, 0x00, 0x00, 0xDB, 0x1B, 0x00, 0x00, 0x00, 0xA3, 0x5A,
    0x00, 0x99, 0x00, 0x00, 0x00, 0x00, 0x00, 0x10, 0xFD, 0xFF, 0x9C, 0xCF,
    0x00, 0x00, 0x00, 0x00, 0x00, 0x30, 0xAF, 0x83, 0xFE, 0x4E, 0x00, 0x00,
    0x00, 0x00, 0x00, 0x10, 0x13, 0x00, 0x41, 0x02, 0x00, 0x00, 0x00, 0x00,
    0x00, 0x00, 0x00, 0x00, 0x00, 0x00, 0x00, 0x00, 0x00, 0x00, 0x00, 0x00,
    0x00, 0x22, 0x13, 0x00, 0x00, 0x00, 0x00, 0x00, 0x00, 0x00, 0x10, 0xFE,
    0x8F, 0x00, 0x00, 0x00, 0x00, 0x00, 0x00, 0x00, 0x50, 0xFF, 0xDF, 0x01,
    0x00, 0x00, 0x00, 0x00, 0x00, 0x00, 0xB0, 0xBF, 0xFE, 0x05, 0x00, 0x00,
    0x00, 0x00, 0x00, 0x00, 0xE2, 0x5F, 0xFA, 0x0A, 0x00, 0x00, 0x00, 0x00,
    0x00, 0x00, 0xF7, 0x1E, 0xF7, 0x2E, 0x00, 0x00, 0x00, 0x00, 0x00, 0x00,
    0xFC, 0x0B, 0xF3, 0x6F, 0x00, 0x00, 0x00, 0x00, 0x00, 0x30, 0xFF, 0x06,
    0xC0, 0xBF, 0x00, 0x00, 0x00, 0x00, 0x00, 0x80, 0xEF, 0x02, 0x80, 0xFF,
    0x03, 0x00, 0x00, 0x00, 0x00, 0xD0, 0xBF, 0x00, 0x30, 0xFF, 0x08, 0x00,
    0x00, 0x00, 0x00, 0xF4, 0x6F, 0x00, 0x00, 0xFC, 0x0D, 0x00, 0x00, 0x00,
    0x00, 0xF9, 0x2E, 0x00, 0x00, 0xF7, 0x4F, 0x00, 0x00, 0x00, 0x10, 0xFE,
    0x0A, 0x00, 0x00, 0xE1, 0x9F, 0x00, 0x00, 0x00, 0x50, 0xFF, 0x49, 0x44,
    0x44, 0xC4, 0xEF, 0x01, 0x00, 0x00, 0xA0, 0xFF, 0xFF, 0xFF, 0xFF, 0xFF,
    0xFF, 0x06, 0x00, 0x00, 0xE2, 0xFF, 0xEE, 0xEE, 0xEE, 0xEE, 0xFF, 0x0B,
    0x00, 0x00, 0xF6, 0x6F, 0x11, 0x11, 0x11, 0x11, 0xFA, 0x2F, 0x00, 0x00,
    0xFB, 0x1E, 0x00, 0x00, 0x00, 0x00, 0xF5, 0x7F, 0x00, 0x20, 0xFF, 0x0A,
    0x00, 0x00, 0x00, 0x00, 0xD1, 0xCF, 0x00, 0x70, 0xFF, 0x05, 0x00, 0x00,
    0x00, 0x00, 0x90, 0xFF, 0x03, 0xD0, 0xEF, 0x01, 0x00, 0x00, 0x00, 0x00,
    0x40, 0xFF, 0x09, 0xD3, 0x8D, 0x00, 0x00, 0x00, 0x00, 0x00, 0x00, 0xDB,
    0x1B, 0x00, 0x00, 0x00, 0x01, 0x00, 0x00, 0x01, 0x00, 0x00, 0x00, 0x00,
    0x00, 0x40, 0xCD, 0x02, 0x40, 0xCD, 0x02, 0x00, 0x00, 0x00, 0x00, 0xB0,
    0xFF, 0x08, 0xB0, 0xFF, 0x08, 0x00, 0x00, 0x00, 0x00, 0x70, 0xEF, 0x04,
    0x70, 0xEF, 0x04, 0x00, 0x00, 0x00, 0x00, 0x00, 0x23, 0x00, 0x00, 0x23,
    0x00, 0x00, 0x00, 0x00, 0x00, 0x00, 0x00, 0x00, 0x00, 0x00, 0x00, 0x00,
    0x00, 0x00, 0x00, 0x00, 0x00, 0x32, 0x13, 0x00, 0x00, 0x00, 0x00, 0x00,
    0x00, 0x00, 0x10, 0xFE, 0xAF, 0x00, 0x00, 0x00, 0x00, 0x00, 0x00, 0x00,
    0x60, 0xFF, 0xEF, 0x02, 0x00, 0x00, 0x00, 0x00, 0x00, 0x00, 0xB0, 0xCF,
    0xFD, 0x06, 0x00, 0x00, 0x00, 0x00, 0x00, 0x00, 0xE2, 0x5F, 0xFA, 0x0B,
    0x00, 0x00, 0x00, 0x00, 0x00, 0x00, 0xF7, 0x1F, 0xF6, 0x3F, 0x00, 0x00,
    0x00, 0x00, 0x00, 0x00, 0xFC, 0x0C, 0xF3, 0x8F, 0x00, 0x00, 0x00, 0x00,
    0x00, 0x30, 0xFF, 0x07, 0xC0, 0xDF, 0x00, 0x00, 0x00, 0x00, 0x00, 0x80,
    0xFF, 0x03, 0x70, 0xFF, 0x04, 0x00, 0x00, 0x00, 0x00, 0xD0, 0xCF, 0x00,
    0x30, 0xFF, 0x09, 0x00, 0x00, 0x00, 0x00, 0xF4, 0x7F, 0x00, 0x00, 0xFC,
    0x1D, 0x00, 0x00, 0x00, 0x00, 0xF9, 0x2F, 0x00, 0x00, 0xF7, 0x5F, 0x00,
    0x00, 0x00, 0x10, 0xFE, 0x0B, 0x00, 0x00, 0xE1, 0xAF, 0x00, 0x00, 0x00,
    0x50, 0xFF, 0x49, 0x44, 0x44, 0xC4, 0xEF, 0x02, 0x00, 0x00, 0xA0, 0xFF,
    0xFF, 0xFF, 0xFF, 0xFF, 0xFF, 0x06, 0x00, 0x00, 0xE2, 0xFF, 0xEE, 0xEE,
    0xEE, 0xEE, 0xFF, 0x0C, 0x00, 0x00, 0xF6, 0x6F, 0x11, 0x11, 0x11, 0x11,
    0xFA, 0x3F, 0x00, 0x00, 0xFB, 0x1E, 0x00, 0x00, 0x00, 0x00, 0xF4, 0x8F,
    0x00, 0x20, 0xFF, 0x0A, 0x00, 0x00, 0x00, 0x00, 0xD1, 0xDF, 0x00, 0x70,
    0xFF, 0x05, 0x00, 0x00, 0x00, 0x00, 0x90, 0xFF, 0x04, 0xD0, 0xEF, 0x01,
    0x00, 0x00, 0x00, 0x00, 0x40, 0xFF, 0x0A, 0xD3, 0x8D, 0x00, 0x00, 0x00,
    0x00, 0x00, 0x00, 0xDB, 0x1B, 0x00, 0x00, 0x00, 0x30, 0xFB, 0xBF, 0x03,
    0x00, 0x00, 0x00, 0x00, 0x00, 0x00, 0xE2, 0xCF, 0xFC, 0x2E, 0x00, 0x00,
    0x00, 0x00, 0x00, 0x00, 0xF9, 0x09, 0x90, 0x9F, 0x00, 0x00, 0x00, 0x00,
    0x00, 0x00, 0xFB, 0x03, 0x30, 0xBF, 0x00, 0x00, 0x00, 0x00, 0x00, 0x00,
    0xF9, 0x09, 0x90, 0x9F, 0x00, 0x00, 0x00, 0x00, 0x00, 0x00, 0xE2, 0xDF,
    0xFD, 0x2E, 0x00, 0x00, 0x00, 0x00, 0x00, 0x00, 0x20, 0xDA, 0xAD, 0x02,
    0x00, 0x00, 0x00, 0x00, 0x00, 0x00, 0x00, 0x52, 0x15, 0x00, 0x00, 0x00,
    0x00, 0x00, 0x00, 0x00, 0x00, 0xFD, 0xCF, 0x00, 0x00, 0x00, 0x00, 0x00,
    0x00, 0x00, 0x40, 0xFF, 0xFF, 0x02, 0x00, 0x00, 0x00, 0x00, 0x00, 0x00,
    0x90, 0xBF, 0xFC, 0x07, 0x00, 0x00, 0x00, 0x00, 0x00, 0x00, 0xD1, 0x6F,
    0xF8, 0x0C, 0x00, 0x00, 0x00, 0x00, 0x00, 0x00, 0xF5, 0x2F, 0xF4, 0x3F,
    0x00, 0x00, 0x00, 0x00, 0x00, 0x00, 0xFA, 0x0C, 0xE1, 0x8F, 0x00, 0x00,
    0x00, 0x00, 0x00, 0x20, 0xFE, 0x08, 0xA0, 0xDF, 0x01, 0x00, 0x00, 0x00,
    0x00, 0x70, 0xFF, 0x03, 0x60, 0xFF, 0x04, 0x00, 0x00, 0x00, 0x00, 0xC0,
    0xCF, 0x00, 0x10, 0xFE, 0x0A, 0x00, 0x00, 0x00, 0x00, 0xF3, 0x8F, 0x00,
    0x00, 0xFA, 0x1E, 0x00, 0x00, 0x00, 0x00, 0xF8, 0x3F, 0x00, 0x00, 0xF5,
    0x6F, 0x00, 0x00, 0x00, 0x00, 0xFD, 0x0B, 0x00, 0x00, 0xD0, 0xBF, 0x00,
    0x00, 0x00, 0x40, 0xFF, 0x49, 0x44, 0x44, 0xB4, 0xEF, 0x02, 0x00, 0x00,
    0xA0, 0xFF, 0xFF, 0xFF, 0xFF, 0xFF, 0xFF, 0x07, 0x00, 0x00, 0xE1, 0xFF,
    0xEE, 0xEE, 0xEE, 0xEE, 0xFF, 0x0C, 0x00, 0x00, 0xF6, 0x7F, 0x11, 0x11,
    0x11, 0x11, 0xF9, 0x3F, 0x00, 0x00, 0xFB, 0x1E, 0x00, 0x00, 0x00, 0x00,
    0xF4, 0x8F, 0x00, 0x20, 0xFF, 0x0A, 0x00, 0x00, 0x00, 0x00, 0xD0, 0xDF,
    0x00, 0x70, 0xFF, 0x05, 0x00, 0x00, 0x00, 0x00, 0x80, 0xFF, 0x04, 0xD0,
    0xEF, 0x01, 0x00, 0x00, 0x00, 0x00, 0x30, 0xFF, 0x0A, 0xD3, 0x8D, 0x00,
    0x00, 0x00, 0x00, 0x00, 0x00, 0xDB, 0x1B, 0x00, 0x00, 0x00, 0x00, 0x00,
    0x10, 0x11, 0x11, 0x11, 0x11, 0x11, 0x11, 0x11, 0x01, 0x00, 0x00, 0x00,
    0x00, 0x60, 0xEE, 0xEF, 0xEE, 0xEE, 0xEE, 0xEE, 0xEE, 0xAE, 0x00, 0x00,
    0x00, 0x00, 0x10, 0xFD, 0xAD, 0xFF, 0xFF, 0xFF, 0xFF, 0xFF, 0xFF, 0x0C,
    0x00, 0x00, 0x00, 0x00, 0xF6, 0x4F, 0xE0, 0xAF, 0x44, 0x44, 0x44, 0x44,
    0x34, 0x00, 0x00, 0x00, 0x00, 0xD0, 0xCF, 0x10, 0xFE, 0x08, 0x00, 0x00,
    0x00, 0x00, 0x00, 0x00, 0x00, 0x00, 0x50, 0xFF, 0x05, 0xE1, 0x9F, 0x00,
    0x00, 0x00, 0x00, 0x00, 0x00, 0x00, 0x00, 0x00, 0xFC, 0x0D, 0x10, 0xFE,
    0x09, 0x00, 0x00, 0x00, 0x00, 0x00, 0x00, 0x00, 0x00, 0xF5, 0x6F, 0x00,
    0xE1, 0x9F, 0x00, 0x00, 0x00, 0x00, 0x00, 0x00, 0x00, 0x00, 0xC0, 0xDF,
    0x01, 0x10, 0xFE, 0x09, 0x00, 0x00, 0x00, 0x00, 0x00, 0x00, 0x00, 0x50,
    0xFF, 0x07, 0x00, 0xE1, 0x8F, 0x00, 0x00, 0x00, 0x00, 0x00, 0x00, 0x00,
    0x00, 0xFC, 0x1E, 0x00, 0x10, 0xFE, 0xBD, 0xBB, 0xBB, 0xBB, 0xBB, 0x02,
    0x00, 0x00, 0xF4, 0x8F, 0x00, 0x00, 0xE1, 0xFF, 0xFF, 0xFF, 0xFF, 0xFF,
    0x3F, 0x00, 0x00, 0xB0, 0xEF, 0x01, 0x00, 0x10, 0xFE, 0x7C, 0x88, 0x88,
    0x88, 0x88, 0x01, 0x00, 0x40, 0xFF, 0x19, 0x11, 0x11, 0xE2, 0x8F, 0x00,
    0x00, 0x00, 0x00, 0x00, 0x00, 0x00, 0xFB, 0xEF, 0xEE, 0xEE, 0xEE, 0xFF,
    0x09, 0x00, 0x00, 0x00, 0x00, 0x00, 0x00, 0xF3, 0xFF, 0xFF, 0xFF, 0xFF,
    0xFF, 0x9F, 0x00, 0x00, 0x00, 0x00, 0x00, 0x00, 0xA0, 0xFF, 0x46, 0x44,
    0x44, 0x54, 0xFE, 0x09, 0x00, 0x00, 0x00, 0x00, 0x00, 0x30, 0xFF, 0x0B,
    0x00, 0x00, 0x00, 0xE0, 0x9F, 0x00, 0x00, 0x00, 0x00, 0x00, 0x00, 0xFA,
    0x4F, 0x00, 0x00, 0x00, 0x10, 0xFE, 0x08, 0x00, 0x00, 0x00, 0x00, 0x00,
    0xF2, 0xBF, 0x00, 0x00, 0x00, 0x00, 0xE1, 0xAF, 0x44, 0x44, 0x44, 0x44,
    0x34, 0xA0, 0xFF, 0x05, 0x00, 0x00, 0x00, 0x10, 0xFE, 0xFF, 0xFF, 0xFF,
    0xFF, 0xFF, 0x2D, 0xEE, 0x0B, 0x00, 0x00, 0x00, 0x00, 0xD1, 0xEE, 0xEE,
    0xEE, 0xEE, 0xEE, 0xCE, 0x11, 0x01, 0x00, 0x00, 0x00, 0x00, 0x00, 0x11,
    0x11, 0x11, 0x11, 0x11, 0x11, 0x01, 0x00, 0x00, 0x00, 0x30, 0x75, 0x67,
    0x03, 0x00, 0x00, 0x00, 0x00, 0x00, 0xB5, 0xFF, 0xFF, 0xFF, 0x7D, 0x00,
    0x00, 0x00, 0x00, 0xF9, 0xFF, 0xEF, 0xFE, 0xFF, 0xBF, 0x01, 0x00, 0x00,
    0xF9, 0xEF, 0x38, 0x11, 0x73, 0xFD, 0xCF, 0x01, 0x00, 0xF6, 0xDF, 0x02,
    0x00, 0x00, 0x10, 0xFA, 0x8F, 0x00, 0xE1, 0xEF, 0x02, 0x00, 0x00, 0x00,
    0x00, 0xFC, 0x2E, 0x60, 0xFF, 0x06, 0x00, 0x00, 0x00, 0x00, 0x50, 0xFF,
    0x07, 0xFB, 0x1D, 0x00, 0x00, 0x00, 0x00, 0x00, 0x71, 0x47, 0xE1, 0xAF,
    0x00, 0x00, 0x00, 0x00, 0x00, 0x00, 0x00, 0x30, 0xFF, 0x07, 0x00, 0x00,
    0x00, 0x00, 0x00, 0x00, 0x00, 0xF4, 0x5F, 0x00, 0x00, 0x00, 0x00, 0x00,
    0x00, 0x00, 0x40, 0xFF, 0x05, 0x00, 0x00, 0x00, 0x00, 0x00, 0x00, 0x00,
    0xF3, 0x6F, 0x00, 0x00, 0x00, 0x00, 0x00, 0x00, 0x00, 0x20, 0xFF, 0x07,
    0x00, 0x00, 0x00, 0x00, 0x00, 0x00, 0x00, 0xD1, 0xAF, 0x00, 0x00, 0x00,
    0x00, 0x00, 0x00, 0x00, 0x00, 0xFA, 0x1E, 0x00, 0x00, 0x00, 0x00, 0x00,
    0xA2, 0x6B, 0x50, 0xFF, 0x08, 0x00, 0x00, 0x00, 0x00, 0x70, 0xFF, 0x06,
    0xD0, 0xFF, 0x04, 0x00, 0x00, 0x00, 0x20, 0xFE, 0x1D, 0x00, 0xF4, 0xEF,
    0x05, 0x00, 0x00, 0x30, 0xFD, 0x6F, 0x00, 0x00, 0xF7, 0xFF, 0x7B, 0x44,
    0xA6, 0xFF, 0x9F, 0x00, 0x00, 0x00, 0xE6, 0xFF, 0xFF, 0xFF, 0xFF, 0x8F,
    0x00, 0x00, 0x00, 0x00, 0x82, 0xED, 0xFF, 0xDF, 0x39, 0x00, 0x00, 0x00,
    0x00, 0x00, 0x00, 0xD2, 0x2C, 0x00, 0x00, 0x00, 0x00, 0x00, 0x00, 0x00,
    0x00, 0xFE, 0x48, 0x00, 0x00, 0x00, 0x00, 0x00, 0x00, 0x00, 0x91, 0xFB,
    0x4F, 0x00, 0x00, 0x00, 0x00, 0x00, 0x00, 0x00, 0x00, 0xF7, 0x07, 0x00,
    0x00, 0x00, 0x00, 0x00, 0x00, 0x84, 0xE8, 0x5F, 0x00, 0x00, 0x00, 0x00,
    0x00, 0x00, 0x80, 0xEF, 0x7D, 0x00, 0x00, 0x00, 0x00, 0x00, 0x00, 0x00,
    0x10, 0x01, 0x00, 0x00, 0x00, 0x00, 0x00, 0x30, 0x44, 0x00, 0x00, 0x00,
    0x00, 0x00, 0x60, 0xFF, 0x06, 0x00, 0x00, 0x00, 0x00, 0x00, 0xFA, 0x0C,
    0x00, 0x00, 0x00, 0x00, 0x00, 0xE2, 0x5F, 0x00, 0x00, 0x00, 0x00, 0x00,
    0x60, 0xBE, 0x00, 0x00, 0x00, 0x00, 0x00, 0x00, 0x11, 0x00, 0x00, 0x00,
    0x10, 0x11, 0x11, 0x11, 0x11, 0x11, 0x01, 0xE7, 0xEE, 0xEE, 0xEE, 0xEE,
    0xEE, 0x5E, 0xF8, 0xFF, 0xFF, 0xFF, 0xFF, 0xFF, 0x6F, 0xF7, 0x5E, 0x44,
    0x44, 0x44, 0x44, 0x24, 0xF7, 0x1E, 0x00, 0x00, 0x00, 0x00, 0x00, 0xF7,
    0x2E, 0x00, 0x00, 0x00, 0x00, 0x00, 0xF7, 0x2E, 0x00, 0x00, 0x00, 0x00,
    0x00, 0xF7, 0x2E, 0x00, 0x00, 0x00, 0x00, 0x00, 0xF7, 0x2E, 0x00, 0x00,
    0x00, 0x00, 0x00, 0xF7, 0x1E, 0x00, 0x00, 0x00, 0x00, 0x00, 0xF8, 0xCF,
    0xBB, 0xBB, 0xBB, 0xBB, 0x07, 0xF8, 0xFF, 0xFF, 0xFF, 0xFF, 0xFF, 0x0B,
    0xF7, 0x8F, 0x77, 0x77, 0x77, 0x77, 0x05, 0xF7, 0x1E, 0x00, 0x00, 0x00,
    0x00, 0x00, 0xF7, 0x2E, 0x00, 0x00, 0x00, 0x00, 0x00, 0xF7, 0x2E, 0x00,
    0x00, 0x00, 0x00, 0x00, 0xF7, 0x2E, 0x00, 0x00, 0x00, 0x00, 0x00, 0xF7,
    0x2E, 0x00, 0x00, 0x00, 0x00, 0x00, 0xF7, 0x1E, 0x00, 0x00, 0x00, 0x00,
    0x00, 0xF7, 0x5E, 0x44, 0x44, 0x44, 0x44, 0x24, 0xF8, 0xFF, 0xFF, 0xFF,
    0xFF, 0xFF, 0x8F, 0xE7, 0xEE, 0xEE, 0xEE, 0xEE, 0xEE, 0x7E, 0x10, 0x11,
    0x11, 0x11, 0x11, 0x11, 0x01, 0x00, 0x00, 0x00, 0x10, 0x44, 0x02, 0x00,
    0x00, 0x00, 0x00, 0x90, 0xFF, 0x04, 0x00, 0x00, 0x00, 0x00, 0xE2, 0x7F,
    0x00, 0x00, 0x00, 0x00, 0x00, 0xF9, 0x0C, 0x00, 0x00, 0x00, 0x00, 0x10,
    0xCC, 0x03, 0x00, 0x00, 0x00, 0x00, 0x00, 0x00, 0x00, 0x00, 0x00, 0x10,
    0x11, 0x11, 0x11, 0x11, 0x11, 0x01, 0xE7, 0xEE, 0xEE, 0xEE, 0xEE, 0xEE,
    0x5E, 0xF8, 0xFF, 0xFF, 0xFF, 0xFF, 0xFF, 0x6F, 0xF7, 0x5E, 0x44, 0x44,
    0x44, 0x44, 0x24, 0xF7, 0x1E, 0x00, 0x00, 0x00, 0x00, 0x00, 0xF7, 0x2E,
    0x00, 0x00, 0x00, 0x00, 0x00, 0xF7, 0x2E, 0x00, 0x00, 0x00, 0x00, 0x00,
    0xF7, 0x2E, 0x00, 0x00, 0x00, 0x00, 0x00, 0xF7, 0x2E, 0x00, 0x00, 0x00,
    0x00, 0x00, 0xF7, 0x1E, 0x00, 0x00, 0x00, 0x00, 0x00, 0xF8, 0xCF, 0xBB,
    0xBB, 0xBB, 0xBB, 0x07, 0xF8, 0xFF, 0xFF, 0xFF, 0xFF, 0xFF, 0x0B, 0xF7,
    0x8F, 0x77, 0x77, 0x77, 0x77, 0x05, 0xF7, 0x1E, 0x00, 0x00, 0x00, 0x00,
    0x00, 0xF7, 0x2E, 0x00, 0x00, 0x00, 0x00, 0x00, 0xF7, 0x2E, 0x00, 0x00,
    0x00, 0x00, 0x00, 0xF7, 0x2E, 0x00, 0x00, 0x00, 0x00, 0x00, 0xF7, 0x2E,
    0x00, 0x00, 0x00, 0x00, 0x00, 0xF7, 0x1E, 0x00, 0x00, 0x00, 0x00, 0x00,
    0xF7, 0x5E, 0x44, 0x44, 0x44, 0x44, 0x24, 0xF8, 0xFF, 0xFF, 0xFF, 0xFF,
    0xFF, 0x8F, 0xE7, 0xEE, 0xEE, 0xEE, 0xEE, 0xEE, 0x7E, 0x10, 0x11, 0x11,
    0x11, 0x11, 0x11, 0x01, 0x00, 0x00, 0x10, 0x44, 0x01, 0x00, 0x00, 0x00,
    0x00, 0xD1, 0xFF, 0x0B, 0x00, 0x00, 0x00, 0x10, 0xFC, 0xB9, 0x9F, 0x00,
    0x00, 0x00, 0xB1, 0xBF, 0x10, 0xFD, 0x09, 0x00, 0x00, 0xA4, 0x19, 0x00,
    0x93, 0x2A, 0x00, 0x00, 0x00, 0x00, 0x00, 0x00, 0x00, 0x00, 0x10, 0x11,
    0x11, 0x11, 0x11, 0x11, 0x01, 0xE7, 0xEE, 0xEE, 0xEE, 0xEE, 0xEE, 0x5E,
    0xF8, 0xFF, 0xFF, 0xFF, 0xFF, 0xFF, 0x6F, 0xF7, 0x5E, 0x44, 0x44, 0x44,
    0x44, 0x24, 0xF7, 0x1E, 0x00, 0x00, 0x00, 0x00, 0x00, 0xF7, 0x2E, 0x00,
    0x00, 0x00, 0x00, 0x00, 0xF7, 0x2E, 0x00, 0x00, 0x00, 0x00, 0x00, 0xF7,
    0x2E, 0x00, 0x00, 0x00, 0x00, 0x00, 0xF7, 0x2E, 0x00, 0x00, 0x00, 0x00,
    0x00, 0xF7, 0x1E, 0x00, 0x00, 0x00, 0x00, 0x00, 0xF8, 0xCF, 0xBB, 0xBB,
    0xBB, 0xBB, 0x07, 0xF8, 0xFF, 0xFF, 0xFF, 0xFF, 0xFF, 0x0B, 0xF7, 0x8F,
    0x77, 0x77, 0x77, 0x77, 0x05, 0xF7, 0x1E, 0x00, 0x00, 0x00, 0x00, 0x00,
    0xF7, 0x2E, 0x00, 0x00, 0x00, 0x00, 0x00, 0xF7, 0x2E, 0x00, 0x00, 0x00,
    0x00, 0x00, 0xF7, 0x2E, 0x00, 0x00, 0x00, 0x00, 0x00, 0xF7, 0x2E, 0x00,
    0x00, 0x00, 0x00, 0x00, 0xF7, 0x1E, 0x00, 0x00, 0x00, 0x00, 0x00, 0xF7,
    0x5E, 0x44, 0x44, 0x44, 0x44, 0x24, 0xF8, 0xFF, 0xFF, 0xFF, 0xFF, 0xFF,
    0x8F, 0xE7, 0xEE, 0xEE, 0xEE, 0xEE, 0xEE, 0x7E, 0x10, 0x11, 0x11, 0x11,
    0x11, 0x11, 0x01, 0x00, 0x00, 0x01, 0x00, 0x10, 0x00, 0x00, 0x00, 0xC2,
    0x4D, 0x00, 0xD4, 0x2C, 0x00, 0x00, 0xF8, 0xBF, 0x00, 0xFC, 0x8F, 0x00,
    0x00, 0xE4, 0x7F, 0x00, 0xF7, 0x4E, 0x00, 0x00, 0x20, 0x03, 0x00, 0x30,
    0x02, 0x00, 0x00, 0x00, 0x00, 0x00, 0x00, 0x00, 0x00, 0x10, 0x11, 0x11,
    0x11, 0x11, 0x11, 0x01, 0xE7, 0xEE, 0xEE, 0xEE, 0xEE, 0xEE, 0x5E, 0xF8,
    0xFF, 0xFF, 0xFF, 0xFF, 0xFF, 0x6F, 0xF7, 0x5E, 0x44, 0x44, 0x44, 0x44,
    0x24, 0xF7, 0x1E, 0x00, 0x00, 0x00, 0x00, 0x00, 0xF7, 0x2E, 0x00, 0x00,
    0x00, 0x00, 0x00, 0xF7, 0x2E, 0x00, 0x00, 0x00, 0x00, 0x00, 0xF7, 0x2E,
    0x00, 0x00, 0x00, 0x00, 0x00, 0xF7, 0x2E, 0x00, 0x00, 0x00, 0x00, 0x00,
    0xF7, 0x1E, 0x00, 0x00, 0x00, 0x00, 0x00, 0xF8, 0xCF, 0xBB, 0xBB, 0xBB,
    0xBB, 0x07, 0xF8, 0xFF, 0xFF, 0xFF, 0xFF, 0xFF, 0x0B, 0xF7, 0x8F, 0x77,
    0x77, 0x77, 0x77, 0x05, 0xF7, 0x1E, 0x00, 0x00, 0x00, 0x00, 0x00, 0xF7,
    0x2E, 0x00, 0x00, 0x00, 0x00, 0x00, 0xF7, 0x2E, 0x00, 0x00, 0x00, 0x00,
    0x00, 0xF7, 0x2E, 0x00, 0x00, 0x00, 0x00, 0x00, 0xF7, 0x2E, 0x00, 0x00,
    0x00, 0x00, 0x00, 0xF7, 0x1E, 0x00, 0x00, 0x00, 0x00, 0x00, 0xF7, 0x5E,
    0x44, 0x44, 0x44, 0x44, 0x24, 0xF8, 0xFF, 0xFF, 0xFF, 0xFF, 0xFF, 0x8F,
    0xE7, 0xEE, 0xEE, 0xEE, 0xEE, 0xEE, 0x7E, 0x10, 0x11, 0x11, 0x11, 0x11,
    0x11, 0x01, 0x43, 0x03, 0x00, 0xF7, 0x4F, 0x00, 0xB0, 0xAF, 0x00, 0x20,
    0xFF, 0x03, 0x00, 0xE7, 0x08, 0x00, 0x10, 0x01, 0x00, 0x11, 0x01, 0x00,
    0xE7, 0x2D, 0x00, 0xF8, 0x2F, 0x00, 0xF7, 0x2E, 0x00, 0xF7, 0x2E, 0x00,
    0xF7, 0x2E, 0x00, 0xF7, 0x2E, 0x00, 0xF7, 0x2E, 0x00, 0xF7, 0x2E, 0x00,
    0xF7, 0x2E, 0x00, 0xF7, 0x2E, 0x00, 0xF7, 0x2E, 0x00, 0xF7, 0x2E, 0x00,
    0xF7, 0x2E, 0x00, 0xF7, 0x2E, 0x00, 0xF7, 0x2E, 0x00, 0xF7, 0x2E, 0x00,
    0xF7, 0x2E, 0x00, 0xF7, 0x2E, 0x00, 0xF7, 0x2E, 0x00, 0xF8, 0x2F, 0x00,
    0xE7, 0x2D, 0x00, 0x10, 0x01, 0x00, 0x42, 0x14, 0x00, 0xFB, 0x2E, 0x30,
    0xFF, 0x04, 0xA0, 0x9F, 0x00, 0xC2, 0x1C, 0x00, 0x00, 0x00, 0x00, 0x10,
    0x01, 0x00, 0xE7, 0x2D, 0x00, 0xF8, 0x2F, 0x00, 0xF7, 0x2E, 0x00, 0xF7,
    0x2E, 0x00, 0xF7, 0x2E, 0x00, 0xF7, 0x2E, 0x00, 0xF7, 0x2E, 0x00, 0xF7,
    0x2E, 0x00, 0xF7, 0x2E, 0x00, 0xF7, 0x2E, 0x00, 0xF7, 0x2E, 0x00, 0xF7,
    0x2E, 0x00, 0xF7, 0x2E, 0x00, 0xF7, 0x2E, 0x00, 0xF7, 0x2E, 0x00, 0xF7,
    0x2E, 0x00, 0xF7, 0x2E, 0x00, 0xF7, 0x2E, 0x00, 0xF7, 0x2E, 0x00, 0xF8,
    0x2F, 0x00, 0xE7, 0x2D, 0x00, 0x10, 0x01, 0x00, 0x00, 0x20, 0x44, 0x00,
    0x00, 0x00, 0xE2, 0xFF, 0x09, 0x00, 0x10, 0xFC, 0xC8, 0x6F, 0x00, 0xC1,
    0xAF, 0x30, 0xFE, 0x06, 0xA5, 0x19, 0x00, 0x95, 0x19, 0x00, 0x00, 0x00,
    0x00, 0x00, 0x00, 0x10, 0x11, 0x00, 0x00, 0x00, 0x70, 0xDE, 0x02, 0x00,
    0x00, 0x80, 0xFF, 0x02, 0x00, 0x00, 0x70, 0xEF, 0x02, 0x00, 0x00, 0x70,
    0xEF, 0x02, 0x00, 0x00, 0x70, 0xEF, 0x02, 0x00, 0x00, 0x70, 0xEF, 0x02,
    0x00, 0x00, 0x70, 0xEF, 0x02, 0x00, 0x00, 0x70, 0xEF, 0x02, 0x00, 0x00,
    0x70, 0xEF, 0x02, 0x00, 0x00, 0x70, 0xEF, 0x02, 0x00, 0x00, 0x70, 0xEF,
    0x02, 0x00, 0x00, 0x70, 0xEF, 0x02, 0x00, 0x00, 0x70, 0xEF, 0x02, 0x00,
    0x00, 0x70, 0xEF, 0x02, 0x00, 0x00, 0x70, 0xEF, 0x02, 0x00, 0x00, 0x70,
    0xEF, 0x02, 0x00, 0x00, 0x70, 0xEF, 0x02, 0x00, 0x00, 0x70, 0xEF, 0x02,
    0x00, 0x00, 0x70, 0xEF, 0x02, 0x00, 0x00, 0x80, 0xFF, 0x02, 0x00, 0x00,
    0x70, 0xDE, 0x02, 0x00, 0x00, 0x00, 0x11, 0x00, 0x00, 0x00, 0x00, 0x00,
    0x10, 0x00, 0xD4, 0x3D, 0x00, 0xD4, 0x2C, 0xFB, 0xAF, 0x00, 0xFB, 0x7F,
    0xF6, 0x5F, 0x00, 0xF7, 0x4E, 0x30, 0x03, 0x00, 0x30, 0x02, 0x00, 0x00,
    0x00, 0x00, 0x00, 0x00, 0x00, 0x11, 0x00, 0x00, 0x00, 0x50, 0xEE, 0x04,
    0x00, 0x00, 0x50, 0xFF, 0x04, 0x00, 0x00, 0x50, 0xFF, 0x04, 0x00, 0x00,
    0x50, 0xFF, 0x04, 0x00, 0x00, 0x50, 0xFF, 0x04, 0x00, 0x00, 0x50, 0xFF,
    0x04, 0x00, 0x00, 0x50, 0xFF, 0x04, 0x00, 0x00, 0x50, 0xFF, 0x04, 0x00,
    0x00, 0x50, 0xFF, 0x04, 0x00, 0x00, 0x50, 0xFF, 0x04, 0x00, 0x00, 0x50,
    0xFF, 0x04, 0x00, 0x00, 0x50, 0xFF, 0x04, 0x00, 0x00, 0x50, 0xFF, 0x04,
    0x00, 0x00, 0x50, 0xFF, 0x04, 0x00, 0x00, 0x50, 0xFF, 0x04, 0x00, 0x00,
    0x50, 0xFF, 0x04, 0x00, 0x00, 0x50, 0xFF, 0x04, 0x00, 0x00, 0x50, 0xFF,
    0x04, 0x00, 0x00, 0x50, 0xFF, 0x04, 0x00, 0x00, 0x50, 0xFF, 0x04, 0x00,
    0x00, 0x50, 0xEE, 0x04, 0x00, 0x00, 0x00, 0x11, 0x00, 0x00, 0x00, 0x10,
    0x11, 0x11, 0x11, 0x01, 0x00, 0x00, 0x00, 0x00, 0x00, 0xD1, 0xEE, 0xEE,
    0xEE, 0xCE, 0x6A, 0x02, 0x00, 0x00, 0x00, 0xE1, 0xFF, 0xFF, 0xFF, 0xFF,
    0xFF, 0x7E, 0x00, 0x00, 0x00, 0xE1, 0xAF, 0x44, 0x44, 0x75, 0xFA, 0xFF,
    0x0A, 0x00, 0x00, 0xE1, 0x8F, 0x00, 0x00, 0x00, 0x30, 0xFC, 0x8F, 0x00,
    0x00, 0xE1, 0x9F, 0x00, 0x00, 0x00, 0x00, 0xC1, 0xFF, 0x03, 0x00, 0xE1,
    0x9F, 0x00, 0x00, 0x00, 0x00, 0x20, 0xFE, 0x0A, 0x00, 0xE1, 0x9F, 0x00,
    0x00, 0x00, 0x00, 0x00, 0xFA, 0x1E, 0x00, 0xE1, 0x9F, 0x00, 0x00, 0x00,
    0x00, 0x00, 0xF5, 0x5F, 0x00, 0xE1, 0x8F, 0x00, 0x00, 0x00, 0x00, 0x00,
    0xF3, 0x7F, 0xB7, 0xFB, 0xDF, 0xBB, 0xBB, 0x3B, 0x00, 0x00, 0xE1, 0x8F,
    0xFB, 0xFF, 0xFF, 0xFF, 0xFF, 0x4F, 0x00, 0x00, 0xE1, 0x9F, 0x75, 0xE8,
    0xCF, 0x77, 0x77, 0x27, 0x00, 0x00, 0xE2, 0x8F, 0x00, 0xE0, 0x8F, 0x00,
    0x00, 0x00, 0x00, 0x00, 0xF3, 0x7F, 0x00, 0xE1, 0x9F, 0x00, 0x00, 0x00,
    0x00, 0x00, 0xF5, 0x4F, 0x00, 0xE1, 0x9F, 0x00, 0x00, 0x00, 0x00, 0x00,
    0xFA, 0x1E, 0x00, 0xE1, 0x9F, 0x00, 0x00, 0x00, 0x00, 0x30, 0xFF, 0x0A,
    0x00, 0xE1, 0x9F, 0x00, 0x00, 0x00, 0x00, 0xC1, 0xFF, 0x03, 0x00, 0xE1,
    0x8F, 0x00, 0x00, 0x00, 0x40, 0xFC, 0x8F, 0x00, 0x00, 0xE1, 0xAF, 0x44,
    0x44, 0x75, 0xFB, 0xFF, 0x09, 0x00, 0x00, 0xE1, 0xFF, 0xFF, 0xFF, 0xFF,
    0xFF, 0x6D, 0x00, 0x00, 0x00, 0xD1, 0xEE, 0xEE, 0xEE, 0xCD, 0x6A, 0x01,
    0x00, 0x00, 0x00, 0x10, 0x11, 0x11, 0x11, 0x01, 0x00, 0x00, 0x00, 0x00,
    0x00, 0x00, 0x30, 0xAA, 0x05, 0x80, 0x0A, 0x00, 0x00, 0x00, 0x00, 0xD1,
    0xFF, 0xCF, 0xF9, 0x0D, 0x00, 0x00, 0x00, 0x00, 0xF3, 0x3A, 0xE8, 0xEF,
    0x05, 0x00, 0x00, 0x00, 0x00, 0x31, 0x01, 0x10, 0x23, 0x00, 0x00, 0x00,
    0x00, 0x00, 0x00, 0x00, 0x00, 0x00, 0x00, 0x00, 0x00, 0x10, 0x01, 0x00,
    0x00, 0x00, 0x00, 0x00, 0x10, 0x01, 0xE7, 0xDE, 0x01, 0x00, 0x00, 0x00,
    0x00, 0xE5, 0x4E, 0xF8, 0xFF, 0x09, 0x00, 0x00, 0x00, 0x00, 0xF5, 0x4F,
    0xF7, 0xFF, 0x4F, 0x00, 0x00, 0x00, 0x00, 0xF5, 0x4F, 0xF7, 0xEE, 0xDF,
    0x01, 0x00, 0x00, 0x00, 0xF5, 0x4F, 0xF7, 0x6D, 0xFF, 0x08, 0x00, 0x00,
    0x00, 0xF5, 0x4F, 0xF7, 0x1E, 0xFA, 0x3F, 0x00, 0x00, 0x00, 0xF5, 0x4F,
    0xF7, 0x1E, 0xF2, 0xCF, 0x00, 0x00, 0x00, 0xF5, 0x4F, 0xF7, 0x2E, 0x80,
    0xFF, 0x07, 0x00, 0x00, 0xF5, 0x4F, 0xF7, 0x2E, 0x10, 0xFD, 0x2F, 0x00,
    0x00, 0xF5, 0x4F, 0xF7, 0x2E, 0x00, 0xF4, 0xBF, 0x00, 0x00, 0xF5, 0x4F,
    0xF7, 0x2E, 0x00, 0xA0, 0xFF, 0x06, 0x00, 0xF5, 0x4F, 0xF7, 0x2E, 0x00,
    0x10, 0xFE, 0x2E, 0x00, 0xF5, 0x4F, 0xF7, 0x2E, 0x00, 0x00, 0xF5, 0xAF,
    0x00, 0xF5, 0x4F, 0xF7, 0x2E, 0x00, 0x00, 0xB0, 0xFF, 0x05, 0xF5, 0x4F,
    0xF7, 0x2E, 0x00, 0x00, 0x20, 0xFE, 0x0E, 0xF5, 0x4F, 0xF7, 0x2E, 0x00,
    0x00, 0x00, 0xF7, 0x7F, 0xF4, 0x4F, 0xF7, 0x2E, 0x00, 0x00, 0x00, 0xC0,
    0xEF, 0xF7, 0x4F, 0xF7, 0x2E, 0x00, 0x00, 0x00, 0x30, 0xFF, 0xFD, 0x4F,
    0xF7, 0x2E, 0x00, 0x00, 0x00, 0x00, 0xF8, 0xFF, 0x4F, 0xF8, 0x2F, 0x00,
    0x00, 0x00, 0x00, 0xD0, 0xFF, 0x4F, 0xE7, 0x2D, 0x00, 0x00, 0x00, 0x00,
    0x40, 0xEE, 0x4E, 0x10, 0x01, 0x00, 0x00, 0x00, 0x00, 0x00, 0x11, 0x01,
    0x00, 0x00, 0x00, 0x42, 0x14, 0x00, 0x00, 0x00, 0x00, 0x00, 0x00, 0x00,
    0x00, 0xF3, 0x9F, 0x00, 0x00, 0x00, 0x00, 0x00, 0x00, 0x00, 0x00, 0x70,
    0xEF, 0x02, 0x00, 0x00, 0x00, 0x00, 0x00, 0x00, 0x00, 0x00, 0xFC, 0x08,
    0x00, 0x00, 0x00, 0x00, 0x00, 0x00, 0x00, 0x00, 0xE3, 0x1D, 0x00, 0x00,
    0x00, 0x00, 0x00, 0x00, 0x00, 0x00, 0x00, 0x00, 0x00, 0x00, 0x00, 0x00,
    0x00, 0x00, 0x00, 0x00, 0x32, 0x33, 0x01, 0x00, 0x00, 0x00, 0x00, 0x00,
    0x20, 0xD8, 0xFE, 0xFF, 0xAD, 0x03, 0x00, 0x00, 0x00, 0x00, 0xE6, 0xFF,
    0xFF, 0xFF, 0xFF, 0x8F, 0x00, 0x00, 0x00, 0x70, 0xFF, 0xBF, 0x47, 0x64,
    0xFA, 0xFF, 0x0A, 0x00, 0x00, 0xF4, 0xEF, 0x05, 0x00, 0x00, 0x30, 0xFD,
    0x8F, 0x00, 0x00, 0xFD, 0x4F, 0x00, 0x00, 0x00, 0x00, 0xD1, 0xFF, 0x02,
    0x50, 0xFF, 0x08, 0x00, 0x00, 0x00, 0x00, 0x40, 0xFF, 0x09, 0xB0, 0xEF,
    0x01, 0x00, 0x00, 0x00, 0x00, 0x00, 0xFB, 0x1D, 0xD1, 0xAF, 0x00, 0x00,
    0x00, 0x00, 0x00, 0x00, 0xF7, 0x3F, 0xF2, 0x7F, 0x00, 0x00, 0x00, 0x00,
    0x00, 0x00, 0xF4, 0x6F, 0xF3, 0x6F, 0x00, 0x00, 0x00, 0x00, 0x00, 0x00,
    0xF2, 0x7F, 0xF4, 0x5F, 0x00, 0x00, 0x00, 0x00, 0x00, 0x00, 0xE2, 0x7F,
    0xF4, 0x6F, 0x00, 0x00, 0x00, 0x00, 0x00, 0x00, 0xF2, 0x7F, 0xF2, 0x7F,
    0x00, 0x00, 0x00, 0x00, 0x00, 0x00, 0xF4, 0x6F, 0xD1, 0xAF, 0x00, 0x00,
    0x00, 0x00, 0x00, 0x00, 0xF7, 0x3F, 0xB0, 0xEF, 0x01, 0x00, 0x00, 0x00,
    0x00, 0x00, 0xFB, 0x1D, 0x50, 0xFF, 0x08, 0x00, 0x00, 0x00, 0x00, 0x40,
    0xFF, 0x09, 0x10, 0xFD, 0x4F, 0x00, 0x00, 0x00, 0x00, 0xD1, 0xFF, 0x03,
    0x00, 0xF4, 0xEF, 0x05, 0x00, 0x00, 0x30, 0xFD, 0x8F, 0x00, 0x00, 0x70,
    0xFF, 0xBF, 0x47, 0x64, 0xFA, 0xFF, 0x0A, 0x00, 0x00, 0x00, 0xE6, 0xFF,
    0xFF, 0xFF, 0xFF, 0x9F, 0x00, 0x00, 0x00, 0x00, 0x20, 0xD8, 0xFE, 0xFF,
    0xAD, 0x04, 0x00, 0x00, 0x00, 0x00, 0x00, 0x00, 0x42, 0x34, 0x01, 0x00,
    0x00, 0x00, 0x00, 0x00, 0x00, 0x00, 0x00, 0x40, 0x34, 0x00, 0x00, 0x00,
    0x00, 0x00, 0x00, 0x00, 0x00, 0xF5, 0x6F, 0x00, 0x00, 0x00, 0x00, 0x00,
    0x00, 0x00, 0x00, 0xFC, 0x0A, 0x00, 0x00, 0x00, 0x00, 0x00, 0x00, 0x00,
    0x50, 0xEF, 0x02, 0x00, 0x00, 0x00, 0x00, 0x00, 0x00, 0x00, 0xA0, 0x5D,
    0x00, 0x00, 0x00, 0x00, 0x00, 0x00, 0x00, 0x00, 0x00, 0x00, 0x00, 0x00,
    0x00, 0x00, 0x00, 0x00, 0x00, 0x00, 0x32, 0x34, 0x01, 0x00, 0x00, 0x00,
    0x00, 0x00, 0x20, 0xD8, 0xFE, 0xFF, 0xAD, 0x03, 0x00, 0x00, 0x00, 0x00,
    0xE6, 0xFF, 0xFF, 0xFF, 0xFF, 0x8F, 0x00, 0x00, 0x00, 0x70, 0xFF, 0xBF,
    0x47, 0x64, 0xFA, 0xFF, 0x0A, 0x00, 0x00, 0xF4, 0xEF, 0x05, 0x00, 0x00,
    0x30, 0xFD, 0x8F, 0x00, 0x00, 0xFD, 0x4F, 0x00, 0x00, 0x00, 0x00, 0xD1,
    0xFF, 0x02, 0x50, 0xFF, 0x08, 0x00, 0x00, 0x00, 0x00, 0x40, 0xFF, 0x09,
    0xB0, 0xEF, 0x01, 0x00, 0x00, 0x00, 0x00, 0x00, 0xFB, 0x1D, 0xD1, 0xAF,
    0x00, 0x00, 0x00, 0x00, 0x00, 0x00, 0xF7, 0x3F, 0xF2, 0x7F, 0x00, 0x00,
    0x00, 0x00, 0x00, 0x00, 0xF4, 0x6F, 0xF3, 0x6F, 0x00, 0x00, 0x00, 0x00,
    0x00, 0x00, 0xF2, 0x7F, 0xF4, 0x5F, 0x00, 0x00, 0x00, 0x00, 0x00, 0x00,
    0xE2, 0x7F, 0xF4, 0x6F, 0x00, 0x00, 0x00, 0x00, 0x00, 0x00, 0xF2, 0x7F,
    0xF2, 0x7F, 0x00, 0x00, 0x00, 0x00, 0x00, 0x00, 0xF4, 0x6F, 0xD1, 0xAF,
    0x00, 0x00, 0x00, 0x00, 0x00, 0x00, 0xF7, 0x3F, 0xB0, 0xEF, 0x01, 0x00,
    0x00, 0x00, 0x00, 0x00, 0xFB, 0x1D, 0x50, 0xFF, 0x08, 0x00, 0x00, 0x00,
    0x00, 0x40, 0xFF, 0x09, 0x10, 0xFD, 0x4F, 0x00, 0x00, 0x00, 0x00, 0xD1,
    0xFF, 0x03, 0x00, 0xF4, 0xEF, 0x05, 0x00, 0x00, 0x30, 0xFD, 0x8F, 0x00,
    0x00, 0x70, 0xFF, 0xBF, 0x47, 0x64, 0xFA, 0xFF, 0x0A, 0x00, 0x00, 0x00,
    0xE6, 0xFF, 0xFF, 0xFF, 0xFF, 0x9F, 0x00, 0x00, 0x00, 0x00, 0x20, 0xD8,
    0xFE, 0xFF, 0xAD, 0x04, 0x00, 0x00, 0x00, 0x00, 0x00, 0x00, 0x42, 0x34,
    0x01, 0x00, 0x00, 0x00, 0x00, 0x00, 0x00, 0x00, 0x41, 0x24, 0x00, 0x00,
    0x00, 0x00, 0x00, 0x00, 0x00, 0x00, 0xFB, 0xDF, 0x02, 0x00, 0x00, 0x00,
    0x00, 0x00, 0x00, 0x90, 0xBF, 0xF8, 0x1C, 0x00, 0x00, 0x00, 0x00, 0x00,
    0x00, 0xF9, 0x2D, 0xA0, 0xDF, 0x02, 0x00, 0x00, 0x00, 0x00, 0x30, 0x9A,
    0x03, 0x10, 0x87, 0x04, 0x00, 0x00, 0x00, 0x00, 0x00, 0x00, 0x00, 0x00,
    0x00, 0x00, 0x00, 0x00, 0x00, 0x00, 0x00, 0x00, 0x42, 0x34, 0x01, 0x00,
    0x00, 0x00, 0x00, 0x00, 0x20, 0xD8, 0xFE, 0xFF, 0xAD, 0x03, 0x00, 0x00,
    0x00, 0x00, 0xE6, 0xFF, 0xFF, 0xFF, 0xFF, 0x8F, 0x00, 0x00, 0x00, 0x70,
    0xFF, 0xBF, 0x47, 0x64, 0xFA, 0xFF, 0x0A, 0x00, 0x00, 0xF4, 0xEF, 0x05,
    0x00, 0x00, 0x30, 0xFD, 0x8F, 0x00, 0x00, 0xFD, 0x4F, 0x00, 0x00, 0x00,
    0x00, 0xD1, 0xFF, 0x02, 0x50, 0xFF, 0x08, 0x00, 0x00, 0x00, 0x00, 0x40,
    0xFF, 0x09, 0xB0, 0xEF, 0x01, 0x00, 0x00, 0x00, 0x00, 0x00, 0xFB, 0x1D,
    0xD1, 0xAF, 0x00, 0x00, 0x00, 0x00, 0x00, 0x00, 0xF7, 0x3F, 0xF2, 0x7F,
    0x00, 0x00, 0x00, 0x00, 0x00, 0x00, 0xF4, 0x6F, 0xF3, 0x6F, 0x00, 0x00,
    0x00, 0x00, 0x00, 0x00, 0xF2, 0x7F, 0xF4, 0x5F, 0x00, 0x00, 0x00, 0x00,
    0x00, 0x00, 0xE2, 0x7F, 0xF4, 0x6F, 0x00, 0x00, 0x00, 0x00, 0x00, 0x00,
    0xF2, 0x7F, 0xF2, 0x7F, 0x00, 0x00, 0x00, 0x00, 0x00, 0x00, 0xF4, 0x6F,
    0xD1, 0xAF, 0x00, 0x00, 0x00, 0x00, 0x00, 0x00, 0xF7, 0x3F, 0xB0, 0xEF,
    0x01, 0x00, 0x00, 0x00, 0x00, 0x00, 0xFB, 0x1D, 0x50, 0xFF, 0x08, 0x00,
    0x00, 0x00, 0x00, 0x40, 0xFF, 0x09, 0x10, 0xFD, 0x4F, 0x00, 0x00, 0x00,
    0x00, 0xD1, 0xFF, 0x03, 0x00, 0xF4, 0xEF, 0x05, 0x00, 0x00, 0x30, 0xFD,
    0x8F, 0x00, 0x00, 0x70, 0xFF, 0xBF, 0x47, 0x64, 0xFA, 0xFF, 0x0A, 0x00,
    0x00, 0x00, 0xE6, 0xFF, 0xFF, 0xFF, 0xFF, 0x9F, 0x00, 0x00, 0x00, 0x00,
    0x20, 0xD8, 0xFE, 0xFF, 0xAD, 0x04, 0x00, 0x00, 0x00, 0x00, 0x00, 0x00,
    0x42, 0x34, 0x01, 0x00, 0x00, 0x00, 0x00, 0x00, 0x00, 0x91, 0x7B, 0x01,
    0xB5, 0x02, 0x00, 0x00, 0x00, 0x00, 0x00, 0xF9, 0xFF, 0x9E, 0xFE, 0x02,
    0x00, 0x00, 0x00, 0x00, 0x00, 0xDE, 0x62, 0xFD, 0x8F, 0x00, 0x00, 0x00,
    0x00, 0x00, 0x00, 0x23, 0x00, 0x30, 0x03, 0x00, 0x00, 0x00, 0x00, 0x00,
    0x00, 0x00, 0x00, 0x00, 0x00, 0x00, 0x00, 0x00, 0x00, 0x00, 0x00, 0x00,
    0x42, 0x34, 0x01, 0x00, 0x00, 0x00, 0x00, 0x00, 0x20, 0xD8, 0xFE, 0xFF,
    0xAD, 0x03, 0x00, 0x00, 0x00, 0x00, 0xE6, 0xFF, 0xFF, 0xFF, 0xFF, 0x8F,
    0x00, 0x00, 0x00, 0x70, 0xFF, 0xBF, 0x47, 0x64, 0xFA, 0xFF, 0x0A, 0x00,
    0x00, 0xF4, 0xEF, 0x05, 0x00, 0x00, 0x30, 0xFD, 0x8F, 0x00, 0x00, 0xFD,
    0x4F, 0x00, 0x00, 0x00, 0x00, 0xD1, 0xFF, 0x02, 0x50, 0xFF, 0x08, 0x00,
    0x00, 0x00, 0x00, 0x40, 0xFF, 0x09, 0xB0, 0xEF, 0x01, 0x00, 0x00, 0x00,
    0x00, 0x00, 0xFB, 0x1D, 0xD1, 0xAF, 0x00, 0x00, 0x00, 0x00, 0x00, 0x00,
    0xF7, 0x3F, 0xF2, 0x7F, 0x00, 0x00, 0x00, 0x00, 0x00, 0x00, 0xF4, 0x6F,
    0xF3, 0x6F, 0x00, 0x00, 0x00, 0x00, 0x00, 0x00, 0xF2, 0x7F, 0xF4, 0x5F,
    0x00, 0x00, 0x00, 0x00, 0x00, 0x00, 0xE2, 0x7F, 0xF4, 0x6F, 0x00, 0x00,
    0x00, 0x00, 0x00, 0x00, 0xF2, 0x7F, 0xF2, 0x7F, 0x00, 0x00, 0x00, 0x00,
    0x00, 0x00, 0xF4, 0x6F, 0xD1, 0xAF, 0x00, 0x00, 0x00, 0x00, 0x00, 0x00,
    0xF7, 0x3F, 0xB0, 0xEF, 0x01, 0x00, 0x00, 0x00, 0x00, 0x00, 0xFB, 0x1D,
    0x50, 0xFF, 0x08, 0x00, 0x00, 0x00, 0x00, 0x40, 0xFF, 0x09, 0x10, 0xFD,
    0x4F, 0x00, 0x00, 0x00, 0x00, 0xD1, 0xFF, 0x03, 0x00, 0xF4, 0xEF, 0x05,
    0x00, 0x00, 0x30, 0xFD, 0x8F, 0x00, 0x00, 0x70, 0xFF, 0xBF, 0x47, 0x64,
    0xFA, 0xFF, 0x0A, 0x00, 0x00, 0x00, 0xE6, 0xFF, 0xFF, 0xFF, 0xFF, 0x9F,
    0x00, 0x00, 0x00, 0x00, 0x20, 0xD8, 0xFE, 0xFF, 0xAD, 0x04, 0x00, 0x00,
    0x00, 0x00, 0x00, 0x00, 0x42, 0x34, 0x01, 0x00, 0x00, 0x00, 0x00, 0x00,
    0x00, 0x10, 0x00, 0x00, 0x10, 0x00, 0x00, 0x00, 0x00, 0x00, 0x20, 0xDC,
    0x04, 0x20, 0xDC, 0x04, 0x00, 0x00, 0x00, 0x00, 0x80, 0xFF, 0x0B, 0x80,
    0xFF, 0x0B, 0x00, 0x00, 0x00, 0x00, 0x40, 0xFE, 0x07, 0x40, 0xFE, 0x07,
    0x00, 0x00, 0x00, 0x00, 0x00, 0x32, 0x00, 0x00, 0x32, 0x00, 0x00, 0x00,
    0x00, 0x00, 0x00, 0x00, 0x00, 0x00, 0x00, 0x00, 0x00, 0x00, 0x00, 0x00,
    0x00, 0x00, 0x42, 0x34, 0x01, 0x00, 0x00, 0x00, 0x00, 0x00, 0x20, 0xD8,
    0xFE, 0xFF, 0xAD, 0x03, 0x00, 0x00, 0x00, 0x00, 0xE6, 0xFF, 0xFF, 0xFF,
    0xFF, 0x8F, 0x00, 0x00, 0x00, 0x70, 0xFF, 0xBF, 0x47, 0x64, 0xFA, 0xFF,
    0x0A, 0x00, 0x00, 0xF4, 0xEF, 0x05, 0x00, 0x00, 0x30, 0xFD, 0x8F, 0x00,
    0x00, 0xFD, 0x4F, 0x00, 0x00, 0x00, 0x00, 0xD1, 0xFF, 0x02, 0x50, 0xFF,
    0x08, 0x00, 0x00, 0x00, 0x00, 0x40, 0xFF, 0x09, 0xB0, 0xEF, 0x01, 0x00,
    0x00, 0x00, 0x00, 0x00, 0xFB, 0x1D, 0xD1, 0xAF, 0x00, 0x00, 0x00, 0x00,
    0x00, 0x00, 0xF7, 0x3F, 0xF2, 0x7F, 0x00, 0x00, 0x00, 0x00, 0x00, 0x00,
    0xF4, 0x6F, 0xF3, 0x6F, 0x00, 0x00, 0x00, 0x00, 0x00, 0x00, 0xF2, 0x7F,
    0xF4, 0x5F, 0x00, 0x00, 0x00, 0x00, 0x00, 0x00, 0xE2, 0x7F, 0xF4, 0x6F,
    0x00, 0x00, 0x00, 0x00, 0x00, 0x00, 0xF2, 0x7F, 0xF2, 0x7F, 0x00, 0x00,
    0x00, 0x00, 0x00, 0x00, 0xF4, 0x6F, 0xD1, 0xAF, 0x00, 0x00, 0x00, 0x00,
    0x00, 0x00, 0xF7, 0x3F, 0xB0, 0xEF, 0x01, 0x00, 0x00, 0x00, 0x00, 0x00,
    0xFB, 0x1D, 0x50, 0xFF, 0x08, 0x00, 0x00, 0x00, 0x00, 0x40, 0xFF, 0x09,
    0x10, 0xFD, 0x4F, 0x00, 0x00, 0x00, 0x00, 0xD1, 0xFF, 0x03, 0x00, 0xF4,
    0xEF, 0x05, 0x00, 0x00, 0x30, 0xFD, 0x8F, 0x00, 0x00, 0x70, 0xFF, 0xBF,
    0x47, 0x64, 0xFA, 0xFF, 0x0A, 0x00, 0x00, 0x00, 0xE6, 0xFF, 0xFF, 0xFF,
    0xFF, 0x9F, 0x00, 0x00, 0x00, 0x00, 0x20, 0xD8, 0xFE, 0xFF, 0xAD, 0x04,
    0x00, 0x00, 0x00, 0x00, 0x00, 0x00, 0x42, 0x34, 0x01, 0x00, 0x00, 0x00,
    0x90, 0x02, 0x00, 0x00, 0x00, 0x90, 0x02, 0xFA, 0x2D, 0x00, 0x00, 0x00,
    0xFA, 0x1E, 0xF6, 0xDF, 0x02, 0x00, 0xB0, 0xFF, 0x19, 0x50, 0xFF, 0x2D,
    0x00, 0xFB, 0x8F, 0x00, 0x00, 0xF5, 0xDF, 0xA3, 0xFF, 0x08, 0x00, 0x00,
    0x50, 0xFF, 0xFF, 0x8F, 0x00, 0x00, 0x00, 0x00, 0xF5, 0xFF, 0x09, 0x00,
    0x00, 0x00, 0x00, 0xFA, 0xFF, 0x2C, 0x00, 0x00, 0x00, 0xB0, 0xFF, 0xEA,
    0xDF, 0x02, 0x00, 0x00, 0xFB, 0x8F, 0x50, 0xFF, 0x2D, 0x00, 0xA0, 0xFF,
    0x08, 0x00, 0xF5, 0xDF, 0x02, 0xFA, 0x8F, 0x00, 0x00, 0x50, 0xFF, 0x1E,
    0xE6, 0x08, 0x00, 0x00, 0x00, 0xF5, 0x19, 0x30, 0x00, 0x00, 0x00, 0x00,
    0x30, 0x00, 0x00, 0x00, 0x00, 0x00, 0x42, 0x34, 0x01, 0x00, 0x25, 0x00,
    0x00, 0x00, 0x20, 0xD8, 0xFE, 0xFF, 0xAD, 0x33, 0xEF, 0x03, 0x00, 0x00,
    0xE6, 0xFF, 0xFF, 0xFF, 0xFF, 0xEF, 0xCF, 0x01, 0x00, 0x70, 0xFF, 0xBF,
    0x47, 0x64, 0xEA, 0xFF, 0x3F, 0x00, 0x00, 0xF4, 0xEF, 0x05, 0x00, 0x00,
    0x70, 0xEF, 0x7F, 0x00, 0x00, 0xFD, 0x4F, 0x00, 0x00, 0x00, 0xD1, 0xFF,
    0xFF, 0x02, 0x50, 0xFF, 0x08, 0x00, 0x00, 0x00, 0xFA, 0x6D, 0xFF, 0x09,
    0xB0, 0xEF, 0x01, 0x00, 0x00, 0x60, 0xFF, 0x05, 0xFC, 0x1D, 0xD1, 0xAF,
    0x00, 0x00, 0x00, 0xE2, 0x9F, 0x00, 0xF7, 0x3F, 0xF2, 0x7F, 0x00, 0x00,
    0x00, 0xFC, 0x1D, 0x00, 0xF4, 0x6F, 0xF3, 0x6F, 0x00, 0x00, 0x80, 0xFF,
    0x04, 0x00, 0xF2, 0x7F, 0xF4, 0x5F, 0x00, 0x00, 0xF4, 0x8F, 0x00, 0x00,
    0xE2, 0x7F, 0xF4, 0x6F, 0x00, 0x10, 0xFD, 0x0C, 0x00, 0x00, 0xF2, 0x7F,
    0xF2, 0x7F, 0x00, 0x90, 0xEF, 0x02, 0x00, 0x00, 0xF4, 0x6F, 0xD1, 0xAF,
    0x00, 0xF5, 0x6F, 0x00, 0x00, 0x00, 0xF7, 0x3F, 0xB0, 0xEF, 0x11, 0xFE,
    0x0A, 0x00, 0x00, 0x00, 0xFB, 0x1D, 0x50, 0xFF, 0xA8, 0xDF, 0x01, 0x00,
    0x00, 0x40, 0xFF, 0x09, 0x10, 0xFD, 0xFF, 0x4F, 0x00, 0x00, 0x00, 0xD1,
    0xFF, 0x03, 0x00, 0xE4, 0xFF, 0x0B, 0x00, 0x00, 0x30, 0xFD, 0x8F, 0x00,
    0x00, 0xD0, 0xFF, 0xCE, 0x47, 0x64, 0xFA, 0xFF, 0x0A, 0x00, 0x00, 0xF9,
    0xEE, 0xFF, 0xFF, 0xFF, 0xFF, 0x9F, 0x00, 0x00, 0x10, 0xFB, 0x27, 0xD8,
    0xFE, 0xFF, 0xAD, 0x04, 0x00, 0x00, 0x00, 0x50, 0x00, 0x00, 0x42, 0x34,
    0x01, 0x00, 0x00, 0x00, 0x00, 0x00, 0x60, 0x77, 0x00, 0x00, 0x00, 0x00,
    0x00, 0x00, 0x00, 0x70, 0xFF, 0x05, 0x00, 0x00, 0x00, 0x00, 0x00, 0x00,
    0x00, 0xFB, 0x0C, 0x00, 0x00, 0x00, 0x00, 0x00, 0x00, 0x00, 0xE2, 0x5F,
    0x00, 0x00, 0x00, 0x00, 0x00, 0x00, 0x00, 0x60, 0x8B, 0x00, 0x00, 0x00,
    0x00, 0x00, 0x00, 0x00, 0x00, 0x00, 0x00, 0x00, 0x00, 0x00, 0x32, 0x03,
    0x00, 0x00, 0x00, 0x00, 0x00, 0x32, 0x03, 0xF8, 0x2F, 0x00, 0x00, 0x00,
    0x00, 0x00, 0xF9, 0x1E, 0xF7, 0x2E, 0x00, 0x00, 0x00, 0x00, 0x00, 0xF9,
    0x1E, 0xF7, 0x2E, 0x00, 0x00, 0x00, 0x00, 0x00, 0xF9, 0x1E, 0xF7, 0x2E,
    0x00, 0x00, 0x00, 0x00, 0x00, 0xF9, 0x1E, 0xF7, 0x2E, 0x00, 0x00, 0x00,
    0x00, 0x00, 0xF9, 0x1E, 0xF7, 0x2E, 0x00, 0x00, 0x00, 0x00, 0x00, 0xF9,
    0x1E, 0xF7, 0x2E, 0x00, 0x00, 0x00, 0x00, 0x00, 0xF9, 0x1E, 0xF7, 0x2E,
    0x00, 0x00, 0x00, 0x00, 0x00, 0xF9, 0x1E, 0xF7, 0x2E, 0x00, 0x00, 0x00,
    0x00, 0x00, 0xF9, 0x1E, 0xF7, 0x2E, 0x00, 0x00, 0x00, 0x00, 0x00, 0xF9,
    0x1E, 0xF7, 0x2E, 0x00, 0x00, 0x00, 0x00, 0x00, 0xF9, 0x1E, 0xF7, 0x2E,
    0x00, 0x00, 0x00, 0x00, 0x00, 0xF9, 0x1E, 0xF7, 0x2E, 0x00, 0x00, 0x00,
    0x00, 0x00, 0xF9, 0x1E, 0xF7, 0x2E, 0x00, 0x00, 0x00, 0x00, 0x00, 0xF9,
    0x1E, 0xF7, 0x3F, 0x00, 0x00, 0x00, 0x00, 0x00, 0xFA, 0x1D, 0xF5, 0x7F,
    0x00, 0x00, 0x00, 0x00, 0x00, 0xFD, 0x0C, 0xE1, 0xDF, 0x01, 0x00, 0x00,
    0x00, 0x70, 0xFF, 0x08, 0x80, 0xFF, 0x2C, 0x00, 0x00, 0x00, 0xF6, 0xEF,
    0x02, 0x00, 0xFB, 0xEF, 0x69, 0x44, 0xB7, 0xFF, 0x5F, 0x00, 0x00, 0xA1,
    0xFF, 0xFF, 0xFF, 0xFF, 0xEF, 0x05, 0x00, 0x00, 0x00, 0xB5, 0xFE, 0xFF,
    0xDE, 0x28, 0x00, 0x00, 0x00, 0x00, 0x00, 0x31, 0x34, 0x02, 0x00, 0x00,
    0x00, 0x00, 0x00, 0x00, 0x00, 0x20, 0x66, 0x02, 0x00, 0x00, 0x00, 0x00,
    0x00, 0x00, 0xC0, 0xEF, 0x02, 0x00, 0x00, 0x00, 0x00, 0x00, 0x00, 0xF4,
    0x4F, 0x00, 0x00, 0x00, 0x00, 0x00, 0x00, 0x00, 0xFC, 0x09, 0x00, 0x00,
    0x00, 0x00, 0x00, 0x00, 0x20, 0xAB, 0x01, 0x00, 0x00, 0x00, 0x00, 0x00,
    0x00, 0x00, 0x00, 0x00, 0x00, 0x00, 0x00, 0x31, 0x02, 0x00, 0x00, 0x00,
    0x00, 0x00, 0x31, 0x02, 0xF7, 0x2E, 0x00, 0x00, 0x00, 0x00, 0x00, 0xF9,
    0x1E, 0xF7, 0x2E, 0x00, 0x00, 0x00, 0x00, 0x00, 0xF9, 0x1E, 0xF7, 0x2E,
    0x00, 0x00, 0x00, 0x00, 0x00, 0xF9, 0x1E, 0xF7, 0x2E, 0x00, 0x00, 0x00,
    0x00, 0x00, 0xF9, 0x1E, 0xF7, 0x2E, 0x00, 0x00, 0x00, 0x00, 0x00, 0xF9,
    0x1E, 0xF7, 0x2E, 0x00, 0x00, 0x00, 0x00, 0x00, 0xF9, 0x1E, 0xF7, 0x2E,
    0x00, 0x00, 0x00, 0x00, 0x00, 0xF9, 0x1E, 0xF7, 0x2E, 0x00, 0x00, 0x00,
    0x00, 0x00, 0xF9, 0x1E, 0xF7, 0x2E, 0x00, 0x00, 0x00, 0x00, 0x00, 0xF9,
    0x1E, 0xF7, 0x2E, 0x00, 0x00, 0x00, 0x00, 0x00, 0xF9, 0x1E, 0xF7, 0x2E,
    0x00, 0x00, 0x00, 0x00, 0x00, 0xF9, 0x1E, 0xF7, 0x2E, 0x00, 0x00, 0x00,
    0x00, 0x00, 0xF9, 0x1E, 0xF7, 0x2E, 0x00, 0x00, 0x00, 0x00, 0x00, 0xF9,
    0x1E, 0xF7, 0x2E, 0x00, 0x00, 0x00, 0x00, 0x00, 0xF9, 0x1E, 0xF7, 0x3F,
    0x00, 0x00, 0x00, 0x00, 0x00, 0xFA, 0x1D, 0xF5, 0x6F, 0x00, 0x00, 0x00,
    0x00, 0x00, 0xFD, 0x0C, 0xE1, 0xDF, 0x01, 0x00, 0x00, 0x00, 0x70, 0xFF,
    0x08, 0x80, 0xFF, 0x2C, 0x00, 0x00, 0x00, 0xF6, 0xEF, 0x02, 0x10, 0xFB,
    0xEF, 0x69, 0x44, 0xB7, 0xFF, 0x5F, 0x00, 0x00, 0xA1, 0xFF, 0xFF, 0xFF,
    0xFF, 0xEF, 0x05, 0x00, 0x00, 0x00, 0xB5, 0xFE, 0xFF, 0xDE, 0x28, 0x00,
    0x00, 0x00, 0x00, 0x00, 0x31, 0x34, 0x02, 0x00, 0x00, 0x00, 0x00, 0x00,
    0x00, 0x40, 0x56, 0x01, 0x00, 0x00, 0x00, 0x00, 0x00, 0x00, 0xF5, 0xFF,
    0x0B, 0x00, 0x00, 0x00, 0x00, 0x00, 0x30, 0xFE, 0xB6, 0x9F, 0x00, 0x00,
    0x00, 0x00, 0x00, 0xF4, 0x8F, 0x20, 0xFD, 0x09, 0x00, 0x00, 0x00, 0x00,
    0x86, 0x06, 0x00, 0x73, 0x18, 0x00, 0x00, 0x00, 0x00, 0x00, 0x00, 0x00,
    0x00, 0x00, 0x00, 0x00, 0x31, 0x02, 0x00, 0x00, 0x00, 0x00, 0x00, 0x31,
    0x02, 0xF7, 0x2E, 0x00, 0x00, 0x00, 0x00, 0x00, 0xF9, 0x1E, 0xF7, 0x2E,
    0x00, 0x00, 0x00, 0x00, 0x00, 0xF9, 0x1E, 0xF7, 0x2E, 0x00, 0x00, 0x00,
    0x00, 0x00, 0xF9, 0x1E, 0xF7, 0x2E, 0x00, 0x00, 0x00, 0x00, 0x00, 0xF9,
    0x1E, 0xF7, 0x2E, 0x00, 0x00, 0x00, 0x00, 0x00, 0xF9, 0x1E, 0xF7, 0x2E,
    0x00, 0x00, 0x00, 0x00, 0x00, 0xF9, 0x1E, 0xF7, 0x2E, 0x00, 0x00, 0x00,
    0x00, 0x00, 0xF9, 0x1E, 0xF7, 0x2E, 0x00, 0x00, 0x00, 0x00, 0x00, 0xF9,
    0x1E, 0xF7, 0x2E, 0x00, 0x00, 0x00, 0x00, 0x00, 0xF9, 0x1E, 0xF7, 0x2E,
    0x00, 0x00, 0x00, 0x00, 0x00, 0xF9, 0x1E, 0xF7, 0x2E, 0x00, 0x00, 0x00,
    0x00, 0x00, 0xF9, 0x1E, 0xF7, 0x2E, 0x00, 0x00, 0x00, 0x00, 0x00, 0xF9,
    0x1E, 0xF7, 0x2E, 0x00, 0x00, 0x00, 0x00, 0x00, 0xF9, 0x1E, 0xF7, 0x2E,
    0x00, 0x00, 0x00, 0x00, 0x00, 0xF9, 0x1E, 0xF7, 0x3F, 0x00, 0x00, 0x00,
    0x00, 0x00, 0xFA, 0x1D, 0xF5, 0x6F, 0x00, 0x00, 0x00, 0x00, 0x00, 0xFD,
    0x0C, 0xE1, 0xDF, 0x01, 0x00, 0x00, 0x00, 0x70, 0xFF, 0x08, 0x80, 0xFF,
    0x2C, 0x00, 0x00, 0x00, 0xF6, 0xEF, 0x02, 0x10, 0xFB, 0xEF, 0x69, 0x44,
    0xB7, 0xFF, 0x5F, 0x00, 0x00, 0xA1, 0xFF, 0xFF, 0xFF, 0xFF, 0xEF, 0x05,
    0x00, 0x00, 0x00, 0xB5, 0xFE, 0xFF, 0xDE, 0x28, 0x00, 0x00, 0x00, 0x00,
    0x00, 0x31, 0x34, 0x02, 0x00, 0x00, 0x00, 0x00, 0x00, 0x10, 0x00, 0x00,
    0x10, 0x00, 0x00, 0x00, 0x00, 0x00, 0xD4, 0x2C, 0x00, 0xE7, 0x1A, 0x00,
    0x00, 0x00, 0x00, 0xFB, 0x8F, 0x10, 0xFF, 0x4F, 0x00, 0x00, 0x00, 0x00,
    0xF7, 0x4E, 0x00, 0xFA, 0x1D, 0x00, 0x00, 0x00, 0x00, 0x30, 0x02, 0x00,
    0x30, 0x01, 0x00, 0x00, 0x00, 0x00, 0x00, 0x00, 0x00, 0x00, 0x00, 0x00,
    0x00, 0x31, 0x03, 0x00, 0x00, 0x00, 0x00, 0x00, 0x32, 0x03, 0xF8, 0x2E,
    0x00, 0x00, 0x00, 0x00, 0x00, 0xF9, 0x1E, 0xF7, 0x2E, 0x00, 0x00, 0x00,
    0x00, 0x00, 0xF9, 0x1E, 0xF7, 0x2E, 0x00, 0x00, 0x00, 0x00, 0x00, 0xF9,
    0x1E, 0xF7, 0x2E, 0x00, 0x00, 0x00, 0x00, 0x00, 0xF9, 0x1E, 0xF7, 0x2E,
    0x00, 0x00, 0x00, 0x00, 0x00, 0xF9, 0x1E, 0xF7, 0x2E, 0x00, 0x00, 0x00,
    0x00, 0x00, 0xF9, 0x1E, 0xF7, 0x2E, 0x00, 0x00, 0x00, 0x00, 0x00, 0xF9,
    0x1E, 0xF7, 0x2E, 0x00, 0x00, 0x00, 0x00, 0x00, 0xF9, 0x1E, 0xF7, 0x2E,
    0x00, 0x00, 0x00, 0x00, 0x00, 0xF9, 0x1E, 0xF7, 0x2E, 0x00, 0x00, 0x00,
    0x00, 0x00, 0xF9, 0x1E, 0xF7, 0x2E, 0x00, 0x00, 0x00, 0x00, 0x00, 0xF9,
    0x1E, 0xF7, 0x2E, 0x00, 0x00, 0x00, 0x00, 0x00, 0xF9, 0x1E, 0xF7, 0x2E,
    0x00, 0x00, 0x00, 0x00, 0x00, 0xF9, 0x1E, 0xF7, 0x2E, 0x00, 0x00, 0x00,
    0x00, 0x00, 0xF9, 0x1E, 0xF7, 0x3F, 0x00, 0x00, 0x00, 0x00, 0x00, 0xFA,
    0x1D, 0xF5, 0x7F, 0x00, 0x00, 0x00, 0x00, 0x00, 0xFD, 0x0C, 0xE1, 0xDF,
    0x01, 0x00, 0x00, 0x00, 0x70, 0xFF, 0x08, 0x80, 0xFF, 0x2C, 0x00, 0x00,
    0x00, 0xF6, 0xEF, 0x02, 0x00, 0xFB, 0xEF, 0x69, 0x44, 0xB7, 0xFF, 0x5F,
    0x00, 0x00, 0xA1, 0xFF, 0xFF, 0xFF, 0xFF, 0xEF, 0x05, 0x00, 0x00, 0x00,
    0xB5, 0xFE, 0xFF, 0xDE, 0x28, 0x00, 0x00, 0x00, 0x00, 0x00, 0x31, 0x34,
    0x02, 0x00, 0x00, 0x00, 0x00, 0x00, 0x00, 0x00, 0x00, 0x42, 0x14, 0x00,
    0x00, 0x00, 0x00, 0x00, 0x00, 0x00, 0xB0, 0xEF, 0x02, 0x00, 0x00, 0x00,
    0x00, 0x00, 0x00, 0x30, 0xFF, 0x04, 0x00, 0x00, 0x00, 0x00, 0x00, 0x00,
    0x00, 0xFA, 0x09, 0x00, 0x00, 0x00, 0x00, 0x00, 0x00, 0x00, 0xC2, 0x1B,
    0x00, 0x00, 0x00, 0x00, 0x00, 0x00, 0x00, 0x00, 0x00, 0x00, 0x00, 0x00,
    0x00, 0x10, 0x11, 0x00, 0x00, 0x00, 0x00, 0x00, 0x00, 0x11, 0x11, 0xEC,
    0x3E, 0x00, 0x00, 0x00, 0x00, 0x00, 0xE8, 0x7E, 0x50, 0xFF, 0x0B, 0x00,
    0x00, 0x00, 0x00, 0xF3, 0xDF, 0x01, 0xA0, 0xFF, 0x06, 0x00, 0x00, 0x00,
    0xC0, 0xFF, 0x04, 0x00, 0xE2, 0xEF, 0x01, 0x00, 0x00, 0x60, 0xFF, 0x0A,
    0x00, 0x00, 0xF6, 0x9F, 0x00, 0x00, 0x10, 0xFE, 0x1E, 0x00, 0x00, 0x00,
    0xFC, 0x4F, 0x00, 0x00, 0xF9, 0x6F, 0x00, 0x00, 0x00, 0x30, 0xFF, 0x0C,
    0x00, 0xF4, 0xBF, 0x00, 0x00, 0x00, 0x00, 0x80, 0xFF, 0x07, 0xC0, 0xEF,
    0x02, 0x00, 0x00, 0x00, 0x00, 0xD1, 0xEF, 0x50, 0xFF, 0x07, 0x00, 0x00,
    0x00, 0x00, 0x00, 0xF4, 0x8F, 0xFC, 0x0C, 0x00, 0x00, 0x00, 0x00, 0x00,
    0x00, 0xFA, 0xFF, 0x4F, 0x00, 0x00, 0x00, 0x00, 0x00, 0x00, 0x10, 0xFE,
    0x9F, 0x00, 0x00, 0x00, 0x00, 0x00, 0x00, 0x00, 0x80, 0xEF, 0x02, 0x00,
    0x00, 0x00, 0x00, 0x00, 0x00, 0x00, 0xF7, 0x2E, 0x00, 0x00, 0x00, 0x00,
    0x00, 0x00, 0x00, 0x80, 0xEF, 0x02, 0x00, 0x00, 0x00, 0x00, 0x00, 0x00,
    0x00, 0xF7, 0x2E, 0x00, 0x00, 0x00, 0x00, 0x00, 0x00, 0x00, 0x70, 0xEF,
    0x02, 0x00, 0x00, 0x00, 0x00, 0x00, 0x00, 0x00, 0xF7, 0x2E, 0x00, 0x00,
    0x00, 0x00, 0x00, 0x00, 0x00, 0x70, 0xEF, 0x02, 0x00, 0x00, 0x00, 0x00,
    0x00, 0x00, 0x00, 0xF8, 0x2F, 0x00, 0x00, 0x00, 0x00, 0x00, 0x00, 0x00,
    0x70, 0xDE, 0x02, 0x00, 0x00, 0x00, 0x00, 0x00, 0x00, 0x00, 0x10, 0x01,
    0x00, 0x00, 0x00, 0x00, 0x10, 0x01, 0x00, 0x00, 0x00, 0x00, 0x00, 0x70,
    0xDE, 0x02, 0x00, 0x00, 0x00, 0x00, 0x00, 0xF8, 0x2F, 0x00, 0x00, 0x00,
    0x00, 0x00, 0x70, 0xEF, 0x02, 0x00, 0x00, 0x00, 0x00, 0x00, 0xF7, 0x1E,
    0x00, 0x00, 0x00, 0x00, 0x00, 0x70, 0xFF, 0x89, 0x88, 0x67, 0x14, 0x00,
    0x00, 0xF8, 0xFF, 0xFF, 0xFF, 0xFF, 0x6D, 0x00, 0x80, 0xFF, 0xBB, 0xBB,
    0xCB, 0xFF, 0x9F, 0x00, 0xF7, 0x1E, 0x00, 0x00, 0x30, 0xFB, 0x6F, 0x70,
    0xEF, 0x02, 0x00, 0x00, 0x00, 0xFC, 0x0D, 0xF7, 0x2E, 0x00, 0x00, 0x00,
    0x70, 0xFF, 0x73, 0xEF, 0x02, 0x00, 0x00, 0x00, 0xF5, 0x4F, 0xF7, 0x2E,
    0x00, 0x00, 0x00, 0x60, 0xFF, 0x73, 0xEF, 0x02, 0x00, 0x00, 0x00, 0xFC,
    0x0D, 0xF7, 0x1E, 0x00, 0x00, 0x30, 0xFB, 0x6F, 0x80, 0xFF, 0xBC, 0xBB,
    0xDB, 0xFF, 0x9F, 0x00, 0xF8, 0xFF, 0xFF, 0xFF, 0xFF, 0x6D, 0x00, 0x70,
    0xFF, 0x78, 0x77, 0x67, 0x14, 0x00, 0x00, 0xF7, 0x1E, 0x00, 0x00, 0x00,
    0x00, 0x00, 0x70, 0xEF, 0x02, 0x00, 0x00, 0x00, 0x00, 0x00, 0xF7, 0x2E,
    0x00, 0x00, 0x00, 0x00, 0x00, 0x70, 0xEF, 0x02, 0x00, 0x00, 0x00, 0x00,
    0x00, 0x31, 0x02, 0x00, 0x00, 0x00, 0x00, 0x00, 0x00, 0x00, 0x00, 0x31,
    0x44, 0x02, 0x00, 0x00, 0x00, 0x10, 0xD9, 0xFF, 0xEF, 0x5B, 0x00, 0x00,
    0x20, 0xFD, 0xFF, 0xEE, 0xFF, 0x8F, 0x00, 0x00, 0xFB, 0xAF, 0x13, 0x62,
    0xFE, 0x5F, 0x00, 0xF3, 0xAF, 0x00, 0x00, 0x40, 0xFF, 0x0B, 0x70, 0xFF,
    0x03, 0x00, 0x00, 0xB0, 0xDF, 0x01, 0xF7, 0x2E, 0x00, 0x00, 0x00, 0xF9,
    0x1E, 0x70, 0xEF, 0x02, 0x00, 0x00, 0xA0, 0xCF, 0x00, 0xF7, 0x2E, 0x00,
    0x00, 0x20, 0xFE, 0x07, 0x70, 0xEF, 0x02, 0x00, 0x30, 0xFC, 0x1B, 0x00,
    0xF7, 0x2E, 0x30, 0xCB, 0xEE, 0x07, 0x00, 0x70, 0xEF, 0x02, 0xF4, 0xFF,
    0xAE, 0x06, 0x00, 0xF7, 0x2E, 0x20, 0x77, 0xD9, 0xFF, 0x1B, 0x70, 0xEF,
    0x02, 0x00, 0x00, 0x80, 0xFF, 0x08, 0xF7, 0x2E, 0x00, 0x00, 0x00, 0xB0,
    0xEF, 0x71, 0xEF, 0x02, 0x00, 0x00, 0x00, 0xF6, 0x3F, 0xF7, 0x2E, 0x00,
    0x00, 0x00, 0x50, 0xFF, 0x74, 0xEF, 0x02, 0x00, 0x00, 0x00, 0xF8, 0x2F,
    0xF7, 0x2E, 0x00, 0x00, 0x00, 0xE3, 0xCF, 0x70, 0xEF, 0x02, 0x41, 0x54,
    0xE8, 0xFF, 0x04, 0xF8, 0x2F, 0x50, 0xFF, 0xFF, 0xFF, 0x06, 0x70, 0xDE,
    0x02, 0xE5, 0xEE, 0x9C, 0x03, 0x00, 0x10, 0x01, 0x00, 0x11, 0x01, 0x00,
    0x00, 0x00, 0x00, 0x30, 0x44, 0x00, 0x00, 0x00, 0x00, 0x00, 0x60, 0xFF,
    0x05, 0x00, 0x00, 0x00, 0x00, 0x00, 0xFB, 0x0B, 0x00, 0x00, 0x00, 0x00,
    0x00, 0xE2, 0x4F, 0x00, 0x00, 0x00, 0x00, 0x00, 0x70, 0xAE, 0x00, 0x00,
    0x00, 0x00, 0x00, 0x00, 0x11, 0x00, 0x00, 0x00, 0x00, 0x00, 0x00, 0x11,
    0x00, 0x00, 0x00, 0x00, 0x40, 0xC9, 0xEE, 0x9C, 0x04, 0x00, 0x00, 0xF9,
    0xFF, 0xFF, 0xFF, 0x8F, 0x00, 0x90, 0xFF, 0x8E, 0x45, 0xD7, 0xFF, 0x05,
    0xE2, 0xDF, 0x02, 0x00, 0x20, 0xFE, 0x0B, 0x10, 0x36, 0x00, 0x00, 0x01,
    0xFA, 0x0D, 0x00, 0x00, 0x00, 0x00, 0x00, 0xF9, 0x1E, 0x00, 0x00, 0x10,
    0x43, 0x96, 0xFE, 0x1E, 0x00, 0x93, 0xEC, 0xFF, 0xFF, 0xFF, 0x1E, 0x80,
    0xFF, 0xFF, 0xBD, 0x69, 0xFA, 0x1E, 0xF5, 0xDF, 0x26, 0x00, 0x00, 0xF8,
    0x1E, 0xFA, 0x2E, 0x00, 0x00, 0x00, 0xF9, 0x1E, 0xFB, 0x0C, 0x00, 0x00,
    0x00, 0xFC, 0x1E, 0xFA, 0x2E, 0x00, 0x00, 0x70, 0xFF, 0x1E, 0xF5, 0xCF,
    0x24, 0x31, 0xF9, 0xFE, 0x1E, 0xA0, 0xFF, 0xEF, 0xFE, 0x9F, 0xF9, 0x1E,
    0x00, 0xD7, 0xFF, 0xDF, 0x08, 0xD7, 0x1C, 0x00, 0x00, 0x43, 0x13, 0x00,
    0x00, 0x00, 0x00, 0x00, 0x00, 0x10, 0x32, 0x01, 0x00, 0x00, 0x00, 0x00,
    0x90, 0xEF, 0x03, 0x00, 0x00, 0x00, 0x00, 0xE2, 0x7F, 0x00, 0x00, 0x00,
    0x00, 0x00, 0xF8, 0x0B, 0x00, 0x00, 0x00, 0x00, 0x10, 0xED, 0x03, 0x00,
    0x00, 0x00, 0x00, 0x00, 0x01, 0x00, 0x00, 0x00, 0x00, 0x00, 0x00, 0x11,
    0x00, 0x00, 0x00, 0x00, 0x40, 0xC9, 0xEE, 0x9C, 0x04, 0x00, 0x00, 0xF9,
    0xFF, 0xFF, 0xFF, 0x8F, 0x00, 0x90, 0xFF, 0x8E, 0x45, 0xD7, 0xFF, 0x05,
    0xE2, 0xDF, 0x02, 0x00, 0x20, 0xFE, 0x0B, 0x10, 0x36, 0x00, 0x00, 0x01,
    0xFA, 0x0D, 0x00, 0x00, 0x00, 0x00, 0x00, 0xF9, 0x1E, 0x00, 0x00, 0x10,
    0x43, 0x96, 0xFE, 0x1E, 0x00, 0x93, 0xEC, 0xFF, 0xFF, 0xFF, 0x1E, 0x80,
    0xFF, 0xFF, 0xBD, 0x69, 0xFA, 0x1E, 0xF5, 0xDF, 0x26, 0x00, 0x00, 0xF8,
    0x1E, 0xFA, 0x2E, 0x00, 0x00, 0x00, 0xF9, 0x1E, 0xFB, 0x0C, 0x00, 0x00,
    0x00, 0xFC, 0x1E, 0xFA, 0x2E, 0x00, 0x00, 0x70, 0xFF, 0x1E, 0xF5, 0xCF,
    0x24, 0x31, 0xF9, 0xFE, 0x1E, 0xA0, 0xFF, 0xEF, 0xFE, 0x9F, 0xF9, 0x1E,
    0x00, 0xD7, 0xFF, 0xDF, 0x08, 0xD7, 0x1C, 0x00, 0x00, 0x43, 0x13, 0x00,
    0x00, 0x00, 0x00, 0x00, 0x10, 0x22, 0x00, 0x00, 0x00, 0x00, 0x00, 0xC1,
    0xFF, 0x09, 0x00, 0x00, 0x00, 0x00, 0xFB, 0xDB, 0x7F, 0x00, 0x00, 0x00,
    0xA1, 0xCF, 0x30, 0xFE, 0x06, 0x00, 0x00, 0xC5, 0x2B, 0x00, 0xB5, 0x1B,
    0x00, 0x00, 0x00, 0x00, 0x00, 0x00, 0x00, 0x00, 0x00, 0x00, 0x00, 0x11,
    0x00, 0x00, 0x00, 0x00, 0x40, 0xC9, 0xEE, 0xAC, 0x04, 0x00, 0x00, 0xF9,
    0xFF, 0xFF, 0xFF, 0x8F, 0x00, 0x90, 0xFF, 0x8E, 0x45, 0xD7, 0xFF, 0x05,
    0xE2, 0xDF, 0x02, 0x00, 0x20, 0xFE, 0x0B, 0x10, 0x36, 0x00, 0x00, 0x01,
    0xFA, 0x0D, 0x00, 0x00, 0x00, 0x00, 0x00, 0xF9, 0x1E, 0x00, 0x00, 0x10,
    0x43, 0x96, 0xFE, 0x1E, 0x00, 0x93, 0xEC, 0xFF, 0xFF, 0xFF, 0x1E, 0x80,
    0xFF, 0xFF, 0xBD, 0x69, 0xFA, 0x1E, 0xF5, 0xDF, 0x26, 0x00, 0x00, 0xF8,
    0x1E, 0xFA, 0x2E, 0x00, 0x00, 0x00, 0xF9, 0x1E, 0xFB, 0x0C, 0x00, 0x00,
    0x00, 0xFC, 0x1E, 0xFA, 0x2E, 0x00, 0x00, 0x70, 0xFF, 0x1E, 0xF5, 0xCF,
    0x24, 0x31, 0xF9, 0xFE, 0x1E, 0xA0, 0xFF, 0xEF, 0xFE, 0x9F, 0xF9, 0x1E,
    0x00, 0xD7, 0xFF, 0xDF, 0x08, 0xD7, 0x1C, 0x00, 0x00, 0x43, 0x13, 0x00,
    0x00, 0x00, 0x00, 0x10, 0x66, 0x02, 0x60, 0x06, 0x00, 0x00, 0xB0, 0xFF,
    0x8F, 0xF5, 0x0D, 0x00, 0x00, 0xF3, 0x6C, 0xFC, 0xFF, 0x06, 0x00, 0x00,
    0x72, 0x03, 0x40, 0x57, 0x00, 0x00, 0x00, 0x00, 0x00, 0x00, 0x00, 0x00,
    0x00, 0x00, 0x00, 0x00, 0x11, 0x00, 0x00, 0x00, 0x00, 0x40, 0xC9, 0xEE,
    0x9C, 0x04, 0x00, 0x00, 0xF9, 0xFF, 0xFF, 0xFF, 0x8F, 0x00, 0x90, 0xFF,
    0x8E, 0x45, 0xD7, 0xFF, 0x05, 0xE2, 0xDF, 0x02, 0x00, 0x20, 0xFE, 0x0B,
    0x10, 0x36, 0x00, 0x00, 0x01, 0xFA, 0x0D, 0x00, 0x00, 0x00, 0x00, 0x00,
    0xF9, 0x1E, 0x00, 0x00, 0x10, 0x43, 0x96, 0xFE, 0x1E, 0x00, 0x93, 0xEC,
    0xFF, 0xFF, 0xFF, 0x1E, 0x80, 0xFF, 0xFF, 0xBD, 0x69, 0xFA, 0x1E, 0xF5,
    0xDF, 0x26, 0x00, 0x00, 0xF8, 0x1E, 0xFA, 0x2E, 0x00, 0x00, 0x00, 0xF9,
    0x1E, 0xFB, 0x0C, 0x00, 0x00, 0x00, 0xFC, 0x1E, 0xFA, 0x2E, 0x00, 0x00,
    0x70, 0xFF, 0x1E, 0xF5, 0xCF, 0x24, 0x31, 0xF9, 0xFE, 0x1E, 0xA0, 0xFF,
    0xEF, 0xFE, 0x9F, 0xF9, 0x1E, 0x00, 0xD7, 0xFF, 0xDF, 0x08, 0xD7, 0x1C,
    0x00, 0x00, 0x43, 0x13, 0x00, 0x00, 0x00, 0x00, 0xA2, 0x19, 0x00, 0xA2,
    0x19, 0x00, 0x00, 0xFB, 0x7F, 0x00, 0xFB, 0x7F, 0x00, 0x00, 0xF9, 0x5F,
    0x00, 0xF9, 0x5F, 0x00, 0x00, 0x71, 0x05, 0x00, 0x71, 0x05, 0x00, 0x00,
    0x00, 0x00, 0x00, 0x00, 0x00, 0x00, 0x00, 0x00, 0x00, 0x11, 0x00, 0x00,
    0x00, 0x00, 0x40, 0xC9, 0xEE, 0x9C, 0x04, 0x00, 0x00, 0xF9, 0xFF, 0xFF,
    0xFF, 0x8F, 0x00, 0x90, 0xFF, 0x8E, 0x45, 0xD7, 0xFF, 0x05, 0xE2, 0xDF,
    0x02, 0x00, 0x20, 0xFE, 0x0B, 0x10, 0x36, 0x00, 0x00, 0x01, 0xFA, 0x0D,
    0x00, 0x00, 0x00, 0x00, 0x00, 0xF9, 0x1E, 0x00, 0x00, 0x10, 0x43, 0x96,
    0xFE, 0x1E, 0x00, 0x93, 0xEC, 0xFF, 0xFF, 0xFF, 0x1E, 0x80, 0xFF, 0xFF,
    0xBD, 0x69, 0xFA, 0x1E, 0xF5, 0xDF, 0x26, 0x00, 0x00, 0xF8, 0x1E, 0xFA,
    0x2E, 0x00, 0x00, 0x00, 0xF9, 0x1E, 0xFB, 0x0C, 0x00, 0x00, 0x00, 0xFC,
    0x1E, 0xFA, 0x2E, 0x00, 0x00, 0x70, 0xFF, 0x1E, 0xF5, 0xCF, 0x24, 0x31,
    0xF9, 0xFE, 0x1E, 0xA0, 0xFF, 0xEF, 0xFE, 0x9F, 0xF9, 0x1E, 0x00, 0xD7,
    0xFF, 0xDF, 0x08, 0xD7, 0x1C, 0x00, 0x00, 0x43, 0x13, 0x00, 0x00, 0x00,
    0x00, 0x00, 0x00, 0x11, 0x00, 0x00, 0x00, 0x00, 0x00, 0xA2, 0xEE, 0x2A,
    0x00, 0x00, 0x00, 0x20, 0xFE, 0xCC, 0xEF, 0x02, 0x00, 0x00, 0x90, 0x9F,
    0x00, 0xF9, 0x09, 0x00, 0x00, 0xB0, 0x3F, 0x00, 0xF3, 0x0B, 0x00, 0x00,
    0x90, 0x9F, 0x00, 0xF9, 0x09, 0x00, 0x00, 0x20, 0xFE, 0xDD, 0xEF, 0x02,
    0x00, 0x00, 0x00, 0xA3, 0xEE, 0x3A, 0x00, 0x00, 0x00, 0x00, 0x00, 0x11,
    0x00, 0x00, 0x00, 0x00, 0x40, 0xC9, 0xDD, 0xAC, 0x04, 0x00, 0x00, 0xF9,
    0xFF, 0xFF, 0xFF, 0x8F, 0x00, 0x90, 0xFF, 0x8E, 0x45, 0xD7, 0xFF, 0x05,
    0xE2, 0xDF, 0x02, 0x00, 0x20, 0xFE, 0x0B, 0x10, 0x35, 0x00, 0x00, 0x01,
    0xFA, 0x0D, 0x00, 0x00, 0x00, 0x00, 0x00, 0xF9, 0x1E, 0x00, 0x00, 0x10,
    0x43, 0x96, 0xFE, 0x1E, 0x00, 0x93, 0xEC, 0xFF, 0xFF, 0xFF, 0x1E, 0x80,
    0xFF, 0xFF, 0xBD, 0x69, 0xFA, 0x1E, 0xF5, 0xDF, 0x26, 0x00, 0x00, 0xF8,
    0x1E, 0xFA, 0x2E, 0x00, 0x00, 0x00, 0xF9, 0x1E, 0xFB, 0x0C, 0x00, 0x00,
    0x00, 0xFC, 0x1E, 0xFA, 0x2E, 0x00, 0x00, 0x70, 0xFF, 0x1E, 0xF5, 0xCF,
    0x24, 0x31, 0xF9, 0xFE, 0x1E, 0xA0, 0xFF, 0xEF, 0xFE, 0x9F, 0xF9, 0x1E,
    0x00, 0xD7, 0xFF, 0xDF, 0x08, 0xD7, 0x1C, 0x00, 0x00, 0x43, 0x13, 0x00,
    0x00, 0x00, 0x00, 0x00, 0x00, 0x11, 0x00, 0x00, 0x00, 0x00, 0x11, 0x00,
    0x00, 0x00, 0x00, 0x00, 0x94, 0xEC, 0xCE, 0x3A, 0x00, 0x60, 0xDB, 0xDE,
    0x4A, 0x00, 0x00, 0x00, 0xF9, 0xFF, 0xFF, 0xFF, 0x6F, 0xB1, 0xFF, 0xFF,
    0xFF, 0x9F, 0x00, 0x00, 0xF9, 0xEF, 0x48, 0x64, 0xFD, 0xCE, 0xFF, 0x59,
    0x64, 0xFC, 0x9F, 0x00, 0xE2, 0xDF, 0x02, 0x00, 0x10, 0xFD, 0xEF, 0x04,
    0x00, 0x00, 0xFA, 0x3F, 0x00, 0x51, 0x02, 0x00, 0x10, 0x90, 0xFF, 0x07,
    0x01, 0x10, 0x10, 0xFE, 0x09, 0x00, 0x00, 0x00, 0x00, 0x00, 0xF7, 0x0E,
    0x00, 0x00, 0x00, 0x90, 0xDF, 0x00, 0x00, 0x10, 0x43, 0x44, 0x94, 0xCF,
    0x44, 0x44, 0x44, 0x44, 0xF9, 0x1E, 0x00, 0xA4, 0xFD, 0xFF, 0xFF, 0xFF,
    0xFF, 0xFF, 0xFF, 0xFF, 0xFF, 0xFF, 0x02, 0xF8, 0xFF, 0xEF, 0xEE, 0xFE,
    0xFF, 0xEE, 0xEE, 0xEE, 0xEE, 0xEE, 0x2E, 0xF5, 0xEF, 0x37, 0x11, 0x11,
    0xF8, 0x1C, 0x11, 0x11, 0x11, 0x11, 0x11, 0xA0, 0xEF, 0x03, 0x00, 0x00,
    0x80, 0xEF, 0x01, 0x00, 0x00, 0x00, 0x00, 0x00, 0xFB, 0x0C, 0x00, 0x00,
    0x00, 0xFB, 0x6F, 0x00, 0x00, 0x00, 0x30, 0x02, 0xA0, 0xEF, 0x01, 0x00,
    0x00, 0xF6, 0xFF, 0x2E, 0x00, 0x00, 0x20, 0xFE, 0x09, 0xF5, 0xCF, 0x25,
    0x31, 0xF8, 0xAF, 0xFE, 0x7E, 0x13, 0x62, 0xFD, 0x5F, 0x00, 0xF9, 0xFF,
    0xEE, 0xFF, 0x9F, 0x50, 0xFF, 0xFF, 0xFE, 0xFF, 0x7F, 0x00, 0x00, 0xD7,
    0xFF, 0xEF, 0x5B, 0x00, 0x30, 0xEA, 0xFF, 0xEF, 0x4A, 0x00, 0x00, 0x00,
    0x30, 0x34, 0x01, 0x00, 0x00, 0x00, 0x31, 0x34, 0x01, 0x00, 0x00, 0x00,
    0x00, 0x00, 0x10, 0x01, 0x00, 0x00, 0x00, 0x00, 0x40, 0xCA, 0xDE, 0x8C,
    0x02, 0x00, 0x00, 0x90, 0xFF, 0xFF, 0xFF, 0xEF, 0x05, 0x00, 0xA0, 0xFF,
    0x7C, 0x54, 0xE9, 0xFF, 0x04, 0x50, 0xFF, 0x1A, 0x00, 0x00, 0xE3, 0xEF,
    0x01, 0xFC, 0x1D, 0x00, 0x00, 0x00, 0xD6, 0x29, 0xF3, 0x8F, 0x00, 0x00,
    0x00, 0x00, 0x00, 0x50, 0xFF, 0x04, 0x00, 0x00, 0x00, 0x00, 0x00, 0xF7,
    0x2F, 0x00, 0x00, 0x00, 0x00, 0x00, 0x70, 0xEF, 0x02, 0x00, 0x00, 0x00,
    0x00, 0x00, 0xF6, 0x3F, 0x00, 0x00, 0x00, 0x00, 0x00, 0x40, 0xFF, 0x05,
    0x00, 0x00, 0x00, 0x00, 0x00, 0xE1, 0xBF, 0x00, 0x00, 0x00, 0x20, 0x48,
    0x01, 0xF9, 0x5F, 0x00, 0x00, 0x00, 0xFA, 0x3F, 0x20, 0xFE, 0x6E, 0x01,
    0x20, 0xF9, 0x9F, 0x00, 0x40, 0xFE, 0xDF, 0xCC, 0xFE, 0xBF, 0x01, 0x00,
    0x30, 0xFB, 0xFF, 0xFF, 0x8E, 0x00, 0x00, 0x00, 0x00, 0x73, 0xAF, 0x14,
    0x00, 0x00, 0x00, 0x00, 0x00, 0xF2, 0x7C, 0x02, 0x00, 0x00, 0x00, 0x00,
    0x30, 0xCB, 0xEF, 0x01, 0x00, 0x00, 0x00, 0x00, 0x00, 0xB0, 0x4F, 0x00,
    0x00, 0x00, 0x00, 0x60, 0x98, 0xFF, 0x02, 0x00, 0x00, 0x00, 0x00, 0xFC,
    0xCE, 0x05, 0x00, 0x00, 0x00, 0x00, 0x10, 0x11, 0x00, 0x00, 0x00, 0x00,
    0x00, 0x44, 0x03, 0x00, 0x00, 0x00, 0x00, 0x00, 0xB0, 0xEF, 0x01, 0x00,
    0x00, 0x00, 0x00, 0x00, 0xE2, 0x7F, 0x00, 0x00, 0x00, 0x00, 0x00, 0x00,
    0xF6, 0x1D, 0x00, 0x00, 0x00, 0x00, 0x00, 0x00, 0xEB, 0x06, 0x00, 0x00,
    0x00, 0x00, 0x00, 0x00, 0x11, 0x00, 0x00, 0x00, 0x00, 0x00, 0x00, 0x11,
    0x01, 0x00, 0x00, 0x00, 0x00, 0x50, 0xDA, 0xDE, 0x6B, 0x01, 0x00, 0x00,
    0xA1, 0xFF, 0xFF, 0xFF, 0xCF, 0x02, 0x00, 0xB0, 0xFF, 0x6B, 0x54, 0xFA,
    0xDF, 0x01, 0x60, 0xFF, 0x08, 0x00, 0x00, 0xF6, 0x8F, 0x00, 0xFC, 0x0B,
    0x00, 0x00, 0x00, 0xFB, 0x1E, 0xF3, 0x4F, 0x00, 0x00, 0x00, 0x40, 0xFF,
    0x64, 0xFF, 0x46, 0x44, 0x44, 0x44, 0xF6, 0x6F, 0xF7, 0xFF, 0xFF, 0xFF,
    0xFF, 0xFF, 0xFF, 0x77, 0xFF, 0xEE, 0xEE, 0xEE, 0xEE, 0xEE, 0x7E, 0xF6,
    0x4F, 0x11, 0x11, 0x11, 0x11, 0x11, 0x41, 0xFF, 0x04, 0x00, 0x00, 0x00,
    0x00, 0x00, 0xE1, 0xAF, 0x00, 0x00, 0x00, 0x20, 0x03, 0x00, 0xF8, 0x6F,
    0x00, 0x00, 0x00, 0xFB, 0x2D, 0x10, 0xFD, 0x9F, 0x23, 0x42, 0xFB, 0xAF,
    0x00, 0x20, 0xFD, 0xFF, 0xEE, 0xFF, 0xBF, 0x01, 0x00, 0x10, 0xD8, 0xFF,
    0xFF, 0x6C, 0x00, 0x00, 0x00, 0x00, 0x20, 0x44, 0x02, 0x00, 0x00, 0x00,
    0x00, 0x00, 0x00, 0x21, 0x13, 0x00, 0x00, 0x00, 0x00, 0x00, 0xC0, 0xCF,
    0x01, 0x00, 0x00, 0x00, 0x00, 0x50, 0xFF, 0x03, 0x00, 0x00, 0x00, 0x00,
    0x00, 0xFC, 0x07, 0x00, 0x00, 0x00, 0x00, 0x00, 0xE4, 0x0B, 0x00, 0x00,
    0x00, 0x00, 0x00, 0x10, 0x01, 0x00, 0x00, 0x00, 0x00, 0x00, 0x00, 0x10,
    0x01, 0x00, 0x00, 0x00, 0x00, 0x50, 0xDA, 0xDE, 0x6B, 0x01, 0x00, 0x00,
    0xA1, 0xFF, 0xFF, 0xFF, 0xCF, 0x02, 0x00, 0xB0, 0xFF, 0x6B, 0x54, 0xFA,
    0xDF, 0x01, 0x60, 0xFF, 0x08, 0x00, 0x00, 0xF6, 0x8F, 0x00, 0xFC, 0x0B,
    0x00, 0x00, 0x00, 0xFB, 0x1E, 0xF3, 0x4F, 0x00, 0x00, 0x00, 0x40, 0xFF,
    0x64, 0xFF, 0x46, 0x44, 0x44, 0x44, 0xF6, 0x6F, 0xF7, 0xFF, 0xFF, 0xFF,
    0xFF, 0xFF, 0xFF, 0x77, 0xFF, 0xEE, 0xEE, 0xEE, 0xEE, 0xEE, 0x7E, 0xF6,
    0x4F, 0x11, 0x11, 0x11, 0x11, 0x11, 0x41, 0xFF, 0x04, 0x00, 0x00, 0x00,
    0x00, 0x00, 0xE1, 0xAF, 0x00, 0x00, 0x00, 0x20, 0x03, 0x00, 0xF8, 0x6F,
    0x00, 0x00, 0x00, 0xFB, 0x2D, 0x10, 0xFD, 0x9F, 0x23, 0x42, 0xFB, 0xAF,
    0x00, 0x20, 0xFD, 0xFF, 0xEE, 0xFF, 0xBF, 0x01, 0x00, 0x10, 0xD8, 0xFF,
    0xFF, 0x6C, 0x00, 0x00, 0x00, 0x00, 0x20, 0x44, 0x02, 0x00, 0x00, 0x00,
    0x00, 0x00, 0x22, 0x02, 0x00, 0x00, 0x00, 0x00, 0x00, 0xE4, 0xEF, 0x05,
    0x00, 0x00, 0x00, 0x00, 0xE2, 0x9F, 0xEF, 0x03, 0x00, 0x00, 0x00, 0xE2,
    0x8F, 0x70, 0xEF, 0x02, 0x00, 0x00, 0x80, 0x9B, 0x00, 0x80, 0x8B, 0x00,
    0x00, 0x00, 0x00, 0x00, 0x00, 0x00, 0x00, 0x00, 0x00, 0x00, 0x00, 0x11,
    0x01, 0x00, 0x00, 0x00, 0x00, 0x50, 0xDA, 0xDE, 0x6B, 0x01, 0x00, 0x00,
    0xA1, 0xFF, 0xFF, 0xFF, 0xCF, 0x02, 0x00, 0xB0, 0xFF, 0x6B, 0x54, 0xFA,
    0xDF, 0x01, 0x60, 0xFF, 0x08, 0x00, 0x00, 0xF6, 0x8F, 0x00, 0xFC, 0x0B,
    0x00, 0x00, 0x00, 0xFB, 0x1E, 0xF3, 0x4F, 0x00, 0x00, 0x00, 0x40, 0xFF,
    0x64, 0xFF, 0x46, 0x44, 0x44, 0x44, 0xF6, 0x6F, 0xF7, 0xFF, 0xFF, 0xFF,
    0xFF, 0xFF, 0xFF, 0x77, 0xFF, 0xEE, 0xEE, 0xEE, 0xEE, 0xEE, 0x7E, 0xF6,
    0x4F, 0x11, 0x11, 0x11, 0x11, 0x11, 0x41, 0xFF, 0x04, 0x00, 0x00, 0x00,
    0x00, 0x00, 0xE1, 0xAF, 0x00, 0x00, 0x00, 0x20, 0x03, 0x00, 0xF8, 0x6F,
    0x00, 0x00, 0x00, 0xFB, 0x2D, 0x10, 0xFD, 0x9F, 0x23, 0x42, 0xFB, 0xAF,
    0x00, 0x20, 0xFD, 0xFF, 0xEE, 0xFF, 0xBF, 0x01, 0x00, 0x10, 0xD8, 0xFF,
    0xFF, 0x6C, 0x00, 0x00, 0x00, 0x00, 0x20, 0x44, 0x02, 0x00, 0x00, 0x00,
    0x40, 0x7B, 0x00, 0x40, 0x7B, 0x00, 0x00, 0x10, 0xFE, 0x3F, 0x10, 0xFE,
    0x3F, 0x00, 0x00, 0xC0, 0xEF, 0x02, 0xC0, 0xEF, 0x02, 0x00, 0x00, 0x72,
    0x04, 0x00, 0x72, 0x03, 0x00, 0x00, 0x00, 0x00, 0x00, 0x00, 0x00, 0x00,
    0x00, 0x00, 0x00, 0x10, 0x11, 0x00, 0x00, 0x00, 0x00, 0x00, 0xA5, 0xED,
    0xBD, 0x16, 0x00, 0x00, 0x10, 0xFA, 0xFF, 0xFF, 0xFF, 0x2C, 0x00, 0x00,
    0xFB, 0xBF, 0x46, 0xA5, 0xFF, 0x1D, 0x00, 0xF6, 0x8F, 0x00, 0x00, 0x60,
    0xFF, 0x08, 0xC0, 0xBF, 0x00, 0x00, 0x00, 0xB0, 0xEF, 0x31, 0xFF, 0x04,
    0x00, 0x00, 0x00, 0xF4, 0x4F, 0xF6, 0x6F, 0x44, 0x44, 0x44, 0x64, 0xFF,
    0x76, 0xFF, 0xFF, 0xFF, 0xFF, 0xFF, 0xFF, 0x7F, 0xF7, 0xEF, 0xEE, 0xEE,
    0xEE, 0xEE, 0xEE, 0x67, 0xFF, 0x14, 0x11, 0x11, 0x11, 0x11, 0x11, 0xF4,
    0x4F, 0x00, 0x00, 0x00, 0x00, 0x00, 0x10, 0xFE, 0x0A, 0x00, 0x00, 0x00,
    0x32, 0x00, 0x80, 0xFF, 0x06, 0x00, 0x00, 0xB0, 0xDF, 0x02, 0xD1, 0xFF,
    0x39, 0x22, 0xB4, 0xFF, 0x0A, 0x00, 0xD2, 0xFF, 0xEF, 0xFE, 0xFF, 0x1B,
    0x00, 0x00, 0x81, 0xFD, 0xFF, 0xCF, 0x07, 0x00, 0x00, 0x00, 0x00, 0x42,
    0x24, 0x00, 0x00, 0x00, 0x10, 0x01, 0x00, 0xC1, 0xCE, 0x00, 0x40, 0xFF,
    0x05, 0x00, 0xF9, 0x0C, 0x00, 0xD1, 0x5F, 0x00, 0x20, 0x34, 0x00, 0x00,
    0x00, 0x00, 0x80, 0x9B, 0x00, 0xC0, 0xDF, 0x00, 0xB0, 0xCF, 0x00, 0xB0,
    0xCF, 0x00, 0xB0, 0xCF, 0x00, 0xB0, 0xCF, 0x00, 0xB0, 0xCF, 0x00, 0xB0,
    0xCF, 0x00, 0xB0, 0xCF, 0x00, 0xB0, 0xCF, 0x00, 0xB0, 0xCF, 0x00, 0xB0,
    0xCF, 0x00, 0xB0, 0xCF, 0x00, 0xB0, 0xCF, 0x00, 0xB0, 0xCF, 0x00, 0xA0,
    0xBE, 0x00, 0x10, 0x11, 0x00, 0x10, 0x01, 0x00, 0xEB, 0x1C, 0x40, 0xFF,
    0x05, 0xC0, 0x9F, 0x00, 0xF4, 0x1D, 0x00, 0x32, 0x01, 0x00, 0x00, 0x00,
    0x00, 0xB8, 0x09, 0x00, 0xFC, 0x0D, 0x00, 0xFB, 0x0C, 0x00, 0xFB, 0x0C,
    0x00, 0xFB, 0x0C, 0x00, 0xFB, 0x0C, 0x00, 0xFB, 0x0C, 0x00, 0xFB, 0x0C,
    0x00, 0xFB, 0x0C, 0x00, 0xFB, 0x0C, 0x00, 0xFB, 0x0C, 0x00, 0xFB, 0x0C,
    0x00, 0xFB, 0x0C, 0x00, 0xFB, 0x0C, 0x00, 0xFB, 0x0C, 0x00, 0xEA, 0x0B,
    0x00, 0x11, 0x01, 0x00, 0x00, 0x10, 0x11, 0x00, 0x00, 0x30, 0xFD, 0x4D,
    0x00, 0x20, 0xFD, 0xFB, 0x2E, 0x10, 0xFD, 0x0A, 0xF8, 0x2D, 0xD8, 0x0A,
    0x00, 0xD9, 0x19, 0x00, 0x00, 0x00, 0x10, 0x00, 0x00, 0x00, 0x00, 0x00,
    0x00, 0xB8, 0x09, 0x00, 0x00, 0xC0, 0xDF, 0x00, 0x00, 0x00, 0xFB, 0x0C,
    0x00, 0x00, 0xB0, 0xCF, 0x00, 0x00, 0x00, 0xFB, 0x0C, 0x00, 0x00, 0xB0,
    0xCF, 0x00, 0x00, 0x00, 0xFB, 0x0C, 0x00, 0x00, 0xB0, 0xCF, 0x00, 0x00,
    0x00, 0xFB, 0x0C, 0x00, 0x00, 0xB0, 0xCF, 0x00, 0x00, 0x00, 0xFB, 0x0C,
    0x00, 0x00, 0xB0, 0xCF, 0x00, 0x00, 0x00, 0xFB, 0x0C, 0x00, 0x00, 0xB0,
    0xCF, 0x00, 0x00, 0x00, 0xFB, 0x0C, 0x00, 0x00, 0xA0, 0xBE, 0x00, 0x00,
    0x00, 0x11, 0x01, 0x00, 0x40, 0x7B, 0x00, 0x40, 0x7B, 0x10, 0xFE, 0x3F,
    0x10, 0xFE, 0x3F, 0xC0, 0xEF, 0x02, 0xC0, 0xEF, 0x02, 0x72, 0x03, 0x00,
    0x72, 0x03, 0x00, 0x00, 0x00, 0x00, 0x00, 0x00, 0x00, 0x00, 0x00, 0x00,
    0x00, 0x00, 0x00, 0xB6, 0x1A, 0x00, 0x00, 0x00, 0x90, 0xFF, 0x01, 0x00,
    0x00, 0x00, 0xF8, 0x1E, 0x00, 0x00, 0x00, 0x90, 0xEF, 0x01, 0x00, 0x00,
    0x00, 0xF9, 0x1E, 0x00, 0x00, 0x00, 0x90, 0xEF, 0x01, 0x00, 0x00, 0x00,
    0xF9, 0x1E, 0x00, 0x00, 0x00, 0x90, 0xEF, 0x01, 0x00, 0x00, 0x00, 0xF9,
    0x1E, 0x00, 0x00, 0x00, 0x90, 0xEF, 0x01, 0x00, 0x00, 0x00, 0xF9, 0x1E,
    0x00, 0x00, 0x00, 0x90, 0xEF, 0x01, 0x00, 0x00, 0x00, 0xF9, 0x1E, 0x00,
    0x00, 0x00, 0x90, 0xEF, 0x01, 0x00, 0x00, 0x00, 0xF9, 0x1E, 0x00, 0x00,
    0x00, 0x80, 0xDE, 0x01, 0x00, 0x00, 0x00, 0x11, 0x01, 0x00, 0x00, 0x00,
    0x00, 0x11, 0x00, 0x00, 0x00, 0x00, 0x00, 0x00, 0xC0, 0x4D, 0x00, 0x00,
    0x14, 0x00, 0x00, 0x20, 0xFD, 0x9F, 0x41, 0xFB, 0x07, 0x00, 0x00, 0x10,
    0xE7, 0xEF, 0xFF, 0x39, 0x00, 0x00, 0x00, 0x40, 0xFD, 0xFF, 0x04, 0x00,
    0x00, 0x00, 0xD3, 0xEF, 0xC9, 0xBF, 0x01, 0x00, 0x00, 0x30, 0x8E, 0x02,
    0xD2, 0xAF, 0x00, 0x00, 0x00, 0x00, 0x00, 0x00, 0xF4, 0x5F, 0x00, 0x00,
    0x00, 0x94, 0xAB, 0x17, 0xF8, 0x0D, 0x00, 0x10, 0xFA, 0xFF, 0xFF, 0x5E,
    0xFD, 0x05, 0x00, 0xFB, 0xAF, 0x45, 0xB5, 0xBE, 0xBF, 0x00, 0xF7, 0x8F,
    0x00, 0x00, 0x90, 0xFF, 0x1E, 0xD1, 0xCF, 0x00, 0x00, 0x00, 0xD0, 0xFF,
    0x44, 0xFF, 0x06, 0x00, 0x00, 0x00, 0xF7, 0x6F, 0xF6, 0x3F, 0x00, 0x00,
    0x00, 0x30, 0xFF, 0x77, 0xEF, 0x02, 0x00, 0x00, 0x00, 0xE2, 0x7F, 0xF7,
    0x2F, 0x00, 0x00, 0x00, 0x20, 0xFF, 0x56, 0xFF, 0x04, 0x00, 0x00, 0x00,
    0xF4, 0x4F, 0xE2, 0xAF, 0x00, 0x00, 0x00, 0x90, 0xEF, 0x01, 0xFA, 0x4F,
    0x00, 0x00, 0x40, 0xFF, 0x09, 0x20, 0xFE, 0x7E, 0x12, 0x73, 0xFE, 0x2E,
    0x00, 0x40, 0xFE, 0xFF, 0xFE, 0xFF, 0x4E, 0x00, 0x00, 0x20, 0xD9, 0xFF,
    0xDF, 0x29, 0x00, 0x00, 0x00, 0x00, 0x31, 0x34, 0x01, 0x00, 0x00, 0x00,
    0x20, 0x67, 0x01, 0x70, 0x05, 0x00, 0x00, 0xD1, 0xFF, 0x7E, 0xF7, 0x0A,
    0x00, 0x00, 0xF6, 0x79, 0xFD, 0xFF, 0x04, 0x00, 0x00, 0x73, 0x01, 0x51,
    0x47, 0x00, 0x00, 0x00, 0x00, 0x00, 0x00, 0x00, 0x00, 0x00, 0x00, 0x00,
    0x00, 0x10, 0x01, 0x00, 0x00, 0xB8, 0x08, 0x93, 0xED, 0xBD, 0x05, 0x00,
    0xFC, 0x3B, 0xFF, 0xFF, 0xFF, 0x8F, 0x00, 0xFB, 0xDB, 0x7D, 0x54, 0xF9,
    0xFF, 0x04, 0xFB, 0xCF, 0x01, 0x00, 0x60, 0xFF, 0x0A, 0xFB, 0x3F, 0x00,
    0x00, 0x00, 0xFC, 0x0D, 0xFB, 0x0D, 0x00, 0x00, 0x00, 0xF9, 0x1E, 0xFB,
    0x0C, 0x00, 0x00, 0x00, 0xF9, 0x1E, 0xFB, 0x0C, 0x00, 0x00, 0x00, 0xF9,
    0x1E, 0xFB, 0x0C, 0x00, 0x00, 0x00, 0xF9, 0x1E, 0xFB, 0x0C, 0x00, 0x00,
    0x00, 0xF9, 0x1E, 0xFB, 0x0C, 0x00, 0x00, 0x00, 0xF9, 0x1E, 0xFB, 0x0C,
    0x00, 0x00, 0x00, 0xF9, 0x1E, 0xFB, 0x0C, 0x00, 0x00, 0x00, 0xF9, 0x1E,
    0xFB, 0x0C, 0x00, 0x00, 0x00, 0xF9, 0x1E, 0xFB, 0x0C, 0x00, 0x00, 0x00,
    0xF9, 0x1E, 0xEA, 0x0B, 0x00, 0x00, 0x00, 0xE8, 0x1D, 0x11, 0x01, 0x00,
    0x00, 0x00, 0x11, 0x01, 0x00, 0x00, 0x44, 0x03, 0x00, 0x00, 0x00, 0x00,
    0x00, 0x00, 0xF9, 0x3F, 0x00, 0x00, 0x00, 0x00, 0x00, 0x00, 0xD0, 0xAF,
    0x00, 0x00, 0x00, 0x00, 0x00, 0x00, 0x40, 0xFF, 0x02, 0x00, 0x00, 0x00,
    0x00, 0x00, 0x00, 0xE9, 0x08, 0x00, 0x00, 0x00, 0x00, 0x00, 0x00, 0x10,
    0x01, 0x00, 0x00, 0x00, 0x00, 0x00, 0x00, 0x10, 0x01, 0x00, 0x00, 0x00,
    0x00, 0x00, 0xA5, 0xED, 0xCE, 0x28, 0x00, 0x00, 0x00, 0xA1, 0xFF, 0xFF,
    0xFF, 0xEF, 0x04, 0x00, 0x00, 0xFA, 0xCF, 0x46, 0x95, 0xFE, 0x4F, 0x00,
    0x60, 0xFF, 0x0A, 0x00, 0x00, 0xE4, 0xDF, 0x01, 0xD0, 0xDF, 0x01, 0x00,
    0x00, 0x70, 0xFF, 0x05, 0xF3, 0x7F, 0x00, 0x00, 0x00, 0x10, 0xFE, 0x0A,
    0xF6, 0x4F, 0x00, 0x00, 0x00, 0x00, 0xFB, 0x0C, 0xF7, 0x2E, 0x00, 0x00,
    0x00, 0x00, 0xF9, 0x1D, 0xF7, 0x2E, 0x00, 0x00, 0x00, 0x00, 0xF9, 0x1E,
    0xF6, 0x3F, 0x00, 0x00, 0x00, 0x00, 0xFA, 0x0D, 0xF4, 0x6F, 0x00, 0x00,
    0x00, 0x00, 0xFD, 0x0B, 0xD1, 0xCF, 0x00, 0x00, 0x00, 0x50, 0xFF, 0x07,
    0x80, 0xFF, 0x07, 0x00, 0x00, 0xD2, 0xEF, 0x01, 0x10, 0xFD, 0x9F, 0x13,
    0x62, 0xFD, 0x6F, 0x00, 0x00, 0xD2, 0xFF, 0xEF, 0xFF, 0xFF, 0x07, 0x00,
    0x00, 0x10, 0xD8, 0xFF, 0xEF, 0x4B, 0x00, 0x00, 0x00, 0x00, 0x00, 0x43,
    0x23, 0x00, 0x00, 0x00, 0x00, 0x00, 0x00, 0x00, 0x21, 0x13, 0x00, 0x00,
    0x00, 0x00, 0x00, 0x00, 0xFA, 0x2E, 0x00, 0x00, 0x00, 0x00, 0x00, 0x30,
    0xFF, 0x06, 0x00, 0x00, 0x00, 0x00, 0x00, 0xA0, 0xAF, 0x00, 0x00, 0x00,
    0x00, 0x00, 0x00, 0xE2, 0x2D, 0x00, 0x00, 0x00, 0x00, 0x00, 0x00, 0x10,
    0x00, 0x00, 0x00, 0x00, 0x00, 0x00, 0x00, 0x10, 0x01, 0x00, 0x00, 0x00,
    0x00, 0x00, 0xA5, 0xED, 0xCE, 0x28, 0x00, 0x00, 0x00, 0xA1, 0xFF, 0xFF,
    0xFF, 0xEF, 0x04, 0x00, 0x00, 0xFA, 0xCF, 0x46, 0x95, 0xFE, 0x4F, 0x00,
    0x60, 0xFF, 0x0A, 0x00, 0x00, 0xE4, 0xDF, 0x01, 0xD0, 0xDF, 0x01, 0x00,
    0x00, 0x70, 0xFF, 0x05, 0xF3, 0x7F, 0x00, 0x00, 0x00, 0x10, 0xFE, 0x0A,
    0xF6, 0x4F, 0x00, 0x00, 0x00, 0x00, 0xFB, 0x0C, 0xF7, 0x2E, 0x00, 0x00,
    0x00, 0x00, 0xF9, 0x1D, 0xF7, 0x2E, 0x00, 0x00, 0x00, 0x00, 0xF9, 0x1E,
    0xF6, 0x3F, 0x00, 0x00, 0x00, 0x00, 0xFA, 0x0D, 0xF4, 0x6F, 0x00, 0x00,
    0x00, 0x00, 0xFD, 0x0B, 0xD1, 0xCF, 0x00, 0x00, 0x00, 0x50, 0xFF, 0x07,
    0x80, 0xFF, 0x07, 0x00, 0x00, 0xD2, 0xEF, 0x01, 0x10, 0xFD, 0x9F, 0x13,
    0x62, 0xFD, 0x6F, 0x00, 0x00, 0xD2, 0xFF, 0xEF, 0xFF, 0xFF, 0x07, 0x00,
    0x00, 0x10, 0xD8, 0xFF, 0xEF, 0x4B, 0x00, 0x00, 0x00, 0x00, 0x00, 0x43,
    0x23, 0x00, 0x00, 0x00, 0x00, 0x00, 0x00, 0x21, 0x02, 0x00, 0x00, 0x00,
    0x00, 0x00, 0x20, 0xFD, 0x7F, 0x00, 0x00, 0x00, 0x00, 0x00, 0xD1, 0xAF,
    0xFE, 0x05, 0x00, 0x00, 0x00, 0x10, 0xFD, 0x0A, 0xF4, 0x5F, 0x00, 0x00,
    0x00, 0x70, 0xAC, 0x01, 0x60, 0xAB, 0x01, 0x00, 0x00, 0x00, 0x00, 0x00,
    0x00, 0x00, 0x00, 0x00, 0x00, 0x00, 0x00, 0x11, 0x01, 0x00, 0x00, 0x00,
    0x00, 0x00, 0xA5, 0xED, 0xCE, 0x28, 0x00, 0x00, 0x00, 0xA1, 0xFF, 0xFF,
    0xFF, 0xEF, 0x04, 0x00, 0x00, 0xFA, 0xCF, 0x46, 0x95, 0xFE, 0x4F, 0x00,
    0x60, 0xFF, 0x0A, 0x00, 0x00, 0xE4, 0xDF, 0x01, 0xD0, 0xDF, 0x01, 0x00,
    0x00, 0x70, 0xFF, 0x05, 0xF3, 0x7F, 0x00, 0x00, 0x00, 0x10, 0xFE, 0x0A,
    0xF6, 0x4F, 0x00, 0x00, 0x00, 0x00, 0xFB, 0x0C, 0xF7, 0x2E, 0x00, 0x00,
    0x00, 0x00, 0xF9, 0x1D, 0xF7, 0x2E, 0x00, 0x00, 0x00, 0x00, 0xF9, 0x1E,
    0xF6, 0x3F, 0x00, 0x00, 0x00, 0x00, 0xFA, 0x0D, 0xF4, 0x6F, 0x00, 0x00,
    0x00, 0x00, 0xFD, 0x0B, 0xD1, 0xCF, 0x00, 0x00, 0x00, 0x50, 0xFF, 0x07,
    0x80, 0xFF, 0x07, 0x00, 0x00, 0xD2, 0xEF, 0x01, 0x10, 0xFD, 0x9F, 0x13,
    0x62, 0xFD, 0x6F, 0x00, 0x00, 0xD2, 0xFF, 0xEF, 0xFF, 0xFF, 0x07, 0x00,
    0x00, 0x10, 0xD8, 0xFF, 0xEF, 0x4B, 0x00, 0x00, 0x00, 0x00, 0x00, 0x43,
    0x23, 0x00, 0x00, 0x00, 0x00, 0x00, 0x72, 0x16, 0x00, 0x66, 0x00, 0x00,
    0x00, 0x10, 0xFD, 0xEF, 0x67, 0xCF, 0x00, 0x00, 0x00, 0x60, 0x9F, 0xD6,
    0xFF, 0x5F, 0x00, 0x00, 0x00, 0x30, 0x17, 0x10, 0x75, 0x04, 0x00, 0x00,
    0x00, 0x00, 0x00, 0x00, 0x00, 0x00, 0x00, 0x00, 0x00, 0x00, 0x00, 0x10,
    0x01, 0x00, 0x00, 0x00, 0x00, 0x00, 0xA5, 0xED, 0xCE, 0x28, 0x00, 0x00,
    0x00, 0xA1, 0xFF, 0xFF, 0xFF, 0xEF, 0x04, 0x00, 0x00, 0xFA, 0xCF, 0x46,
    0x95, 0xFE, 0x4F, 0x00, 0x60, 0xFF, 0x0A, 0x00, 0x00, 0xE4, 0xDF, 0x01,
    0xD0, 0xDF, 0x01, 0x00, 0x00, 0x70, 0xFF, 0x05, 0xF3, 0x7F, 0x00, 0x00,
    0x00, 0x10, 0xFE, 0x0A, 0xF6, 0x4F, 0x00, 0x00, 0x00, 0x00, 0xFB, 0x0C,
    0xF7, 0x2E, 0x00, 0x00, 0x00, 0x00, 0xF9, 0x1D, 0xF7, 0x2E, 0x00, 0x00,
    0x00, 0x00, 0xF9, 0x1E, 0xF6, 0x3F, 0x00, 0x00, 0x00, 0x00, 0xFA, 0x0D,
    0xF4, 0x6F, 0x00, 0x00, 0x00, 0x00, 0xFD, 0x0B, 0xD1, 0xCF, 0x00, 0x00,
    0x00, 0x50, 0xFF, 0x07, 0x80, 0xFF, 0x07, 0x00, 0x00, 0xD2, 0xEF, 0x01,
    0x10, 0xFD, 0x9F, 0x13, 0x62, 0xFD, 0x6F, 0x00, 0x00, 0xD2, 0xFF, 0xEF,
    0xFF, 0xFF, 0x07, 0x00, 0x00, 0x10, 0xD8, 0xFF, 0xEF, 0x4B, 0x00, 0x00,
    0x00, 0x00, 0x00, 0x43, 0x23, 0x00, 0x00, 0x00, 0x00, 0x40, 0x7B, 0x00,
    0x40, 0x7B, 0x00, 0x00, 0x00, 0xE1, 0xFF, 0x03, 0xE1, 0xFF, 0x03, 0x00,
    0x00, 0xC0, 0xEF, 0x02, 0xC0, 0xEF, 0x02, 0x00, 0x00, 0x20, 0x37, 0x00,
    0x20, 0x37, 0x00, 0x00, 0x00, 0x00, 0x00, 0x00, 0x00, 0x00, 0x00, 0x00,
    0x00, 0x00, 0x00, 0x10, 0x01, 0x00, 0x00, 0x00, 0x00, 0x00, 0xA5, 0xED,
    0xCE, 0x28, 0x00, 0x00, 0x00, 0xA1, 0xFF, 0xFF, 0xFF, 0xEF, 0x04, 0x00,
    0x00, 0xFA, 0xCF, 0x46, 0x95, 0xFE, 0x4F, 0x00, 0x60, 0xFF, 0x0A, 0x00,
    0x00, 0xE4, 0xDF, 0x01, 0xD0, 0xDF, 0x01, 0x00, 0x00, 0x70, 0xFF, 0x05,
    0xF3, 0x7F, 0x00, 0x00, 0x00, 0x10, 0xFE, 0x0A, 0xF6, 0x4F, 0x00, 0x00,
    0x00, 0x00, 0xFB, 0x0C, 0xF7, 0x2E, 0x00, 0x00, 0x00, 0x00, 0xF9, 0x1D,
    0xF7, 0x2E, 0x00, 0x00, 0x00, 0x00, 0xF9, 0x1E, 0xF6, 0x3F, 0x00, 0x00,
    0x00, 0x00, 0xFA, 0x0D, 0xF4, 0x6F, 0x00, 0x00, 0x00, 0x00, 0xFD, 0x0B,
    0xD1, 0xCF, 0x00, 0x00, 0x00, 0x50, 0xFF, 0x07, 0x80, 0xFF, 0x07, 0x00,
    0x00, 0xD2, 0xEF, 0x01, 0x10, 0xFD, 0x9F, 0x13, 0x62, 0xFD, 0x6F, 0x00,
    0x00, 0xD2, 0xFF, 0xEF, 0xFF, 0xFF, 0x07, 0x00, 0x00, 0x10, 0xD8, 0xFF,
    0xEF, 0x4B, 0x00, 0x00, 0x00, 0x00, 0x00, 0x43, 0x23, 0x00, 0x00, 0x00,
    0x00, 0x00, 0x00, 0x72, 0x04, 0x00, 0x00, 0x00, 0x00, 0x00, 0xE1, 0xFF,
    0x04, 0x00, 0x00, 0x00, 0x00, 0x40, 0xEF, 0x8F, 0x00, 0x00, 0x00, 0x00,
    0x00, 0xB1, 0xDF, 0x02, 0x00, 0x00, 0x00, 0x00, 0x00, 0x41, 0x02, 0x00,
    0x00, 0x00, 0x00, 0x00, 0x00, 0x00, 0x00, 0x00, 0x00, 0x40, 0x44, 0x44,
    0x44, 0x44, 0x44, 0x44, 0x11, 0xFF, 0xFF, 0xFF, 0xFF, 0xFF, 0xFF, 0x4F,
    0xD1, 0xEE, 0xEE, 0xEE, 0xEE, 0xEE, 0xEE, 0x04, 0x11, 0x11, 0x11, 0x11,
    0x11, 0x11, 0x01, 0x00, 0x00, 0x00, 0x00, 0x00, 0x00, 0x00, 0x00, 0x00,
    0x00, 0x50, 0x7B, 0x00, 0x00, 0x00, 0x00, 0x00, 0x20, 0xFF, 0x6F, 0x00,
    0x00, 0x00, 0x00, 0x00, 0xF3, 0xFF, 0x07, 0x00, 0x00, 0x00, 0x00, 0x00,
    0xE8, 0x1B, 0x00, 0x00, 0x00, 0x00, 0x00, 0x00, 0x01, 0x00, 0x00, 0x00,
    0x00, 0x00, 0x00, 0x10, 0x01, 0x00, 0x30, 0x01, 0x00, 0x00, 0xA5, 0xED,
    0xCE, 0x18, 0xE2, 0x1C, 0x00, 0xA1, 0xFF, 0xFF, 0xFF, 0xDF, 0xFD, 0x1A,
    0x00, 0xFA, 0xCF, 0x46, 0x95, 0xFE, 0xCF, 0x00, 0x60, 0xFF, 0x0A, 0x00,
    0x00, 0xFA, 0xCF, 0x00, 0xD0, 0xDF, 0x01, 0x00, 0x70, 0xFF, 0xFF, 0x05,
    0xF3, 0x7F, 0x00, 0x00, 0xF5, 0x6F, 0xFD, 0x0A, 0xF6, 0x4F, 0x00, 0x30,
    0xFE, 0x06, 0xFB, 0x0C, 0xF7, 0x2E, 0x00, 0xD2, 0x8F, 0x00, 0xF9, 0x1D,
    0xF7, 0x2E, 0x10, 0xFC, 0x0A, 0x00, 0xF9, 0x1E, 0xF6, 0x3F, 0xB0, 0xCF,
    0x01, 0x00, 0xFA, 0x0D, 0xF4, 0x6F, 0xF8, 0x2D, 0x00, 0x00, 0xFD, 0x0B,
    0xE1, 0xEF, 0xEF, 0x03, 0x00, 0x50, 0xFF, 0x07, 0x70, 0xFF, 0x4F, 0x00,
    0x00, 0xD2, 0xEF, 0x01, 0x40, 0xFF, 0x8F, 0x13, 0x62, 0xFD, 0x6F, 0x00,
    0xD3, 0xEF, 0xFF, 0xEF, 0xFF, 0xFF, 0x07, 0x00, 0xF6, 0x2A, 0xD8, 0xFF,
    0xEF, 0x4B, 0x00, 0x00, 0x50, 0x01, 0x00, 0x43, 0x23, 0x00, 0x00, 0x00,
    0x00, 0x10, 0x11, 0x00, 0x00, 0x00, 0x00, 0x00, 0xB0, 0xDE, 0x01, 0x00,
    0x00, 0x00, 0x00, 0x30, 0xFF, 0x06, 0x00, 0x00, 0x00, 0x00, 0x00, 0xF8,
    0x0D, 0x00, 0x00, 0x00, 0x00, 0x00, 0xC0, 0x6F, 0x00, 0x00, 0x00, 0x00,
    0x00, 0x20, 0x34, 0x00, 0x00, 0x00, 0x00, 0x00, 0x00, 0x00, 0x00, 0x00,
    0x00, 0xB8, 0x08, 0x00, 0x00, 0x00, 0xB6, 0x19, 0xFC, 0x0D, 0x00, 0x00,
    0x00, 0xF9, 0x1F, 0xFB, 0x0C, 0x00, 0x00, 0x00, 0xF8, 0x1E, 0xFB, 0x0C,
    0x00, 0x00, 0x00, 0xF9, 0x1E, 0xFB, 0x0C, 0x00, 0x00, 0x00, 0xF9, 0x1E,
    0xFB, 0x0C, 0x00, 0x00, 0x00, 0xF9, 0x1E, 0xFB, 0x0C, 0x00, 0x00, 0x00,
    0xF9, 0x1E, 0xFB, 0x0C, 0x00, 0x00, 0x00, 0xF9, 0x1E, 0xFB, 0x0C, 0x00,
    0x00, 0x00, 0xF9, 0x1E, 0xFB, 0x0C, 0x00, 0x00, 0x00, 0xF9, 0x1E, 0xFB,
    0x0C, 0x00, 0x00, 0x00, 0xF9, 0x1E, 0xFA, 0x1E, 0x00, 0x00, 0x00, 0xFD,
    0x1E, 0xF7, 0x7F, 0x00, 0x00, 0x70, 0xFF, 0x1E, 0xF2, 0xFF, 0x28, 0x31,
    0xF8, 0xFC, 0x1E, 0x70, 0xFF, 0xFF, 0xFE, 0x8F, 0xF7, 0x1E, 0x00, 0xD6,
    0xFF, 0xDF, 0x07, 0xE7, 0x1D, 0x00, 0x00, 0x43, 0x13, 0x00, 0x11, 0x01,
    0x00, 0x00, 0x00, 0x00, 0x11, 0x01, 0x00, 0x00, 0x00, 0x00, 0xA0, 0xDE,
    0x01, 0x00, 0x00, 0x00, 0x00, 0xF4, 0x6F, 0x00, 0x00, 0x00, 0x00, 0x00,
    0xFB, 0x0A, 0x00, 0x00, 0x00, 0x00, 0x30, 0xDF, 0x01, 0x00, 0x00, 0x00,
    0x00, 0x10, 0x13, 0x00, 0x00, 0x00, 0x00, 0x00, 0x00, 0x00, 0x00, 0x00,
    0x00, 0xB8, 0x09, 0x00, 0x00, 0x00, 0xB6, 0x1A, 0xFC, 0x0D, 0x00, 0x00,
    0x00, 0xF9, 0x1F, 0xFB, 0x0C, 0x00, 0x00, 0x00, 0xF8, 0x1E, 0xFB, 0x0C,
    0x00, 0x00, 0x00, 0xF9, 0x1E, 0xFB, 0x0C, 0x00, 0x00, 0x00, 0xF9, 0x1E,
    0xFB, 0x0C, 0x00, 0x00, 0x00, 0xF9, 0x1E, 0xFB, 0x0C, 0x00, 0x00, 0x00,
    0xF9, 0x1E, 0xFB, 0x0C, 0x00, 0x00, 0x00, 0xF9, 0x1E, 0xFB, 0x0C, 0x00,
    0x00, 0x00, 0xF9, 0x1E, 0xFB, 0x0C, 0x00, 0x00, 0x00, 0xF9, 0x1E, 0xFB,
    0x0C, 0x00, 0x00, 0x00, 0xF9, 0x1E, 0xFA, 0x1E, 0x00, 0x00, 0x00, 0xFD,
    0x1E, 0xF7, 0x7F, 0x00, 0x00, 0x70, 0xFF, 0x1E, 0xF2, 0xFF, 0x28, 0x31,
    0xF8, 0xFC, 0x1E, 0x70, 0xFF, 0xFF, 0xFE, 0x8F, 0xF7, 0x1E, 0x00, 0xD6,
    0xFF, 0xDF, 0x07, 0xE7, 0x1D, 0x00, 0x00, 0x43, 0x13, 0x00, 0x11, 0x01,
    0x00, 0x00, 0x00, 0x11, 0x00, 0x00, 0x00, 0x00, 0x00, 0xD2, 0xEF, 0x04,
    0x00, 0x00, 0x00, 0x10, 0xFD, 0xFB, 0x3E, 0x00, 0x00, 0x00, 0xC1, 0xAF,
    0x70, 0xEF, 0x02, 0x00, 0x00, 0xD8, 0x1B, 0x00, 0xD9, 0x0A, 0x00, 0x00,
    0x01, 0x00, 0x00, 0x00, 0x01, 0x00, 0x00, 0x00, 0x00, 0x00, 0x00, 0x00,
    0x00, 0xB8, 0x09, 0x00, 0x00, 0x00, 0xB6, 0x1A, 0xFC, 0x0D, 0x00, 0x00,
    0x00, 0xF9, 0x1F, 0xFB, 0x0C, 0x00, 0x00, 0x00, 0xF8, 0x1E, 0xFB, 0x0C,
    0x00, 0x00, 0x00, 0xF9, 0x1E, 0xFB, 0x0C, 0x00, 0x00, 0x00, 0xF9, 0x1E,
    0xFB, 0x0C, 0x00, 0x00, 0x00, 0xF9, 0x1E, 0xFB, 0x0C, 0x00, 0x00, 0x00,
    0xF9, 0x1E, 0xFB, 0x0C, 0x00, 0x00, 0x00, 0xF9, 0x1E, 0xFB, 0x0C, 0x00,
    0x00, 0x00, 0xF9, 0x1E, 0xFB, 0x0C, 0x00, 0x00, 0x00, 0xF9, 0x1E, 0xFB,
    0x0C, 0x00, 0x00, 0x00, 0xF9, 0x1E, 0xFA, 0x1E, 0x00, 0x00, 0x00, 0xFD,
    0x1E, 0xF7, 0x7F, 0x00, 0x00, 0x70, 0xFF, 0x1E, 0xF2, 0xFF, 0x28, 0x31,
    0xF8, 0xFC, 0x1E, 0x70, 0xFF, 0xFF, 0xFE, 0x8F, 0xF7, 0x1E, 0x00, 0xD6,
    0xFF, 0xDF, 0x07, 0xE7, 0x1D, 0x00, 0x00, 0x43, 0x13, 0x00, 0x11, 0x01,
    0x00, 0xB4, 0x07, 0x00, 0xB4, 0x07, 0x00, 0x10, 0xFE, 0x3F, 0x10, 0xFE,
    0x3F, 0x00, 0x00, 0xFC, 0x2E, 0x00, 0xFC, 0x2E, 0x00, 0x00, 0x72, 0x03,
    0x00, 0x72, 0x04, 0x00, 0x00, 0x00, 0x00, 0x00, 0x00, 0x00, 0x00, 0x00,
    0x00, 0x00, 0x00, 0x00, 0x00, 0x00, 0xD9, 0x0A, 0x00, 0x00, 0x00, 0xD7,
    0x1C, 0xFB, 0x0C, 0x00, 0x00, 0x00, 0xF9, 0x1E, 0xFB, 0x0C, 0x00, 0x00,
    0x00, 0xF9, 0x1E, 0xFB, 0x0C, 0x00, 0x00, 0x00, 0xF9, 0x1E, 0xFB, 0x0C,
    0x00, 0x00, 0x00, 0xF9, 0x1E, 0xFB, 0x0C, 0x00, 0x00, 0x00, 0xF9, 0x1E,
    0xFB, 0x0C, 0x00, 0x00, 0x00, 0xF9, 0x1E, 0xFB, 0x0C, 0x00, 0x00, 0x00,
    0xF9, 0x1E, 0xFB, 0x0C, 0x00, 0x00, 0x00, 0xF9, 0x1E, 0xFB, 0x0C, 0x00,
    0x00, 0x00, 0xF9, 0x1E, 0xFB, 0x0C, 0x00, 0x00, 0x00, 0xF9, 0x1E, 0xFA,
    0x1E, 0x00, 0x00, 0x00, 0xFD, 0x1E, 0xF7, 0x8F, 0x00, 0x00, 0x70, 0xFF,
    0x1E, 0xF2, 0xFF, 0x28, 0x31, 0xF8, 0xFC, 0x1E, 0x70, 0xFF, 0xFF, 0xFE,
    0x8F, 0xF7, 0x1E, 0x00, 0xD6, 0xFF, 0xDF, 0x07, 0xE7, 0x1D, 0x00, 0x00,
    0x43, 0x13, 0x00, 0x11, 0x01, 0x00, 0x00, 0x00, 0x00, 0x10, 0x11, 0x00,
    0x00, 0x00, 0x00, 0x00, 0x00, 0xE3, 0x7E, 0x00, 0x00, 0x00, 0x00, 0x00,
    0x00, 0xFA, 0x1D, 0x00, 0x00, 0x00, 0x00, 0x00, 0x30, 0xFF, 0x03, 0x00,
    0x00, 0x00, 0x00, 0x00, 0xA0, 0x8F, 0x00, 0x00, 0x00, 0x00, 0x00, 0x00,
    0x20, 0x02, 0x00, 0x00, 0x00, 0x00, 0x00, 0x00, 0x00, 0x00, 0x00, 0x00,
    0x00, 0xB1, 0x8B, 0x00, 0x00, 0x00, 0x00, 0xB4, 0x4B, 0xC0, 0xEF, 0x01,
    0x00, 0x00, 0x00, 0xFB, 0x2F, 0x50, 0xFF, 0x06, 0x00, 0x00, 0x20, 0xFE,
    0x0A, 0x10, 0xFE, 0x0B, 0x00, 0x00, 0x60, 0xFF, 0x04, 0x00, 0xF9, 0x2E,
    0x00, 0x00, 0xC0, 0xDF, 0x00, 0x00, 0xF4, 0x7F, 0x00, 0x00, 0xF3, 0x8F,
    0x00, 0x00, 0xC0, 0xCF, 0x00, 0x00, 0xF8, 0x2F, 0x00, 0x00, 0x70, 0xFF,
    0x03, 0x00, 0xFD, 0x0B, 0x00, 0x00, 0x20, 0xFE, 0x08, 0x40, 0xFF, 0x05,
    0x00, 0x00, 0x00, 0xFA, 0x0D, 0x90, 0xEF, 0x01, 0x00, 0x00, 0x00, 0xF5,
    0x4F, 0xD0, 0x9F, 0x00, 0x00, 0x00, 0x00, 0xD1, 0x7F, 0xF3, 0x3F, 0x00,
    0x00, 0x00, 0x00, 0x80, 0xBF, 0xF8, 0x0C, 0x00, 0x00, 0x00, 0x00, 0x30,
    0xEF, 0xFE, 0x07, 0x00, 0x00, 0x00, 0x00, 0x00, 0xFC, 0xEF, 0x02, 0x00,
    0x00, 0x00, 0x00, 0x00, 0xF6, 0xAF, 0x00, 0x00, 0x00, 0x00, 0x00, 0x00,
    0xF5, 0x4F, 0x00, 0x00, 0x00, 0x00, 0x00, 0x00, 0xFA, 0x0D, 0x00, 0x00,
    0x00, 0x00, 0x00, 0x30, 0xFE, 0x08, 0x00, 0x00, 0x00, 0x00, 0x53, 0xD6,
    0xEF, 0x02, 0x00, 0x00, 0x00, 0x00, 0xFB, 0xFF, 0x5F, 0x00, 0x00, 0x00,
    0x00, 0x00, 0xEB, 0xAD, 0x04, 0x00, 0x00, 0x00, 0x00, 0x00, 0x10, 0x01,
    0x00, 0x00, 0x00, 0x00, 0x00, 0x11, 0x01, 0x00, 0x00, 0x00, 0x00, 0x00,
    0xA0, 0xAE, 0x00, 0x00, 0x00, 0x00, 0x00, 0x00, 0xFB, 0x0B, 0x00, 0x00,
    0x00, 0x00, 0x00, 0xB0, 0xBF, 0x00, 0x00, 0x00, 0x00, 0x00, 0x00, 0xFB,
    0x0B, 0x00, 0x00, 0x00, 0x00, 0x00, 0xB0, 0xBF, 0x00, 0x00, 0x01, 0x00,
    0x00, 0x00, 0xFB, 0x0B, 0xA3, 0xED, 0xAD, 0x04, 0x00, 0xB0, 0xAF, 0xE3,
    0xFF, 0xFF, 0xFF, 0x09, 0x00, 0xFB, 0xCC, 0x9F, 0x45, 0xD7, 0xFF, 0x08,
    0xB0, 0xFF, 0x4F, 0x00, 0x00, 0xC1, 0xFF, 0x03, 0xFB, 0x8F, 0x00, 0x00,
    0x00, 0xF3, 0xAF, 0xB0, 0xEF, 0x02, 0x00, 0x00, 0x00, 0xFB, 0x1D, 0xFB,
    0x0C, 0x00, 0x00, 0x00, 0x70, 0xFF, 0xB2, 0xBF, 0x00, 0x00, 0x00, 0x00,
    0xF5, 0x4F, 0xFB, 0x0B, 0x00, 0x00, 0x00, 0x50, 0xFF, 0xB4, 0xCF, 0x00,
    0x00, 0x00, 0x00, 0xF6, 0x3F, 0xFB, 0x1E, 0x00, 0x00, 0x00, 0x90, 0xEF,
    0xB1, 0xFF, 0x05, 0x00, 0x00, 0x10, 0xFD, 0x0C, 0xFB, 0xCF, 0x00, 0x00,
    0x00, 0xF8, 0x6F, 0xB0, 0xEF, 0xBF, 0x03, 0x10, 0xF7, 0xDF, 0x01, 0xFB,
    0x9B, 0xFF, 0xBC, 0xFE, 0xEF, 0x03, 0xB0, 0xCF, 0x90, 0xFF, 0xFF, 0xBF,
    0x03, 0x00, 0xFB, 0x0C, 0x30, 0x76, 0x36, 0x00, 0x00, 0xB0, 0xCF, 0x00,
    0x00, 0x00, 0x00, 0x00, 0x00, 0xFB, 0x0C, 0x00, 0x00, 0x00, 0x00, 0x00,
    0xB0, 0xCF, 0x00, 0x00, 0x00, 0x00, 0x00, 0x00, 0xFB, 0x0C, 0x00, 0x00,
    0x00, 0x00, 0x00, 0xA0, 0xBE, 0x00, 0x00, 0x00, 0x00, 0x00, 0x00, 0x11,
    0x01, 0x00, 0x00, 0x00, 0x00, 0x00, 0x00, 0x00, 0x10, 0xA9, 0x02, 0x10,
    0xA9, 0x02, 0x00, 0x00, 0x70, 0xFF, 0x0B, 0x70, 0xFF, 0x0B, 0x00, 0x00,
    0x50, 0xFF, 0x09, 0x50, 0xFF, 0x09, 0x00, 0x00, 0x00, 0x75, 0x01, 0x00,
    0x75, 0x01, 0x00, 0x00, 0x00, 0x00, 0x00, 0x00, 0x00, 0x00, 0x00, 0x00,
    0x00, 0x00, 0x00, 0x00, 0x00, 0x00, 0x00, 0xB1, 0x8B, 0x00, 0x00, 0x00,
    0x00, 0xB5, 0x4B, 0xC0, 0xEF, 0x01, 0x00, 0x00, 0x00, 0xFB, 0x1F, 0x60,
    0xFF, 0x06, 0x00, 0x00, 0x20, 0xFF, 0x09, 0x10, 0xFE, 0x0B, 0x00, 0x00,
    0x70, 0xFF, 0x04, 0x00, 0xFA, 0x2E, 0x00, 0x00, 0xC0, 0xCF, 0x00, 0x00,
    0xF4, 0x7F, 0x00, 0x00, 0xF3, 0x7F, 0x00, 0x00, 0xD0, 0xCF, 0x00, 0x00,
    0xF9, 0x2E, 0x00, 0x00, 0x80, 0xFF, 0x03, 0x10, 0xFD, 0x0A, 0x00, 0x00,
    0x20, 0xFF, 0x08, 0x50, 0xFF, 0x05, 0x00, 0x00, 0x00, 0xFB, 0x0D, 0xA0,
    0xDF, 0x01, 0x00, 0x00, 0x00, 0xF6, 0x3F, 0xE0, 0x8F, 0x00, 0x00, 0x00,
    0x00, 0xE1, 0x7F, 0xF4, 0x3F, 0x00, 0x00, 0x00, 0x00, 0x90, 0xBF, 0xF9,
    0x0B, 0x00, 0x00, 0x00, 0x00, 0x40, 0xEF, 0xFE, 0x06, 0x00, 0x00, 0x00,
    0x00, 0x00, 0xFD, 0xEF, 0x01, 0x00, 0x00, 0x00, 0x00, 0x00, 0xF7, 0xAF,
    0x00, 0x00, 0x00, 0x00, 0x00, 0x00, 0xF6, 0x4F, 0x00, 0x00, 0x00, 0x00,
    0x00, 0x00, 0xFB, 0x0D, 0x00, 0x00, 0x00, 0x00, 0x00, 0x40, 0xFF, 0x07,
    0x00, 0x00, 0x00, 0x00, 0x53, 0xD6, 0xEF, 0x01, 0x00, 0x00, 0x00, 0x00,
    0xFB, 0xFF, 0x5F, 0x00, 0x00, 0x00, 0x00, 0x00, 0xEB, 0xAD, 0x04, 0x00,
    0x00, 0x00, 0x00, 0x00, 0x10, 0x01, 0x00, 0x00, 0x00, 0x00, 0x00, 0x00,
    0x00, 0x00, 0x77, 0x77, 0x77, 0x57, 0x00, 0x00, 0x00, 0x00, 0x00, 0x10,
    0xFF, 0xFF, 0xFF, 0xDF, 0x00, 0x00, 0x00, 0x00, 0x00, 0x00, 0x77, 0x77,
    0x77, 0x57, 0x00, 0x00, 0x00, 0x00, 0x00, 0x00, 0x00, 0x00, 0x00, 0x00,
    0x00, 0x00, 0x00, 0x00, 0x00, 0x00, 0x00, 0x00, 0x00, 0x00, 0x00, 0x00,
    0x00, 0x00, 0x00, 0x00, 0x00, 0x42, 0x14, 0x00, 0x00, 0x00, 0x00, 0x00,
    0x00, 0x00, 0x10, 0xFE, 0x9F, 0x00, 0x00, 0x00, 0x00, 0x00, 0x00, 0x00,
    0x50, 0xFF, 0xEF, 0x01, 0x00, 0x00, 0x00, 0x00, 0x00, 0x00, 0xA0, 0xBF,
    0xFD, 0x05, 0x00, 0x00, 0x00, 0x00, 0x00, 0x00, 0xE2, 0x5F, 0xFA, 0x0B,
    0x00, 0x00, 0x00, 0x00, 0x00, 0x00, 0xF6, 0x1E, 0xF6, 0x2E, 0x00, 0x00,
    0x00, 0x00, 0x00, 0x00, 0xFB, 0x0B, 0xF2, 0x7F, 0x00, 0x00, 0x00, 0x00,
    0x00, 0x20, 0xFF, 0x07, 0xC0, 0xCF, 0x00, 0x00, 0x00, 0x00, 0x00, 0x80,
    0xFF, 0x02, 0x70, 0xFF, 0x03, 0x00, 0x00, 0x00, 0x00, 0xC0, 0xBF, 0x00,
    0x20, 0xFF, 0x08, 0x00, 0x00, 0x00, 0x00, 0xF4, 0x7F, 0x00, 0x00, 0xFB,
    0x1D, 0x00, 0x00, 0x00, 0x00, 0xF9, 0x2F, 0x00, 0x00, 0xF6, 0x5F, 0x00,
    0x00, 0x00, 0x10, 0xFD, 0x0A, 0x00, 0x00, 0xE1, 0xAF, 0x00, 0x00, 0x00,
    0x50, 0xFF, 0x49, 0x44, 0x44, 0xC4, 0xEF, 0x01, 0x00, 0x00, 0xA0, 0xFF,
    0xFF, 0xFF, 0xFF, 0xFF, 0xFF, 0x06, 0x00, 0x00, 0xE1, 0xFF, 0xEE, 0xEE,
    0xEE, 0xEE, 0xFF, 0x0B, 0x00, 0x00, 0xF6, 0x6F, 0x11, 0x11, 0x11, 0x11,
    0xFA, 0x2F, 0x00, 0x00, 0xFB, 0x1E, 0x00, 0x00, 0x00, 0x00, 0xF4, 0x7F,
    0x00, 0x20, 0xFF, 0x0A, 0x00, 0x00, 0x00, 0x00, 0xD1, 0xCF, 0x00, 0x70,
    0xFF, 0x05, 0x00, 0x00, 0x00, 0x00, 0x90, 0xFF, 0x03, 0xD0, 0xEF, 0x01,
    0x00, 0x00, 0x00, 0x00, 0x30, 0xFF, 0x09, 0xD3, 0x8D, 0x00, 0x00, 0x00,
    0x00, 0x00, 0x00, 0xDB, 0x1B, 0x00, 0x30, 0x44, 0x44, 0x44, 0x03, 0x00,
    0x00, 0xF1, 0xFF, 0xFF, 0xFF, 0x0C, 0x00, 0x00, 0xA1, 0xBB, 0xBB, 0xBB,
    0x08, 0x00, 0x00, 0x00, 0x00, 0x00, 0x00, 0x00, 0x00, 0x00, 0x00, 0x00,
    0x00, 0x00, 0x00, 0x00, 0x00, 0x00, 0x00, 0x11, 0x00, 0x00, 0x00, 0x00,
    0x40, 0xC9, 0xEE, 0x9C, 0x04, 0x00, 0x00, 0xF9, 0xFF, 0xFF, 0xFF, 0x8F,
    0x00, 0x90, 0xFF, 0x8E, 0x45, 0xD7, 0xFF, 0x05, 0xE2, 0xDF, 0x02, 0x00,
    0x20, 0xFE, 0x0B, 0x10, 0x35, 0x00, 0x00, 0x01, 0xFA, 0x0D, 0x00, 0x00,
    0x00, 0x00, 0x00, 0xF9, 0x1E, 0x00, 0x00, 0x10, 0x43, 0x96, 0xFE, 0x1E,
    0x00, 0x93, 0xEC, 0xFF, 0xFF, 0xFF, 0x1E, 0x80, 0xFF, 0xFF, 0xBD, 0x69,
    0xFA, 0x1E, 0xF5, 0xDF, 0x26, 0x00, 0x00, 0xF8, 0x1E, 0xFA, 0x2E, 0x00,
    0x00, 0x00, 0xF9, 0x1E, 0xFB, 0x0C, 0x00, 0x00, 0x00, 0xFC, 0x1E, 0xFA,
    0x2E, 0x00, 0x00, 0x70, 0xFF, 0x1E, 0xF5, 0xCF, 0x24, 0x31, 0xF9, 0xFE,
    0x1E, 0xA0, 0xFF, 0xEF, 0xFE, 0x9F, 0xF9, 0x1E, 0x00, 0xD7, 0xFF, 0xDF,
    0x08, 0xD7, 0x1C, 0x00, 0x00, 0x43, 0x13, 0x00, 0x00, 0x00, 0x00, 0x00,
    0x10, 0x36, 0x00, 0x00, 0x64, 0x00, 0x00, 0x00, 0x00, 0x00, 0x30, 0xBF,
    0x00, 0x10, 0xEE, 0x00, 0x00, 0x00, 0x00, 0x00, 0x00, 0xFA, 0x49, 0xB5,
    0x7F, 0x00, 0x00, 0x00, 0x00, 0x00, 0x00, 0xB1, 0xFF, 0xFF, 0x09, 0x00,
    0x00, 0x00, 0x00, 0x00, 0x00, 0x00, 0x74, 0x37, 0x00, 0x00, 0x00, 0x00,
    0x00, 0x00, 0x00, 0x00, 0x00, 0x00, 0x00, 0x00, 0x00, 0x00, 0x00, 0x00,
    0x00, 0x00, 0x43, 0x24, 0x00, 0x00, 0x00, 0x00, 0x00, 0x00, 0x00, 0x20,
    0xFF, 0xBF, 0x00, 0x00, 0x00, 0x00, 0x00, 0x00, 0x00, 0x70, 0xFF, 0xFF,
    0x02, 0x00, 0x00, 0x00, 0x00, 0x00, 0x00, 0xC0, 0xBF, 0xFD, 0x07, 0x00,
    0x00, 0x00, 0x00, 0x00, 0x00, 0xF3, 0x5F, 0xFA, 0x0C, 0x00, 0x00, 0x00,
    0x00, 0x00, 0x00, 0xF8, 0x1E, 0xF6, 0x3F, 0x00, 0x00, 0x00, 0x00, 0x00,
    0x00, 0xFD, 0x0B, 0xF2, 0x8F, 0x00, 0x00, 0x00, 0x00, 0x00, 0x40, 0xFF,
    0x07, 0xC0, 0xDF, 0x01, 0x00, 0x00, 0x00, 0x00, 0x90, 0xFF, 0x02, 0x70,
    0xFF, 0x04, 0x00, 0x00, 0x00, 0x00, 0xD1, 0xCF, 0x00, 0x20, 0xFF, 0x0A,
    0x00, 0x00, 0x00, 0x00, 0xF5, 0x7F, 0x00, 0x00, 0xFB, 0x1E, 0x00, 0x00,
    0x00, 0x00, 0xFA, 0x2F, 0x00, 0x00, 0xF7, 0x5F, 0x00, 0x00, 0x00, 0x10,
    0xFE, 0x0A, 0x00, 0x00, 0xE1, 0xBF, 0x00, 0x00, 0x00, 0x60, 0xFF, 0x49,
    0x44, 0x44, 0xC4, 0xEF, 0x02, 0x00, 0x00, 0xB0, 0xFF, 0xFF, 0xFF, 0xFF,
    0xFF, 0xFF, 0x07, 0x00, 0x00, 0xF2, 0xFF, 0xEE, 0xEE, 0xEE, 0xEE, 0xFF,
    0x0C, 0x00, 0x00, 0xF7, 0x6F, 0x11, 0x11, 0x11, 0x11, 0xFA, 0x3F, 0x00,
    0x00, 0xFC, 0x1E, 0x00, 0x00, 0x00, 0x00, 0xF4, 0x8F, 0x00, 0x30, 0xFF,
    0x0A, 0x00, 0x00, 0x00, 0x00, 0xD1, 0xDF, 0x00, 0x70, 0xFF, 0x05, 0x00,
    0x00, 0x00, 0x00, 0x90, 0xFF, 0x04, 0xD0, 0xEF, 0x01, 0x00, 0x00, 0x00,
    0x00, 0x30, 0xFF, 0x0A, 0xD3, 0x8D, 0x00, 0x00, 0x00, 0x00, 0x00, 0x00,
    0xDB, 0x1B, 0x00, 0x41, 0x02, 0x00, 0x30, 0x04, 0x00, 0x00, 0xF3, 0x0A,
    0x00, 0xE0, 0x0E, 0x00, 0x00, 0xC0, 0x6F, 0x21, 0xF9, 0x08, 0x00, 0x00,
    0x30, 0xFE, 0xFF, 0xCF, 0x01, 0x00, 0x00, 0x00, 0x82, 0xBB, 0x06, 0x00,
    0x00, 0x00, 0x00, 0x00, 0x00, 0x00, 0x00, 0x00, 0x00, 0x00, 0x00, 0x11,
    0x00, 0x00, 0x00, 0x00, 0x40, 0xC9, 0xEE, 0xAC, 0x04, 0x00, 0x00, 0xF9,
    0xFF, 0xFF, 0xFF, 0x8F, 0x00, 0x90, 0xFF, 0x8D, 0x45, 0xD7, 0xFF, 0x05,
    0xE2, 0xCF, 0x02, 0x00, 0x20, 0xFE, 0x0B, 0x10, 0x26, 0x00, 0x00, 0x01,
    0xFA, 0x1D, 0x00, 0x00, 0x00, 0x00, 0x00, 0xF9, 0x1E, 0x00, 0x00, 0x10,
    0x43, 0x96, 0xFE, 0x1E, 0x00, 0x93, 0xEC, 0xFF, 0xFF, 0xFF, 0x1E, 0x80,
    0xFF, 0xFF, 0xBD, 0x69, 0xFA, 0x1E, 0xF5, 0xDF, 0x26, 0x00, 0x00, 0xF8,
    0x1E, 0xFA, 0x2E, 0x00, 0x00, 0x00, 0xF9, 0x1E, 0xFB, 0x0C, 0x00, 0x00,
    0x00, 0xFC, 0x1E, 0xFA, 0x2E, 0x00, 0x00, 0x70, 0xFF, 0x1E, 0xF5, 0xCF,
    0x24, 0x31, 0xF9, 0xFE, 0x1E, 0xA0, 0xFF, 0xEF, 0xFE, 0x9F, 0xF9, 0x1F,
    0x00, 0xD7, 0xFF, 0xDF, 0x08, 0xB6, 0x1A, 0x00, 0x00, 0x43, 0x13, 0x00,
    0x00, 0x00, 0x00, 0x00, 0x00, 0x00, 0x11, 0x01, 0x00, 0x00, 0x00, 0x00,
    0x00, 0x00, 0x00, 0x00, 0xC0, 0xEE, 0x09, 0x00, 0x00, 0x00, 0x00, 0x00,
    0x00, 0x00, 0x40, 0xFF, 0xEF, 0x01, 0x00, 0x00, 0x00, 0x00, 0x00, 0x00,
    0x00, 0xF9, 0xDC, 0x5F, 0x00, 0x00, 0x00, 0x00, 0x00, 0x00, 0x00, 0xD1,
    0x6F, 0xFA, 0x0B, 0x00, 0x00, 0x00, 0x00, 0x00, 0x00, 0x50, 0xFF, 0x62,
    0xEF, 0x02, 0x00, 0x00, 0x00, 0x00, 0x00, 0x00, 0xFA, 0x0C, 0xF2, 0x7F,
    0x00, 0x00, 0x00, 0x00, 0x00, 0x00, 0xE2, 0x8F, 0x00, 0xFC, 0x0C, 0x00,
    0x00, 0x00, 0x00, 0x00, 0x60, 0xFF, 0x03, 0x70, 0xFF, 0x03, 0x00, 0x00,
    0x00, 0x00, 0x00, 0xFB, 0x0D, 0x00, 0xF2, 0x9F, 0x00, 0x00, 0x00, 0x00,
    0x00, 0xF3, 0x8F, 0x00, 0x00, 0xFB, 0x1D, 0x00, 0x00, 0x00, 0x00, 0x80,
    0xFF, 0x03, 0x00, 0x60, 0xFF, 0x05, 0x00, 0x00, 0x00, 0x00, 0xFD, 0x0C,
    0x00, 0x00, 0xE1, 0xAF, 0x00, 0x00, 0x00, 0x00, 0xF4, 0x8F, 0x11, 0x11,
    0x11, 0xFB, 0x2E, 0x00, 0x00, 0x00, 0x90, 0xFF, 0xEE, 0xEE, 0xEE, 0xEE,
    0xFF, 0x06, 0x00, 0x00, 0x10, 0xFE, 0xFF, 0xFF, 0xFF, 0xFF, 0xFF, 0xCF,
    0x00, 0x00, 0x00, 0xF5, 0x8F, 0x44, 0x44, 0x44, 0x44, 0xFB, 0x3F, 0x00,
    0x00, 0xA0, 0xEF, 0x01, 0x00, 0x00, 0x00, 0x40, 0xFF, 0x08, 0x00, 0x20,
    0xFE, 0x0B, 0x00, 0x00, 0x00, 0x00, 0xD1, 0xDF, 0x00, 0x00, 0xF6, 0x6F,
    0x00, 0x00, 0x00, 0x00, 0x00, 0xF9, 0x4F, 0x00, 0xC0, 0xEF, 0x01, 0x00,
    0x00, 0x00, 0x00, 0x30, 0xFF, 0x09, 0x30, 0xEE, 0x0A, 0x00, 0x00, 0x00,
    0x00, 0x00, 0xC0, 0xFF, 0x01, 0x11, 0x01, 0x00, 0x00, 0x00, 0x00, 0x00,
    0x40, 0xFE, 0x18, 0x00, 0x00, 0x00, 0x00, 0x00, 0x00, 0x00, 0x20, 0xFE,
    0x07, 0x00, 0x00, 0x00, 0x00, 0x00, 0x00, 0x00, 0x00, 0xF9, 0x0C, 0x00,
    0x00, 0x00, 0x00, 0x00, 0x00, 0x00, 0x00, 0xB0, 0xDF, 0x23, 0x02, 0x00,
    0x00, 0x00, 0x00, 0x00, 0x00, 0x00, 0xF8, 0xFF, 0xCF, 0x00, 0x00, 0x00,
    0x00, 0x00, 0x00, 0x00, 0x10, 0xEA, 0xFF, 0x1B, 0x00, 0x00, 0x00, 0x00,
    0x00, 0x00, 0x00, 0x00, 0x42, 0x03, 0x00, 0x00, 0x00, 0x00, 0x11, 0x00,
    0x00, 0x00, 0x00, 0x40, 0xC9, 0xEE, 0xAC, 0x04, 0x00, 0x00, 0xF9, 0xFF,
    0xFF, 0xFF, 0x8F, 0x00, 0x90, 0xFF, 0x8D, 0x44, 0xD7, 0xFF, 0x05, 0xE2,
    0xCF, 0x02, 0x00, 0x20, 0xFE, 0x0B, 0x10, 0x35, 0x00, 0x00, 0x01, 0xFA,
    0x0D, 0x00, 0x00, 0x00, 0x00, 0x00, 0xF9, 0x1E, 0x00, 0x00, 0x10, 0x43,
    0x96, 0xFE, 0x1E, 0x00, 0x93, 0xEC, 0xFF, 0xFF, 0xFF, 0x1E, 0x80, 0xFF,
    0xFF, 0xBD, 0x69, 0xFA, 0x1E, 0xF5, 0xDF, 0x26, 0x00, 0x00, 0xF8, 0x1E,
    0xFA, 0x2E, 0x00, 0x00, 0x00, 0xF9, 0x1E, 0xFB, 0x0C, 0x00, 0x00, 0x00,
    0xFC, 0x1E, 0xFA, 0x1E, 0x00, 0x00, 0x70, 0xFF, 0x1E, 0xF5, 0xCF, 0x14,
    0x31, 0xF9, 0xFE, 0x1E, 0xA0, 0xFF, 0xEF, 0xFE, 0x9F, 0xF8, 0x1E, 0x00,
    0xD7, 0xFF, 0xEF, 0x08, 0xF9, 0x1E, 0x00, 0x10, 0x43, 0x13, 0x80, 0xDF,
    0x04, 0x00, 0x00, 0x00, 0x00, 0xF7, 0x2D, 0x00, 0x00, 0x00, 0x00, 0x00,
    0xFD, 0x09, 0x00, 0x00, 0x00, 0x00, 0x10, 0xFE, 0x5D, 0x26, 0x00, 0x00,
    0x00, 0x00, 0xFA, 0xFF, 0xAF, 0x00, 0x00, 0x00, 0x00, 0x81, 0xDD, 0x7C,
    0x00, 0x00, 0x00, 0x00, 0x00, 0x10, 0x00, 0x00, 0x00, 0x00, 0x00, 0x00,
    0x40, 0x34, 0x00, 0x00, 0x00, 0x00, 0x00, 0x00, 0x00, 0x60, 0xFF, 0x05,
    0x00, 0x00, 0x00, 0x00, 0x00, 0x00, 0x00, 0xFD, 0x09, 0x00, 0x00, 0x00,
    0x00, 0x00, 0x00, 0x00, 0xF6, 0x1D, 0x00, 0x00, 0x00, 0x00, 0x00, 0x00,
    0x00, 0xA0, 0x4D, 0x00, 0x00, 0x00, 0x00, 0x00, 0x00, 0x00, 0x00, 0x00,
    0x00, 0x00, 0x00, 0x00, 0x00, 0x00, 0x00, 0x00, 0x42, 0x34, 0x01, 0x00,
    0x00, 0x00, 0x00, 0x00, 0x82, 0xFD, 0xFF, 0xDF, 0x39, 0x00, 0x00, 0x00,
    0x00, 0xE6, 0xFF, 0xFF, 0xFF, 0xFF, 0x8F, 0x00, 0x00, 0x00, 0xF7, 0xFF,
    0x7B, 0x44, 0xA6, 0xFF, 0x9F, 0x00, 0x00, 0xF4, 0xEF, 0x05, 0x00, 0x00,
    0x40, 0xFD, 0x6F, 0x00, 0xD1, 0xFF, 0x04, 0x00, 0x00, 0x00, 0x20, 0xFE,
    0x1D, 0x50, 0xFF, 0x08, 0x00, 0x00, 0x00, 0x00, 0x70, 0xFF, 0x05, 0xFB,
    0x1E, 0x00, 0x00, 0x00, 0x00, 0x00, 0x92, 0x5A, 0xD1, 0xAF, 0x00, 0x00,
    0x00, 0x00, 0x00, 0x00, 0x00, 0x20, 0xFF, 0x07, 0x00, 0x00, 0x00, 0x00,
    0x00, 0x00, 0x00, 0xF3, 0x6F, 0x00, 0x00, 0x00, 0x00, 0x00, 0x00, 0x00,
    0x40, 0xFF, 0x05, 0x00, 0x00, 0x00, 0x00, 0x00, 0x00, 0x00, 0xF4, 0x6F,
    0x00, 0x00, 0x00, 0x00, 0x00, 0x00, 0x00, 0x20, 0xFF, 0x07, 0x00, 0x00,
    0x00, 0x00, 0x00, 0x00, 0x00, 0xD1, 0xAF, 0x00, 0x00, 0x00, 0x00, 0x00,
    0x00, 0x00, 0x00, 0xFB, 0x1E, 0x00, 0x00, 0x00, 0x00, 0x00, 0x92, 0x5A,
    0x60, 0xFF, 0x08, 0x00, 0x00, 0x00, 0x00, 0x70, 0xFF, 0x05, 0xD1, 0xFF,
    0x04, 0x00, 0x00, 0x00, 0x20, 0xFE, 0x1D, 0x00, 0xF4, 0xEF, 0x05, 0x00,
    0x00, 0x40, 0xFD, 0x6F, 0x00, 0x00, 0xF7, 0xFF, 0x7B, 0x44, 0xA6, 0xFF,
    0x9F, 0x00, 0x00, 0x00, 0xE6, 0xFF, 0xFF, 0xFF, 0xFF, 0x8F, 0x00, 0x00,
    0x00, 0x00, 0x82, 0xFD, 0xFF, 0xDF, 0x39, 0x00, 0x00, 0x00, 0x00, 0x00,
    0x00, 0x42, 0x34, 0x01, 0x00, 0x00, 0x00, 0x00, 0x00, 0x00, 0x00, 0x21,
    0x13, 0x00, 0x00, 0x00, 0x00, 0x00, 0xB0, 0xDF, 0x02, 0x00, 0x00, 0x00,
    0x00, 0x30, 0xFF, 0x05, 0x00, 0x00, 0x00, 0x00, 0x00, 0xFB, 0x0A, 0x00,
    0x00, 0x00, 0x00, 0x00, 0xE3, 0x1D, 0x00, 0x00, 0x00, 0x00, 0x00, 0x00,
    0x01, 0x00, 0x00, 0x00, 0x00, 0x00, 0x00, 0x10, 0x01, 0x00, 0x00, 0x00,
    0x00, 0x50, 0xDA, 0xEE, 0x7C, 0x01, 0x00, 0x00, 0xA1, 0xFF, 0xFF, 0xFF,
    0xDF, 0x04, 0x00, 0xA0, 0xFF, 0x6C, 0x54, 0xF9, 0xEF, 0x03, 0x60, 0xFF,
    0x0A, 0x00, 0x00, 0xE4, 0xCF, 0x00, 0xFD, 0x0D, 0x00, 0x00, 0x00, 0xC8,
    0x17, 0xF3, 0x7F, 0x00, 0x00, 0x00, 0x00, 0x00, 0x60, 0xFF, 0x04, 0x00,
    0x00, 0x00, 0x00, 0x00, 0xF7, 0x2E, 0x00, 0x00, 0x00, 0x00, 0x00, 0x70,
    0xEF, 0x02, 0x00, 0x00, 0x00, 0x00, 0x00, 0xF6, 0x3F, 0x00, 0x00, 0x00,
    0x00, 0x00, 0x40, 0xFF, 0x06, 0x00, 0x00, 0x00, 0x00, 0x00, 0xD1, 0xCF,
    0x00, 0x00, 0x00, 0x60, 0x6B, 0x01, 0xF8, 0x7F, 0x00, 0x00, 0x20, 0xFD,
    0x1E, 0x10, 0xFD, 0x9F, 0x13, 0x62, 0xFD, 0x5F, 0x00, 0x20, 0xFD, 0xFF,
    0xFE, 0xFF, 0x7F, 0x00, 0x00, 0x10, 0xD8, 0xFF, 0xEF, 0x4B, 0x00, 0x00,
    0x00, 0x00, 0x30, 0x34, 0x02, 0x00, 0x00, 0x00, 0x00, 0x00, 0x00, 0x41,
    0x14, 0x00, 0x00, 0x00, 0x00, 0x00, 0x00, 0x00, 0xB0, 0xFF, 0x1D, 0x00,
    0x00, 0x00, 0x00, 0x00, 0x00, 0xA0, 0xAF, 0xF9, 0x0B, 0x00, 0x00, 0x00,
    0x00, 0x00, 0xA0, 0xDF, 0x01, 0xFB, 0x1B, 0x00, 0x00, 0x00, 0x00, 0x30,
    0x9A, 0x03, 0x10, 0x87, 0x03, 0x00, 0x00, 0x00, 0x00, 0x00, 0x00, 0x00,
    0x00, 0x00, 0x00, 0x00, 0x00, 0x00, 0x00, 0x10, 0x42, 0x34, 0x01, 0x00,
    0x00, 0x00, 0x00, 0x00, 0x82, 0xFD, 0xFF, 0xDF, 0x39, 0x00, 0x00, 0x00,
    0x00, 0xE6, 0xFF, 0xFF, 0xFF, 0xFF, 0x8F, 0x00, 0x00, 0x00, 0xF7, 0xFF,
    0x7B, 0x44, 0xA6, 0xFF, 0x9F, 0x00, 0x00, 0xF4, 0xEF, 0x05, 0x00, 0x00,
    0x40, 0xFD, 0x6F, 0x00, 0xD1, 0xFF, 0x04, 0x00, 0x00, 0x00, 0x20, 0xFE,
    0x1D, 0x50, 0xFF, 0x08, 0x00, 0x00, 0x00, 0x00, 0x70, 0xFF, 0x05, 0xFB,
    0x1E, 0x00, 0x00, 0x00, 0x00, 0x00, 0x92, 0x5A, 0xD1, 0xAF, 0x00, 0x00,
    0x00, 0x00, 0x00, 0x00, 0x00, 0x20, 0xFF, 0x07, 0x00, 0x00, 0x00, 0x00,
    0x00, 0x00, 0x00, 0xF3, 0x6F, 0x00, 0x00, 0x00, 0x00, 0x00, 0x00, 0x00,
    0x40, 0xFF, 0x05, 0x00, 0x00, 0x00, 0x00, 0x00, 0x00, 0x00, 0xF4, 0x6F,
    0x00, 0x00, 0x00, 0x00, 0x00, 0x00, 0x00, 0x20, 0xFF, 0x07, 0x00, 0x00,
    0x00, 0x00, 0x00, 0x00, 0x00, 0xD1, 0xAF, 0x00, 0x00, 0x00, 0x00, 0x00,
    0x00, 0x00, 0x00, 0xFB, 0x1E, 0x00, 0x00, 0x00, 0x00, 0x00, 0x92, 0x5A,
    0x60, 0xFF, 0x08, 0x00, 0x00, 0x00, 0x00, 0x70, 0xFF, 0x05, 0xD1, 0xFF,
    0x04, 0x00, 0x00, 0x00, 0x20, 0xFE, 0x1D, 0x00, 0xF4, 0xEF, 0x05, 0x00,
    0x00, 0x40, 0xFD, 0x6F, 0x00, 0x00, 0xF7, 0xFF, 0x7B, 0x44, 0xA6, 0xFF,
    0x9F, 0x00, 0x00, 0x00, 0xE6, 0xFF, 0xFF, 0xFF, 0xFF, 0x8F, 0x00, 0x00,
    0x00, 0x00, 0x82, 0xFD, 0xFF, 0xDF, 0x39, 0x00, 0x00, 0x00, 0x00, 0x00,
    0x00, 0x42, 0x34, 0x01, 0x00, 0x00, 0x00, 0x00, 0x00, 0x00, 0x21, 0x02,
    0x00, 0x00, 0x00, 0x00, 0x00, 0xD2, 0xFF, 0x07, 0x00, 0x00, 0x00, 0x00,
    0xD1, 0xAF, 0xFE, 0x05, 0x00, 0x00, 0x00, 0xD1, 0xAF, 0x50, 0xFF, 0x04,
    0x00, 0x00, 0x70, 0xAC, 0x01, 0x70, 0xAB, 0x01, 0x00, 0x00, 0x00, 0x00,
    0x00, 0x00, 0x00, 0x00, 0x00, 0x00, 0x00, 0x11, 0x01, 0x00, 0x00, 0x00,
    0x00, 0x50, 0xDA, 0xEE, 0x7C, 0x01, 0x00, 0x00, 0xA1, 0xFF, 0xFF, 0xFF,
    0xDF, 0x04, 0x00, 0xA0, 0xFF, 0x6C, 0x54, 0xF9, 0xEF, 0x03, 0x60, 0xFF,
    0x0A, 0x00, 0x00, 0xE4, 0xCF, 0x00, 0xFD, 0x0D, 0x00, 0x00, 0x00, 0xC8,
    0x17, 0xF3, 0x7F, 0x00, 0x00, 0x00, 0x00, 0x00, 0x60, 0xFF, 0x04, 0x00,
    0x00, 0x00, 0x00, 0x00, 0xF7, 0x2E, 0x00, 0x00, 0x00, 0x00, 0x00, 0x70,
    0xEF, 0x02, 0x00, 0x00, 0x00, 0x00, 0x00, 0xF6, 0x3F, 0x00, 0x00, 0x00,
    0x00, 0x00, 0x40, 0xFF, 0x06, 0x00, 0x00, 0x00, 0x00, 0x00, 0xD1, 0xCF,
    0x00, 0x00, 0x00, 0x60, 0x6B, 0x01, 0xF8, 0x7F, 0x00, 0x00, 0x20, 0xFD,
    0x1E, 0x10, 0xFD, 0x9F, 0x13, 0x62, 0xFD, 0x5F, 0x00, 0x20, 0xFD, 0xFF,
    0xFE, 0xFF, 0x7F, 0x00, 0x00, 0x10, 0xD8, 0xFF, 0xEF, 0x4B, 0x00, 0x00,
    0x00, 0x00, 0x30, 0x34, 0x02, 0x00, 0x00, 0x00, 0x00, 0x00, 0x00, 0xD4,
    0x4D, 0x00, 0x00, 0x00, 0x00, 0x00, 0x00, 0x00, 0xB0, 0xFF, 0x0B, 0x00,
    0x00, 0x00, 0x00, 0x00, 0x00, 0x00, 0xF6, 0x6F, 0x00, 0x00, 0x00, 0x00,
    0x00, 0x00, 0x00, 0x00, 0x33, 0x00, 0x00, 0x00, 0x00, 0x00, 0x00, 0x00,
    0x00, 0x00, 0x00, 0x00, 0x00, 0x00, 0x00, 0x00, 0x00, 0x00, 0x20, 0x44,
    0x02, 0x00, 0x00, 0x00, 0x00, 0x00, 0x20, 0xD8, 0xFF, 0xFF, 0x9D, 0x03,
    0x00, 0x00, 0x00, 0x60, 0xFE, 0xFF, 0xFF, 0xFF, 0xEF, 0x07, 0x00, 0x00,
    0x70, 0xFF, 0xBF, 0x47, 0x64, 0xFB, 0xFF, 0x08, 0x00, 0x40, 0xFF, 0x5E,
    0x00, 0x00, 0x00, 0xE4, 0xFF, 0x04, 0x10, 0xFD, 0x3E, 0x00, 0x00, 0x00,
    0x00, 0xE3, 0xCF, 0x00, 0xF6, 0x7F, 0x00, 0x00, 0x00, 0x00, 0x00, 0xF9,
    0x4F, 0xB0, 0xEF, 0x01, 0x00, 0x00, 0x00, 0x00, 0x30, 0xA9, 0x14, 0xFD,
    0x0A, 0x00, 0x00, 0x00, 0x00, 0x00, 0x00, 0x00, 0xF2, 0x7F, 0x00, 0x00,
    0x00, 0x00, 0x00, 0x00, 0x00, 0x30, 0xFF, 0x06, 0x00, 0x00, 0x00, 0x00,
    0x00, 0x00, 0x00, 0xF4, 0x5F, 0x00, 0x00, 0x00, 0x00, 0x00, 0x00, 0x00,
    0x40, 0xFF, 0x06, 0x00, 0x00, 0x00, 0x00, 0x00, 0x00, 0x00, 0xF2, 0x7F,
    0x00, 0x00, 0x00, 0x00, 0x00, 0x00, 0x00, 0x10, 0xFD, 0x0A, 0x00, 0x00,
    0x00, 0x00, 0x00, 0x00, 0x00, 0xB0, 0xEF, 0x01, 0x00, 0x00, 0x00, 0x00,
    0x30, 0xAA, 0x04, 0xF6, 0x7F, 0x00, 0x00, 0x00, 0x00, 0x00, 0xF9, 0x4F,
    0x10, 0xFD, 0x3E, 0x00, 0x00, 0x00, 0x00, 0xE3, 0xCF, 0x00, 0x50, 0xFF,
    0x5E, 0x00, 0x00, 0x00, 0xE4, 0xFF, 0x04, 0x00, 0x70, 0xFF, 0xBF, 0x47,
    0x64, 0xFB, 0xFF, 0x08, 0x00, 0x00, 0x60, 0xFE, 0xFF, 0xFF, 0xFF, 0xEF,
    0x07, 0x00, 0x00, 0x00, 0x20, 0xD9, 0xFF, 0xFF, 0x9D, 0x03, 0x00, 0x00,
    0x00, 0x00, 0x00, 0x20, 0x44, 0x13, 0x00, 0x00, 0x00, 0x00, 0x00, 0x00,
    0xB4, 0x18, 0x00, 0x00, 0x00, 0x00, 0x00, 0xE1, 0xFF, 0x07, 0x00, 0x00,
    0x00, 0x00, 0x00, 0xFC, 0x5F, 0x00, 0x00, 0x00, 0x00, 0x00, 0x10, 0x57,
    0x00, 0x00, 0x00, 0x00, 0x00, 0x00, 0x00, 0x00, 0x00, 0x00, 0x00, 0x00,
    0x00, 0x10, 0x11, 0x00, 0x00, 0x00, 0x00, 0x00, 0xA5, 0xED, 0xCE, 0x18,
    0x00, 0x00, 0x10, 0xFA, 0xFF, 0xFF, 0xFF, 0x4E, 0x00, 0x00, 0xFA, 0xCF,
    0x46, 0x95, 0xFF, 0x3F, 0x00, 0xF6, 0xAF, 0x00, 0x00, 0x40, 0xFE, 0x0D,
    0xD0, 0xDF, 0x00, 0x00, 0x00, 0x80, 0x7C, 0x31, 0xFF, 0x07, 0x00, 0x00,
    0x00, 0x00, 0x00, 0xF6, 0x4F, 0x00, 0x00, 0x00, 0x00, 0x00, 0x70, 0xEF,
    0x02, 0x00, 0x00, 0x00, 0x00, 0x00, 0xF7, 0x2E, 0x00, 0x00, 0x00, 0x00,
    0x00, 0x60, 0xFF, 0x03, 0x00, 0x00, 0x00, 0x00, 0x00, 0xF4, 0x6F, 0x00,
    0x00, 0x00, 0x00, 0x00, 0x10, 0xFD, 0x0C, 0x00, 0x00, 0x00, 0xB6, 0x16,
    0x80, 0xFF, 0x07, 0x00, 0x00, 0xD2, 0xEF, 0x01, 0xD1, 0xFF, 0x39, 0x21,
    0xD6, 0xFF, 0x05, 0x00, 0xD2, 0xFF, 0xEF, 0xFF, 0xFF, 0x07, 0x00, 0x00,
    0x81, 0xFD, 0xFF, 0xBE, 0x04, 0x00, 0x00, 0x00, 0x00, 0x43, 0x23, 0x00,
    0x00, 0x00, 0x00, 0x00, 0x10, 0x44, 0x00, 0x00, 0x44, 0x02, 0x00, 0x00,
    0x00, 0x00, 0xC1, 0x9F, 0x00, 0xF8, 0x3E, 0x00, 0x00, 0x00, 0x00, 0x00,
    0xD1, 0x6F, 0xF5, 0x3E, 0x00, 0x00, 0x00, 0x00, 0x00, 0x00, 0xE3, 0xFF,
    0x5F, 0x00, 0x00, 0x00, 0x00, 0x00, 0x00, 0x00, 0xA4, 0x5A, 0x00, 0x00,
    0x00, 0x00, 0x00, 0x00, 0x00, 0x00, 0x00, 0x00, 0x00, 0x00, 0x00, 0x00,
    0x00, 0x00, 0x00, 0x42, 0x34, 0x01, 0x00, 0x00, 0x00, 0x00, 0x00, 0x82,
    0xFD, 0xFF, 0xDF, 0x39, 0x00, 0x00, 0x00, 0x00, 0xE6, 0xFF, 0xFF, 0xFF,
    0xFF, 0x8F, 0x00, 0x00, 0x00, 0xF7, 0xFF, 0x7B, 0x44, 0xA6, 0xFF, 0x9F,
    0x00, 0x00, 0xF4, 0xEF, 0x05, 0x00, 0x00, 0x40, 0xFD, 0x6F, 0x00, 0xD1,
    0xFF, 0x04, 0x00, 0x00, 0x00, 0x20, 0xFE, 0x1D, 0x50, 0xFF, 0x08, 0x00,
    0x00, 0x00, 0x00, 0x70, 0xFF, 0x05, 0xFB, 0x1E, 0x00, 0x00, 0x00, 0x00,
    0x00, 0x92, 0x5A, 0xD1, 0xAF, 0x00, 0x00, 0x00, 0x00, 0x00, 0x00, 0x00,
    0x20, 0xFF, 0x07, 0x00, 0x00, 0x00, 0x00, 0x00, 0x00, 0x00, 0xF3, 0x6F,
    0x00, 0x00, 0x00, 0x00, 0x00, 0x00, 0x00, 0x40, 0xFF, 0x05, 0x00, 0x00,
    0x00, 0x00, 0x00, 0x00, 0x00, 0xF4, 0x6F, 0x00, 0x00, 0x00, 0x00, 0x00,
    0x00, 0x00, 0x20, 0xFF, 0x07, 0x00, 0x00, 0x00, 0x00, 0x00, 0x00, 0x00,
    0xD1, 0xAF, 0x00, 0x00, 0x00, 0x00, 0x00, 0x00, 0x00, 0x00, 0xFB, 0x1E,
    0x00, 0x00, 0x00, 0x00, 0x00, 0x92, 0x5A, 0x60, 0xFF, 0x08, 0x00, 0x00,
    0x00, 0x00, 0x70, 0xFF, 0x05, 0xD1, 0xFF, 0x04, 0x00, 0x00, 0x00, 0x20,
    0xFE, 0x1D, 0x00, 0xF4, 0xEF, 0x05, 0x00, 0x00, 0x40, 0xFD, 0x6F, 0x00,
    0x00, 0xF7, 0xFF, 0x7B, 0x44, 0xA6, 0xFF, 0x9F, 0x00, 0x00, 0x00, 0xE6,
    0xFF, 0xFF, 0xFF, 0xFF, 0x8F, 0x00, 0x00, 0x00, 0x00, 0x82, 0xFD, 0xFF,
    0xDF, 0x39, 0x00, 0x00, 0x00, 0x00, 0x00, 0x00, 0x42, 0x34, 0x01, 0x00,
    0x00, 0x00, 0x00, 0x10, 0x01, 0x00, 0x10, 0x32, 0x01, 0x00, 0x00, 0xE5,
    0x3D, 0x00, 0xFB, 0x1B, 0x00, 0x00, 0x00, 0xF8, 0x1D, 0xF8, 0x1C, 0x00,
    0x00, 0x00, 0x00, 0xF9, 0xFE, 0x2D, 0x00, 0x00, 0x00, 0x00, 0x00, 0xB9,
    0x3B, 0x00, 0x00, 0x00, 0x00, 0x00, 0x00, 0x00, 0x00, 0x00, 0x00, 0x00,
    0x00, 0x00, 0x11, 0x01, 0x00, 0x00, 0x00, 0x00, 0x50, 0xDA, 0xEE, 0x7C,
    0x01, 0x00, 0x00, 0xA1, 0xFF, 0xFF, 0xFF, 0xDF, 0x04, 0x00, 0xA0, 0xFF,
    0x6C, 0x54, 0xF9, 0xEF, 0x03, 0x60, 0xFF, 0x0A, 0x00, 0x00, 0xE4, 0xCF,
    0x00, 0xFD, 0x0D, 0x00, 0x00, 0x00, 0xC8, 0x17, 0xF3, 0x7F, 0x00, 0x00,
    0x00, 0x00, 0x00, 0x60, 0xFF, 0x04, 0x00, 0x00, 0x00, 0x00, 0x00, 0xF7,
    0x2E, 0x00, 0x00, 0x00, 0x00, 0x00, 0x70, 0xEF, 0x02, 0x00, 0x00, 0x00,
    0x00, 0x00, 0xF6, 0x3F, 0x00, 0x00, 0x00, 0x00, 0x00, 0x40, 0xFF, 0x06,
    0x00, 0x00, 0x00, 0x00, 0x00, 0xD1, 0xCF, 0x00, 0x00, 0x00, 0x60, 0x6B,
    0x01, 0xF8, 0x7F, 0x00, 0x00, 0x20, 0xFD, 0x1E, 0x10, 0xFD, 0x9F, 0x13,
    0x62, 0xFD, 0x5F, 0x00, 0x20, 0xFD, 0xFF, 0xFE, 0xFF, 0x7F, 0x00, 0x00,
    0x10, 0xD8, 0xFF, 0xEF, 0x4B, 0x00, 0x00, 0x00, 0x00, 0x30, 0x34, 0x02,
    0x00, 0x00, 0x00, 0x43, 0x03, 0x00, 0x42, 0x14, 0x00, 0x00, 0x00, 0x00,
    0xF5, 0x4F, 0x20, 0xFD, 0x0A, 0x00, 0x00, 0x00, 0x00, 0x60, 0xEF, 0xB3,
    0xAF, 0x00, 0x00, 0x00, 0x00, 0x00, 0x00, 0xF8, 0xFF, 0x1C, 0x00, 0x00,
    0x00, 0x00, 0x00, 0x00, 0x80, 0x9A, 0x01, 0x00, 0x00, 0x00, 0x00, 0x00,
    0x00, 0x00, 0x00, 0x00, 0x00, 0x00, 0x00, 0x00, 0x10, 0x11, 0x11, 0x11,
    0x01, 0x00, 0x00, 0x00, 0x00, 0xE7, 0xEE, 0xEE, 0xEE, 0xCD, 0x49, 0x00,
    0x00, 0x00, 0xF8, 0xFF, 0xFF, 0xFF, 0xFF, 0xFF, 0x3B, 0x00, 0x00, 0xF7,
    0x5E, 0x44, 0x44, 0x96, 0xFD, 0xEF, 0x04, 0x00, 0xF7, 0x1E, 0x00, 0x00,
    0x00, 0x71, 0xFF, 0x2E, 0x00, 0xF7, 0x2E, 0x00, 0x00, 0x00, 0x00, 0xF6,
    0xBF, 0x00, 0xF7, 0x2E, 0x00, 0x00, 0x00, 0x00, 0xA0, 0xFF, 0x03, 0xF7,
    0x2E, 0x00, 0x00, 0x00, 0x00, 0x30, 0xFF, 0x08, 0xF7, 0x2E, 0x00, 0x00,
    0x00, 0x00, 0x00, 0xFC, 0x0C, 0xF7, 0x2E, 0x00, 0x00, 0x00, 0x00, 0x00,
    0xFA, 0x1D, 0xF7, 0x2E, 0x00, 0x00, 0x00, 0x00, 0x00, 0xF8, 0x2E, 0xF7,
    0x2E, 0x00, 0x00, 0x00, 0x00, 0x00, 0xF8, 0x2E, 0xF7, 0x2E, 0x00, 0x00,
    0x00, 0x00, 0x00, 0xF8, 0x1E, 0xF7, 0x2E, 0x00, 0x00, 0x00, 0x00, 0x00,
    0xFA, 0x1D, 0xF7, 0x2E, 0x00, 0x00, 0x00, 0x00, 0x00, 0xFC, 0x0B, 0xF7,
    0x2E, 0x00, 0x00, 0x00, 0x00, 0x30, 0xFF, 0x08, 0xF7, 0x2E, 0x00, 0x00,
    0x00, 0x00, 0xA0, 0xFF, 0x03, 0xF7, 0x2E, 0x00, 0x00, 0x00, 0x00, 0xF6,
    0xAF, 0x00, 0xF7, 0x1E, 0x00, 0x00, 0x00, 0x81, 0xFF, 0x2E, 0x00, 0xF7,
    0x5E, 0x44, 0x54, 0x96, 0xFD, 0xEF, 0x03, 0x00, 0xF8, 0xFF, 0xFF, 0xFF,
    0xFF, 0xFF, 0x2A, 0x00, 0x00, 0xE7, 0xEE, 0xEE, 0xEE, 0xBD, 0x38, 0x00,
    0x00, 0x00, 0x10, 0x11, 0x11, 0x11, 0x00, 0x00, 0x00, 0x00, 0x00, 0x00,
    0x00, 0x00, 0x00, 0x00, 0x00, 0x00, 0x00, 0x10, 0x01, 0x00, 0x00, 0x00,
    0x00, 0x00, 0x00, 0x11, 0x01, 0xE7, 0x1D, 0x00, 0x00, 0x00, 0x00, 0x00,
    0x20, 0xED, 0x07, 0xF8, 0x0C, 0x00, 0x00, 0x00, 0x00, 0x00, 0x20, 0xFF,
    0x08, 0xF8, 0x0A, 0x00, 0x00, 0x00, 0x00, 0x00, 0x20, 0xFE, 0x08, 0xF7,
    0x08, 0x00, 0x00, 0x00, 0x00, 0x00, 0x20, 0xFE, 0x08, 0xF8, 0x06, 0x00,
    0x00, 0x00, 0x11, 0x00, 0x20, 0xFE, 0x08, 0x42, 0x01, 0x00, 0x00, 0xB6,
    0xED, 0x9D, 0x11, 0xFE, 0x07, 0x00, 0x00, 0x00, 0xC2, 0xFF, 0xFF, 0xFF,
    0x4D, 0xFE, 0x07, 0x00, 0x00, 0x10, 0xFC, 0xBF, 0x46, 0xA5, 0xDF, 0xFE,
    0x07, 0x00, 0x00, 0x70, 0xFF, 0x09, 0x00, 0x00, 0xF6, 0xFF, 0x08, 0x00,
    0x00, 0xD1, 0xCF, 0x00, 0x00, 0x00, 0xA0, 0xFF, 0x08, 0x00, 0x00, 0xF3,
    0x7F, 0x00, 0x00, 0x00, 0x50, 0xFF, 0x07, 0x00, 0x00, 0xF6, 0x3F, 0x00,
    0x00, 0x00, 0x20, 0xFE, 0x07, 0x00, 0x00, 0xF7, 0x2E, 0x00, 0x00, 0x00,
    0x10, 0xFD, 0x07, 0x00, 0x00, 0xF7, 0x2E, 0x00, 0x00, 0x00, 0x10, 0xFD,
    0x07, 0x00, 0x00, 0xF6, 0x3F, 0x00, 0x00, 0x00, 0x20, 0xFE, 0x07, 0x00,
    0x00, 0xF4, 0x6F, 0x00, 0x00, 0x00, 0x40, 0xFF, 0x07, 0x00, 0x00, 0xE1,
    0xCF, 0x00, 0x00, 0x00, 0x90, 0xFF, 0x08, 0x00, 0x00, 0x90, 0xFF, 0x07,
    0x00, 0x00, 0xF4, 0xFF, 0x08, 0x00, 0x00, 0x20, 0xFE, 0x9F, 0x13, 0x72,
    0xDF, 0xFD, 0x07, 0x00, 0x00, 0x00, 0xE4, 0xFF, 0xEF, 0xFF, 0x3E, 0xFD,
    0x08, 0x00, 0x00, 0x00, 0x20, 0xEA, 0xFF, 0xBF, 0x03, 0xEC, 0x07, 0x00,
    0x00, 0x00, 0x00, 0x10, 0x43, 0x02, 0x00, 0x11, 0x00, 0x00, 0x00, 0x00,
    0x10, 0x11, 0x11, 0x11, 0x01, 0x00, 0x00, 0x00, 0x00, 0x00, 0xD1, 0xEE,
    0xEE, 0xEE, 0xCE, 0x6A, 0x02, 0x00, 0x00, 0x00, 0xE1, 0xFF, 0xFF, 0xFF,
    0xFF, 0xFF, 0x7E, 0x00, 0x00, 0x00, 0xE1, 0xAF, 0x44, 0x44, 0x75, 0xFA,
    0xFF, 0x0A, 0x00, 0x00, 0xE1, 0x8F, 0x00, 0x00, 0x00, 0x30, 0xFC, 0x8F,
    0x00, 0x00, 0xE1, 0x9F, 0x00, 0x00, 0x00, 0x00, 0xC1, 0xFF, 0x03, 0x00,
    0xE1, 0x9F, 0x00, 0x00, 0x00, 0x00, 0x20, 0xFE, 0x0A, 0x00, 0xE1, 0x9F,
    0x00, 0x00, 0x00, 0x00, 0x00, 0xFA, 0x1E, 0x00, 0xE1, 0x9F, 0x00, 0x00,
    0x00, 0x00, 0x00, 0xF5, 0x5F, 0x00, 0xE1, 0x8F, 0x00, 0x00, 0x00, 0x00,
    0x00, 0xF3, 0x7F, 0xB7, 0xFB, 0xDF, 0xBB, 0xBB, 0x3B, 0x00, 0x00, 0xE1,
    0x8F, 0xFB, 0xFF, 0xFF, 0xFF, 0xFF, 0x4F, 0x00, 0x00, 0xE1, 0x9F, 0x75,
    0xE8, 0xCF, 0x77, 0x77, 0x27, 0x00, 0x00, 0xE2, 0x8F, 0x00, 0xE0, 0x8F,
    0x00, 0x00, 0x00, 0x00, 0x00, 0xF3, 0x7F, 0x00, 0xE1, 0x9F, 0x00, 0x00,
    0x00, 0x00, 0x00, 0xF5, 0x4F, 0x00, 0xE1, 0x9F, 0x00, 0x00, 0x00, 0x00,
    0x00, 0xFA, 0x1E, 0x00, 0xE1, 0x9F, 0x00, 0x00, 0x00, 0x00, 0x30, 0xFF,
    0x0A, 0x00, 0xE1, 0x9F, 0x00, 0x00, 0x00, 0x00, 0xC1, 0xFF, 0x03, 0x00,
    0xE1, 0x8F, 0x00, 0x00, 0x00, 0x40, 0xFC, 0x8F, 0x00, 0x00, 0xE1, 0xAF,
    0x44, 0x44, 0x75, 0xFB, 0xFF, 0x09, 0x00, 0x00, 0xE1, 0xFF, 0xFF, 0xFF,
    0xFF, 0xFF, 0x6D, 0x00, 0x00, 0x00, 0xD1, 0xEE, 0xEE, 0xEE, 0xCD, 0x6A,
    0x01, 0x00, 0x00, 0x00, 0x10, 0x11, 0x11, 0x11, 0x01, 0x00, 0x00, 0x00,
    0x00, 0x00, 0x00, 0x00, 0x00, 0x00, 0x10, 0x32, 0x01, 0x00, 0x00, 0x00,
    0x00, 0x00, 0x00, 0xE1, 0x7F, 0x00, 0x00, 0x00, 0x00, 0x40, 0x77, 0x87,
    0xFF, 0x7B, 0x05, 0x00, 0x00, 0x00, 0xF9, 0xFF, 0xFF, 0xFF, 0xBF, 0x00,
    0x00, 0x00, 0x30, 0x77, 0x87, 0xFF, 0x7B, 0x05, 0x00, 0x00, 0x10, 0x00,
    0x00, 0xE1, 0x7F, 0x00, 0x00, 0x00, 0xB6, 0xED, 0x9D, 0x22, 0xFE, 0x08,
    0x00, 0x20, 0xFC, 0xFF, 0xFF, 0xDF, 0xE4, 0x7F, 0x00, 0x10, 0xFC, 0xBF,
    0x46, 0xA5, 0xDF, 0xFE, 0x07, 0x00, 0xF7, 0x9F, 0x00, 0x00, 0x60, 0xFF,
    0x8F, 0x00, 0xD1, 0xCF, 0x00, 0x00, 0x00, 0xA0, 0xFF, 0x08, 0x30, 0xFF,
    0x07, 0x00, 0x00, 0x00, 0xF5, 0x7F, 0x00, 0xF6, 0x3F, 0x00, 0x00, 0x00,
    0x20, 0xFE, 0x07, 0x70, 0xEF, 0x02, 0x00, 0x00, 0x00, 0xD1, 0x7F, 0x00,
    0xF7, 0x2E, 0x00, 0x00, 0x00, 0x10, 0xFD, 0x07, 0x60, 0xFF, 0x03, 0x00,
    0x00, 0x00, 0xE2, 0x7F, 0x00, 0xF4, 0x6F, 0x00, 0x00, 0x00, 0x40, 0xFF,
    0x07, 0x10, 0xFE, 0x0C, 0x00, 0x00, 0x00, 0xF9, 0x8F, 0x00, 0x90, 0xFF,
    0x07, 0x00, 0x00, 0xF4, 0xFF, 0x08, 0x00, 0xE2, 0xFF, 0x39, 0x21, 0xF7,
    0xDD, 0x7F, 0x00, 0x00, 0xE4, 0xFF, 0xEF, 0xFF, 0x3E, 0xFD, 0x08, 0x00,
    0x00, 0xA2, 0xFE, 0xFF, 0x3B, 0xC0, 0x6D, 0x00, 0x00, 0x00, 0x10, 0x43,
    0x02, 0x00, 0x00, 0x00, 0x00, 0x00, 0x30, 0x44, 0x44, 0x44, 0x03, 0x00,
    0x00, 0xF1, 0xFF, 0xFF, 0xFF, 0x0C, 0x00, 0x00, 0xA1, 0xBB, 0xBB, 0xBB,
    0x08, 0x00, 0x00, 0x00, 0x00, 0x00, 0x00, 0x00, 0x00, 0x00, 0x00, 0x00,
    0x00, 0x00, 0x00, 0x00, 0x10, 0x11, 0x11, 0x11, 0x11, 0x11, 0x01, 0xE7,
    0xEE, 0xEE, 0xEE, 0xEE, 0xEE, 0x5E, 0xF8, 0xFF, 0xFF, 0xFF, 0xFF, 0xFF,
    0x6F, 0xF7, 0x5E, 0x44, 0x44, 0x44, 0x44, 0x24, 0xF7, 0x1E, 0x00, 0x00,
    0x00, 0x00, 0x00, 0xF7, 0x2E, 0x00, 0x00, 0x00, 0x00, 0x00, 0xF7, 0x2E,
    0x00, 0x00, 0x00, 0x00, 0x00, 0xF7, 0x2E, 0x00, 0x00, 0x00, 0x00, 0x00,
    0xF7, 0x2E, 0x00, 0x00, 0x00, 0x00, 0x00, 0xF7, 0x1E, 0x00, 0x00, 0x00,
    0x00, 0x00, 0xF8, 0xCF, 0xBB, 0xBB, 0xBB, 0xBB, 0x07, 0xF8, 0xFF, 0xFF,
    0xFF, 0xFF, 0xFF, 0x0B, 0xF7, 0x8F, 0x77, 0x77, 0x77, 0x77, 0x05, 0xF7,
    0x1E, 0x00, 0x00, 0x00, 0x00, 0x00, 0xF7, 0x2E, 0x00, 0x00, 0x00, 0x00,
    0x00, 0xF7, 0x2E, 0x00, 0x00, 0x00, 0x00, 0x00, 0xF7, 0x2E, 0x00, 0x00,
    0x00, 0x00, 0x00, 0xF7, 0x2E, 0x00, 0x00, 0x00, 0x00, 0x00, 0xF7, 0x1E,
    0x00, 0x00, 0x00, 0x00, 0x00, 0xF7, 0x5E, 0x44, 0x44, 0x44, 0x44, 0x24,
    0xF8, 0xFF, 0xFF, 0xFF, 0xFF, 0xFF, 0x8F, 0xE7, 0xEE, 0xEE, 0xEE, 0xEE,
    0xEE, 0x7E, 0x10, 0x11, 0x11, 0x11, 0x11, 0x11, 0x01, 0x00, 0x10, 0x44,
    0x44, 0x44, 0x24, 0x00, 0x00, 0x00, 0xF4, 0xFF, 0xFF, 0xFF, 0x08, 0x00,
    0x00, 0x30, 0xBB, 0xBB, 0xBB, 0x6B, 0x00, 0x00, 0x00, 0x00, 0x00, 0x00,
    0x00, 0x00, 0x00, 0x00, 0x00, 0x00, 0x00, 0x00, 0x00, 0x00, 0x00, 0x00,
    0x00, 0x10, 0x11, 0x00, 0x00, 0x00, 0x00, 0x00, 0xA5, 0xED, 0xBD, 0x16,
    0x00, 0x00, 0x10, 0xFA, 0xFF, 0xFF, 0xFF, 0x2C, 0x00, 0x00, 0xFB, 0xBF,
    0x46, 0xA5, 0xFF, 0x1D, 0x00, 0xF6, 0x8F, 0x00, 0x00, 0x60, 0xFF, 0x08,
    0xC0, 0xBF, 0x00, 0x00, 0x00, 0xB0, 0xEF, 0x31, 0xFF, 0x04, 0x00, 0x00,
    0x00, 0xF4, 0x4F, 0xF6, 0x6F, 0x44, 0x44, 0x44, 0x64, 0xFF, 0x76, 0xFF,
    0xFF, 0xFF, 0xFF, 0xFF, 0xFF, 0x7F, 0xF7, 0xEF, 0xEE, 0xEE, 0xEE, 0xEE,
    0xEE, 0x67, 0xFF, 0x14, 0x11, 0x11, 0x11, 0x11, 0x11, 0xF4, 0x4F, 0x00,
    0x00, 0x00, 0x00, 0x00, 0x10, 0xFE, 0x0A, 0x00, 0x00, 0x00, 0x31, 0x00,
    0x80, 0xFF, 0x06, 0x00, 0x00, 0xB0, 0xDF, 0x02, 0xD1, 0xFF, 0x49, 0x22,
    0xB4, 0xFF, 0x0A, 0x00, 0xD2, 0xFF, 0xEF, 0xFE, 0xFF, 0x1B, 0x00, 0x00,
    0x81, 0xFD, 0xFF, 0xCF, 0x06, 0x00, 0x00, 0x00, 0x00, 0x42, 0x24, 0x00,
    0x00, 0x00, 0x00, 0x40, 0x03, 0x00, 0x30, 0x04, 0x00, 0x00, 0xF0, 0x0E,
    0x00, 0xE0, 0x0F, 0x00, 0x00, 0x90, 0x8F, 0x22, 0xF8, 0x09, 0x00, 0x00,
    0x10, 0xFC, 0xFF, 0xCF, 0x01, 0x00, 0x00, 0x00, 0x71, 0xBB, 0x17, 0x00,
    0x00, 0x00, 0x00, 0x00, 0x00, 0x00, 0x00, 0x00, 0x10, 0x11, 0x11, 0x11,
    0x11, 0x11, 0x01, 0xE7, 0xEE, 0xEE, 0xEE, 0xEE, 0xEE, 0x5E, 0xF8, 0xFF,
    0xFF, 0xFF, 0xFF, 0xFF, 0x6F, 0xF7, 0x5E, 0x44, 0x44, 0x44, 0x44, 0x24,
    0xF7, 0x1E, 0x00, 0x00, 0x00, 0x00, 0x00, 0xF7, 0x2E, 0x00, 0x00, 0x00,
    0x00, 0x00, 0xF7, 0x2E, 0x00, 0x00, 0x00, 0x00, 0x00, 0xF7, 0x2E, 0x00,
    0x00, 0x00, 0x00, 0x00, 0xF7, 0x2E, 0x00, 0x00, 0x00, 0x00, 0x00, 0xF7,
    0x1E, 0x00, 0x00, 0x00, 0x00, 0x00, 0xF8, 0xCF, 0xBB, 0xBB, 0xBB, 0xBB,
    0x07, 0xF8, 0xFF, 0xFF, 0xFF, 0xFF, 0xFF, 0x0B, 0xF7, 0x8F, 0x77, 0x77,
    0x77, 0x77, 0x05, 0xF7, 0x1E, 0x00, 0x00, 0x00, 0x00, 0x00, 0xF7, 0x2E,
    0x00, 0x00, 0x00, 0x00, 0x00, 0xF7, 0x2E, 0x00, 0x00, 0x00, 0x00, 0x00,
    0xF7, 0x2E, 0x00, 0x00, 0x00, 0x00, 0x00, 0xF7, 0x2E, 0x00, 0x00, 0x00,
    0x00, 0x00, 0xF7, 0x1E, 0x00, 0x00, 0x00, 0x00, 0x00, 0xF7, 0x5E, 0x44,
    0x44, 0x44, 0x44, 0x24, 0xF8, 0xFF, 0xFF, 0xFF, 0xFF, 0xFF, 0x8F, 0xE7,
    0xEE, 0xEE, 0xEE, 0xEE, 0xEE, 0x7E, 0x10, 0x11, 0x11, 0x11, 0x11, 0x11,
    0x01, 0x00, 0x10, 0x03, 0x00, 0x00, 0x13, 0x00, 0x00, 0x00, 0xF6, 0x05,
    0x00, 0xF5, 0x06, 0x00, 0x00, 0x20, 0xDF, 0x14, 0xD4, 0x2F, 0x00, 0x00,
    0x00, 0x60, 0xFF, 0xFF, 0x7F, 0x00, 0x00, 0x00, 0x00, 0x40, 0xB9, 0x49,
    0x00, 0x00, 0x00, 0x00, 0x00, 0x00, 0x00, 0x00, 0x00, 0x00, 0x00, 0x00,
    0x00, 0x11, 0x01, 0x00, 0x00, 0x00, 0x00, 0x50, 0xDA, 0xDE, 0x6B, 0x01,
    0x00, 0x00, 0xA1, 0xFF, 0xFF, 0xFF, 0xCF, 0x02, 0x00, 0xB0, 0xFF, 0x6B,
    0x54, 0xFA, 0xDF, 0x01, 0x60, 0xFF, 0x08, 0x00, 0x00, 0xF6, 0x8F, 0x00,
    0xFC, 0x0B, 0x00, 0x00, 0x00, 0xFB, 0x1E, 0xF3, 0x4F, 0x00, 0x00, 0x00,
    0x40, 0xFF, 0x64, 0xFF, 0x46, 0x44, 0x44, 0x44, 0xF6, 0x6F, 0xF7, 0xFF,
    0xFF, 0xFF, 0xFF, 0xFF, 0xFF, 0x77, 0xFF, 0xEE, 0xEE, 0xEE, 0xEE, 0xEE,
    0x7E, 0xF6, 0x4F, 0x11, 0x11, 0x11, 0x11, 0x11, 0x41, 0xFF, 0x04, 0x00,
    0x00, 0x00, 0x00, 0x00, 0xE1, 0xAF, 0x00, 0x00, 0x00, 0x20, 0x03, 0x00,
    0xF8, 0x6F, 0x00, 0x00, 0x00, 0xFC, 0x2D, 0x10, 0xFD, 0x9F, 0x13, 0x42,
    0xFB, 0xAF, 0x00, 0x20, 0xFD, 0xFF, 0xEE, 0xFF, 0xBF, 0x01, 0x00, 0x10,
    0xD8, 0xFF, 0xEF, 0x6C, 0x00, 0x00, 0x00, 0x00, 0x20, 0x44, 0x02, 0x00,
    0x00, 0x00, 0x00, 0x40, 0xDD, 0x04, 0x00, 0x00, 0x00, 0x00, 0xB0, 0xFF,
    0x0B, 0x00, 0x00, 0x00, 0x00, 0x60, 0xFF, 0x06, 0x00, 0x00, 0x00, 0x00,
    0x00, 0x33, 0x00, 0x00, 0x00, 0x00, 0x00, 0x00, 0x00, 0x00, 0x00, 0x00,
    0x10, 0x11, 0x11, 0x11, 0x11, 0x11, 0x01, 0xE7, 0xEE, 0xEE, 0xEE, 0xEE,
    0xEE, 0x5E, 0xF8, 0xFF, 0xFF, 0xFF, 0xFF, 0xFF, 0x6F, 0xF7, 0x5E, 0x44,
    0x44, 0x44, 0x44, 0x24, 0xF7, 0x1E, 0x00, 0x00, 0x00, 0x00, 0x00, 0xF7,
    0x2E, 0x00, 0x00, 0x00, 0x00, 0x00, 0xF7, 0x2E, 0x00, 0x00, 0x00, 0x00,
    0x00, 0xF7, 0x2E, 0x00, 0x00, 0x00, 0x00, 0x00, 0xF7, 0x2E, 0x00, 0x00,
    0x00, 0x00, 0x00, 0xF7, 0x1E, 0x00, 0x00, 0x00, 0x00, 0x00, 0xF8, 0xCF,
    0xBB, 0xBB, 0xBB, 0xBB, 0x07, 0xF8, 0xFF, 0xFF, 0xFF, 0xFF, 0xFF, 0x0B,
    0xF7, 0x8F, 0x77, 0x77, 0x77, 0x77, 0x05, 0xF7, 0x1E, 0x00, 0x00, 0x00,
    0x00, 0x00, 0xF7, 0x2E, 0x00, 0x00, 0x00, 0x00, 0x00, 0xF7, 0x2E, 0x00,
    0x00, 0x00, 0x00, 0x00, 0xF7, 0x2E, 0x00, 0x00, 0x00, 0x00, 0x00, 0xF7,
    0x2E, 0x00, 0x00, 0x00, 0x00, 0x00, 0xF7, 0x1E, 0x00, 0x00, 0x00, 0x00,
    0x00, 0xF7, 0x5E, 0x44, 0x44, 0x44, 0x44, 0x24, 0xF8, 0xFF, 0xFF, 0xFF,
    0xFF, 0xFF, 0x8F, 0xE7, 0xEE, 0xEE, 0xEE, 0xEE, 0xEE, 0x7E, 0x10, 0x11,
    0x11, 0x11, 0x11, 0x11, 0x01, 0x00, 0x00, 0x00, 0xB6, 0x06, 0x00, 0x00,
    0x00, 0x00, 0x00, 0xF3, 0xFF, 0x03, 0x00, 0x00, 0x00, 0x00, 0x20, 0xFE,
    0x2E, 0x00, 0x00, 0x00, 0x00, 0x00, 0x30, 0x37, 0x00, 0x00, 0x00, 0x00,
    0x00, 0x00, 0x00, 0x00, 0x00, 0x00, 0x00, 0x00, 0x00, 0x10, 0x11, 0x00,
    0x00, 0x00, 0x00, 0x00, 0xA5, 0xED, 0xBD, 0x16, 0x00, 0x00, 0x10, 0xFA,
    0xFF, 0xFF, 0xFF, 0x2C, 0x00, 0x00, 0xFB, 0xBF, 0x46, 0xA5, 0xFF, 0x1D,
    0x00, 0xF6, 0x8F, 0x00, 0x00, 0x60, 0xFF, 0x08, 0xC0, 0xBF, 0x00, 0x00,
    0x00, 0xB0, 0xEF, 0x31, 0xFF, 0x04, 0x00, 0x00, 0x00, 0xF4, 0x4F, 0xF6,
    0x6F, 0x44, 0x44, 0x44, 0x64, 0xFF, 0x76, 0xFF, 0xFF, 0xFF, 0xFF, 0xFF,
    0xFF, 0x7F, 0xF7, 0xEF, 0xEE, 0xEE, 0xEE, 0xEE, 0xEE, 0x67, 0xFF, 0x14,
    0x11, 0x11, 0x11, 0x11, 0x11, 0xF4, 0x4F, 0x00, 0x00, 0x00, 0x00, 0x00,
    0x10, 0xFE, 0x0A, 0x00, 0x00, 0x00, 0x32, 0x00, 0x80, 0xFF, 0x06, 0x00,
    0x00, 0xB0, 0xDF, 0x02, 0xD1, 0xFF, 0x39, 0x22, 0xB4, 0xFF, 0x0A, 0x00,
    0xD2, 0xFF, 0xEF, 0xFE, 0xFF, 0x1B, 0x00, 0x00, 0x81, 0xFD, 0xFF, 0xCF,
    0x06, 0x00, 0x00, 0x00, 0x00, 0x42, 0x24, 0x00, 0x00, 0x00, 0x10, 0x11,
    0x11, 0x11, 0x11, 0x11, 0x01, 0x70, 0xEE, 0xEE, 0xEE, 0xEE, 0xEE, 0xEE,
    0x05, 0xF8, 0xFF, 0xFF, 0xFF, 0xFF, 0xFF, 0x6F, 0x70, 0xEF, 0x45, 0x44,
    0x44, 0x44, 0x44, 0x02, 0xF7, 0x1E, 0x00, 0x00, 0x00, 0x00, 0x00, 0x70,
    0xEF, 0x02, 0x00, 0x00, 0x00, 0x00, 0x00, 0xF7, 0x2E, 0x00, 0x00, 0x00,
    0x00, 0x00, 0x70, 0xEF, 0x02, 0x00, 0x00, 0x00, 0x00, 0x00, 0xF7, 0x2E,
    0x00, 0x00, 0x00, 0x00, 0x00, 0x70, 0xEF, 0x01, 0x00, 0x00, 0x00, 0x00,
    0x00, 0xF8, 0xBF, 0xBB, 0xBB, 0xBB, 0xBB, 0x07, 0x80, 0xFF, 0xFF, 0xFF,
    0xFF, 0xFF, 0xBF, 0x00, 0xF7, 0x9F, 0x88, 0x88, 0x88, 0x88, 0x05, 0x70,
    0xEF, 0x01, 0x00, 0x00, 0x00, 0x00, 0x00, 0xF7, 0x2E, 0x00, 0x00, 0x00,
    0x00, 0x00, 0x70, 0xEF, 0x02, 0x00, 0x00, 0x00, 0x00, 0x00, 0xF7, 0x2E,
    0x00, 0x00, 0x00, 0x00, 0x00, 0x70, 0xEF, 0x02, 0x00, 0x00, 0x00, 0x00,
    0x00, 0xF7, 0x1E, 0x00, 0x00, 0x00, 0x00, 0x00, 0x70, 0xEF, 0x45, 0x44,
    0x44, 0x44, 0x44, 0x02, 0xF8, 0xFF, 0xFF, 0xFF, 0xFF, 0xFF, 0x8F, 0x70,
    0xEE, 0xEE, 0xEE, 0xEE, 0xEE, 0xFF, 0x08, 0x11, 0x11, 0x11, 0x11, 0x31,
    0xFD, 0x2B, 0x00, 0x00, 0x00, 0x00, 0x00, 0xFB, 0x0A, 0x00, 0x00, 0x00,
    0x00, 0x00, 0xF5, 0x2F, 0x00, 0x00, 0x00, 0x00, 0x00, 0x80, 0xFF, 0x25,
    0x03, 0x00, 0x00, 0x00, 0x00, 0xF4, 0xFF, 0xFE, 0x02, 0x00, 0x00, 0x00,
    0x00, 0xE7, 0xFF, 0x3D, 0x00, 0x00, 0x00, 0x00, 0x00, 0x41, 0x14, 0x00,
    0x00, 0x00, 0x00, 0x10, 0x01, 0x00, 0x00, 0x00, 0x00, 0x50, 0xDA, 0xDE,
    0x6B, 0x00, 0x00, 0x00, 0xA0, 0xFF, 0xFF, 0xFF, 0xCF, 0x02, 0x00, 0xA0,
    0xFF, 0x6B, 0x64, 0xFA, 0xDF, 0x01, 0x50, 0xFF, 0x08, 0x00, 0x00, 0xF7,
    0x8F, 0x00, 0xFC, 0x0C, 0x00, 0x00, 0x00, 0xFB, 0x1E, 0xF3, 0x5F, 0x00,
    0x00, 0x00, 0x40, 0xFF, 0x54, 0xFF, 0x46, 0x44, 0x44, 0x44, 0xF6, 0x6F,
    0xF7, 0xFF, 0xFF, 0xFF, 0xFF, 0xFF, 0xFF, 0x77, 0xFF, 0xEE, 0xEE, 0xEE,
    0xEE, 0xEE, 0x7E, 0xF7, 0x3F, 0x11, 0x11, 0x11, 0x11, 0x11, 0x40, 0xFF,
    0x04, 0x00, 0x00, 0x00, 0x00, 0x00, 0xE1, 0x9F, 0x00, 0x00, 0x00, 0x10,
    0x02, 0x00, 0xFA, 0x4E, 0x00, 0x00, 0x00, 0xF9, 0x2B, 0x20, 0xFE, 0x6E,
    0x01, 0x10, 0xF8, 0xDF, 0x01, 0x40, 0xFE, 0xDF, 0xCB, 0xFE, 0xFF, 0x05,
    0x00, 0x30, 0xFB, 0xFF, 0xFF, 0xFF, 0x0A, 0x00, 0x00, 0x00, 0x63, 0x77,
    0xFC, 0x1D, 0x00, 0x00, 0x00, 0x00, 0x00, 0xE2, 0x5F, 0x00, 0x00, 0x00,
    0x00, 0x00, 0x90, 0xCF, 0x00, 0x00, 0x00, 0x00, 0x00, 0x00, 0xFB, 0x3D,
    0x22, 0x00, 0x00, 0x00, 0x00, 0x80, 0xFF, 0xFF, 0x0B, 0x00, 0x00, 0x00,
    0x00, 0xA1, 0xFE, 0xBF, 0x01, 0x00, 0x00, 0x00, 0x00, 0x20, 0x34, 0x00,
    0x00, 0x42, 0x03, 0x00, 0x40, 0x24, 0x00, 0x00, 0xE2, 0x7F, 0x00, 0xFA,
    0x2D, 0x00, 0x00, 0x30, 0xFE, 0x75, 0xDF, 0x02, 0x00, 0x00, 0x00, 0xF4,
    0xFF, 0x3E, 0x00, 0x00, 0x00, 0x00, 0x60, 0x9A, 0x04, 0x00, 0x00, 0x00,
    0x00, 0x00, 0x00, 0x00, 0x00, 0x00, 0x10, 0x11, 0x11, 0x11, 0x11, 0x11,
    0x01, 0xE7, 0xEE, 0xEE, 0xEE, 0xEE, 0xEE, 0x5E, 0xF8, 0xFF, 0xFF, 0xFF,
    0xFF, 0xFF, 0x6F, 0xF7, 0x5E, 0x44, 0x44, 0x44, 0x44, 0x24, 0xF7, 0x1E,
    0x00, 0x00, 0x00, 0x00, 0x00, 0xF7, 0x2E, 0x00, 0x00, 0x00, 0x00, 0x00,
    0xF7, 0x2E, 0x00, 0x00, 0x00, 0x00, 0x00, 0xF7, 0x2E, 0x00, 0x00, 0x00,
    0x00, 0x00, 0xF7, 0x2E, 0x00, 0x00, 0x00, 0x00, 0x00, 0xF7, 0x1E, 0x00,
    0x00, 0x00, 0x00, 0x00, 0xF8, 0xCF, 0xBB, 0xBB, 0xBB, 0xBB, 0x07, 0xF8,
    0xFF, 0xFF, 0xFF, 0xFF, 0xFF, 0x0B, 0xF7, 0x8F, 0x77, 0x77, 0x77, 0x77,
    0x05, 0xF7, 0x1E, 0x00, 0x00, 0x00, 0x00, 0x00, 0xF7, 0x2E, 0x00, 0x00,
    0x00, 0x00, 0x00, 0xF7, 0x2E, 0x00, 0x00, 0x00, 0x00, 0x00, 0xF7, 0x2E,
    0x00, 0x00, 0x00, 0x00, 0x00, 0xF7, 0x2E, 0x00, 0x00, 0x00, 0x00, 0x00,
    0xF7, 0x1E, 0x00, 0x00, 0x00, 0x00, 0x00, 0xF7, 0x5E, 0x44, 0x44, 0x44,
    0x44, 0x24, 0xF8, 0xFF, 0xFF, 0xFF, 0xFF, 0xFF, 0x8F, 0xE7, 0xEE, 0xEE,
    0xEE, 0xEE, 0xEE, 0x7E, 0x10, 0x11, 0x11, 0x11, 0x11, 0x11, 0x01, 0x00,
    0x10, 0x01, 0x00, 0x10, 0x32, 0x00, 0x00, 0x00, 0xE7, 0x1C, 0x10, 0xFC,
    0x09, 0x00, 0x00, 0x00, 0xFA, 0x1B, 0xFB, 0x0B, 0x00, 0x00, 0x00, 0x00,
    0xFB, 0xFE, 0x1C, 0x00, 0x00, 0x00, 0x00, 0x10, 0xBA, 0x1A, 0x00, 0x00,
    0x00, 0x00, 0x00, 0x00, 0x00, 0x00, 0x00, 0x00, 0x00, 0x00, 0x00, 0x11,
    0x01, 0x00, 0x00, 0x00, 0x00, 0x50, 0xDA, 0xDE, 0x6B, 0x01, 0x00, 0x00,
    0xA1, 0xFF, 0xFF, 0xFF, 0xCF, 0x02, 0x00, 0xB0, 0xFF, 0x6B, 0x54, 0xFA,
    0xDF, 0x01, 0x60, 0xFF, 0x08, 0x00, 0x00, 0xF6, 0x8F, 0x00, 0xFC, 0x0B,
    0x00, 0x00, 0x00, 0xFB, 0x1E, 0xF3, 0x4F, 0x00, 0x00, 0x00, 0x40, 0xFF,
    0x64, 0xFF, 0x46, 0x44, 0x44, 0x44, 0xF6, 0x6F, 0xF7, 0xFF, 0xFF, 0xFF,
    0xFF, 0xFF, 0xFF, 0x77, 0xFF, 0xEE, 0xEE, 0xEE, 0xEE, 0xEE, 0x7E, 0xF6,
    0x4F, 0x11, 0x11, 0x11, 0x11, 0x11, 0x41, 0xFF, 0x04, 0x00, 0x00, 0x00,
    0x00, 0x00, 0xE1, 0xAF, 0x00, 0x00, 0x00, 0x20, 0x03, 0x00, 0xF8, 0x6F,
    0x00, 0x00, 0x00, 0xFB, 0x2D, 0x10, 0xFD, 0x9F, 0x23, 0x42, 0xFB, 0xAF,
    0x00, 0x20, 0xFD, 0xFF, 0xEE, 0xFF, 0xBF, 0x01, 0x00, 0x10, 0xD8, 0xFF,
    0xFF, 0x6C, 0x00, 0x00, 0x00, 0x00, 0x20, 0x44, 0x02, 0x00, 0x00, 0x00,
    0x00, 0x00, 0x00, 0x41, 0x14, 0x00, 0x00, 0x00, 0x00, 0x00, 0x00, 0x00,
    0xC1, 0xFF, 0x1C, 0x00, 0x00, 0x00, 0x00, 0x00, 0x00, 0xB0, 0xAF, 0xF9,
    0x0B, 0x00, 0x00, 0x00, 0x00, 0x00, 0xA1, 0xCF, 0x01, 0xFB, 0x1B, 0x00,
    0x00, 0x00, 0x00, 0x30, 0x9A, 0x02, 0x10, 0x87, 0x03, 0x00, 0x00, 0x00,
    0x00, 0x00, 0x00, 0x00, 0x00, 0x00, 0x00, 0x00, 0x00, 0x00, 0x00, 0x10,
    0x43, 0x34, 0x01, 0x00, 0x00, 0x00, 0x00, 0x00, 0x92, 0xFD, 0xFF, 0xDF,
    0x39, 0x00, 0x00, 0x00, 0x00, 0xE6, 0xFF, 0xFF, 0xFF, 0xFF, 0x8F, 0x00,
    0x00, 0x00, 0xF8, 0xFF, 0x7B, 0x44, 0xA6, 0xFF, 0x9F, 0x00, 0x00, 0xF5,
    0xEF, 0x05, 0x00, 0x00, 0x40, 0xFE, 0x6F, 0x00, 0xD1, 0xFF, 0x04, 0x00,
    0x00, 0x00, 0x30, 0xFE, 0x1E, 0x60, 0xFF, 0x08, 0x00, 0x00, 0x00, 0x00,
    0x80, 0xFF, 0x06, 0xFB, 0x1E, 0x00, 0x00, 0x00, 0x00, 0x00, 0x92, 0x69,
    0xD1, 0xAF, 0x00, 0x00, 0x00, 0x00, 0x00, 0x00, 0x00, 0x20, 0xFF, 0x07,
    0x00, 0x00, 0x00, 0x00, 0x00, 0x00, 0x00, 0xF3, 0x6F, 0x00, 0x00, 0x00,
    0x00, 0x00, 0x00, 0x00, 0x40, 0xFF, 0x05, 0x00, 0x00, 0x20, 0x88, 0x88,
    0x88, 0x68, 0xF4, 0x6F, 0x00, 0x00, 0x00, 0xF4, 0xFF, 0xFF, 0xFF, 0x2D,
    0xFF, 0x07, 0x00, 0x00, 0x30, 0xBB, 0xBB, 0xEB, 0xCF, 0xD1, 0xAF, 0x00,
    0x00, 0x00, 0x00, 0x00, 0x00, 0xFB, 0x0C, 0xFB, 0x1E, 0x00, 0x00, 0x00,
    0x00, 0x00, 0xE1, 0xAF, 0x60, 0xFF, 0x08, 0x00, 0x00, 0x00, 0x00, 0x50,
    0xFF, 0x07, 0xD1, 0xFF, 0x04, 0x00, 0x00, 0x00, 0x10, 0xFD, 0x2F, 0x00,
    0xF5, 0xEF, 0x06, 0x00, 0x00, 0x30, 0xFC, 0x8F, 0x00, 0x00, 0xF7, 0xFF,
    0x7C, 0x44, 0x96, 0xFE, 0xBF, 0x00, 0x00, 0x00, 0xE6, 0xFF, 0xFF, 0xFF,
    0xFF, 0xAF, 0x01, 0x00, 0x00, 0x00, 0x82, 0xED, 0xFF, 0xEF, 0x4A, 0x00,
    0x00, 0x00, 0x00, 0x00, 0x00, 0x42, 0x34, 0x01, 0x00, 0x00, 0x00, 0x00,
    0x00, 0x00, 0x10, 0x01, 0x00, 0x00, 0x00, 0x00, 0x00, 0xD3, 0xDF, 0x04,
    0x00, 0x00, 0x00, 0x00, 0xD1, 0xBF, 0xEF, 0x02, 0x00, 0x00, 0x00, 0xC1,
    0xAF, 0x80, 0xDF, 0x02, 0x00, 0x00, 0x80, 0xAD, 0x01, 0x90, 0x9D, 0x00,
    0x00, 0x00, 0x01, 0x00, 0x00, 0x00, 0x01, 0x00, 0x00, 0x00, 0x00, 0x11,
    0x00, 0x00, 0x00, 0x00, 0x00, 0x60, 0xDB, 0xCE, 0x18, 0xA0, 0x7C, 0x00,
    0xC1, 0xFF, 0xFF, 0xFF, 0x1C, 0xFD, 0x09, 0xC1, 0xFF, 0x6B, 0x64, 0xFA,
    0xDB, 0x8F, 0x70, 0xFF, 0x09, 0x00, 0x00, 0xF7, 0xFF, 0x19, 0xFD, 0x0C,
    0x00, 0x00, 0x00, 0xFB, 0x9F, 0xF3, 0x7F, 0x00, 0x00, 0x00, 0x50, 0xFF,
    0x69, 0xFF, 0x03, 0x00, 0x00, 0x00, 0xF2, 0x9F, 0xF7, 0x2E, 0x00, 0x00,
    0x00, 0x10, 0xFE, 0x79, 0xEF, 0x02, 0x00, 0x00, 0x00, 0xE1, 0x9F, 0xF6,
    0x3F, 0x00, 0x00, 0x00, 0x20, 0xFF, 0x49, 0xFF, 0x07, 0x00, 0x00, 0x00,
    0xF5, 0x9F, 0xD1, 0xDF, 0x01, 0x00, 0x00, 0xC0, 0xFF, 0x09, 0xF7, 0xBF,
    0x01, 0x00, 0x91, 0xFF, 0x9F, 0x00, 0xFB, 0xDF, 0x89, 0xD9, 0x9F, 0xFD,
    0x09, 0x10, 0xFA, 0xFF, 0xFF, 0x9F, 0xE1, 0x9F, 0x00, 0x00, 0x83, 0xBA,
    0x59, 0x10, 0xFE, 0x09, 0x00, 0x00, 0x00, 0x00, 0x00, 0xE1, 0x8F, 0x00,
    0x11, 0x00, 0x00, 0x10, 0x30, 0xFF, 0x07, 0xD4, 0x1D, 0x00, 0x00, 0x00,
    0xFA, 0x4F, 0x80, 0xFF, 0x6D, 0x12, 0x52, 0xFB, 0xCF, 0x00, 0x80, 0xFF,
    0xFF, 0xFE, 0xFF, 0xCF, 0x02, 0x00, 0x40, 0xEB, 0xFF, 0xEF, 0x7C, 0x01,
    0x00, 0x00, 0x00, 0x31, 0x44, 0x02, 0x00, 0x00, 0x00, 0x00, 0x00, 0x34,
    0x00, 0x00, 0x43, 0x00, 0x00, 0x00, 0x00, 0x00, 0xF0, 0x0E, 0x00, 0xE0,
    0x0F, 0x00, 0x00, 0x00, 0x00, 0x00, 0xF9, 0x28, 0x82, 0x9F, 0x00, 0x00,
    0x00, 0x00, 0x00, 0x10, 0xFC, 0xFF, 0xCF, 0x01, 0x00, 0x00, 0x00, 0x00,
    0x00, 0x10, 0xB7, 0x7B, 0x01, 0x00, 0x00, 0x00, 0x00, 0x00, 0x00, 0x00,
    0x00, 0x00, 0x00, 0x00, 0x00, 0x00, 0x00, 0x00, 0x00, 0x43, 0x34, 0x01,
    0x00, 0x00, 0x00, 0x00, 0x00, 0x92, 0xFD, 0xFF, 0xDF, 0x39, 0x00, 0x00,
    0x00, 0x00, 0xE6, 0xFF, 0xFF, 0xFF, 0xFF, 0x8F, 0x00, 0x00, 0x00, 0xF8,
    0xFF, 0x7B, 0x44, 0xA6, 0xFF, 0x9F, 0x00, 0x00, 0xF5, 0xEF, 0x05, 0x00,
    0x00, 0x40, 0xFE, 0x6F, 0x00, 0xD1, 0xEF, 0x04, 0x00, 0x00, 0x00, 0x40,
    0xFF, 0x1E, 0x60, 0xFF, 0x08, 0x00, 0x00, 0x00, 0x00, 0x80, 0xFF, 0x06,
    0xFB, 0x1E, 0x00, 0x00, 0x00, 0x00, 0x00, 0x92, 0x69, 0xD1, 0xAF, 0x00,
    0x00, 0x00, 0x00, 0x00, 0x00, 0x00, 0x20, 0xFF, 0x07, 0x00, 0x00, 0x00,
    0x00, 0x00, 0x00, 0x00, 0xF3, 0x6F, 0x00, 0x00, 0x00, 0x00, 0x00, 0x00,
    0x00, 0x40, 0xFF, 0x05, 0x00, 0x00, 0x20, 0x88, 0x88, 0x88, 0x68, 0xF4,
    0x6F, 0x00, 0x00, 0x00, 0xF5, 0xFF, 0xFF, 0xFF, 0x2D, 0xFF, 0x07, 0x00,
    0x00, 0x30, 0xBB, 0xBB, 0xEB, 0xCF, 0xD1, 0xAF, 0x00, 0x00, 0x00, 0x00,
    0x00, 0x00, 0xFB, 0x0C, 0xFB, 0x1E, 0x00, 0x00, 0x00, 0x00, 0x00, 0xE1,
    0xAF, 0x60, 0xFF, 0x08, 0x00, 0x00, 0x00, 0x00, 0x50, 0xFF, 0x07, 0xD1,
    0xFF, 0x04, 0x00, 0x00, 0x00, 0x10, 0xFD, 0x2F, 0x00, 0xF5, 0xEF, 0x06,
    0x00, 0x00, 0x30, 0xFC, 0x8F, 0x00, 0x00, 0xF7, 0xFF, 0x7C, 0x44, 0x96,
    0xFE, 0xBF, 0x00, 0x00, 0x00, 0xE6, 0xFF, 0xFF, 0xFF, 0xFF, 0xAF, 0x01,
    0x00, 0x00, 0x00, 0x82, 0xED, 0xFF, 0xEF, 0x4A, 0x00, 0x00, 0x00, 0x00,
    0x00, 0x00, 0x42, 0x34, 0x01, 0x00, 0x00, 0x00, 0x00, 0x10, 0x01, 0x00,
    0x00, 0x11, 0x00, 0x00, 0x00, 0xE6, 0x04, 0x00, 0xE1, 0x0A, 0x00, 0x00,
    0x30, 0xCF, 0x01, 0x90, 0x7F, 0x00, 0x00, 0x00, 0x80, 0xEF, 0xDB, 0xCF,
    0x01, 0x00, 0x00, 0x00, 0x60, 0xFD, 0x8D, 0x01, 0x00, 0x00, 0x00, 0x00,
    0x00, 0x01, 0x00, 0x00, 0x00, 0x00, 0x00, 0x00, 0x11, 0x00, 0x00, 0x00,
    0x00, 0x00, 0x60, 0xDB, 0xCE, 0x18, 0xA0, 0x7C, 0x00, 0xB1, 0xFF, 0xFF,
    0xFF, 0x2C, 0xFD, 0x09, 0xC0, 0xFF, 0x6B, 0x64, 0xFA, 0xDB, 0x8F, 0x70,
    0xFF, 0x09, 0x00, 0x00, 0xF7, 0xFF, 0x19, 0xFD, 0x0C, 0x00, 0x00, 0x00,
    0xFB, 0x9F, 0xF3, 0x7F, 0x00, 0x00, 0x00, 0x50, 0xFF, 0x69, 0xFF, 0x03,
    0x00, 0x00, 0x00, 0xF2, 0x9F, 0xF7, 0x2E, 0x00, 0x00, 0x00, 0x10, 0xFE,
    0x79, 0xEF, 0x02, 0x00, 0x00, 0x00, 0xE1, 0x9F, 0xF6, 0x3F, 0x00, 0x00,
    0x00, 0x20, 0xFF, 0x49, 0xFF, 0x07, 0x00, 0x00, 0x00, 0xF5, 0x9F, 0xD1,
    0xDF, 0x01, 0x00, 0x00, 0xC0, 0xFF, 0x09, 0xF7, 0xBF, 0x01, 0x00, 0x91,
    0xFF, 0x9F, 0x00, 0xFB, 0xDF, 0x89, 0xD9, 0x9F, 0xFD, 0x09, 0x10, 0xFA,
    0xFF, 0xFF, 0x9F, 0xE1, 0x9F, 0x00, 0x00, 0x83, 0xBA, 0x59, 0x10, 0xFE,
    0x09, 0x00, 0x00, 0x00, 0x00, 0x00, 0xE1, 0x8F, 0x00, 0x11, 0x00, 0x00,
    0x10, 0x30, 0xFF, 0x07, 0xC4, 0x1D, 0x00, 0x00, 0x00, 0xFA, 0x4F, 0x80,
    0xFF, 0x6D, 0x12, 0x52, 0xFB, 0xCF, 0x00, 0x80, 0xFF, 0xFF, 0xFE, 0xFF,
    0xCF, 0x02, 0x00, 0x40, 0xEB, 0xFF, 0xEF, 0x7C, 0x01, 0x00, 0x00, 0x00,
    0x31, 0x44, 0x02, 0x00, 0x00, 0x00, 0x00, 0x00, 0x00, 0xD4, 0x4D, 0x00,
    0x00, 0x00, 0x00, 0x00, 0x00, 0x00, 0xB0, 0xFF, 0x0B, 0x00, 0x00, 0x00,
    0x00, 0x00, 0x00, 0x00, 0xF6, 0x6F, 0x00, 0x00, 0x00, 0x00, 0x00, 0x00,
    0x00, 0x00, 0x33, 0x00, 0x00, 0x00, 0x00, 0x00, 0x00, 0x00, 0x00, 0x00,
    0x00, 0x00, 0x00, 0x00, 0x00, 0x00, 0x00, 0x00, 0x20, 0x44, 0x12, 0x00,
    0x00, 0x00, 0x00, 0x00, 0x20, 0xD9, 0xFF, 0xFF, 0x9D, 0x03, 0x00, 0x00,
    0x00, 0x60, 0xFE, 0xFF, 0xFF, 0xFF, 0xFF, 0x08, 0x00, 0x00, 0x80, 0xFF,
    0xBF, 0x47, 0x64, 0xFA, 0xFF, 0x09, 0x00, 0x50, 0xFF, 0x5E, 0x00, 0x00,
    0x00, 0xE4, 0xFF, 0x06, 0x10, 0xFD, 0x4F, 0x00, 0x00, 0x00, 0x00, 0xE3,
    0xEF, 0x01, 0xF6, 0x8F, 0x00, 0x00, 0x00, 0x00, 0x00, 0xF8, 0x6F, 0xB0,
    0xEF, 0x01, 0x00, 0x00, 0x00, 0x00, 0x20, 0x99, 0x16, 0xFD, 0x0A, 0x00,
    0x00, 0x00, 0x00, 0x00, 0x00, 0x00, 0xF2, 0x7F, 0x00, 0x00, 0x00, 0x00,
    0x00, 0x00, 0x00, 0x30, 0xFF, 0x06, 0x00, 0x00, 0x00, 0x00, 0x00, 0x00,
    0x00, 0xF4, 0x5F, 0x00, 0x00, 0x00, 0x82, 0x88, 0x88, 0x88, 0x46, 0xFF,
    0x06, 0x00, 0x00, 0x50, 0xFF, 0xFF, 0xFF, 0xDF, 0xF2, 0x7F, 0x00, 0x00,
    0x00, 0xB3, 0xBB, 0xBB, 0xFE, 0x1C, 0xFD, 0x0A, 0x00, 0x00, 0x00, 0x00,
    0x00, 0xB0, 0xCF, 0xB0, 0xEF, 0x01, 0x00, 0x00, 0x00, 0x00, 0x10, 0xFE,
    0x0A, 0xF6, 0x8F, 0x00, 0x00, 0x00, 0x00, 0x00, 0xF5, 0x7F, 0x10, 0xFD,
    0x4F, 0x00, 0x00, 0x00, 0x00, 0xD1, 0xFF, 0x02, 0x50, 0xFF, 0x6E, 0x00,
    0x00, 0x00, 0xC3, 0xFF, 0x08, 0x00, 0x70, 0xFF, 0xCF, 0x47, 0x64, 0xE9,
    0xFF, 0x0B, 0x00, 0x00, 0x60, 0xFE, 0xFF, 0xFF, 0xFF, 0xFF, 0x1A, 0x00,
    0x00, 0x00, 0x20, 0xD8, 0xFE, 0xFF, 0xAE, 0x04, 0x00, 0x00, 0x00, 0x00,
    0x00, 0x20, 0x44, 0x13, 0x00, 0x00, 0x00, 0x00, 0x00, 0x00, 0xB6, 0x06,
    0x00, 0x00, 0x00, 0x00, 0x00, 0xF3, 0xFF, 0x03, 0x00, 0x00, 0x00, 0x00,
    0x20, 0xFE, 0x2E, 0x00, 0x00, 0x00, 0x00, 0x00, 0x30, 0x37, 0x00, 0x00,
    0x00, 0x00, 0x00, 0x00, 0x00, 0x00, 0x00, 0x00, 0x00, 0x00, 0x00, 0x10,
    0x01, 0x00, 0x00, 0x00, 0x00, 0x00, 0xB6, 0xED, 0x8C, 0x01, 0xCA, 0x07,
    0x10, 0xFC, 0xFF, 0xFF, 0xCF, 0xD1, 0x9F, 0x10, 0xFC, 0xBF, 0x46, 0xA6,
    0xBF, 0xFD, 0x08, 0xF7, 0x9F, 0x00, 0x00, 0x70, 0xFF, 0x9F, 0xD1, 0xCF,
    0x00, 0x00, 0x00, 0xB0, 0xFF, 0x39, 0xFF, 0x07, 0x00, 0x00, 0x00, 0xF5,
    0x9F, 0xF6, 0x3F, 0x00, 0x00, 0x00, 0x20, 0xFF, 0x79, 0xEF, 0x02, 0x00,
    0x00, 0x00, 0xE1, 0x9F, 0xF7, 0x2E, 0x00, 0x00, 0x00, 0x10, 0xFE, 0x69,
    0xFF, 0x03, 0x00, 0x00, 0x00, 0xF2, 0x9F, 0xF4, 0x7F, 0x00, 0x00, 0x00,
    0x50, 0xFF, 0x19, 0xFD, 0x1D, 0x00, 0x00, 0x00, 0xFC, 0x9F, 0x70, 0xFF,
    0x1B, 0x00, 0x10, 0xF9, 0xFF, 0x09, 0xB0, 0xFF, 0x9D, 0x98, 0xFD, 0xD9,
    0x9F, 0x00, 0xA1, 0xFF, 0xFF, 0xFF, 0x19, 0xFE, 0x09, 0x00, 0x30, 0xA8,
    0x9B, 0x05, 0xE1, 0x9F, 0x00, 0x00, 0x00, 0x00, 0x00, 0x10, 0xFE, 0x08,
    0x10, 0x01, 0x00, 0x00, 0x01, 0xF3, 0x7F, 0x40, 0xDD, 0x01, 0x00, 0x00,
    0xA0, 0xFF, 0x04, 0xF8, 0xDF, 0x26, 0x21, 0xB5, 0xFF, 0x0C, 0x00, 0xF8,
    0xFF, 0xEF, 0xFF, 0xFF, 0x2C, 0x00, 0x00, 0xB4, 0xFE, 0xFF, 0xCE, 0x17,
    0x00, 0x00, 0x00, 0x10, 0x43, 0x24, 0x00, 0x00, 0x00, 0x00, 0x00, 0x00,
    0x00, 0x42, 0x24, 0x01, 0x00, 0x00, 0x00, 0x00, 0x00, 0x92, 0xFD, 0xFF,
    0xDF, 0x39, 0x00, 0x00, 0x00, 0x00, 0xE6, 0xFF, 0xFF, 0xFF, 0xFF, 0x8F,
    0x00, 0x00, 0x00, 0xF8, 0xFF, 0x7B, 0x44, 0xA6, 0xFF, 0x9F, 0x00, 0x00,
    0xF5, 0xEF, 0x05, 0x00, 0x00, 0x40, 0xFE, 0x6F, 0x00, 0xD1, 0xFF, 0x04,
    0x00, 0x00, 0x00, 0x30, 0xFE, 0x1E, 0x60, 0xFF, 0x08, 0x00, 0x00, 0x00,
    0x00, 0x80, 0xFF, 0x06, 0xFB, 0x1E, 0x00, 0x00, 0x00, 0x00, 0x00, 0x92,
    0x69, 0xD1, 0xAF, 0x00, 0x00, 0x00, 0x00, 0x00, 0x00, 0x00, 0x20, 0xFF,
    0x07, 0x00, 0x00, 0x00, 0x00, 0x00, 0x00, 0x00, 0xF3, 0x6F, 0x00, 0x00,
    0x00, 0x00, 0x00, 0x00, 0x00, 0x40, 0xFF, 0x05, 0x00, 0x00, 0x20, 0x88,
    0x88, 0x88, 0x68, 0xF4, 0x6F, 0x00, 0x00, 0x00, 0xF4, 0xFF, 0xFF, 0xFF,
    0x2D, 0xFF, 0x07, 0x00, 0x00, 0x30, 0xBB, 0xBB, 0xEB, 0xCF, 0xD1, 0xAF,
    0x00, 0x00, 0x00, 0x00, 0x00, 0x00, 0xFB, 0x0C, 0xFB, 0x1E, 0x00, 0x00,
    0x00, 0x00, 0x00, 0xE1, 0xAF, 0x60, 0xFF, 0x08, 0x00, 0x00, 0x00, 0x00,
    0x50, 0xFF, 0x07, 0xD1, 0xFF, 0x04, 0x00, 0x00, 0x00, 0x10, 0xFD, 0x2F,
    0x00, 0xF5, 0xEF, 0x06, 0x00, 0x00, 0x30, 0xFC, 0x8F, 0x00, 0x00, 0xF7,
    0xFF, 0x7C, 0x44, 0x96, 0xFE, 0xBF, 0x00, 0x00, 0x00, 0xE6, 0xFF, 0xFF,
    0xFF, 0xFF, 0xAF, 0x01, 0x00, 0x00, 0x00, 0x82, 0xFD, 0xFF, 0xEF, 0x4A,
    0x00, 0x00, 0x00, 0x00, 0x00, 0x00, 0x32, 0x33, 0x01, 0x00, 0x00, 0x00,
    0x00, 0x00, 0x00, 0x10, 0x33, 0x00, 0x00, 0x00, 0x00, 0x00, 0x00, 0x00,
    0x00, 0xF8, 0x1E, 0x00, 0x00, 0x00, 0x00, 0x00, 0x00, 0x00, 0xB0, 0x9F,
    0x00, 0x00, 0x00, 0x00, 0x00, 0x00, 0x00, 0x10, 0xFE, 0x05, 0x00, 0x00,
    0x00, 0x00, 0x00, 0x00, 0x00, 0xF3, 0x1D, 0x00, 0x00, 0x00, 0x00, 0x00,
    0x00, 0x00, 0x60, 0x9F, 0x00, 0x00, 0x00, 0x00, 0x00, 0x00, 0x00, 0x00,
    0x00, 0x03, 0x00, 0x00, 0x00, 0x00, 0x00, 0x00, 0xF5, 0x08, 0x00, 0x00,
    0x00, 0x00, 0x00, 0xD1, 0x7F, 0x00, 0x00, 0x00, 0x00, 0x00, 0x50, 0xDF,
    0x01, 0x00, 0x00, 0x00, 0x00, 0x00, 0xF7, 0x0B, 0x00, 0x00, 0x00, 0x00,
    0x00, 0x80, 0xCF, 0x00, 0x00, 0x00, 0x00, 0x00, 0x00, 0x94, 0x07, 0x00,
    0x00, 0x00, 0x00, 0x00, 0x00, 0x00, 0x00, 0x00, 0x00, 0x00, 0x00, 0xB6,
    0xED, 0x8C, 0x01, 0xCA, 0x07, 0x10, 0xFC, 0xFF, 0xFF, 0xCF, 0xD1, 0x9F,
    0x10, 0xFC, 0xBF, 0x46, 0xA6, 0xBF, 0xFD, 0x08, 0xF7, 0x9F, 0x00, 0x00,
    0x70, 0xFF, 0x9F, 0xD1, 0xCF, 0x00, 0x00, 0x00, 0xB0, 0xFF, 0x39, 0xFF,
    0x07, 0x00, 0x00, 0x00, 0xF5, 0x9F, 0xF6, 0x3F, 0x00, 0x00, 0x00, 0x20,
    0xFF, 0x79, 0xEF, 0x02, 0x00, 0x00, 0x00, 0xE1, 0x9F, 0xF7, 0x2E, 0x00,
    0x00, 0x00, 0x10, 0xFE, 0x69, 0xFF, 0x03, 0x00, 0x00, 0x00, 0xF2, 0x9F,
    0xF4, 0x7F, 0x00, 0x00, 0x00, 0x50, 0xFF, 0x19, 0xFD, 0x1D, 0x00, 0x00,
    0x00, 0xFC, 0x9F, 0x70, 0xFF, 0x1B, 0x00, 0x10, 0xF9, 0xFF, 0x09, 0xB0,
    0xFF, 0x9D, 0x98, 0xFD, 0xD9, 0x9F, 0x00, 0xA1, 0xFF, 0xFF, 0xFF, 0x19,
    0xFE, 0x09, 0x00, 0x30, 0xA8, 0x9B, 0x05, 0xE1, 0x9F, 0x00, 0x00, 0x00,
    0x00, 0x00, 0x10, 0xFE, 0x08, 0x10, 0x01, 0x00, 0x00, 0x01, 0xF3, 0x7F,
    0x40, 0xDD, 0x01, 0x00, 0x00, 0xA0, 0xFF, 0x04, 0xF8, 0xDF, 0x26, 0x21,
    0xB5, 0xFF, 0x0C, 0x00, 0xF8, 0xFF, 0xEF, 0xFF, 0xFF, 0x2C, 0x00, 0x00,
    0xB4, 0xFE, 0xFF, 0xCE, 0x17, 0x00, 0x00, 0x00, 0x10, 0x43, 0x24, 0x00,
    0x00, 0x00, 0x00, 0x00, 0x00, 0x30, 0x34, 0x00, 0x00, 0x00, 0x00, 0x00,
    0x00, 0x40, 0xFF, 0x8F, 0x00, 0x00, 0x00, 0x00, 0x00, 0x30, 0xFE, 0xD8,
    0x6F, 0x00, 0x00, 0x00, 0x00, 0x30, 0xFE, 0x08, 0xF4, 0x5F, 0x00, 0x00,
    0x00, 0x00, 0xA7, 0x08, 0x00, 0x95, 0x18, 0x00, 0x00, 0x00, 0x00, 0x00,
    0x00, 0x00, 0x00, 0x00, 0x00, 0x10, 0x01, 0x00, 0x00, 0x00, 0x00, 0x00,
    0x11, 0x71, 0xDE, 0x02, 0x00, 0x00, 0x00, 0x00, 0xA0, 0xBE, 0xF8, 0x2F,
    0x00, 0x00, 0x00, 0x00, 0x00, 0xFB, 0x7C, 0xEF, 0x02, 0x00, 0x00, 0x00,
    0x00, 0xB0, 0xCF, 0xF7, 0x2E, 0x00, 0x00, 0x00, 0x00, 0x00, 0xFB, 0x7C,
    0xEF, 0x02, 0x00, 0x00, 0x00, 0x00, 0xB0, 0xCF, 0xF7, 0x2E, 0x00, 0x00,
    0x00, 0x00, 0x00, 0xFB, 0x7C, 0xEF, 0x02, 0x00, 0x00, 0x00, 0x00, 0xB0,
    0xCF, 0xF7, 0x2E, 0x00, 0x00, 0x00, 0x00, 0x00, 0xFB, 0x7C, 0xEF, 0x13,
    0x11, 0x11, 0x11, 0x11, 0xB1, 0xCF, 0xF8, 0xEF, 0xEE, 0xEE, 0xEE, 0xEE,
    0xEE, 0xFF, 0x8C, 0xFF, 0xFF, 0xFF, 0xFF, 0xFF, 0xFF, 0xFF, 0xCF, 0xF7,
    0x5E, 0x44, 0x44, 0x44, 0x44, 0x44, 0xFC, 0x7C, 0xEF, 0x01, 0x00, 0x00,
    0x00, 0x00, 0xB0, 0xCF, 0xF7, 0x2E, 0x00, 0x00, 0x00, 0x00, 0x00, 0xFB,
    0x7C, 0xEF, 0x02, 0x00, 0x00, 0x00, 0x00, 0xB0, 0xCF, 0xF7, 0x2E, 0x00,
    0x00, 0x00, 0x00, 0x00, 0xFB, 0x7C, 0xEF, 0x02, 0x00, 0x00, 0x00, 0x00,
    0xB0, 0xCF, 0xF7, 0x2E, 0x00, 0x00, 0x00, 0x00, 0x00, 0xFB, 0x7C, 0xEF,
    0x02, 0x00, 0x00, 0x00, 0x00, 0xB0, 0xCF, 0xF8, 0x2F, 0x00, 0x00, 0x00,
    0x00, 0x00, 0xFB, 0x7C, 0xDE, 0x02, 0x00, 0x00, 0x00, 0x00, 0xA0, 0xBE,
    0x10, 0x01, 0x00, 0x00, 0x00, 0x00, 0x00, 0x11, 0x01, 0x00, 0x30, 0x34,
    0x00, 0x00, 0x00, 0x00, 0x00, 0x00, 0x60, 0xFF, 0x7F, 0x00, 0x00, 0x00,
    0x00, 0x00, 0x40, 0xFF, 0xE7, 0x5F, 0x00, 0x00, 0x00, 0x00, 0x40, 0xFF,
    0x06, 0xF5, 0x5F, 0x00, 0x00, 0x00, 0x00, 0xA8, 0x07, 0x00, 0x85, 0x06,
    0x00, 0x00, 0x00, 0x00, 0x00, 0x00, 0x00, 0x00, 0x00, 0x00, 0x00, 0x00,
    0x00, 0x10, 0x11, 0x00, 0x00, 0x00, 0x00, 0x00, 0x00, 0x00, 0xEA, 0x0B,
    0x00, 0x00, 0x00, 0x00, 0x00, 0x00, 0xB0, 0xCF, 0x00, 0x00, 0x00, 0x00,
    0x00, 0x00, 0x00, 0xFB, 0x0C, 0x00, 0x00, 0x00, 0x00, 0x00, 0x00, 0xB0,
    0xCF, 0x00, 0x00, 0x00, 0x00, 0x00, 0x00, 0x00, 0xFB, 0x0C, 0x00, 0x10,
    0x01, 0x00, 0x00, 0x00, 0xB0, 0xCF, 0x30, 0xD9, 0xDE, 0x5B, 0x00, 0x00,
    0x00, 0xFB, 0x4B, 0xFF, 0xFF, 0xFF, 0x8F, 0x00, 0x00, 0xB0, 0xDF, 0xDE,
    0x47, 0x95, 0xFF, 0x4F, 0x00, 0x00, 0xFB, 0xCF, 0x01, 0x00, 0x60, 0xFF,
    0x0A, 0x00, 0xB0, 0xFF, 0x03, 0x00, 0x00, 0xC0, 0xDF, 0x00, 0x00, 0xFB,
    0x0D, 0x00, 0x00, 0x00, 0xF9, 0x1E, 0x00, 0xB0, 0xCF, 0x00, 0x00, 0x00,
    0x90, 0xEF, 0x01, 0x00, 0xFB, 0x0C, 0x00, 0x00, 0x00, 0xF9, 0x1E, 0x00,
    0xB0, 0xCF, 0x00, 0x00, 0x00, 0x90, 0xEF, 0x01, 0x00, 0xFB, 0x0C, 0x00,
    0x00, 0x00, 0xF9, 0x1E, 0x00, 0xB0, 0xCF, 0x00, 0x00, 0x00, 0x90, 0xEF,
    0x01, 0x00, 0xFB, 0x0C, 0x00, 0x00, 0x00, 0xF9, 0x1E, 0x00, 0xB0, 0xCF,
    0x00, 0x00, 0x00, 0x90, 0xEF, 0x01, 0x00, 0xFB, 0x0C, 0x00, 0x00, 0x00,
    0xF9, 0x1E, 0x00, 0xB0, 0xCF, 0x00, 0x00, 0x00, 0x90, 0xEF, 0x01, 0x00,
    0xEA, 0x0B, 0x00, 0x00, 0x00, 0xE8, 0x1D, 0x00, 0x10, 0x11, 0x00, 0x00,
    0x00, 0x10, 0x11, 0x00, 0x30, 0xAA, 0x05, 0x90, 0x1A, 0xFD, 0xFF, 0x9C,
    0xDF, 0xF3, 0x3A, 0xE8, 0xEF, 0x15, 0x13, 0x00, 0x31, 0x02, 0x00, 0x00,
    0x00, 0x00, 0x00, 0x00, 0x10, 0x01, 0x00, 0x00, 0x70, 0xDE, 0x02, 0x00,
    0x00, 0xF8, 0x2F, 0x00, 0x00, 0x70, 0xEF, 0x02, 0x00, 0x00, 0xF7, 0x2E,
    0x00, 0x00, 0x70, 0xEF, 0x02, 0x00, 0x00, 0xF7, 0x2E, 0x00, 0x00, 0x70,
    0xEF, 0x02, 0x00, 0x00, 0xF7, 0x2E, 0x00, 0x00, 0x70, 0xEF, 0x02, 0x00,
    0x00, 0xF7, 0x2E, 0x00, 0x00, 0x70, 0xEF, 0x02, 0x00, 0x00, 0xF7, 0x2E,
    0x00, 0x00, 0x70, 0xEF, 0x02, 0x00, 0x00, 0xF7, 0x2E, 0x00, 0x00, 0x70,
    0xEF, 0x02, 0x00, 0x00, 0xF7, 0x2E, 0x00, 0x00, 0x70, 0xEF, 0x02, 0x00,
    0x00, 0xF7, 0x2E, 0x00, 0x00, 0x70, 0xEF, 0x02, 0x00, 0x00, 0xF8, 0x2F,
    0x00, 0x00, 0x70, 0xDE, 0x02, 0x00, 0x00, 0x10, 0x01, 0x00, 0x20, 0x67,
    0x01, 0x70, 0x15, 0xFD, 0xEF, 0x77, 0xBF, 0xF6, 0x79, 0xFD, 0xFF, 0x34,
    0x17, 0x10, 0x75, 0x04, 0x00, 0x00, 0x00, 0x00, 0x00, 0x00, 0x00, 0x00,
    0x00, 0x00, 0x80, 0x9B, 0x00, 0x00, 0x00, 0xFC, 0x0D, 0x00, 0x00, 0xB0,
    0xCF, 0x00, 0x00, 0x00, 0xFB, 0x0C, 0x00, 0x00, 0xB0, 0xCF, 0x00, 0x00,
    0x00, 0xFB, 0x0C, 0x00, 0x00, 0xB0, 0xCF, 0x00, 0x00, 0x00, 0xFB, 0x0C,
    0x00, 0x00, 0xB0, 0xCF, 0x00, 0x00, 0x00, 0xFB, 0x0C, 0x00, 0x00, 0xB0,
    0xCF, 0x00, 0x00, 0x00, 0xFB, 0x0C, 0x00, 0x00, 0xB0, 0xCF, 0x00, 0x00,
    0x00, 0xFB, 0x0C, 0x00, 0x00, 0xB0, 0xCF, 0x00, 0x00, 0x00, 0xEA, 0x0B,
    0x00, 0x00, 0x10, 0x11, 0x00, 0x00, 0x30, 0x44, 0x44, 0x44, 0x13, 0xFF,
    0xFF, 0xFF, 0xCF, 0xA1, 0xBB, 0xBB, 0xBB, 0x08, 0x00, 0x00, 0x00, 0x00,
    0x00, 0x00, 0x00, 0x00, 0x00, 0x00, 0x10, 0x01, 0x00, 0x00, 0x50, 0xEE,
    0x04, 0x00, 0x00, 0xF5, 0x4F, 0x00, 0x00, 0x50, 0xFF, 0x04, 0x00, 0x00,
    0xF5, 0x4F, 0x00, 0x00, 0x50, 0xFF, 0x04, 0x00, 0x00, 0xF5, 0x4F, 0x00,
    0x00, 0x50, 0xFF, 0x04, 0x00, 0x00, 0xF5, 0x4F, 0x00, 0x00, 0x50, 0xFF,
    0x04, 0x00, 0x00, 0xF5, 0x4F, 0x00, 0x00, 0x50, 0xFF, 0x04, 0x00, 0x00,
    0xF5, 0x4F, 0x00, 0x00, 0x50, 0xFF, 0x04, 0x00, 0x00, 0xF5, 0x4F, 0x00,
    0x00, 0x50, 0xFF, 0x04, 0x00, 0x00, 0xF5, 0x4F, 0x00, 0x00, 0x50, 0xFF,
    0x04, 0x00, 0x00, 0xF5, 0x4F, 0x00, 0x00, 0x50, 0xFF, 0x04, 0x00, 0x00,
    0xF5, 0x4F, 0x00, 0x00, 0x50, 0xEE, 0x04, 0x00, 0x00, 0x10, 0x01, 0x00,
    0x10, 0x11, 0x11, 0x11, 0x40, 0xEE, 0xEE, 0xEE, 0x7E, 0xE4, 0xEE, 0xEE,
    0xEE, 0x07, 0x11, 0x11, 0x11, 0x01, 0x00, 0x00, 0x00, 0x00, 0x00, 0x00,
    0x00, 0x00, 0x00, 0x00, 0x60, 0xAB, 0x01, 0x00, 0x00, 0xF9, 0x1F, 0x00,
    0x00, 0x80, 0xEF, 0x01, 0x00, 0x00, 0xF9, 0x1E, 0x00, 0x00, 0x90, 0xEF,
    0x01, 0x00, 0x00, 0xF9, 0x1E, 0x00, 0x00, 0x90, 0xEF, 0x01, 0x00, 0x00,
    0xF9, 0x1E, 0x00, 0x00, 0x90, 0xEF, 0x01, 0x00, 0x00, 0xF9, 0x1E, 0x00,
    0x00, 0x90, 0xEF, 0x01, 0x00, 0x00, 0xF9, 0x1E, 0x00, 0x00, 0x90, 0xEF,
    0x01, 0x00, 0x00, 0xF9, 0x1E, 0x00, 0x00, 0x90, 0xEF, 0x01, 0x00, 0x00,
    0xE8, 0x1D, 0x00, 0x00, 0x10, 0x11, 0x00, 0x00, 0x41, 0x02, 0x00, 0x30,
    0x34, 0xAF, 0x00, 0x00, 0xFE, 0xC0, 0x6F, 0x21, 0xF9, 0x08, 0xE3, 0xFF,
    0xFF, 0x1C, 0x00, 0x82, 0xBB, 0x06, 0x00, 0x00, 0x00, 0x00, 0x00, 0x00,
    0x10, 0x11, 0x00, 0x00, 0x00, 0xE7, 0x2D, 0x00, 0x00, 0x80, 0xFF, 0x02,
    0x00, 0x00, 0xF7, 0x2E, 0x00, 0x00, 0x70, 0xEF, 0x02, 0x00, 0x00, 0xF7,
    0x2E, 0x00, 0x00, 0x70, 0xEF, 0x02, 0x00, 0x00, 0xF7, 0x2E, 0x00, 0x00,
    0x70, 0xEF, 0x02, 0x00, 0x00, 0xF7, 0x2E, 0x00, 0x00, 0x70, 0xEF, 0x02,
    0x00, 0x00, 0xF7, 0x2E, 0x00, 0x00, 0x70, 0xEF, 0x02, 0x00, 0x00, 0xF7,
    0x2E, 0x00, 0x00, 0x70, 0xEF, 0x02, 0x00, 0x00, 0xF7, 0x2E, 0x00, 0x00,
    0x70, 0xEF, 0x02, 0x00, 0x00, 0xF7, 0x2E, 0x00, 0x00, 0x70, 0xEF, 0x02,
    0x00, 0x00, 0xF7, 0x2E, 0x00, 0x00, 0x80, 0xFF, 0x02, 0x00, 0x00, 0xE7,
    0x2D, 0x00, 0x00, 0x00, 0x11, 0x00, 0x00, 0x11, 0x00, 0x00, 0x10, 0x61,
    0x4E, 0x00, 0x10, 0xAE, 0xF3, 0x1C, 0x00, 0xF9, 0x07, 0xF8, 0xBE, 0xFD,
    0x1C, 0x00, 0xC6, 0xDF, 0x18, 0x00, 0x00, 0x10, 0x00, 0x00, 0x00, 0x00,
    0x00, 0x00, 0x00, 0x00, 0xB8, 0x09, 0x00, 0x00, 0xC0, 0xDF, 0x00, 0x00,
    0x00, 0xFB, 0x0C, 0x00, 0x00, 0xB0, 0xCF, 0x00, 0x00, 0x00, 0xFB, 0x0C,
    0x00, 0x00, 0xB0, 0xCF, 0x00, 0x00, 0x00, 0xFB, 0x0C, 0x00, 0x00, 0xB0,
    0xCF, 0x00, 0x00, 0x00, 0xFB, 0x0C, 0x00, 0x00, 0xB0, 0xCF, 0x00, 0x00,
    0x00, 0xFB, 0x0C, 0x00, 0x00, 0xB0, 0xCF, 0x00, 0x00, 0x00, 0xFB, 0x0C,
    0x00, 0x00, 0xB0, 0xCF, 0x00, 0x00, 0x00, 0xFB, 0x0C, 0x00, 0x00, 0xA0,
    0xBE, 0x00, 0x00, 0x00, 0x11, 0x01, 0x00, 0x00, 0x10, 0x01, 0x00, 0xE7,
    0x2D, 0x00, 0xF8, 0x2F, 0x00, 0xF7, 0x2E, 0x00, 0xF7, 0x2E, 0x00, 0xF7,
    0x2E, 0x00, 0xF7, 0x2E, 0x00, 0xF7, 0x2E, 0x00, 0xF7, 0x2E, 0x00, 0xF7,
    0x2E, 0x00, 0xF7, 0x2E, 0x00, 0xF7, 0x2E, 0x00, 0xF7, 0x2E, 0x00, 0xF7,
    0x2E, 0x00, 0xF7, 0x2E, 0x00, 0xF7, 0x2E, 0x00, 0xF7, 0x2E, 0x00, 0xF7,
    0x2E, 0x00, 0xF7, 0x2E, 0x00, 0xF7, 0x2E, 0x00, 0xF7, 0x2E, 0x00, 0xF8,
    0x2F, 0x50, 0xFE, 0x07, 0xE2, 0x6F, 0x00, 0xF9, 0x0C, 0x00, 0xFB, 0x3D,
    0x13, 0xF8, 0xEF, 0xAF, 0xA1, 0xFE, 0xAF, 0x00, 0x42, 0x03, 0x00, 0x30,
    0x37, 0x00, 0x20, 0xFE, 0x2E, 0x00, 0xF3, 0xFF, 0x03, 0x00, 0xB6, 0x06,
    0x00, 0x00, 0x00, 0x00, 0x00, 0x00, 0x00, 0x00, 0x90, 0x8B, 0x00, 0x00,
    0xFD, 0x0C, 0x00, 0xC0, 0xBF, 0x00, 0x00, 0xFC, 0x0B, 0x00, 0xC0, 0xBF,
    0x00, 0x00, 0xFC, 0x0B, 0x00, 0xC0, 0xBF, 0x00, 0x00, 0xFC, 0x0B, 0x00,
    0xC0, 0xBF, 0x00, 0x00, 0xFC, 0x0B, 0x00, 0xC0, 0xBF, 0x00, 0x00, 0xFC,
    0x0B, 0x00, 0xC0, 0xBF, 0x00, 0x00, 0xFC, 0x0B, 0x00, 0xC0, 0xBF, 0x00,
    0x00, 0xFC, 0x0B, 0x00, 0xFA, 0x3D, 0x00, 0xF9, 0x1C, 0x00, 0xF2, 0x5F,
    0x00, 0x40, 0xFF, 0x28, 0x03, 0xF2, 0xFF, 0xFE, 0x05, 0xD5, 0xFF, 0x6E,
    0x00, 0x41, 0x14, 0x00, 0x00, 0x01, 0x00, 0xE7, 0x2C, 0xF1, 0xFF, 0x07,
    0xF9, 0x3E, 0x00, 0x23, 0x00, 0x00, 0x00, 0x10, 0x11, 0x00, 0xE7, 0x2D,
    0x80, 0xFF, 0x02, 0xF7, 0x2E, 0x70, 0xEF, 0x02, 0xF7, 0x2E, 0x70, 0xEF,
    0x02, 0xF7, 0x2E, 0x70, 0xEF, 0x02, 0xF7, 0x2E, 0x70, 0xEF, 0x02, 0xF7,
    0x2E, 0x70, 0xEF, 0x02, 0xF7, 0x2E, 0x70, 0xEF, 0x02, 0xF7, 0x2E, 0x70,
    0xEF, 0x02, 0xF7, 0x2E, 0x70, 0xEF, 0x02, 0xF7, 0x2E, 0x80, 0xFF, 0x02,
    0xE7, 0x2D, 0x00, 0x11, 0x00, 0xB8, 0xC9, 0xDF, 0xFB, 0xBC, 0xCF, 0xFB,
    0xBC, 0xCF, 0xFB, 0xBC, 0xCF, 0xFB, 0xBC, 0xCF, 0xFB, 0xBC, 0xCF, 0xFB,
    0xBC, 0xCF, 0xFB, 0xAC, 0xBE, 0x11, 0x01, 0x00, 0x00, 0x00, 0x00, 0x00,
    0x42, 0x03, 0x00, 0x00, 0x00, 0x00, 0x00, 0x30, 0xFE, 0x8F, 0x00, 0x00,
    0x00, 0x00, 0x00, 0xD2, 0x7F, 0xFC, 0x06, 0x00, 0x00, 0x00, 0x20, 0xFE,
    0x09, 0xE3, 0x6F, 0x00, 0x00, 0x00, 0x60, 0x8A, 0x00, 0x40, 0x78, 0x00,
    0x00, 0x00, 0x00, 0x00, 0x00, 0x00, 0x00, 0x00, 0x00, 0x00, 0x00, 0x00,
    0x31, 0x02, 0x00, 0x00, 0x00, 0x00, 0x00, 0x00, 0xF9, 0x1E, 0x00, 0x00,
    0x00, 0x00, 0x00, 0x00, 0xF9, 0x1E, 0x00, 0x00, 0x00, 0x00, 0x00, 0x00,
    0xF9, 0x1E, 0x00, 0x00, 0x00, 0x00, 0x00, 0x00, 0xF9, 0x1E, 0x00, 0x00,
    0x00, 0x00, 0x00, 0x00, 0xF9, 0x1E, 0x00, 0x00, 0x00, 0x00, 0x00, 0x00,
    0xF9, 0x1E, 0x00, 0x00, 0x00, 0x00, 0x00, 0x00, 0xF9, 0x1E, 0x00, 0x00,
    0x00, 0x00, 0x00, 0x00, 0xF9, 0x1E, 0x00, 0x00, 0x00, 0x00, 0x00, 0x00,
    0xF9, 0x1E, 0x00, 0x00, 0x00, 0x00, 0x00, 0x00, 0xF9, 0x1E, 0x00, 0x00,
    0x00, 0x00, 0x00, 0x00, 0xF9, 0x1E, 0x00, 0x00, 0x00, 0x00, 0x00, 0x00,
    0xF9, 0x1E, 0x00, 0x00, 0x00, 0x00, 0x00, 0x00, 0xF9, 0x1E, 0x00, 0x31,
    0x02, 0x00, 0x00, 0x00, 0xF9, 0x1E, 0x00, 0xF7, 0x2E, 0x00, 0x00, 0x00,
    0xF9, 0x1E, 0x00, 0xF7, 0x2F, 0x00, 0x00, 0x00, 0xF9, 0x1E, 0x00, 0xF6,
    0x4F, 0x00, 0x00, 0x00, 0xFB, 0x0C, 0x00, 0xF2, 0xBF, 0x00, 0x00, 0x40,
    0xFF, 0x09, 0x00, 0xA0, 0xFF, 0x4A, 0x21, 0xE6, 0xFF, 0x03, 0x00, 0x10,
    0xFC, 0xFF, 0xFE, 0xFF, 0x6F, 0x00, 0x00, 0x00, 0x81, 0xFD, 0xFF, 0xBE,
    0x04, 0x00, 0x00, 0x00, 0x00, 0x30, 0x34, 0x02, 0x00, 0x00, 0x00, 0x00,
    0xC2, 0xCD, 0x03, 0x00, 0xC1, 0xCF, 0xDF, 0x01, 0xC1, 0xAF, 0x90, 0xCF,
    0x91, 0xCE, 0x01, 0xA0, 0x8D, 0x11, 0x00, 0x00, 0x00, 0x01, 0x00, 0x00,
    0x00, 0x00, 0x00, 0x80, 0x9B, 0x00, 0x00, 0x00, 0xFC, 0x0D, 0x00, 0x00,
    0xB0, 0xCF, 0x00, 0x00, 0x00, 0xFB, 0x0C, 0x00, 0x00, 0xB0, 0xCF, 0x00,
    0x00, 0x00, 0xFB, 0x0C, 0x00, 0x00, 0xB0, 0xCF, 0x00, 0x00, 0x00, 0xFB,
    0x0C, 0x00, 0x00, 0xB0, 0xCF, 0x00, 0x00, 0x00, 0xFB, 0x0C, 0x00, 0x00,
    0xB0, 0xCF, 0x00, 0x00, 0x00, 0xFB, 0x0C, 0x00, 0x00, 0xB0, 0xCF, 0x00,
    0x00, 0x00, 0xFB, 0x0C, 0x00, 0x00, 0xB0, 0xCF, 0x00, 0x00, 0x00, 0xFB,
    0x0C, 0x00, 0x00, 0xB0, 0xCF, 0x00, 0x00, 0x00, 0xFB, 0x0C, 0x00, 0x00,
    0xD0, 0xBF, 0x00, 0x20, 0xB5, 0xFF, 0x06, 0x00, 0xF6, 0xFF, 0x1C, 0x00,
    0x50, 0xCE, 0x18, 0x00, 0x00, 0x10, 0x00, 0x00, 0x00, 0x00, 0x10, 0x01,
    0x00, 0x00, 0x00, 0x00, 0x10, 0x11, 0x71, 0xDE, 0x02, 0x00, 0x00, 0x00,
    0x70, 0xEE, 0x2D, 0xF8, 0x2F, 0x00, 0x00, 0x00, 0x60, 0xFF, 0x3E, 0x70,
    0xEF, 0x02, 0x00, 0x00, 0x50, 0xFF, 0x4E, 0x00, 0xF7, 0x2E, 0x00, 0x00,
    0x40, 0xFF, 0x4F, 0x00, 0x70, 0xEF, 0x02, 0x00, 0x30, 0xFE, 0x5F, 0x00,
    0x00, 0xF7, 0x2E, 0x00, 0x30, 0xFE, 0x6F, 0x00, 0x00, 0x70, 0xEF, 0x02,
    0x20, 0xFD, 0x7F, 0x00, 0x00, 0x00, 0xF7, 0x2E, 0x10, 0xFD, 0x8F, 0x00,
    0x00, 0x00, 0x70, 0xEF, 0x02, 0xFC, 0x8F, 0x00, 0x00, 0x00, 0x00, 0xF7,
    0x1E, 0xF9, 0xFF, 0x04, 0x00, 0x00, 0x00, 0x70, 0xEF, 0xF9, 0xFF, 0xEF,
    0x02, 0x00, 0x00, 0x00, 0xF8, 0xFF, 0x8F, 0xF6, 0xBF, 0x00, 0x00, 0x00,
    0x80, 0xFF, 0x9F, 0x00, 0xFB, 0x7F, 0x00, 0x00, 0x00, 0xF7, 0xAF, 0x00,
    0x10, 0xFE, 0x3F, 0x00, 0x00, 0x70, 0xEF, 0x02, 0x00, 0x40, 0xFF, 0x1D,
    0x00, 0x00, 0xF7, 0x2E, 0x00, 0x00, 0x90, 0xFF, 0x09, 0x00, 0x70, 0xEF,
    0x02, 0x00, 0x00, 0xC0, 0xFF, 0x05, 0x00, 0xF7, 0x2E, 0x00, 0x00, 0x00,
    0xF3, 0xEF, 0x02, 0x70, 0xEF, 0x02, 0x00, 0x00, 0x00, 0xF6, 0xBF, 0x00,
    0xF8, 0x2F, 0x00, 0x00, 0x00, 0x00, 0xFB, 0x7F, 0x70, 0xDE, 0x02, 0x00,
    0x00, 0x00, 0x10, 0xED, 0x3E, 0x10, 0x01, 0x00, 0x00, 0x00, 0x00, 0x00,
    0x11, 0x01, 0x00, 0x00, 0x20, 0x44, 0x00, 0x00, 0x00, 0x00, 0x00, 0x00,
    0x00, 0xFA, 0x0D, 0x00, 0x00, 0x00, 0x00, 0x00, 0x00, 0xC0, 0x7F, 0x00,
    0x00, 0x00, 0x00, 0x00, 0x00, 0x20, 0xFF, 0x03, 0x00, 0x00, 0x00, 0x00,
    0x00, 0x00, 0xF5, 0x0C, 0x00, 0x00, 0x00, 0x00, 0x00, 0x00, 0x80, 0x7F,
    0x00, 0x00, 0x00, 0x00, 0x00, 0x11, 0x01, 0x00, 0x00, 0x00, 0x00, 0x00,
    0xEA, 0x0B, 0x00, 0x00, 0x00, 0x00, 0x00, 0xFB, 0x0C, 0x00, 0x00, 0x00,
    0x00, 0x00, 0xFB, 0x0C, 0x00, 0x00, 0x00, 0x00, 0x00, 0xFB, 0x0C, 0x00,
    0x00, 0x00, 0x00, 0x00, 0xFB, 0x0C, 0x00, 0x00, 0x00, 0x00, 0x00, 0xFB,
    0x0C, 0x00, 0x00, 0x50, 0xCB, 0x08, 0xFB, 0x0C, 0x00, 0x00, 0xF5, 0xCF,
    0x02, 0xFB, 0x0C, 0x00, 0x50, 0xFF, 0x1C, 0x00, 0xFB, 0x0C, 0x00, 0xF4,
    0xCF, 0x01, 0x00, 0xFB, 0x0C, 0x40, 0xFE, 0x1C, 0x00, 0x00, 0xFB, 0x0C,
    0xE4, 0xDF, 0x02, 0x00, 0x00, 0xFB, 0x3B, 0xFE, 0x2C, 0x00, 0x00, 0x00,
    0xFB, 0xEE, 0xFF, 0x0B, 0x00, 0x00, 0x00, 0xFB, 0xFF, 0xFD, 0x9F, 0x00,
    0x00, 0x00, 0xFB, 0x9F, 0xC1, 0xFF, 0x06, 0x00, 0x00, 0xFB, 0x0C, 0x20,
    0xFE, 0x3F, 0x00, 0x00, 0xFB, 0x0C, 0x00, 0xF4, 0xDF, 0x01, 0x00, 0xFB,
    0x0C, 0x00, 0x70, 0xFF, 0x0B, 0x00, 0xFB, 0x0C, 0x00, 0x00, 0xFA, 0x8F,
    0x00, 0xFB, 0x0C, 0x00, 0x00, 0xD1, 0xFF, 0x06, 0xEA, 0x0B, 0x00, 0x00,
    0x20, 0xED, 0x3E, 0x11, 0x01, 0x00, 0x00, 0x00, 0x11, 0x11, 0x00, 0x00,
    0x40, 0x24, 0x00, 0x00, 0x00, 0x00, 0x00, 0xF4, 0x5F, 0x00, 0x00, 0x00,
    0x00, 0x00, 0xF7, 0x1D, 0x00, 0x00, 0x00, 0x00, 0x00, 0xFA, 0x09, 0x00,
    0x00, 0x00, 0x00, 0x00, 0xFD, 0x04, 0x00, 0x00, 0x00, 0x00, 0x20, 0xDF,
    0x00, 0x00, 0x00, 0x00, 0x00, 0x42, 0x24, 0x00, 0x00, 0x00, 0x00, 0x00,
    0xFB, 0x2E, 0x00, 0x00, 0x00, 0x00, 0x30, 0xFF, 0x04, 0x00, 0x00, 0x00,
    0x00, 0xA0, 0x9F, 0x00, 0x00, 0x00, 0x00, 0x00, 0xC2, 0x1C, 0x00, 0x00,
    0x00, 0x00, 0x00, 0x00, 0x00, 0x00, 0x00, 0x00, 0x00, 0x00, 0x10, 0x01,
    0x00, 0x00, 0x00, 0x00, 0x00, 0xE7, 0x2D, 0x00, 0x00, 0x00, 0x00, 0x00,
    0xF8, 0x2F, 0x00, 0x00, 0x00, 0x00, 0x00, 0xF7, 0x2E, 0x00, 0x00, 0x00,
    0x00, 0x00, 0xF7, 0x2E, 0x00, 0x00, 0x00, 0x00, 0x00, 0xF7, 0x2E, 0x00,
    0x00, 0x00, 0x00, 0x00, 0xF7, 0x2E, 0x00, 0x00, 0x00, 0x00, 0x00, 0xF7,
    0x2E, 0x00, 0x00, 0x00, 0x00, 0x00, 0xF7, 0x2E, 0x00, 0x00, 0x00, 0x00,
    0x00, 0xF7, 0x2E, 0x00, 0x00, 0x00, 0x00, 0x00, 0xF7, 0x2E, 0x00, 0x00,
    0x00, 0x00, 0x00, 0xF7, 0x2E, 0x00, 0x00, 0x00, 0x00, 0x00, 0xF7, 0x2E,
    0x00, 0x00, 0x00, 0x00, 0x00, 0xF7, 0x2E, 0x00, 0x00, 0x00, 0x00, 0x00,
    0xF7, 0x2E, 0x00, 0x00, 0x00, 0x00, 0x00, 0xF7, 0x2E, 0x00, 0x00, 0x00,
    0x00, 0x00, 0xF7, 0x2E, 0x00, 0x00, 0x00, 0x00, 0x00, 0xF7, 0x2E, 0x00,
    0x00, 0x00, 0x00, 0x00, 0xF7, 0x1E, 0x00, 0x00, 0x00, 0x00, 0x00, 0xF7,
    0x5E, 0x44, 0x44, 0x44, 0x44, 0x04, 0xF8, 0xFF, 0xFF, 0xFF, 0xFF, 0xFF,
    0x1F, 0xE7, 0xEE, 0xEE, 0xEE, 0xEE, 0xEE, 0x1D, 0x10, 0x11, 0x11, 0x11,
    0x11, 0x11, 0x01, 0x00, 0x42, 0x14, 0x10, 0xFE, 0x1C, 0x60, 0xEF, 0x02,
    0xE1, 0x6F, 0x00, 0xD5, 0x0A, 0x00, 0x00, 0x00, 0x00, 0x11, 0x01, 0x00,
    0xEA, 0x0B, 0x00, 0xFB, 0x0C, 0x00, 0xFB, 0x0C, 0x00, 0xFB, 0x0C, 0x00,
    0xFB, 0x0C, 0x00, 0xFB, 0x0C, 0x00, 0xFB, 0x0C, 0x00, 0xFB, 0x0C, 0x00,
    0xFB, 0x0C, 0x00, 0xFB, 0x0C, 0x00, 0xFB, 0x0C, 0x00, 0xFB, 0x0C, 0x00,
    0xFB, 0x0C, 0x00, 0xFB, 0x0C, 0x00, 0xFB, 0x0C, 0x00, 0xFB, 0x0C, 0x00,
    0xFB, 0x0C, 0x00, 0xFB, 0x0C, 0x00, 0xFB, 0x0C, 0x00, 0xFB, 0x0C, 0x00,
    0xEA, 0x0B, 0x00, 0x11, 0x01, 0x00, 0x10, 0x01, 0x00, 0x00, 0x00, 0x00,
    0x00, 0xE7, 0x2D, 0x00, 0x00, 0x00, 0x00, 0x00, 0xF8, 0x2F, 0x00, 0x00,
    0x00, 0x00, 0x00, 0xF7, 0x2E, 0x00, 0x00, 0x00, 0x00, 0x00, 0xF7, 0x2E,
    0x00, 0x00, 0x00, 0x00, 0x00, 0xF7, 0x2E, 0x00, 0x00, 0x00, 0x00, 0x00,
    0xF7, 0x2E, 0x00, 0x00, 0x00, 0x00, 0x00, 0xF7, 0x2E, 0x00, 0x00, 0x00,
    0x00, 0x00, 0xF7, 0x2E, 0x00, 0x00, 0x00, 0x00, 0x00, 0xF7, 0x2E, 0x00,
    0x00, 0x00, 0x00, 0x00, 0xF7, 0x2E, 0x00, 0x00, 0x00, 0x00, 0x00, 0xF7,
    0x2E, 0x00, 0x00, 0x00, 0x00, 0x00, 0xF7, 0x2E, 0x00, 0x00, 0x00, 0x00,
    0x00, 0xF7, 0x2E, 0x00, 0x00, 0x00, 0x00, 0x00, 0xF7, 0x2E, 0x00, 0x00,
    0x00, 0x00, 0x00, 0xF7, 0x2E, 0x00, 0x00, 0x00, 0x00, 0x00, 0xF7, 0x2E,
    0x00, 0x00, 0x00, 0x00, 0x00, 0xF7, 0x2E, 0x00, 0x00, 0x00, 0x00, 0x00,
    0xF7, 0x1E, 0x00, 0x00, 0x00, 0x00, 0x00, 0xF7, 0x5E, 0x44, 0x44, 0x44,
    0x44, 0x04, 0xF8, 0xFF, 0xFF, 0xFF, 0xFF, 0xFF, 0x1F, 0xE7, 0xEE, 0xEE,
    0xEE, 0xEE, 0xEE, 0x1D, 0x10, 0x11, 0x01, 0x00, 0x11, 0x11, 0x01, 0x00,
    0x00, 0x20, 0x34, 0x00, 0x00, 0x00, 0x00, 0x00, 0xD0, 0xBF, 0x00, 0x00,
    0x00, 0x00, 0x00, 0xE2, 0x5F, 0x00, 0x00, 0x00, 0x00, 0x00, 0xF5, 0x1E,
    0x00, 0x00, 0x00, 0x00, 0x00, 0xF8, 0x09, 0x00, 0x00, 0x00, 0x00, 0x00,
    0xFB, 0x04, 0x00, 0x00, 0x00, 0x10, 0x11, 0xA0, 0xBE, 0xB0, 0xCF, 0xB0,
    0xCF, 0xB0, 0xCF, 0xB0, 0xCF, 0xB0, 0xCF, 0xB0, 0xCF, 0xB0, 0xCF, 0xB0,
    0xCF, 0xB0, 0xCF, 0xB0, 0xCF, 0xB0, 0xCF, 0xB0, 0xCF, 0xB0, 0xCF, 0xB0,
    0xCF, 0xB0, 0xCF, 0xB0, 0xCF, 0xB0, 0xCF, 0xB0, 0xCF, 0xB0, 0xCF, 0xA0,
    0xBE, 0x00, 0x00, 0x30, 0x34, 0xE1, 0x9F, 0xF3, 0x3F, 0xF6, 0x0C, 0xF9,
    0x07, 0xFC, 0x03, 0x00, 0x00, 0x00, 0x10, 0x01, 0x00, 0x00, 0x11, 0x01,
    0x00, 0xE4, 0x4E, 0x00, 0x00, 0xE7, 0x2E, 0x00, 0xF4, 0x2F, 0x00, 0x00,
    0xF8, 0x2E, 0x00, 0xF4, 0x1D, 0x00, 0x00, 0xF7, 0x2E, 0x00, 0xF4, 0x0C,
    0x00, 0x00, 0xF7, 0x2E, 0x00, 0xF4, 0x0A, 0x00, 0x00, 0xF7, 0x2E, 0x00,
    0x41, 0x02, 0x00, 0x00, 0xF7, 0x2E, 0x00, 0x00, 0x00, 0x00, 0x00, 0xF7,
    0x2E, 0x00, 0x00, 0x00, 0x00, 0x00, 0xF7, 0x2E, 0x00, 0x00, 0x00, 0x00,
    0x00, 0xF7, 0x2E, 0x00, 0x00, 0x00, 0x00, 0x00, 0xF7, 0x2E, 0x00, 0x00,
    0x00, 0x00, 0x00, 0xF7, 0x2E, 0x00, 0x00, 0x00, 0x00, 0x00, 0xF7, 0x2E,
    0x00, 0x00, 0x00, 0x00, 0x00, 0xF7, 0x2E, 0x00, 0x00, 0x00, 0x00, 0x00,
    0xF7, 0x2E, 0x00, 0x00, 0x00, 0x00, 0x00, 0xF7, 0x2E, 0x00, 0x00, 0x00,
    0x00, 0x00, 0xF7, 0x2E, 0x00, 0x00, 0x00, 0x00, 0x00, 0xF7, 0x2E, 0x00,
    0x00, 0x00, 0x00, 0x00, 0xF7, 0x1E, 0x00, 0x00, 0x00, 0x00, 0x00, 0xF7,
    0x5E, 0x44, 0x44, 0x44, 0x44, 0x04, 0xF8, 0xFF, 0xFF, 0xFF, 0xFF, 0xFF,
    0x1F, 0xE7, 0xEE, 0xEE, 0xEE, 0xEE, 0xEE, 0x1D, 0x10, 0x11, 0x11, 0x11,
    0x11, 0x11, 0x01, 0x00, 0x00, 0x10, 0x01, 0x11, 0x01, 0xE2, 0x5E, 0xEA,
    0x0B, 0xF2, 0x3F, 0xFB, 0x0C, 0xF2, 0x2F, 0xFB, 0x0C, 0xF2, 0x0D, 0xFB,
    0x0C, 0xF2, 0x0C, 0xFB, 0x0C, 0x41, 0x03, 0xFB, 0x0C, 0x00, 0x00, 0xFB,
    0x0C, 0x00, 0x00, 0xFB, 0x0C, 0x00, 0x00, 0xFB, 0x0C, 0x00, 0x00, 0xFB,
    0x0C, 0x00, 0x00, 0xFB, 0x0C, 0x00, 0x00, 0xFB, 0x0C, 0x00, 0x00, 0xFB,
    0x0C, 0x00, 0x00, 0xFB, 0x0C, 0x00, 0x00, 0xFB, 0x0C, 0x00, 0x00, 0xFB,
    0x0C, 0x00, 0x00, 0xFB, 0x0C, 0x00, 0x00, 0xFB, 0x0C, 0x00, 0x00, 0xFB,
    0x0C, 0x00, 0x00, 0xFB, 0x0C, 0x00, 0x00, 0xEA, 0x0B, 0x00, 0x00, 0x11,
    0x01, 0x00, 0x00, 0x00, 0x00, 0x11, 0x00, 0x00, 0x00, 0x00, 0x00, 0x00,
    0x00, 0xE7, 0x2D, 0x00, 0x00, 0x00, 0x00, 0x00, 0x00, 0x80, 0xFF, 0x02,
    0x00, 0x00, 0x00, 0x00, 0x00, 0x00, 0xF7, 0x2E, 0x00, 0x00, 0x00, 0x00,
    0x00, 0x00, 0x70, 0xEF, 0x02, 0x00, 0x00, 0x00, 0x00, 0x00, 0x00, 0xF7,
    0x2E, 0x00, 0x00, 0x00, 0x00, 0x00, 0x00, 0x70, 0xEF, 0x02, 0x00, 0x57,
    0x00, 0x00, 0x00, 0x00, 0xF7, 0x1E, 0x40, 0xFC, 0x06, 0x00, 0x00, 0x00,
    0x80, 0xEF, 0xA4, 0xFF, 0x5F, 0x00, 0x00, 0x00, 0x00, 0xF7, 0xFF, 0xFF,
    0x4C, 0x00, 0x00, 0x00, 0x00, 0x90, 0xFF, 0xDF, 0x06, 0x00, 0x00, 0x00,
    0x00, 0xB4, 0xFF, 0x9F, 0x01, 0x00, 0x00, 0x00, 0x00, 0xF3, 0xFF, 0xFF,
    0x01, 0x00, 0x00, 0x00, 0x00, 0x40, 0xBF, 0xFB, 0x2E, 0x00, 0x00, 0x00,
    0x00, 0x00, 0x73, 0x70, 0xEF, 0x02, 0x00, 0x00, 0x00, 0x00, 0x00, 0x00,
    0xF8, 0x2E, 0x00, 0x00, 0x00, 0x00, 0x00, 0x00, 0x70, 0xEF, 0x02, 0x00,
    0x00, 0x00, 0x00, 0x00, 0x00, 0xF7, 0x2E, 0x00, 0x00, 0x00, 0x00, 0x00,
    0x00, 0x70, 0xEF, 0x01, 0x00, 0x00, 0x00, 0x00, 0x00, 0x00, 0xF7, 0x5E,
    0x44, 0x44, 0x44, 0x44, 0x04, 0x00, 0x80, 0xFF, 0xFF, 0xFF, 0xFF, 0xFF,
    0xFF, 0x01, 0x00, 0xE7, 0xEE, 0xEE, 0xEE, 0xEE, 0xEE, 0x1D, 0x00, 0x00,
    0x11, 0x11, 0x11, 0x11, 0x11, 0x11, 0x00, 0x00, 0x10, 0x11, 0x00, 0x00,
    0x00, 0xEA, 0x0B, 0x00, 0x00, 0xB0, 0xCF, 0x00, 0x00, 0x00, 0xFB, 0x0C,
    0x00, 0x00, 0xB0, 0xCF, 0x00, 0x00, 0x00, 0xFB, 0x0C, 0x00, 0x00, 0xB0,
    0xCF, 0x71, 0x02, 0x00, 0xFB, 0xDD, 0x3F, 0x00, 0xB0, 0xFF, 0xBF, 0x01,
    0x91, 0xFE, 0x5E, 0x00, 0xE2, 0xFF, 0xCF, 0x00, 0x30, 0x9F, 0xFC, 0x0C,
    0x00, 0x42, 0xB0, 0xCF, 0x00, 0x00, 0x00, 0xFB, 0x0C, 0x00, 0x00, 0xB0,
    0xCF, 0x00, 0x00, 0x00, 0xFB, 0x0C, 0x00, 0x00, 0xB0, 0xCF, 0x00, 0x00,
    0x00, 0xFB, 0x0C, 0x00, 0x00, 0xB0, 0xCF, 0x00, 0x00, 0x00, 0xFB, 0x0C,
    0x00, 0x00, 0xB0, 0xCF, 0x00, 0x00, 0x00, 0xEA, 0x0B, 0x00, 0x00, 0x10,
    0x11, 0x00, 0x00, 0x00, 0x00, 0x00, 0x00, 0x10, 0x44, 0x02, 0x00, 0x00,
    0x00, 0x00, 0x00, 0x00, 0x90, 0xFF, 0x03, 0x00, 0x00, 0x00, 0x00, 0x00,
    0x00, 0xE2, 0x7F, 0x00, 0x00, 0x00, 0x00, 0x00, 0x00, 0x00, 0xF9, 0x0B,
    0x00, 0x00, 0x00, 0x00, 0x00, 0x00, 0x10, 0xCC, 0x02, 0x00, 0x00, 0x00,
    0x00, 0x00, 0x00, 0x00, 0x00, 0x00, 0x00, 0x00, 0x00, 0x10, 0x11, 0x00,
    0x00, 0x00, 0x00, 0x00, 0x10, 0x01, 0xE7, 0xDE, 0x01, 0x00, 0x00, 0x00,
    0x00, 0xE5, 0x4E, 0xF8, 0xFF, 0x0A, 0x00, 0x00, 0x00, 0x00, 0xF5, 0x4F,
    0xF7, 0xFF, 0x4F, 0x00, 0x00, 0x00, 0x00, 0xF5, 0x4F, 0xF7, 0xEE, 0xDF,
    0x01, 0x00, 0x00, 0x00, 0xF5, 0x4F, 0xF7, 0x6D, 0xFF, 0x08, 0x00, 0x00,
    0x00, 0xF5, 0x4F, 0xF7, 0x1E, 0xFA, 0x3F, 0x00, 0x00, 0x00, 0xF5, 0x4F,
    0xF7, 0x1E, 0xF2, 0xCF, 0x00, 0x00, 0x00, 0xF5, 0x4F, 0xF7, 0x2E, 0x80,
    0xFF, 0x07, 0x00, 0x00, 0xF5, 0x4F, 0xF7, 0x2E, 0x10, 0xFD, 0x3F, 0x00,
    0x00, 0xF5, 0x4F, 0xF7, 0x2E, 0x00, 0xF4, 0xBF, 0x00, 0x00, 0xF5, 0x4F,
    0xF7, 0x2E, 0x00, 0xA0, 0xFF, 0x06, 0x00, 0xF5, 0x4F, 0xF7, 0x2E, 0x00,
    0x10, 0xFE, 0x2E, 0x00, 0xF5, 0x4F, 0xF7, 0x2E, 0x00, 0x00, 0xF5, 0xAF,
    0x00, 0xF5, 0x4F, 0xF7, 0x2E, 0x00, 0x00, 0xB0, 0xFF, 0x05, 0xF5, 0x4F,
    0xF7, 0x2E, 0x00, 0x00, 0x20, 0xFE, 0x0E, 0xF5, 0x4F, 0xF7, 0x2E, 0x00,
    0x00, 0x00, 0xF7, 0x7F, 0xF4, 0x4F, 0xF7, 0x2E, 0x00, 0x00, 0x00, 0xC0,
    0xEF, 0xF7, 0x4F, 0xF7, 0x2E, 0x00, 0x00, 0x00, 0x30, 0xFF, 0xFD, 0x4F,
    0xF7, 0x2E, 0x00, 0x00, 0x00, 0x00, 0xF8, 0xFF, 0x4F, 0xF8, 0x2F, 0x00,
    0x00, 0x00, 0x00, 0xD0, 0xFF, 0x4F, 0xE7, 0x2D, 0x00, 0x00, 0x00, 0x00,
    0x40, 0xEE, 0x4E, 0x10, 0x01, 0x00, 0x00, 0x00, 0x00, 0x00, 0x11, 0x01,
    0x00, 0x00, 0x00, 0x00, 0x11, 0x01, 0x00, 0x00, 0x00, 0x00, 0xA0, 0xDE,
    0x01, 0x00, 0x00, 0x00, 0x00, 0xF4, 0x6F, 0x00, 0x00, 0x00, 0x00, 0x00,
    0xFB, 0x0A, 0x00, 0x00, 0x00, 0x00, 0x30, 0xDF, 0x01, 0x00, 0x00, 0x00,
    0x00, 0x10, 0x13, 0x00, 0x00, 0x00, 0x00, 0x00, 0x00, 0x10, 0x01, 0x00,
    0x00, 0xB8, 0x08, 0x93, 0xED, 0xBD, 0x05, 0x00, 0xFC, 0x3B, 0xFF, 0xFF,
    0xFF, 0x8F, 0x00, 0xFB, 0xDB, 0x7D, 0x54, 0xF9, 0xFF, 0x04, 0xFB, 0xCF,
    0x01, 0x00, 0x60, 0xFF, 0x0A, 0xFB, 0x3F, 0x00, 0x00, 0x00, 0xFC, 0x0D,
    0xFB, 0x0D, 0x00, 0x00, 0x00, 0xF9, 0x1E, 0xFB, 0x0C, 0x00, 0x00, 0x00,
    0xF9, 0x1E, 0xFB, 0x0C, 0x00, 0x00, 0x00, 0xF9, 0x1E, 0xFB, 0x0C, 0x00,
    0x00, 0x00, 0xF9, 0x1E, 0xFB, 0x0C, 0x00, 0x00, 0x00, 0xF9, 0x1E, 0xFB,
    0x0C, 0x00, 0x00, 0x00, 0xF9, 0x1E, 0xFB, 0x0C, 0x00, 0x00, 0x00, 0xF9,
    0x1E, 0xFB, 0x0C, 0x00, 0x00, 0x00, 0xF9, 0x1E, 0xFB, 0x0C, 0x00, 0x00,
    0x00, 0xF9, 0x1E, 0xFB, 0x0C, 0x00, 0x00, 0x00, 0xF9, 0x1E, 0xEA, 0x0B,
    0x00, 0x00, 0x00, 0xE8, 0x1D, 0x11, 0x01, 0x00, 0x00, 0x00, 0x11, 0x01,
    0x10, 0x11, 0x00, 0x00, 0x00, 0x00, 0x00, 0x10, 0x01, 0xE7, 0xDE, 0x01,
    0x00, 0x00, 0x00, 0x00, 0xE5, 0x4E, 0xF8, 0xFF, 0x0A, 0x00, 0x00, 0x00,
    0x00, 0xF5, 0x4F, 0xF7, 0xFF, 0x4F, 0x00, 0x00, 0x00, 0x00, 0xF5, 0x4F,
    0xF7, 0xEE, 0xDF, 0x01, 0x00, 0x00, 0x00, 0xF5, 0x4F, 0xF7, 0x6D, 0xFF,
    0x08, 0x00, 0x00, 0x00, 0xF5, 0x4F, 0xF7, 0x1E, 0xFA, 0x3F, 0x00, 0x00,
    0x00, 0xF5, 0x4F, 0xF7, 0x1E, 0xF2, 0xCF, 0x00, 0x00, 0x00, 0xF5, 0x4F,
    0xF7, 0x2E, 0x80, 0xFF, 0x07, 0x00, 0x00, 0xF5, 0x4F, 0xF7, 0x2E, 0x10,
    0xFD, 0x3F, 0x00, 0x00, 0xF5, 0x4F, 0xF7, 0x2E, 0x00, 0xF4, 0xBF, 0x00,
    0x00, 0xF5, 0x4F, 0xF7, 0x2E, 0x00, 0xA0, 0xFF, 0x06, 0x00, 0xF5, 0x4F,
    0xF7, 0x2E, 0x00, 0x10, 0xFE, 0x2E, 0x00, 0xF5, 0x4F, 0xF7, 0x2E, 0x00,
    0x00, 0xF5, 0xAF, 0x00, 0xF5, 0x4F, 0xF7, 0x2E, 0x00, 0x00, 0xB0, 0xFF,
    0x05, 0xF5, 0x4F, 0xF7, 0x2E, 0x00, 0x00, 0x20, 0xFE, 0x0E, 0xF5, 0x4F,
    0xF7, 0x2E, 0x00, 0x00, 0x00, 0xF7, 0x7F, 0xF4, 0x4F, 0xF7, 0x2E, 0x00,
    0x00, 0x00, 0xC0, 0xEF, 0xF7, 0x4F, 0xF7, 0x2E, 0x00, 0x00, 0x00, 0x30,
    0xFF, 0xFD, 0x4F, 0xF7, 0x2E, 0x00, 0x00, 0x00, 0x00, 0xF8, 0xFF, 0x4F,
    0xF8, 0x2F, 0x00, 0x00, 0x00, 0x00, 0xD0, 0xFF, 0x4F, 0xE7, 0x2D, 0x00,
    0x00, 0x00, 0x00, 0x40, 0xEE, 0x4E, 0x10, 0x01, 0x00, 0x00, 0x00, 0x00,
    0x00, 0x11, 0x01, 0x00, 0x00, 0x00, 0x20, 0x44, 0x01, 0x00, 0x00, 0x00,
    0x00, 0x00, 0x00, 0x90, 0xEF, 0x01, 0x00, 0x00, 0x00, 0x00, 0x00, 0x00,
    0xC0, 0x8F, 0x00, 0x00, 0x00, 0x00, 0x00, 0x00, 0x00, 0xE1, 0x4F, 0x00,
    0x00, 0x00, 0x00, 0x00, 0x00, 0x00, 0xF4, 0x0D, 0x00, 0x00, 0x00, 0x00,
    0x00, 0x00, 0x00, 0xF7, 0x08, 0x00, 0x00, 0x00, 0x00, 0x00, 0x00, 0x00,
    0x10, 0x01, 0x00, 0x00, 0xB8, 0x08, 0x92, 0xEC, 0xAD, 0x04, 0x00, 0xFC,
    0x3B, 0xFF, 0xFF, 0xFF, 0x7F, 0x00, 0xFB, 0xDB, 0x7E, 0x54, 0xF9, 0xFF,
    0x04, 0xFB, 0xDF, 0x01, 0x00, 0x70, 0xFF, 0x0A, 0xFB, 0x4F, 0x00, 0x00,
    0x00, 0xFC, 0x0D, 0xFB, 0x0D, 0x00, 0x00, 0x00, 0xF9, 0x1E, 0xFB, 0x0C,
    0x00, 0x00, 0x00, 0xF9, 0x1E, 0xFB, 0x0C, 0x00, 0x00, 0x00, 0xF9, 0x1E,
    0xFB, 0x0C, 0x00, 0x00, 0x00, 0xF9, 0x1E, 0xFB, 0x0C, 0x00, 0x00, 0x00,
    0xF9, 0x1E, 0xFB, 0x0C, 0x00, 0x00, 0x00, 0xF9, 0x1E, 0xFB, 0x0C, 0x00,
    0x00, 0x00, 0xF9, 0x1E, 0xFB, 0x0C, 0x00, 0x00, 0x00, 0xF9, 0x1E, 0xFB,
    0x0C, 0x00, 0x00, 0x00, 0xF9, 0x1E, 0xFB, 0x0C, 0x00, 0x00, 0x00, 0xF9,
    0x1E, 0xFB, 0x0B, 0x00, 0x00, 0x00, 0xF8, 0x1D, 0x21, 0x01, 0x00, 0x00,
    0x00, 0x21, 0x02, 0x00, 0x00, 0x30, 0x34, 0x00, 0x00, 0x00, 0x00, 0x00,
    0xD0, 0xAF, 0x00, 0x00, 0x00, 0x00, 0x00, 0xE2, 0x4F, 0x00, 0x00, 0x00,
    0x00, 0x00, 0xF5, 0x1D, 0x00, 0x00, 0x00, 0x00, 0x00, 0xF8, 0x09, 0x00,
    0x00, 0x00, 0x00, 0x00, 0xFB, 0x04, 0x00, 0x00, 0x00, 0x00, 0x00, 0x42,
    0x03, 0x00, 0x40, 0x24, 0x00, 0x00, 0x00, 0x00, 0xE3, 0x7F, 0x00, 0xFA,
    0x2D, 0x00, 0x00, 0x00, 0x00, 0x30, 0xFE, 0x74, 0xDF, 0x02, 0x00, 0x00,
    0x00, 0x00, 0x00, 0xF5, 0xFF, 0x3E, 0x00, 0x00, 0x00, 0x00, 0x00, 0x00,
    0x60, 0x99, 0x04, 0x00, 0x00, 0x00, 0x00, 0x00, 0x00, 0x00, 0x00, 0x00,
    0x00, 0x00, 0x00, 0x10, 0x11, 0x00, 0x00, 0x00, 0x00, 0x00, 0x10, 0x01,
    0xE7, 0xDE, 0x01, 0x00, 0x00, 0x00, 0x00, 0xE5, 0x4E, 0xF8, 0xFF, 0x0A,
    0x00, 0x00, 0x00, 0x00, 0xF5, 0x4F, 0xF7, 0xFF, 0x4F, 0x00, 0x00, 0x00,
    0x00, 0xF5, 0x4F, 0xF7, 0xEE, 0xDF, 0x01, 0x00, 0x00, 0x00, 0xF5, 0x4F,
    0xF7, 0x6D, 0xFF, 0x08, 0x00, 0x00, 0x00, 0xF5, 0x4F, 0xF7, 0x1E, 0xFA,
    0x3F, 0x00, 0x00, 0x00, 0xF5, 0x4F, 0xF7, 0x1E, 0xF2, 0xCF, 0x00, 0x00,
    0x00, 0xF5, 0x4F, 0xF7, 0x2E, 0x80, 0xFF, 0x07, 0x00, 0x00, 0xF5, 0x4F,
    0xF7, 0x2E, 0x10, 0xFD, 0x3F, 0x00, 0x00, 0xF5, 0x4F, 0xF7, 0x2E, 0x00,
    0xF4, 0xBF, 0x00, 0x00, 0xF5, 0x4F, 0xF7, 0x2E, 0x00, 0xA0, 0xFF, 0x06,
    0x00, 0xF5, 0x4F, 0xF7, 0x2E, 0x00, 0x10, 0xFE, 0x2E, 0x00, 0xF5, 0x4F,
    0xF7, 0x2E, 0x00, 0x00, 0xF5, 0xAF, 0x00, 0xF5, 0x4F, 0xF7, 0x2E, 0x00,
    0x00, 0xB0, 0xFF, 0x05, 0xF5, 0x4F, 0xF7, 0x2E, 0x00, 0x00, 0x20, 0xFE,
    0x0E, 0xF5, 0x4F, 0xF7, 0x2E, 0x00, 0x00, 0x00, 0xF7, 0x7F, 0xF4, 0x4F,
    0xF7, 0x2E, 0x00, 0x00, 0x00, 0xC0, 0xEF, 0xF7, 0x4F, 0xF7, 0x2E, 0x00,
    0x00, 0x00, 0x30, 0xFF, 0xFD, 0x4F, 0xF7, 0x2E, 0x00, 0x00, 0x00, 0x00,
    0xF8, 0xFF, 0x4F, 0xF8, 0x2F, 0x00, 0x00, 0x00, 0x00, 0xD0, 0xFF, 0x4F,
    0xE7, 0x2D, 0x00, 0x00, 0x00, 0x00, 0x40, 0xEE, 0x4E, 0x10, 0x01, 0x00,
    0x00, 0x00, 0x00, 0x00, 0x11, 0x01, 0x00, 0x11, 0x00, 0x00, 0x10, 0x01,
    0x00, 0x00, 0xE7, 0x1B, 0x00, 0xEA, 0x1B, 0x00, 0x00, 0xA0, 0xBF, 0x80,
    0xDF, 0x02, 0x00, 0x00, 0x00, 0xFB, 0xFC, 0x2E, 0x00, 0x00, 0x00, 0x00,
    0xB1, 0xCD, 0x04, 0x00, 0x00, 0x00, 0x00, 0x00, 0x00, 0x00, 0x00, 0x00,
    0x00, 0x00, 0x00, 0x10, 0x01, 0x00, 0x00, 0xB8, 0x08, 0x92, 0xED, 0xAD,
    0x04, 0x00, 0xFC, 0x3B, 0xFF, 0xFF, 0xFF, 0x7F, 0x00, 0xFB, 0xDB, 0x7E,
    0x54, 0xF9, 0xFF, 0x04, 0xFB, 0xCF, 0x01, 0x00, 0x60, 0xFF, 0x0A, 0xFB,
    0x4F, 0x00, 0x00, 0x00, 0xFC, 0x0D, 0xFB, 0x0D, 0x00, 0x00, 0x00, 0xF9,
    0x1E, 0xFB, 0x0C, 0x00, 0x00, 0x00, 0xF9, 0x1E, 0xFB, 0x0C, 0x00, 0x00,
    0x00, 0xF9, 0x1E, 0xFB, 0x0C, 0x00, 0x00, 0x00, 0xF9, 0x1E, 0xFB, 0x0C,
    0x00, 0x00, 0x00, 0xF9, 0x1E, 0xFB, 0x0C, 0x00, 0x00, 0x00, 0xF9, 0x1E,
    0xFB, 0x0C, 0x00, 0x00, 0x00, 0xF9, 0x1E, 0xFB, 0x0C, 0x00, 0x00, 0x00,
    0xF9, 0x1E, 0xFB, 0x0C, 0x00, 0x00, 0x00, 0xF9, 0x1E, 0xFB, 0x0C, 0x00,
    0x00, 0x00, 0xF9, 0x1E, 0xEA, 0x0B, 0x00, 0x00, 0x00, 0xE8, 0x1D, 0x11,
    0x01, 0x00, 0x00, 0x00, 0x11, 0x01, 0x00, 0x00, 0x00, 0x43, 0x44, 0x44,
    0x34, 0x00, 0x00, 0x00, 0x00, 0x00, 0x00, 0xFC, 0xFF, 0xFF, 0xFF, 0x01,
    0x00, 0x00, 0x00, 0x00, 0x00, 0xB8, 0xBB, 0xBB, 0xAB, 0x01, 0x00, 0x00,
    0x00, 0x00, 0x00, 0x00, 0x00, 0x00, 0x00, 0x00, 0x00, 0x00, 0x00, 0x00,
    0x00, 0x00, 0x00, 0x00, 0x00, 0x00, 0x00, 0x00, 0x00, 0x00, 0x00, 0x00,
    0x42, 0x34, 0x01, 0x00, 0x00, 0x00, 0x00, 0x00, 0x20, 0xD8, 0xFE, 0xFF,
    0xAD, 0x03, 0x00, 0x00, 0x00, 0x00, 0xE6, 0xFF, 0xFF, 0xFF, 0xFF, 0x8F,
    0x00, 0x00, 0x00, 0x70, 0xFF, 0xBF, 0x47, 0x64, 0xFA, 0xFF, 0x0A, 0x00,
    0x00, 0xF4, 0xEF, 0x05, 0x00, 0x00, 0x30, 0xFD, 0x8F, 0x00, 0x00, 0xFD,
    0x4F, 0x00, 0x00, 0x00, 0x00, 0xD1, 0xFF, 0x02, 0x50, 0xFF, 0x08, 0x00,
    0x00, 0x00, 0x00, 0x40, 0xFF, 0x09, 0xB0, 0xEF, 0x01, 0x00, 0x00, 0x00,
    0x00, 0x00, 0xFB, 0x1D, 0xD1, 0xAF, 0x00, 0x00, 0x00, 0x00, 0x00, 0x00,
    0xF7, 0x3F, 0xF2, 0x7F, 0x00, 0x00, 0x00, 0x00, 0x00, 0x00, 0xF4, 0x6F,
    0xF3, 0x6F, 0x00, 0x00, 0x00, 0x00, 0x00, 0x00, 0xF2, 0x7F, 0xF4, 0x5F,
    0x00, 0x00, 0x00, 0x00, 0x00, 0x00, 0xE2, 0x7F, 0xF4, 0x6F, 0x00, 0x00,
    0x00, 0x00, 0x00, 0x00, 0xF2, 0x7F, 0xF2, 0x7F, 0x00, 0x00, 0x00, 0x00,
    0x00, 0x00, 0xF4, 0x6F, 0xD1, 0xAF, 0x00, 0x00, 0x00, 0x00, 0x00, 0x00,
    0xF7, 0x3F, 0xB0, 0xEF, 0x01, 0x00, 0x00, 0x00, 0x00, 0x00, 0xFB, 0x1D,
    0x50, 0xFF, 0x08, 0x00, 0x00, 0x00, 0x00, 0x40, 0xFF, 0x09, 0x10, 0xFD,
    0x4F, 0x00, 0x00, 0x00, 0x00, 0xD1, 0xFF, 0x03, 0x00, 0xF4, 0xEF, 0x05,
    0x00, 0x00, 0x30, 0xFD, 0x8F, 0x00, 0x00, 0x70, 0xFF, 0xBF, 0x47, 0x64,
    0xFA, 0xFF, 0x0A, 0x00, 0x00, 0x00, 0xE6, 0xFF, 0xFF, 0xFF, 0xFF, 0x9F,
    0x00, 0x00, 0x00, 0x00, 0x20, 0xD8, 0xFE, 0xFF, 0xAD, 0x04, 0x00, 0x00,
    0x00, 0x00, 0x00, 0x00, 0x42, 0x34, 0x01, 0x00, 0x00, 0x00, 0x00, 0x10,
    0x44, 0x44, 0x44, 0x24, 0x00, 0x00, 0x00, 0x40, 0xFF, 0xFF, 0xFF, 0x8F,
    0x00, 0x00, 0x00, 0x30, 0xBB, 0xBB, 0xBB, 0x6B, 0x00, 0x00, 0x00, 0x00,
    0x00, 0x00, 0x00, 0x00, 0x00, 0x00, 0x00, 0x00, 0x00, 0x00, 0x00, 0x00,
    0x00, 0x00, 0x00, 0x00, 0x00, 0x10, 0x01, 0x00, 0x00, 0x00, 0x00, 0x00,
    0xA5, 0xED, 0xCE, 0x28, 0x00, 0x00, 0x00, 0xA1, 0xFF, 0xFF, 0xFF, 0xEF,
    0x04, 0x00, 0x00, 0xFA, 0xCF, 0x46, 0x95, 0xFE, 0x4F, 0x00, 0x60, 0xFF,
    0x0A, 0x00, 0x00, 0xE4, 0xDF, 0x01, 0xD0, 0xDF, 0x01, 0x00, 0x00, 0x70,
    0xFF, 0x05, 0xF3, 0x7F, 0x00, 0x00, 0x00, 0x10, 0xFE, 0x0A, 0xF6, 0x4F,
    0x00, 0x00, 0x00, 0x00, 0xFB, 0x0C, 0xF7, 0x2E, 0x00, 0x00, 0x00, 0x00,
    0xF9, 0x1D, 0xF7, 0x2E, 0x00, 0x00, 0x00, 0x00, 0xF9, 0x1E, 0xF6, 0x3F,
    0x00, 0x00, 0x00, 0x00, 0xFA, 0x0D, 0xF4, 0x6F, 0x00, 0x00, 0x00, 0x00,
    0xFD, 0x0B, 0xD1, 0xCF, 0x00, 0x00, 0x00, 0x50, 0xFF, 0x07, 0x80, 0xFF,
    0x07, 0x00, 0x00, 0xD2, 0xEF, 0x01, 0x10, 0xFD, 0x9F, 0x13, 0x62, 0xFD,
    0x6F, 0x00, 0x00, 0xD2, 0xFF, 0xEF, 0xFF, 0xFF, 0x07, 0x00, 0x00, 0x10,
    0xD8, 0xFF, 0xEF, 0x4B, 0x00, 0x00, 0x00, 0x00, 0x00, 0x43, 0x23, 0x00,
    0x00, 0x00, 0x00, 0x00, 0x00, 0x34, 0x00, 0x00, 0x42, 0x01, 0x00, 0x00,
    0x00, 0x00, 0x00, 0xEF, 0x00, 0x00, 0xFA, 0x03, 0x00, 0x00, 0x00, 0x00,
    0x00, 0xF8, 0x29, 0x61, 0xCF, 0x00, 0x00, 0x00, 0x00, 0x00, 0x00, 0xC1,
    0xFF, 0xFF, 0x3E, 0x00, 0x00, 0x00, 0x00, 0x00, 0x00, 0x00, 0xB6, 0x8B,
    0x02, 0x00, 0x00, 0x00, 0x00, 0x00, 0x00, 0x00, 0x00, 0x00, 0x00, 0x00,
    0x00, 0x00, 0x00, 0x00, 0x00, 0x00, 0x42, 0x34, 0x01, 0x00, 0x00, 0x00,
    0x00, 0x00, 0x20, 0xD8, 0xFE, 0xFF, 0xAD, 0x03, 0x00, 0x00, 0x00, 0x00,
    0xE6, 0xFF, 0xFF, 0xFF, 0xFF, 0x8F, 0x00, 0x00, 0x00, 0x70, 0xFF, 0xBF,
    0x47, 0x64, 0xFA, 0xFF, 0x0A, 0x00, 0x00, 0xF4, 0xEF, 0x05, 0x00, 0x00,
    0x30, 0xFD, 0x8F, 0x00, 0x00, 0xFD, 0x4F, 0x00, 0x00, 0x00, 0x00, 0xD1,
    0xFF, 0x02, 0x50, 0xFF, 0x08, 0x00, 0x00, 0x00, 0x00, 0x40, 0xFF, 0x09,
    0xB0, 0xEF, 0x01, 0x00, 0x00, 0x00, 0x00, 0x00, 0xFB, 0x1D, 0xD1, 0xAF,
    0x00, 0x00, 0x00, 0x00, 0x00, 0x00, 0xF7, 0x3F, 0xF2, 0x7F, 0x00, 0x00,
    0x00, 0x00, 0x00, 0x00, 0xF4, 0x6F, 0xF3, 0x6F, 0x00, 0x00, 0x00, 0x00,
    0x00, 0x00, 0xF2, 0x7F, 0xF4, 0x5F, 0x00, 0x00, 0x00, 0x00, 0x00, 0x00,
    0xE2, 0x7F, 0xF4, 0x6F, 0x00, 0x00, 0x00, 0x00, 0x00, 0x00, 0xF2, 0x7F,
    0xF2, 0x7F, 0x00, 0x00, 0x00, 0x00, 0x00, 0x00, 0xF4, 0x6F, 0xD1, 0xAF,
    0x00, 0x00, 0x00, 0x00, 0x00, 0x00, 0xF7, 0x3F, 0xB0, 0xEF, 0x01, 0x00,
    0x00, 0x00, 0x00, 0x00, 0xFB, 0x1D, 0x50, 0xFF, 0x08, 0x00, 0x00, 0x00,
    0x00, 0x40, 0xFF, 0x09, 0x10, 0xFD, 0x4F, 0x00, 0x00, 0x00, 0x00, 0xD1,
    0xFF, 0x03, 0x00, 0xF4, 0xEF, 0x05, 0x00, 0x00, 0x30, 0xFD, 0x8F, 0x00,
    0x00, 0x70, 0xFF, 0xBF, 0x47, 0x64, 0xFA, 0xFF, 0x0A, 0x00, 0x00, 0x00,
    0xE6, 0xFF, 0xFF, 0xFF, 0xFF, 0x9F, 0x00, 0x00, 0x00, 0x00, 0x20, 0xD8,
    0xFE, 0xFF, 0xAD, 0x04, 0x00, 0x00, 0x00, 0x00, 0x00, 0x00, 0x42, 0x34,
    0x01, 0x00, 0x00, 0x00, 0x00, 0x10, 0x13, 0x00, 0x00, 0x22, 0x00, 0x00,
    0x00, 0x30, 0x9F, 0x00, 0x20, 0xAF, 0x00, 0x00, 0x00, 0x00, 0xFD, 0x15,
    0xB2, 0x6F, 0x00, 0x00, 0x00, 0x00, 0xE3, 0xFF, 0xFF, 0x0A, 0x00, 0x00,
    0x00, 0x00, 0x20, 0xB8, 0x5A, 0x00, 0x00, 0x00, 0x00, 0x00, 0x00, 0x00,
    0x00, 0x00, 0x00, 0x00, 0x00, 0x00, 0x00, 0x11, 0x01, 0x00, 0x00, 0x00,
    0x00, 0x00, 0xA5, 0xED, 0xCE, 0x28, 0x00, 0x00, 0x00, 0xA1, 0xFF, 0xFF,
    0xFF, 0xEF, 0x04, 0x00, 0x00, 0xFA, 0xCF, 0x46, 0x95, 0xFE, 0x4F, 0x00,
    0x60, 0xFF, 0x0A, 0x00, 0x00, 0xE4, 0xDF, 0x01, 0xD0, 0xDF, 0x01, 0x00,
    0x00, 0x70, 0xFF, 0x05, 0xF3, 0x7F, 0x00, 0x00, 0x00, 0x10, 0xFE, 0x0A,
    0xF6, 0x4F, 0x00, 0x00, 0x00, 0x00, 0xFB, 0x0C, 0xF7, 0x2E, 0x00, 0x00,
    0x00, 0x00, 0xF9, 0x1D, 0xF7, 0x2E, 0x00, 0x00, 0x00, 0x00, 0xF9, 0x1E,
    0xF6, 0x3F, 0x00, 0x00, 0x00, 0x00, 0xFA, 0x0D, 0xF4, 0x6F, 0x00, 0x00,
    0x00, 0x00, 0xFD, 0x0B, 0xD1, 0xCF, 0x00, 0x00, 0x00, 0x50, 0xFF, 0x07,
    0x80, 0xFF, 0x07, 0x00, 0x00, 0xD2, 0xEF, 0x01, 0x10, 0xFD, 0x9F, 0x13,
    0x62, 0xFD, 0x6F, 0x00, 0x00, 0xD2, 0xFF, 0xEF, 0xFF, 0xFF, 0x07, 0x00,
    0x00, 0x10, 0xD8, 0xFF, 0xEF, 0x4B, 0x00, 0x00, 0x00, 0x00, 0x00, 0x43,
    0x23, 0x00, 0x00, 0x00, 0x00, 0x00, 0x00, 0x30, 0x44, 0x00, 0x41, 0x24,
    0x00, 0x00, 0x00, 0x00, 0x00, 0xE1, 0xBF, 0x00, 0xFB, 0x2E, 0x00, 0x00,
    0x00, 0x00, 0x00, 0xF6, 0x2E, 0x50, 0xFF, 0x04, 0x00, 0x00, 0x00, 0x00,
    0x00, 0xFC, 0x08, 0xD1, 0x7F, 0x00, 0x00, 0x00, 0x00, 0x00, 0x30, 0xDE,
    0x01, 0xE6, 0x0A, 0x00, 0x00, 0x00, 0x00, 0x00, 0x10, 0x01, 0x00, 0x00,
    0x00, 0x00, 0x00, 0x00, 0x00, 0x00, 0x00, 0x00, 0x42, 0x24, 0x01, 0x00,
    0x00, 0x00, 0x00, 0x00, 0x20, 0xD8, 0xFE, 0xFF, 0xAD, 0x03, 0x00, 0x00,
    0x00, 0x00, 0xE6, 0xFF, 0xFF, 0xFF, 0xFF, 0x8F, 0x00, 0x00, 0x00, 0x70,
    0xFF, 0xBF, 0x47, 0x64, 0xFA, 0xFF, 0x0A, 0x00, 0x00, 0xF4, 0xEF, 0x05,
    0x00, 0x00, 0x30, 0xFD, 0x8F, 0x00, 0x00, 0xFD, 0x4F, 0x00, 0x00, 0x00,
    0x00, 0xD1, 0xFF, 0x02, 0x50, 0xFF, 0x08, 0x00, 0x00, 0x00, 0x00, 0x40,
    0xFF, 0x09, 0xB0, 0xEF, 0x01, 0x00, 0x00, 0x00, 0x00, 0x00, 0xFB, 0x1D,
    0xD1, 0xAF, 0x00, 0x00, 0x00, 0x00, 0x00, 0x00, 0xF7, 0x3F, 0xF2, 0x7F,
    0x00, 0x00, 0x00, 0x00, 0x00, 0x00, 0xF4, 0x6F, 0xF3, 0x6F, 0x00, 0x00,
    0x00, 0x00, 0x00, 0x00, 0xF2, 0x7F, 0xF4, 0x5F, 0x00, 0x00, 0x00, 0x00,
    0x00, 0x00, 0xE2, 0x7F, 0xF4, 0x6F, 0x00, 0x00, 0x00, 0x00, 0x00, 0x00,
    0xF2, 0x7F, 0xF2, 0x7F, 0x00, 0x00, 0x00, 0x00, 0x00, 0x00, 0xF4, 0x6F,
    0xD1, 0xAF, 0x00, 0x00, 0x00, 0x00, 0x00, 0x00, 0xF7, 0x3F, 0xB0, 0xEF,
    0x01, 0x00, 0x00, 0x00, 0x00, 0x00, 0xFB, 0x1D, 0x50, 0xFF, 0x08, 0x00,
    0x00, 0x00, 0x00, 0x40, 0xFF, 0x09, 0x10, 0xFD, 0x4F, 0x00, 0x00, 0x00,
    0x00, 0xD1, 0xFF, 0x03, 0x00, 0xF4, 0xEF, 0x05, 0x00, 0x00, 0x30, 0xFD,
    0x8F, 0x00, 0x00, 0x70, 0xFF, 0xBF, 0x47, 0x64, 0xFA, 0xFF, 0x0A, 0x00,
    0x00, 0x00, 0xE6, 0xFF, 0xFF, 0xFF, 0xFF, 0x9F, 0x00, 0x00, 0x00, 0x00,
    0x20, 0xD8, 0xFE, 0xFF, 0xAD, 0x04, 0x00, 0x00, 0x00, 0x00, 0x00, 0x00,
    0x42, 0x34, 0x01, 0x00, 0x00, 0x00, 0x00, 0x00, 0x41, 0x34, 0x00, 0x43,
    0x04, 0x00, 0x00, 0x00, 0xF6, 0x5F, 0x30, 0xFF, 0x09, 0x00, 0x00, 0x00,
    0xFC, 0x0A, 0xB0, 0xCF, 0x00, 0x00, 0x00, 0x40, 0xFF, 0x03, 0xF5, 0x2E,
    0x00, 0x00, 0x00, 0x80, 0x8E, 0x10, 0xEC, 0x05, 0x00, 0x00, 0x00, 0x10,
    0x01, 0x00, 0x11, 0x00, 0x00, 0x00, 0x00, 0x00, 0x00, 0x10, 0x01, 0x00,
    0x00, 0x00, 0x00, 0x00, 0xA5, 0xED, 0xCE, 0x28, 0x00, 0x00, 0x00, 0xA1,
    0xFF, 0xFF, 0xFF, 0xEF, 0x04, 0x00, 0x00, 0xFA, 0xCF, 0x46, 0x95, 0xFE,
    0x4F, 0x00, 0x60, 0xFF, 0x0A, 0x00, 0x00, 0xE4, 0xDF, 0x01, 0xD0, 0xDF,
    0x01, 0x00, 0x00, 0x70, 0xFF, 0x05, 0xF3, 0x7F, 0x00, 0x00, 0x00, 0x10,
    0xFE, 0x0A, 0xF6, 0x4F, 0x00, 0x00, 0x00, 0x00, 0xFB, 0x0C, 0xF7, 0x2E,
    0x00, 0x00, 0x00, 0x00, 0xF9, 0x1D, 0xF7, 0x2E, 0x00, 0x00, 0x00, 0x00,
    0xF9, 0x1E, 0xF6, 0x3F, 0x00, 0x00, 0x00, 0x00, 0xFA, 0x0D, 0xF4, 0x6F,
    0x00, 0x00, 0x00, 0x00, 0xFD, 0x0B, 0xD1, 0xCF, 0x00, 0x00, 0x00, 0x50,
    0xFF, 0x07, 0x80, 0xFF, 0x07, 0x00, 0x00, 0xD2, 0xEF, 0x01, 0x10, 0xFD,
    0x9F, 0x13, 0x62, 0xFD, 0x6F, 0x00, 0x00, 0xD2, 0xFF, 0xEF, 0xFF, 0xFF,
    0x07, 0x00, 0x00, 0x10, 0xD8, 0xFF, 0xEF, 0x4B, 0x00, 0x00, 0x00, 0x00,
    0x00, 0x43, 0x23, 0x00, 0x00, 0x00, 0x00, 0x00, 0x00, 0x00, 0x10, 0x11,
    0x11, 0x11, 0x11, 0x11, 0x11, 0x11, 0x11, 0x00, 0x00, 0x00, 0x40, 0xC9,
    0xEE, 0xEE, 0xEE, 0xEE, 0xEE, 0xEE, 0xEE, 0xEE, 0x2E, 0x00, 0x00, 0xB3,
    0xFF, 0xFF, 0xFF, 0xFF, 0xFF, 0xFF, 0xFF, 0xFF, 0xFF, 0xFF, 0x03, 0x00,
    0xE4, 0xFF, 0x7C, 0x45, 0x44, 0xFA, 0x5E, 0x44, 0x44, 0x44, 0x44, 0x14,
    0x00, 0xE2, 0xEF, 0x06, 0x00, 0x00, 0x80, 0xEF, 0x00, 0x00, 0x00, 0x00,
    0x00, 0x00, 0xB0, 0xFF, 0x05, 0x00, 0x00, 0x00, 0xF9, 0x1E, 0x00, 0x00,
    0x00, 0x00, 0x00, 0x40, 0xFF, 0x09, 0x00, 0x00, 0x00, 0x90, 0xEF, 0x01,
    0x00, 0x00, 0x00, 0x00, 0x00, 0xFA, 0x2E, 0x00, 0x00, 0x00, 0x00, 0xF9,
    0x1E, 0x00, 0x00, 0x00, 0x00, 0x00, 0xD0, 0xBF, 0x00, 0x00, 0x00, 0x00,
    0x90, 0xEF, 0x01, 0x00, 0x00, 0x00, 0x00, 0x20, 0xFF, 0x07, 0x00, 0x00,
    0x00, 0x00, 0xF9, 0x1E, 0x00, 0x00, 0x00, 0x00, 0x00, 0xF3, 0x6F, 0x00,
    0x00, 0x00, 0x00, 0x90, 0xFF, 0xBB, 0xBB, 0xBB, 0xBB, 0x6B, 0x40, 0xFF,
    0x05, 0x00, 0x00, 0x00, 0x00, 0xF9, 0xFF, 0xFF, 0xFF, 0xFF, 0xFF, 0x08,
    0xF3, 0x6F, 0x00, 0x00, 0x00, 0x00, 0x90, 0xEF, 0x78, 0x77, 0x77, 0x77,
    0x47, 0x20, 0xFF, 0x07, 0x00, 0x00, 0x00, 0x00, 0xF9, 0x0E, 0x00, 0x00,
    0x00, 0x00, 0x00, 0xD0, 0xBF, 0x00, 0x00, 0x00, 0x00, 0x90, 0xEF, 0x01,
    0x00, 0x00, 0x00, 0x00, 0x00, 0xFA, 0x2E, 0x00, 0x00, 0x00, 0x00, 0xF9,
    0x1E, 0x00, 0x00, 0x00, 0x00, 0x00, 0x40, 0xFF, 0x09, 0x00, 0x00, 0x00,
    0x90, 0xEF, 0x01, 0x00, 0x00, 0x00, 0x00, 0x00, 0xB0, 0xFF, 0x05, 0x00,
    0x00, 0x00, 0xF9, 0x1E, 0x00, 0x00, 0x00, 0x00, 0x00, 0x00, 0xE2, 0xEF,
    0x06, 0x00, 0x00, 0x80, 0xEF, 0x00, 0x00, 0x00, 0x00, 0x00, 0x00, 0x00,
    0xE4, 0xFF, 0x7C, 0x45, 0x44, 0xFA, 0x5E, 0x44, 0x44, 0x44, 0x44, 0x14,
    0x00, 0x00, 0xB2, 0xFF, 0xFF, 0xFF, 0xFF, 0xFF, 0xFF, 0xFF, 0xFF, 0xFF,
    0xFF, 0x04, 0x00, 0x00, 0x40, 0xC9, 0xEE, 0xEE, 0xEE, 0xEE, 0xEE, 0xEE,
    0xEE, 0xEE, 0x4E, 0x00, 0x00, 0x00, 0x00, 0x10, 0x11, 0x11, 0x11, 0x11,
    0x11, 0x11, 0x11, 0x11, 0x00, 0x00, 0x00, 0x00, 0x10, 0x01, 0x00, 0x00,
    0x00, 0x00, 0x10, 0x01, 0x00, 0x00, 0x00, 0x00, 0x50, 0xDA, 0xEE, 0x8C,
    0x02, 0x00, 0x40, 0xDA, 0xEE, 0x7C, 0x01, 0x00, 0x00, 0xA1, 0xFF, 0xFF,
    0xFF, 0xEF, 0x05, 0x80, 0xFF, 0xFF, 0xFF, 0xDF, 0x03, 0x00, 0xA0, 0xFF,
    0x6C, 0x54, 0xE8, 0xFF, 0x73, 0xFF, 0x6C, 0x54, 0xF9, 0xEF, 0x02, 0x60,
    0xFF, 0x0A, 0x00, 0x00, 0xE3, 0xEF, 0xFE, 0x09, 0x00, 0x00, 0xF5, 0xAF,
    0x00, 0xFD, 0x1D, 0x00, 0x00, 0x00, 0xF5, 0xFF, 0x0D, 0x00, 0x00, 0x01,
    0xFA, 0x2E, 0xF3, 0x7F, 0x00, 0x00, 0x00, 0x00, 0xFD, 0x6F, 0x00, 0x00,
    0x00, 0x30, 0xFF, 0x65, 0xFF, 0x04, 0x00, 0x00, 0x00, 0x90, 0xFF, 0x47,
    0x44, 0x44, 0x44, 0xE5, 0x7F, 0xF7, 0x2E, 0x00, 0x00, 0x00, 0x00, 0xF7,
    0xFF, 0xFF, 0xFF, 0xFF, 0xFF, 0xFF, 0x79, 0xEF, 0x02, 0x00, 0x00, 0x00,
    0x70, 0xFF, 0xEE, 0xEE, 0xEE, 0xEE, 0xEE, 0x8E, 0xF6, 0x3F, 0x00, 0x00,
    0x00, 0x00, 0xF9, 0x5F, 0x11, 0x11, 0x11, 0x11, 0x11, 0x41, 0xFF, 0x06,
    0x00, 0x00, 0x00, 0xC0, 0xFF, 0x06, 0x00, 0x00, 0x00, 0x00, 0x00, 0xD1,
    0xCF, 0x00, 0x00, 0x00, 0x30, 0xFF, 0xCF, 0x00, 0x00, 0x00, 0x10, 0x04,
    0x00, 0xF8, 0x7F, 0x00, 0x00, 0x10, 0xFC, 0xFF, 0x8F, 0x00, 0x00, 0x00,
    0xFA, 0x2D, 0x10, 0xFD, 0x9F, 0x13, 0x52, 0xFC, 0x6F, 0xF9, 0xAF, 0x24,
    0x42, 0xFA, 0xBF, 0x00, 0x20, 0xFD, 0xFF, 0xEE, 0xFF, 0x7F, 0x10, 0xFB,
    0xFF, 0xEE, 0xFF, 0xCF, 0x01, 0x00, 0x10, 0xD8, 0xFF, 0xEF, 0x4B, 0x00,
    0x00, 0xC6, 0xFE, 0xFF, 0x7D, 0x01, 0x00, 0x00, 0x00, 0x30, 0x34, 0x02,
    0x00, 0x00, 0x00, 0x20, 0x44, 0x02, 0x00, 0x00, 0x00, 0x00, 0x00, 0x10,
    0x65, 0x04, 0x00, 0x00, 0x00, 0x00, 0x00, 0x70, 0xFF, 0x05, 0x00, 0x00,
    0x00, 0x00, 0x00, 0xD0, 0x9F, 0x00, 0x00, 0x00, 0x00, 0x00, 0x00, 0xF7,
    0x1D, 0x00, 0x00, 0x00, 0x00, 0x00, 0x00, 0xB9, 0x04, 0x00, 0x00, 0x00,
    0x00, 0x00, 0x00, 0x00, 0x00, 0x00, 0x00, 0x00, 0x11, 0x11, 0x11, 0x11,
    0x01, 0x00, 0x00, 0x00, 0xE7, 0xEE, 0xEE, 0xEE, 0xCE, 0x4A, 0x00, 0x00,
    0xF8, 0xFF, 0xFF, 0xFF, 0xFF, 0xFF, 0x0A, 0x00, 0xF7, 0x5E, 0x44, 0x44,
    0x75, 0xFD, 0xAF, 0x00, 0xF7, 0x1E, 0x00, 0x00, 0x00, 0xB1, 0xFF, 0x04,
    0xF7, 0x2E, 0x00, 0x00, 0x00, 0x20, 0xFE, 0x09, 0xF7, 0x2E, 0x00, 0x00,
    0x00, 0x00, 0xFC, 0x0B, 0xF7, 0x2E, 0x00, 0x00, 0x00, 0x00, 0xFB, 0x0C,
    0xF7, 0x2E, 0x00, 0x00, 0x00, 0x00, 0xFC, 0x0B, 0xF7, 0x2E, 0x00, 0x00,
    0x00, 0x30, 0xFF, 0x08, 0xF7, 0x1E, 0x00, 0x00, 0x00, 0xD3, 0xFF, 0x03,
    0xF7, 0x9F, 0x88, 0x88, 0xB9, 0xFF, 0x7F, 0x00, 0xF8, 0xFF, 0xFF, 0xFF,
    0xFF, 0xEF, 0x07, 0x00, 0xF8, 0xBF, 0xBB, 0xBB, 0xFE, 0x3F, 0x00, 0x00,
    0xF7, 0x1E, 0x00, 0x00, 0xF7, 0x9F, 0x00, 0x00, 0xF7, 0x2E, 0x00, 0x00,
    0xD0, 0xFF, 0x03, 0x00, 0xF7, 0x2E, 0x00, 0x00, 0x50, 0xFF, 0x0B, 0x00,
    0xF7, 0x2E, 0x00, 0x00, 0x00, 0xFC, 0x4F, 0x00, 0xF7, 0x2E, 0x00, 0x00,
    0x00, 0xF4, 0xCF, 0x00, 0xF7, 0x2E, 0x00, 0x00, 0x00, 0xA0, 0xFF, 0x05,
    0xF8, 0x2F, 0x00, 0x00, 0x00, 0x20, 0xFF, 0x1D, 0xD6, 0x2C, 0x00, 0x00,
    0x00, 0x00, 0xD8, 0x5D, 0x00, 0x00, 0x10, 0x11, 0x00, 0x00, 0x40, 0xEE,
    0x06, 0x00, 0x00, 0xFB, 0x0C, 0x00, 0x00, 0xF4, 0x2E, 0x00, 0x00, 0xB0,
    0x7F, 0x00, 0x00, 0x00, 0x32, 0x00, 0x00, 0x00, 0x00, 0x00, 0x11, 0x80,
    0x8B, 0x40, 0xDB, 0x4E, 0xFC, 0x5B, 0xFF, 0xFF, 0xB5, 0xCF, 0xFE, 0x8A,
    0x38, 0xFB, 0xDF, 0x03, 0x00, 0xB0, 0xFF, 0x04, 0x00, 0x00, 0xFB, 0x0D,
    0x00, 0x00, 0xB0, 0xCF, 0x00, 0x00, 0x00, 0xFB, 0x0C, 0x00, 0x00, 0xB0,
    0xCF, 0x00, 0x00, 0x00, 0xFB, 0x0C, 0x00, 0x00, 0xB0, 0xCF, 0x00, 0x00,
    0x00, 0xFB, 0x0C, 0x00, 0x00, 0xB0, 0xCF, 0x00, 0x00, 0x00, 0xFB, 0x0C,
    0x00, 0x00, 0xB0, 0xCF, 0x00, 0x00, 0x00, 0xEA, 0x0B, 0x00, 0x00, 0x10,
    0x11, 0x00, 0x00, 0x00, 0x10, 0x11, 0x11, 0x11, 0x01, 0x00, 0x00, 0x00,
    0xE7, 0xEE, 0xEE, 0xEE, 0xCD, 0x49, 0x00, 0x00, 0xF8, 0xFF, 0xFF, 0xFF,
    0xFF, 0xFF, 0x09, 0x00, 0xF7, 0x5E, 0x44, 0x44, 0x85, 0xFD, 0x9F, 0x00,
    0xF7, 0x1E, 0x00, 0x00, 0x00, 0xB1, 0xFF, 0x04, 0xF7, 0x2E, 0x00, 0x00,
    0x00, 0x20, 0xFE, 0x09, 0xF7, 0x2E, 0x00, 0x00, 0x00, 0x00, 0xFC, 0x0B,
    0xF7, 0x2E, 0x00, 0x00, 0x00, 0x00, 0xFB, 0x0C, 0xF7, 0x2E, 0x00, 0x00,
    0x00, 0x00, 0xFC, 0x0B, 0xF7, 0x2E, 0x00, 0x00, 0x00, 0x30, 0xFF, 0x08,
    0xF7, 0x1E, 0x00, 0x00, 0x00, 0xC3, 0xFF, 0x03, 0xF7, 0x8F, 0x77, 0x77,
    0xB8, 0xFF, 0x8F, 0x00, 0xF8, 0xFF, 0xFF, 0xFF, 0xFF, 0xEF, 0x07, 0x00,
    0xF8, 0xCF, 0xBB, 0xBB, 0xFE, 0x3F, 0x00, 0x00, 0xF7, 0x1E, 0x00, 0x00,
    0xF7, 0x9F, 0x00, 0x00, 0xF7, 0x2E, 0x00, 0x00, 0xD1, 0xFF, 0x02, 0x00,
    0xF7, 0x2E, 0x00, 0x00, 0x60, 0xFF, 0x0A, 0x00, 0xF7, 0x2E, 0x00, 0x00,
    0x00, 0xFC, 0x3F, 0x00, 0xF7, 0x2E, 0x00, 0x00, 0x00, 0xF5, 0xBF, 0x00,
    0xF7, 0x2E, 0x00, 0x00, 0x00, 0xB0, 0xFF, 0x04, 0xF8, 0x2E, 0x00, 0x00,
    0x00, 0x30, 0xFF, 0x0C, 0xE7, 0x2E, 0x00, 0x00, 0x00, 0x00, 0xEA, 0x5F,
    0x21, 0x02, 0x00, 0x00, 0x00, 0x00, 0x20, 0x12, 0x00, 0x00, 0x00, 0x43,
    0x03, 0x00, 0x00, 0x00, 0x00, 0x00, 0x10, 0xFE, 0x08, 0x00, 0x00, 0x00,
    0x00, 0x00, 0x40, 0xFF, 0x03, 0x00, 0x00, 0x00, 0x00, 0x00, 0x70, 0xCF,
    0x00, 0x00, 0x00, 0x00, 0x00, 0x00, 0xA0, 0x7F, 0x00, 0x00, 0x00, 0x00,
    0x00, 0x00, 0xD0, 0x2F, 0x00, 0x00, 0x00, 0x00, 0x00, 0x00, 0x00, 0x10,
    0x01, 0x80, 0x8B, 0x40, 0xDB, 0x4E, 0xC0, 0xBF, 0xF5, 0xFF, 0x5F, 0xB0,
    0xCF, 0xFE, 0x8A, 0x38, 0xB0, 0xFF, 0x3D, 0x00, 0x00, 0xB0, 0xFF, 0x04,
    0x00, 0x00, 0xB0, 0xDF, 0x00, 0x00, 0x00, 0xB0, 0xCF, 0x00, 0x00, 0x00,
    0xB0, 0xCF, 0x00, 0x00, 0x00, 0xB0, 0xCF, 0x00, 0x00, 0x00, 0xB0, 0xCF,
    0x00, 0x00, 0x00, 0xB0, 0xCF, 0x00, 0x00, 0x00, 0xB0, 0xCF, 0x00, 0x00,
    0x00, 0xB0, 0xCF, 0x00, 0x00, 0x00, 0xB0, 0xCF, 0x00, 0x00, 0x00, 0xB0,
    0xCF, 0x00, 0x00, 0x00, 0xA0, 0xBE, 0x00, 0x00, 0x00, 0x00, 0x00, 0x00,
    0x00, 0x00, 0x30, 0x34, 0x00, 0x00, 0x00, 0xE1, 0x9F, 0x00, 0x00, 0x00,
    0xF3, 0x3F, 0x00, 0x00, 0x00, 0xF6, 0x0C, 0x00, 0x00, 0x00, 0xF9, 0x07,
    0x00, 0x00, 0x00, 0xFC, 0x03, 0x00, 0x00, 0x00, 0x00, 0x41, 0x04, 0x00,
    0x50, 0x46, 0x00, 0x00, 0x00, 0xC1, 0xAF, 0x00, 0xF8, 0x3E, 0x00, 0x00,
    0x00, 0x10, 0xFC, 0x58, 0xEF, 0x03, 0x00, 0x00, 0x00, 0x00, 0xD2, 0xFF,
    0x4F, 0x00, 0x00, 0x00, 0x00, 0x00, 0x30, 0x88, 0x04, 0x00, 0x00, 0x00,
    0x00, 0x00, 0x00, 0x00, 0x00, 0x00, 0x00, 0x00, 0x11, 0x11, 0x11, 0x11,
    0x01, 0x00, 0x00, 0x00, 0xE7, 0xEE, 0xEE, 0xEE, 0xCE, 0x4A, 0x00, 0x00,
    0xF8, 0xFF, 0xFF, 0xFF, 0xFF, 0xFF, 0x0A, 0x00, 0xF7, 0x5E, 0x44, 0x44,
    0x75, 0xFD, 0xAF, 0x00, 0xF7, 0x1E, 0x00, 0x00, 0x00, 0xB1, 0xFF, 0x04,
    0xF7, 0x2E, 0x00, 0x00, 0x00, 0x20, 0xFE, 0x09, 0xF7, 0x2E, 0x00, 0x00,
    0x00, 0x00, 0xFC, 0x0B, 0xF7, 0x2E, 0x00, 0x00, 0x00, 0x00, 0xFB, 0x0C,
    0xF7, 0x2E, 0x00, 0x00, 0x00, 0x00, 0xFC, 0x0B, 0xF7, 0x2E, 0x00, 0x00,
    0x00, 0x30, 0xFF, 0x08, 0xF7, 0x1E, 0x00, 0x00, 0x00, 0xD3, 0xFF, 0x03,
    0xF7, 0x9F, 0x88, 0x88, 0xB9, 0xFF, 0x7F, 0x00, 0xF8, 0xFF, 0xFF, 0xFF,
    0xFF, 0xEF, 0x07, 0x00, 0xF8, 0xBF, 0xBB, 0xBB, 0xFE, 0x3F, 0x00, 0x00,
    0xF7, 0x1E, 0x00, 0x00, 0xF7, 0x9F, 0x00, 0x00, 0xF7, 0x2E, 0x00, 0x00,
    0xD0, 0xFF, 0x03, 0x00, 0xF7, 0x2E, 0x00, 0x00, 0x50, 0xFF, 0x0B, 0x00,
    0xF7, 0x2E, 0x00, 0x00, 0x00, 0xFC, 0x4F, 0x00, 0xF7, 0x2E, 0x00, 0x00,
    0x00, 0xF4, 0xCF, 0x00, 0xF7, 0x2E, 0x00, 0x00, 0x00, 0xA0, 0xFF, 0x05,
    0xF8, 0x2F, 0x00, 0x00, 0x00, 0x20, 0xFF, 0x1D, 0xD6, 0x2C, 0x00, 0x00,
    0x00, 0x00, 0xD8, 0x5D, 0x11, 0x01, 0x00, 0x10, 0x11, 0xD2, 0x7E, 0x00,
    0xE5, 0x4E, 0x40, 0xFF, 0x24, 0xFE, 0x07, 0x00, 0xF5, 0xEE, 0x8F, 0x00,
    0x00, 0x70, 0xDD, 0x09, 0x00, 0x00, 0x00, 0x00, 0x00, 0x00, 0x00, 0x00,
    0x00, 0x10, 0x01, 0x80, 0x8B, 0x40, 0xDB, 0x4E, 0xC0, 0xBF, 0xF5, 0xFF,
    0x5F, 0xB0, 0xCF, 0xFE, 0x8A, 0x38, 0xB0, 0xFF, 0x3D, 0x00, 0x00, 0xB0,
    0xFF, 0x04, 0x00, 0x00, 0xB0, 0xDF, 0x00, 0x00, 0x00, 0xB0, 0xCF, 0x00,
    0x00, 0x00, 0xB0, 0xCF, 0x00, 0x00, 0x00, 0xB0, 0xCF, 0x00, 0x00, 0x00,
    0xB0, 0xCF, 0x00, 0x00, 0x00, 0xB0, 0xCF, 0x00, 0x00, 0x00, 0xB0, 0xCF,
    0x00, 0x00, 0x00, 0xB0, 0xCF, 0x00, 0x00, 0x00, 0xB0, 0xCF, 0x00, 0x00,
    0x00, 0xB0, 0xCF, 0x00, 0x00, 0x00, 0xA0, 0xBE, 0x00, 0x00, 0x00, 0x10,
    0x11, 0x00, 0x00, 0x00, 0x00, 0x00, 0x00, 0x00, 0x50, 0x56, 0x00, 0x00,
    0x00, 0x00, 0x00, 0x00, 0x40, 0xFF, 0x08, 0x00, 0x00, 0x00, 0x00, 0x00,
    0x00, 0xFB, 0x0B, 0x00, 0x00, 0x00, 0x00, 0x00, 0x00, 0xF4, 0x2F, 0x00,
    0x00, 0x00, 0x00, 0x00, 0x00, 0x70, 0x6B, 0x00, 0x00, 0x00, 0x00, 0x00,
    0x00, 0x00, 0x00, 0x00, 0x00, 0x00, 0x00, 0x00, 0x00, 0x10, 0x74, 0x77,
    0x25, 0x00, 0x00, 0x00, 0x00, 0x91, 0xFE, 0xFF, 0xFF, 0x9E, 0x02, 0x00,
    0x00, 0xD2, 0xFF, 0xCE, 0xCB, 0xFF, 0xDF, 0x03, 0x00, 0xD1, 0xFF, 0x28,
    0x00, 0x20, 0xF8, 0xDF, 0x01, 0x60, 0xFF, 0x06, 0x00, 0x00, 0x00, 0xF7,
    0x6F, 0x00, 0xFA, 0x0D, 0x00, 0x00, 0x00, 0x10, 0xED, 0x09, 0xB0, 0xCF,
    0x00, 0x00, 0x00, 0x00, 0x10, 0x12, 0x00, 0xFA, 0x3E, 0x00, 0x00, 0x00,
    0x00, 0x00, 0x00, 0x50, 0xFF, 0x4D, 0x00, 0x00, 0x00, 0x00, 0x00, 0x00,
    0xA0, 0xFF, 0xCF, 0x37, 0x00, 0x00, 0x00, 0x00, 0x00, 0x90, 0xFF, 0xFF,
    0xDF, 0x49, 0x00, 0x00, 0x00, 0x00, 0x30, 0xD9, 0xFF, 0xFF, 0xCF, 0x05,
    0x00, 0x00, 0x00, 0x00, 0x41, 0xC8, 0xFF, 0xFF, 0x08, 0x00, 0x00, 0x00,
    0x00, 0x00, 0x30, 0xF9, 0xFF, 0x05, 0x00, 0x00, 0x00, 0x00, 0x00, 0x00,
    0xE4, 0xBF, 0x00, 0x00, 0x00, 0x00, 0x00, 0x00, 0x00, 0xFA, 0x1D, 0x83,
    0x38, 0x00, 0x00, 0x00, 0x00, 0x90, 0xEF, 0x31, 0xFF, 0x0A, 0x00, 0x00,
    0x00, 0x00, 0xFC, 0x0C, 0xC0, 0xFF, 0x05, 0x00, 0x00, 0x00, 0xF8, 0x7F,
    0x00, 0xF4, 0xFF, 0x49, 0x12, 0x52, 0xFB, 0xCF, 0x01, 0x00, 0xE5, 0xFF,
    0xEF, 0xFE, 0xFF, 0xCF, 0x02, 0x00, 0x00, 0x82, 0xFD, 0xFF, 0xEF, 0x6C,
    0x00, 0x00, 0x00, 0x00, 0x00, 0x32, 0x34, 0x02, 0x00, 0x00, 0x00, 0x00,
    0x00, 0x00, 0x10, 0x32, 0x01, 0x00, 0x00, 0x00, 0x00, 0xF9, 0x3E, 0x00,
    0x00, 0x00, 0x00, 0xE2, 0x7F, 0x00, 0x00, 0x00, 0x00, 0x90, 0xCF, 0x00,
    0x00, 0x00, 0x00, 0x20, 0xED, 0x03, 0x00, 0x00, 0x00, 0x00, 0x00, 0x00,
    0x00, 0x00, 0x00, 0x00, 0x30, 0x44, 0x02, 0x00, 0x00, 0x00, 0xD7, 0xFF,
    0xFF, 0x4C, 0x00, 0x10, 0xFB, 0xFF, 0xEE, 0xFF, 0x5F, 0x00, 0xF8, 0xAF,
    0x14, 0x52, 0xFD, 0x2F, 0xD0, 0xBF, 0x00, 0x00, 0x20, 0xDE, 0x15, 0xFE,
    0x09, 0x01, 0x00, 0x20, 0x01, 0xD0, 0xDF, 0x03, 0x00, 0x00, 0x00, 0x00,
    0xF6, 0xEF, 0x59, 0x02, 0x00, 0x00, 0x00, 0xF8, 0xFF, 0xFF, 0x9C, 0x03,
    0x00, 0x00, 0x83, 0xEB, 0xFF, 0xFF, 0x08, 0x00, 0x00, 0x00, 0x41, 0xE8,
    0xFF, 0x05, 0x00, 0x00, 0x00, 0x00, 0xE3, 0xBF, 0x31, 0x16, 0x00, 0x00,
    0x01, 0xFB, 0x5C, 0xFF, 0x06, 0x00, 0x00, 0xE2, 0xAF, 0xD1, 0xEF, 0x38,
    0x21, 0xD5, 0xFF, 0x04, 0xE4, 0xFF, 0xEF, 0xFF, 0xFF, 0x08, 0x00, 0xA3,
    0xFE, 0xFF, 0xBE, 0x04, 0x00, 0x00, 0x10, 0x43, 0x23, 0x00, 0x00, 0x00,
    0x00, 0x00, 0x50, 0x46, 0x00, 0x00, 0x00, 0x00, 0x00, 0x00, 0xA0, 0xFF,
    0x5F, 0x00, 0x00, 0x00, 0x00, 0x00, 0x90, 0xCF, 0xF6, 0x3E, 0x00, 0x00,
    0x00, 0x00, 0x90, 0xEF, 0x03, 0xF7, 0x3F, 0x00, 0x00, 0x00, 0x10, 0x78,
    0x04, 0x00, 0x86, 0x05, 0x00, 0x00, 0x00, 0x00, 0x00, 0x00, 0x00, 0x00,
    0x00, 0x00, 0x00, 0x00, 0x20, 0x74, 0x77, 0x25, 0x00, 0x00, 0x00, 0x00,
    0x91, 0xFE, 0xFF, 0xFF, 0x9E, 0x02, 0x00, 0x00, 0xD2, 0xFF, 0xCE, 0xCB,
    0xFF, 0xDF, 0x03, 0x00, 0xD1, 0xFF, 0x28, 0x00, 0x20, 0xF8, 0xDF, 0x01,
    0x60, 0xFF, 0x06, 0x00, 0x00, 0x00, 0xF7, 0x6F, 0x00, 0xFA, 0x0D, 0x00,
    0x00, 0x00, 0x10, 0xED, 0x09, 0xB0, 0xCF, 0x00, 0x00, 0x00, 0x00, 0x10,
    0x12, 0x00, 0xFA, 0x3E, 0x00, 0x00, 0x00, 0x00, 0x00, 0x00, 0x50, 0xFF,
    0x4D, 0x00, 0x00, 0x00, 0x00, 0x00, 0x00, 0xA0, 0xFF, 0xCF, 0x37, 0x00,
    0x00, 0x00, 0x00, 0x00, 0x90, 0xFF, 0xFF, 0xDF, 0x49, 0x00, 0x00, 0x00,
    0x00, 0x30, 0xD9, 0xFF, 0xFF, 0xCF, 0x05, 0x00, 0x00, 0x00, 0x00, 0x41,
    0xC8, 0xFF, 0xFF, 0x08, 0x00, 0x00, 0x00, 0x00, 0x00, 0x30, 0xF9, 0xFF,
    0x05, 0x00, 0x00, 0x00, 0x00, 0x00, 0x00, 0xE4, 0xBF, 0x00, 0x00, 0x00,
    0x00, 0x00, 0x00, 0x00, 0xFA, 0x1D, 0x83, 0x38, 0x00, 0x00, 0x00, 0x00,
    0x90, 0xEF, 0x31, 0xFF, 0x0A, 0x00, 0x00, 0x00, 0x00, 0xFC, 0x0C, 0xC0,
    0xFF, 0x05, 0x00, 0x00, 0x00, 0xF8, 0x7F, 0x00, 0xF4, 0xFF, 0x49, 0x12,
    0x52, 0xFB, 0xCF, 0x01, 0x00, 0xE5, 0xFF, 0xEF, 0xFE, 0xFF, 0xCF, 0x02,
    0x00, 0x00, 0x82, 0xFD, 0xFF, 0xEF, 0x6C, 0x00, 0x00, 0x00, 0x00, 0x00,
    0x32, 0x34, 0x02, 0x00, 0x00, 0x00, 0x00, 0x00, 0x10, 0x22, 0x00, 0x00,
    0x00, 0x00, 0x10, 0xFC, 0x9F, 0x00, 0x00, 0x00, 0x00, 0xFB, 0xDA, 0x7F,
    0x00, 0x00, 0x10, 0xFB, 0x0C, 0xE3, 0x6F, 0x00, 0x00, 0xC5, 0x2A, 0x00,
    0xB5, 0x1B, 0x00, 0x00, 0x00, 0x00, 0x00, 0x00, 0x00, 0x00, 0x00, 0x31,
    0x44, 0x02, 0x00, 0x00, 0x00, 0xD7, 0xFF, 0xFF, 0x4C, 0x00, 0x10, 0xFB,
    0xFF, 0xEE, 0xFF, 0x5F, 0x00, 0xF8, 0xAF, 0x14, 0x52, 0xFD, 0x2F, 0xD0,
    0xBF, 0x00, 0x00, 0x20, 0xDE, 0x15, 0xFE, 0x09, 0x01, 0x00, 0x20, 0x01,
    0xD0, 0xDF, 0x03, 0x00, 0x00, 0x00, 0x00, 0xF6, 0xEF, 0x59, 0x02, 0x00,
    0x00, 0x00, 0xF8, 0xFF, 0xFF, 0x9C, 0x03, 0x00, 0x00, 0x83, 0xEB, 0xFF,
    0xFF, 0x08, 0x00, 0x00, 0x00, 0x41, 0xE8, 0xFF, 0x05, 0x00, 0x00, 0x00,
    0x00, 0xE3, 0xBF, 0x31, 0x16, 0x00, 0x00, 0x01, 0xFB, 0x5C, 0xFF, 0x06,
    0x00, 0x00, 0xE2, 0xAF, 0xD1, 0xEF, 0x38, 0x21, 0xD5, 0xFF, 0x04, 0xE4,
    0xFF, 0xEF, 0xFF, 0xFF, 0x08, 0x00, 0xA3, 0xFE, 0xFF, 0xBE, 0x04, 0x00,
    0x00, 0x10, 0x43, 0x23, 0x00, 0x00, 0x00, 0x00, 0x00, 0x31, 0x34, 0x02,
    0x00, 0x00, 0x00, 0x00, 0x50, 0xEB, 0xFF, 0xEF, 0x6B, 0x00, 0x00, 0x00,
    0xA1, 0xFF, 0xFF, 0xFE, 0xFF, 0xBF, 0x01, 0x00, 0xA0, 0xFF, 0x5B, 0x12,
    0x52, 0xFC, 0xBF, 0x00, 0x40, 0xFF, 0x09, 0x00, 0x00, 0x00, 0xFA, 0x5F,
    0x00, 0xF9, 0x1E, 0x00, 0x00, 0x00, 0x20, 0xFF, 0x0A, 0xB0, 0xCF, 0x00,
    0x00, 0x00, 0x00, 0x40, 0x35, 0x00, 0xFA, 0x1E, 0x00, 0x00, 0x00, 0x00,
    0x00, 0x00, 0x70, 0xFF, 0x2B, 0x00, 0x00, 0x00, 0x00, 0x00, 0x00, 0xD1,
    0xFF, 0x8E, 0x14, 0x00, 0x00, 0x00, 0x00, 0x00, 0xC2, 0xFF, 0xFF, 0xAD,
    0x26, 0x00, 0x00, 0x00, 0x00, 0x70, 0xFC, 0xFF, 0xFF, 0x9E, 0x02, 0x00,
    0x00, 0x00, 0x00, 0x84, 0xEC, 0xFF, 0xEF, 0x05, 0x00, 0x00, 0x00, 0x00,
    0x00, 0x62, 0xFC, 0xFF, 0x03, 0x00, 0x00, 0x00, 0x00, 0x00, 0x00, 0xF7,
    0xAF, 0x00, 0x00, 0x00, 0x00, 0x00, 0x00, 0x00, 0xFB, 0x1D, 0x52, 0x25,
    0x00, 0x00, 0x00, 0x00, 0x80, 0xEF, 0x41, 0xFF, 0x09, 0x00, 0x00, 0x00,
    0x00, 0xFB, 0x0D, 0xD1, 0xEF, 0x02, 0x00, 0x00, 0x00, 0xF5, 0x9F, 0x00,
    0xF6, 0xDF, 0x16, 0x00, 0x20, 0xF8, 0xEF, 0x02, 0x00, 0xF8, 0xFF, 0xCE,
    0xCB, 0xFF, 0xEF, 0x04, 0x00, 0x00, 0xC5, 0xFF, 0xFF, 0xFF, 0xAE, 0x02,
    0x00, 0x00, 0x00, 0x30, 0xB5, 0x6F, 0x24, 0x00, 0x00, 0x00, 0x00, 0x00,
    0x00, 0xFA, 0x59, 0x00, 0x00, 0x00, 0x00, 0x00, 0x00, 0x80, 0xEB, 0x7F,
    0x00, 0x00, 0x00, 0x00, 0x00, 0x00, 0x00, 0xF3, 0x0B, 0x00, 0x00, 0x00,
    0x00, 0x00, 0x82, 0xC8, 0x9F, 0x00, 0x00, 0x00, 0x00, 0x00, 0x40, 0xFF,
    0x9D, 0x01, 0x00, 0x00, 0x00, 0x00, 0x00, 0x10, 0x01, 0x00, 0x00, 0x00,
    0x00, 0x00, 0x00, 0x00, 0x11, 0x00, 0x00, 0x00, 0x00, 0x94, 0xEC, 0xCE,
    0x18, 0x00, 0x00, 0xF8, 0xFF, 0xFF, 0xFF, 0x3D, 0x00, 0xF6, 0xDF, 0x47,
    0x85, 0xFE, 0x1D, 0xC0, 0xDF, 0x02, 0x00, 0x50, 0xFF, 0x15, 0xFE, 0x09,
    0x01, 0x00, 0x50, 0x13, 0xD0, 0xCF, 0x01, 0x00, 0x00, 0x00, 0x00, 0xF9,
    0xCF, 0x26, 0x00, 0x00, 0x00, 0x10, 0xFB, 0xFF, 0xCE, 0x59, 0x01, 0x00,
    0x00, 0xB6, 0xFE, 0xFF, 0xDF, 0x04, 0x00, 0x00, 0x20, 0x85, 0xFC, 0xFF,
    0x03, 0x00, 0x00, 0x00, 0x00, 0xF6, 0xAF, 0x10, 0x03, 0x00, 0x00, 0x00,
    0xFB, 0x5C, 0xFD, 0x04, 0x00, 0x00, 0xD0, 0xBF, 0xF2, 0xDF, 0x04, 0x00,
    0xA2, 0xFF, 0x06, 0xF6, 0xFF, 0xBD, 0xFC, 0xFF, 0x0B, 0x00, 0xD6, 0xFF,
    0xFF, 0xEF, 0x08, 0x00, 0x00, 0x41, 0xF7, 0x3A, 0x01, 0x00, 0x00, 0x00,
    0x20, 0xCF, 0x27, 0x00, 0x00, 0x00, 0x00, 0xB3, 0xFC, 0x1E, 0x00, 0x00,
    0x00, 0x00, 0x00, 0xFB, 0x04, 0x00, 0x00, 0x00, 0x86, 0xF9, 0x2F, 0x00,
    0x00, 0x00, 0xC0, 0xEF, 0x5C, 0x00, 0x00, 0x00, 0x00, 0x11, 0x01, 0x00,
    0x00, 0x00, 0x10, 0x66, 0x02, 0x00, 0x64, 0x05, 0x00, 0x00, 0x00, 0x90,
    0xDF, 0x02, 0xF6, 0x5F, 0x00, 0x00, 0x00, 0x00, 0x90, 0xBF, 0xF5, 0x5F,
    0x00, 0x00, 0x00, 0x00, 0x00, 0xB0, 0xFF, 0x7F, 0x00, 0x00, 0x00, 0x00,
    0x00, 0x00, 0x71, 0x68, 0x00, 0x00, 0x00, 0x00, 0x00, 0x00, 0x00, 0x00,
    0x00, 0x00, 0x00, 0x00, 0x00, 0x00, 0x10, 0x74, 0x77, 0x25, 0x00, 0x00,
    0x00, 0x00, 0x91, 0xFE, 0xFF, 0xFF, 0x9E, 0x02, 0x00, 0x00, 0xD2, 0xFF,
    0xCE, 0xCB, 0xFF, 0xDF, 0x03, 0x00, 0xD1, 0xFF, 0x28, 0x00, 0x20, 0xF8,
    0xDF, 0x01, 0x60, 0xFF, 0x06, 0x00, 0x00, 0x00, 0xF7, 0x6F, 0x00, 0xFA,
    0x0D, 0x00, 0x00, 0x00, 0x10, 0xED, 0x09, 0xB0, 0xCF, 0x00, 0x00, 0x00,
    0x00, 0x10, 0x12, 0x00, 0xFA, 0x3E, 0x00, 0x00, 0x00, 0x00, 0x00, 0x00,
    0x50, 0xFF, 0x4D, 0x00, 0x00, 0x00, 0x00, 0x00, 0x00, 0xA0, 0xFF, 0xCF,
    0x37, 0x00, 0x00, 0x00, 0x00, 0x00, 0x90, 0xFF, 0xFF, 0xDF, 0x49, 0x00,
    0x00, 0x00, 0x00, 0x30, 0xD9, 0xFF, 0xFF, 0xCF, 0x05, 0x00, 0x00, 0x00,
    0x00, 0x41, 0xC8, 0xFF, 0xFF, 0x08, 0x00, 0x00, 0x00, 0x00, 0x00, 0x30,
    0xF9, 0xFF, 0x05, 0x00, 0x00, 0x00, 0x00, 0x00, 0x00, 0xE4, 0xBF, 0x00,
    0x00, 0x00, 0x00, 0x00, 0x00, 0x00, 0xFA, 0x1D, 0x83, 0x38, 0x00, 0x00,
    0x00, 0x00, 0x90, 0xEF, 0x31, 0xFF, 0x0A, 0x00, 0x00, 0x00, 0x00, 0xFC,
    0x0C, 0xC0, 0xFF, 0x05, 0x00, 0x00, 0x00, 0xF8, 0x7F, 0x00, 0xF4, 0xFF,
    0x49, 0x12, 0x52, 0xFB, 0xCF, 0x01, 0x00, 0xE5, 0xFF, 0xEF, 0xFE, 0xFF,
    0xCF, 0x02, 0x00, 0x00, 0x82, 0xFD, 0xFF, 0xEF, 0x6C, 0x00, 0x00, 0x00,
    0x00, 0x00, 0x32, 0x34, 0x02, 0x00, 0x00, 0x00, 0x00, 0x11, 0x01, 0x00,
    0x20, 0x13, 0x00, 0x40, 0xDE, 0x04, 0x90, 0xCF, 0x02, 0x00, 0x60, 0xEF,
    0x62, 0xEF, 0x02, 0x00, 0x00, 0x70, 0xEF, 0xEF, 0x03, 0x00, 0x00, 0x00,
    0x80, 0xBC, 0x05, 0x00, 0x00, 0x00, 0x00, 0x00, 0x00, 0x00, 0x00, 0x00,
    0x00, 0x30, 0x44, 0x02, 0x00, 0x00, 0x00, 0xD7, 0xFF, 0xFF, 0x4C, 0x00,
    0x10, 0xFB, 0xFF, 0xEE, 0xFF, 0x5F, 0x00, 0xF8, 0xAF, 0x14, 0x52, 0xFD,
    0x2F, 0xD0, 0xBF, 0x00, 0x00, 0x20, 0xDE, 0x15, 0xFE, 0x09, 0x01, 0x00,
    0x20, 0x01, 0xD0, 0xDF, 0x03, 0x00, 0x00, 0x00, 0x00, 0xF6, 0xEF, 0x59,
    0x02, 0x00, 0x00, 0x00, 0xF8, 0xFF, 0xFF, 0x9C, 0x03, 0x00, 0x00, 0x83,
    0xEB, 0xFF, 0xFF, 0x08, 0x00, 0x00, 0x00, 0x41, 0xE8, 0xFF, 0x05, 0x00,
    0x00, 0x00, 0x00, 0xE3, 0xBF, 0x31, 0x16, 0x00, 0x00, 0x01, 0xFB, 0x5C,
    0xFF, 0x06, 0x00, 0x00, 0xE2, 0xAF, 0xD1, 0xEF, 0x38, 0x21, 0xD5, 0xFF,
    0x04, 0xE4, 0xFF, 0xEF, 0xFF, 0xFF, 0x08, 0x00, 0xA3, 0xFE, 0xFF, 0xBE,
    0x04, 0x00, 0x00, 0x10, 0x43, 0x23, 0x00, 0x00, 0x10, 0x11, 0x11, 0x11,
    0x11, 0x11, 0x11, 0x11, 0x70, 0xEE, 0xEE, 0xEE, 0xEE, 0xEE, 0xEE, 0xEE,
    0x7E, 0xF8, 0xFF, 0xFF, 0xFF, 0xFF, 0xFF, 0xFF, 0xFF, 0x28, 0x44, 0x44,
    0x44, 0xFD, 0x4C, 0x44, 0x44, 0x24, 0x00, 0x00, 0x00, 0xC0, 0xBF, 0x00,
    0x00, 0x00, 0x00, 0x00, 0x00, 0x00, 0xFC, 0x0B, 0x00, 0x00, 0x00, 0x00,
    0x00, 0x00, 0xC0, 0xBF, 0x00, 0x00, 0x00, 0x00, 0x00, 0x00, 0x00, 0xFC,
    0x0B, 0x00, 0x00, 0x00, 0x00, 0x00, 0x00, 0xC0, 0xBF, 0x00, 0x00, 0x00,
    0x00, 0x00, 0x00, 0x00, 0xFC, 0x0B, 0x00, 0x00, 0x00, 0x00, 0x00, 0x00,
    0xC0, 0xBF, 0x00, 0x00, 0x00, 0x00, 0x00, 0x00, 0x00, 0xFC, 0x0B, 0x00,
    0x00, 0x00, 0x00, 0x00, 0x00, 0xC0, 0xBF, 0x00, 0x00, 0x00, 0x00, 0x00,
    0x00, 0x00, 0xFC, 0x0B, 0x00, 0x00, 0x00, 0x00, 0x00, 0x00, 0xC0, 0xBF,
    0x00, 0x00, 0x00, 0x00, 0x00, 0x00, 0x00, 0xFC, 0x0B, 0x00, 0x00, 0x00,
    0x00, 0x00, 0x00, 0xC0, 0xBF, 0x00, 0x00, 0x00, 0x00, 0x00, 0x00, 0x00,
    0xFC, 0x0B, 0x00, 0x00, 0x00, 0x00, 0x00, 0x00, 0xC0, 0xBF, 0x00, 0x00,
    0x00, 0x00, 0x00, 0x00, 0x00, 0xFC, 0x0B, 0x00, 0x00, 0x00, 0x00, 0x00,
    0x00, 0xC0, 0xBF, 0x00, 0x00, 0x00, 0x00, 0x00, 0x00, 0x00, 0xFC, 0x0B,
    0x00, 0x00, 0x00, 0x00, 0x00, 0x00, 0x60, 0x4F, 0x00, 0x00, 0x00, 0x00,
    0x00, 0x00, 0x00, 0xF6, 0x6A, 0x01, 0x00, 0x00, 0x00, 0x00, 0x00, 0x60,
    0xDB, 0xAF, 0x00, 0x00, 0x00, 0x00, 0x00, 0x00, 0x00, 0xE0, 0x1E, 0x00,
    0x00, 0x00, 0x00, 0x00, 0x81, 0xA8, 0xCF, 0x00, 0x00, 0x00, 0x00, 0x00,
    0x10, 0xFE, 0xBE, 0x03, 0x00, 0x00, 0x00, 0x00, 0x00, 0x10, 0x11, 0x00,
    0x00, 0x00, 0x00, 0x00, 0x82, 0x38, 0x00, 0x00, 0x00, 0xF4, 0x5F, 0x00,
    0x00, 0x00, 0xF4, 0x5F, 0x00, 0x00, 0x00, 0xF3, 0x5F, 0x00, 0x00, 0xB7,
    0xFC, 0xCF, 0xBB, 0x05, 0xFB, 0xFF, 0xFF, 0xFF, 0x07, 0x85, 0xF9, 0xAF,
    0x87, 0x03, 0x00, 0xF3, 0x4F, 0x00, 0x00, 0x00, 0xF4, 0x5F, 0x00, 0x00,
    0x00, 0xF4, 0x5F, 0x00, 0x00, 0x00, 0xF4, 0x5F, 0x00, 0x00, 0x00, 0xF4,
    0x5F, 0x00, 0x00, 0x00, 0xF4, 0x5F, 0x00, 0x00, 0x00, 0xF4, 0x5F, 0x00,
    0x00, 0x00, 0xF4, 0x5F, 0x00, 0x00, 0x00, 0xF4, 0x5F, 0x00, 0x00, 0x00,
    0xF4, 0x6F, 0x00, 0x00, 0x00, 0xF2, 0xCF, 0x33, 0x01, 0x00, 0x90, 0xFF,
    0xFF, 0x08, 0x00, 0x10, 0xE9, 0xFF, 0x0B, 0x00, 0x00, 0xA0, 0x3D, 0x01,
    0x00, 0x00, 0xB0, 0x9F, 0x05, 0x00, 0x00, 0x80, 0xFA, 0x4F, 0x00, 0x00,
    0x00, 0x70, 0x7F, 0x00, 0x00, 0x83, 0xE8, 0x5F, 0x00, 0x00, 0xF5, 0xDF,
    0x08, 0x00, 0x00, 0x10, 0x01, 0x00, 0x00, 0x00, 0x44, 0x02, 0x00, 0x64,
    0x05, 0x00, 0x00, 0x00, 0x60, 0xEF, 0x03, 0xF4, 0x6F, 0x00, 0x00, 0x00,
    0x00, 0x70, 0xCF, 0xE4, 0x6F, 0x00, 0x00, 0x00, 0x00, 0x00, 0x90, 0xFF,
    0x8F, 0x00, 0x00, 0x00, 0x00, 0x00, 0x00, 0x70, 0x68, 0x00, 0x00, 0x00,
    0x00, 0x00, 0x00, 0x00, 0x00, 0x00, 0x00, 0x00, 0x00, 0x11, 0x11, 0x11,
    0x11, 0x11, 0x11, 0x11, 0x11, 0x71, 0xEE, 0xEE, 0xEE, 0xEE, 0xEE, 0xEE,
    0xEE, 0x7E, 0xF8, 0xFF, 0xFF, 0xFF, 0xFF, 0xFF, 0xFF, 0xFF, 0x28, 0x44,
    0x44, 0x44, 0xFD, 0x4C, 0x44, 0x44, 0x24, 0x00, 0x00, 0x00, 0xC0, 0xBF,
    0x00, 0x00, 0x00, 0x00, 0x00, 0x00, 0x00, 0xFC, 0x0B, 0x00, 0x00, 0x00,
    0x00, 0x00, 0x00, 0xC0, 0xBF, 0x00, 0x00, 0x00, 0x00, 0x00, 0x00, 0x00,
    0xFC, 0x0B, 0x00, 0x00, 0x00, 0x00, 0x00, 0x00, 0xC0, 0xBF, 0x00, 0x00,
    0x00, 0x00, 0x00, 0x00, 0x00, 0xFC, 0x0B, 0x00, 0x00, 0x00, 0x00, 0x00,
    0x00, 0xC0, 0xBF, 0x00, 0x00, 0x00, 0x00, 0x00, 0x00, 0x00, 0xFC, 0x0B,
    0x00, 0x00, 0x00, 0x00, 0x00, 0x00, 0xC0, 0xBF, 0x00, 0x00, 0x00, 0x00,
    0x00, 0x00, 0x00, 0xFC, 0x0B, 0x00, 0x00, 0x00, 0x00, 0x00, 0x00, 0xC0,
    0xBF, 0x00, 0x00, 0x00, 0x00, 0x00, 0x00, 0x00, 0xFC, 0x0B, 0x00, 0x00,
    0x00, 0x00, 0x00, 0x00, 0xC0, 0xBF, 0x00, 0x00, 0x00, 0x00, 0x00, 0x00,
    0x00, 0xFC, 0x0B, 0x00, 0x00, 0x00, 0x00, 0x00, 0x00, 0xC0, 0xBF, 0x00,
    0x00, 0x00, 0x00, 0x00, 0x00, 0x00, 0xFC, 0x0B, 0x00, 0x00, 0x00, 0x00,
    0x00, 0x00, 0xC0, 0xBF, 0x00, 0x00, 0x00, 0x00, 0x00, 0x00, 0x00, 0xDA,
    0x09, 0x00, 0x00, 0x00, 0x00, 0x00, 0x00, 0x10, 0x01, 0x00, 0x00, 0x00,
    0xD1, 0x5E, 0x00, 0x00, 0x00, 0xE1, 0x4F, 0x00, 0x00, 0x00, 0xE1, 0x2F,
    0x00, 0x82, 0x38, 0xE0, 0x0E, 0x00, 0xF4, 0x5F, 0xF0, 0x0C, 0x00, 0xF4,
    0x5F, 0x40, 0x03, 0x00, 0xF3, 0x5F, 0x00, 0x00, 0xB7, 0xFC, 0xCF, 0xBB,
    0x06, 0xFB, 0xFF, 0xFF, 0xFF, 0x08, 0x75, 0xF9, 0xAF, 0x77, 0x04, 0x00,
    0xF3, 0x4F, 0x00, 0x00, 0x00, 0xF4, 0x5F, 0x00, 0x00, 0x00, 0xF4, 0x5F,
    0x00, 0x00, 0x00, 0xF4, 0x5F, 0x00, 0x00, 0x00, 0xF4, 0x5F, 0x00, 0x00,
    0x00, 0xF4, 0x5F, 0x00, 0x00, 0x00, 0xF4, 0x5F, 0x00, 0x00, 0x00, 0xF4,
    0x5F, 0x00, 0x00, 0x00, 0xF4, 0x5F, 0x00, 0x00, 0x00, 0xF4, 0x5F, 0x00,
    0x00, 0x00, 0xF2, 0xCF, 0x22, 0x01, 0x00, 0x90, 0xFF, 0xEE, 0x09, 0x00,
    0x10, 0xE9, 0xFF, 0x0C, 0x00, 0x00, 0x20, 0x44, 0x02, 0x00, 0x00, 0x30,
    0xAA, 0x05, 0x90, 0x0A, 0x00, 0x00, 0x00, 0x00, 0xD1, 0xFF, 0xCF, 0xF9,
    0x0D, 0x00, 0x00, 0x00, 0x00, 0xF3, 0x3A, 0xE8, 0xEF, 0x04, 0x00, 0x00,
    0x00, 0x00, 0x31, 0x01, 0x10, 0x23, 0x00, 0x00, 0x00, 0x00, 0x00, 0x00,
    0x00, 0x00, 0x00, 0x00, 0x00, 0x00, 0x31, 0x02, 0x00, 0x00, 0x00, 0x00,
    0x00, 0x31, 0x02, 0xF7, 0x2E, 0x00, 0x00, 0x00, 0x00, 0x00, 0xF9, 0x1E,
    0xF7, 0x2E, 0x00, 0x00, 0x00, 0x00, 0x00, 0xF9, 0x1E, 0xF7, 0x2E, 0x00,
    0x00, 0x00, 0x00, 0x00, 0xF9, 0x1E, 0xF7, 0x2E, 0x00, 0x00, 0x00, 0x00,
    0x00, 0xF9, 0x1E, 0xF7, 0x2E, 0x00, 0x00, 0x00, 0x00, 0x00, 0xF9, 0x1E,
    0xF7, 0x2E, 0x00, 0x00, 0x00, 0x00, 0x00, 0xF9, 0x1E, 0xF7, 0x2E, 0x00,
    0x00, 0x00, 0x00, 0x00, 0xF9, 0x1E, 0xF7, 0x2E, 0x00, 0x00, 0x00, 0x00,
    0x00, 0xF9, 0x1E, 0xF7, 0x2E, 0x00, 0x00, 0x00, 0x00, 0x00, 0xF9, 0x1E,
    0xF7, 0x2E, 0x00, 0x00, 0x00, 0x00, 0x00, 0xF9, 0x1E, 0xF7, 0x2E, 0x00,
    0x00, 0x00, 0x00, 0x00, 0xF9, 0x1E, 0xF7, 0x2E, 0x00, 0x00, 0x00, 0x00,
    0x00, 0xF9, 0x1E, 0xF7, 0x2E, 0x00, 0x00, 0x00, 0x00, 0x00, 0xF9, 0x1E,
    0xF7, 0x2E, 0x00, 0x00, 0x00, 0x00, 0x00, 0xF9, 0x1E, 0xF7, 0x3F, 0x00,
    0x00, 0x00, 0x00, 0x00, 0xFA, 0x1D, 0xF5, 0x6F, 0x00, 0x00, 0x00, 0x00,
    0x00, 0xFD, 0x0C, 0xE1, 0xDF, 0x01, 0x00, 0x00, 0x00, 0x70, 0xFF, 0x08,
    0x80, 0xFF, 0x2C, 0x00, 0x00, 0x00, 0xF6, 0xEF, 0x02, 0x10, 0xFB, 0xEF,
    0x69, 0x44, 0xB7, 0xFF, 0x5F, 0x00, 0x00, 0xA1, 0xFF, 0xFF, 0xFF, 0xFF,
    0xEF, 0x05, 0x00, 0x00, 0x00, 0xB5, 0xFE, 0xFF, 0xDE, 0x28, 0x00, 0x00,
    0x00, 0x00, 0x00, 0x31, 0x34, 0x02, 0x00, 0x00, 0x00, 0x00, 0x20, 0x67,
    0x01, 0x70, 0x05, 0x00, 0x00, 0xD1, 0xFF, 0x7E, 0xF7, 0x0A, 0x00, 0x00,
    0xF6, 0x79, 0xFD, 0xFF, 0x04, 0x00, 0x00, 0x73, 0x01, 0x51, 0x47, 0x00,
    0x00, 0x00, 0x00, 0x00, 0x00, 0x00, 0x00, 0x00, 0x00, 0x00, 0x00, 0x00,
    0x00, 0x00, 0x00, 0xB8, 0x09, 0x00, 0x00, 0x00, 0xB6, 0x1A, 0xFC, 0x0D,
    0x00, 0x00, 0x00, 0xF9, 0x1F, 0xFB, 0x0C, 0x00, 0x00, 0x00, 0xF8, 0x1E,
    0xFB, 0x0C, 0x00, 0x00, 0x00, 0xF9, 0x1E, 0xFB, 0x0C, 0x00, 0x00, 0x00,
    0xF9, 0x1E, 0xFB, 0x0C, 0x00, 0x00, 0x00, 0xF9, 0x1E, 0xFB, 0x0C, 0x00,
    0x00, 0x00, 0xF9, 0x1E, 0xFB, 0x0C, 0x00, 0x00, 0x00, 0xF9, 0x1E, 0xFB,
    0x0C, 0x00, 0x00, 0x00, 0xF9, 0x1E, 0xFB, 0x0C, 0x00, 0x00, 0x00, 0xF9,
    0x1E, 0xFB, 0x0C, 0x00, 0x00, 0x00, 0xF9, 0x1E, 0xFA, 0x1E, 0x00, 0x00,
    0x00, 0xFD, 0x1E, 0xF7, 0x7F, 0x00, 0x00, 0x70, 0xFF, 0x1E, 0xF2, 0xFF,
    0x28, 0x31, 0xF8, 0xFC, 0x1E, 0x70, 0xFF, 0xFF, 0xFE, 0x8F, 0xF7, 0x1E,
    0x00, 0xD6, 0xFF, 0xDF, 0x07, 0xE7, 0x1D, 0x00, 0x00, 0x43, 0x13, 0x00,
    0x11, 0x01, 0x00, 0x00, 0x70, 0x77, 0x77, 0x77, 0x05, 0x00, 0x00, 0x00,
    0x00, 0xF1, 0xFF, 0xFF, 0xFF, 0x0D, 0x00, 0x00, 0x00, 0x00, 0x70, 0x77,
    0x77, 0x77, 0x05, 0x00, 0x00, 0x00, 0x00, 0x00, 0x00, 0x00, 0x00, 0x00,
    0x00, 0x00, 0x00, 0x00, 0x00, 0x00, 0x00, 0x00, 0x00, 0x00, 0x00, 0x42,
    0x03, 0x00, 0x00, 0x00, 0x00, 0x00, 0x42, 0x03, 0xF8, 0x2F, 0x00, 0x00,
    0x00, 0x00, 0x00, 0xF9, 0x1E, 0xF7, 0x2E, 0x00, 0x00, 0x00, 0x00, 0x00,
    0xF9, 0x1E, 0xF7, 0x2E, 0x00, 0x00, 0x00, 0x00, 0x00, 0xF9, 0x1E, 0xF7,
    0x2E, 0x00, 0x00, 0x00, 0x00, 0x00, 0xF9, 0x1E, 0xF7, 0x2E, 0x00, 0x00,
    0x00, 0x00, 0x00, 0xF9, 0x1E, 0xF7, 0x2E, 0x00, 0x00, 0x00, 0x00, 0x00,
    0xF9, 0x1E, 0xF7, 0x2E, 0x00, 0x00, 0x00, 0x00, 0x00, 0xF9, 0x1E, 0xF7,
    0x2E, 0x00, 0x00, 0x00, 0x00, 0x00, 0xF9, 0x1E, 0xF7, 0x2E, 0x00, 0x00,
    0x00, 0x00, 0x00, 0xF9, 0x1E, 0xF7, 0x2E, 0x00, 0x00, 0x00, 0x00, 0x00,
    0xF9, 0x1E, 0xF7, 0x2E, 0x00, 0x00, 0x00, 0x00, 0x00, 0xF9, 0x1E, 0xF7,
    0x2E, 0x00, 0x00, 0x00, 0x00, 0x00, 0xF9, 0x1E, 0xF7, 0x2E, 0x00, 0x00,
    0x00, 0x00, 0x00, 0xF9, 0x1E, 0xF7, 0x2E, 0x00, 0x00, 0x00, 0x00, 0x00,
    0xF9, 0x1E, 0xF7, 0x3F, 0x00, 0x00, 0x00, 0x00, 0x00, 0xFA, 0x1D, 0xF5,
    0x7F, 0x00, 0x00, 0x00, 0x00, 0x00, 0xFD, 0x0C, 0xE1, 0xDF, 0x01, 0x00,
    0x00, 0x00, 0x70, 0xFF, 0x08, 0x80, 0xFF, 0x2C, 0x00, 0x00, 0x00, 0xF6,
    0xEF, 0x01, 0x00, 0xFB, 0xEF, 0x69, 0x44, 0xC7, 0xFF, 0x5F, 0x00, 0x00,
    0xA1, 0xFF, 0xFF, 0xFF, 0xFF, 0xEF, 0x05, 0x00, 0x00, 0x00, 0xB5, 0xFE,
    0xFF, 0xDE, 0x28, 0x00, 0x00, 0x00, 0x00, 0x00, 0x31, 0x34, 0x02, 0x00,
    0x00, 0x00, 0x00, 0x10, 0x11, 0x11, 0x11, 0x00, 0x00, 0x00, 0xE4, 0xEE,
    0xEE, 0xEE, 0x07, 0x00, 0x00, 0xE4, 0xEE, 0xEE, 0xEE, 0x07, 0x00, 0x00,
    0x10, 0x11, 0x11, 0x11, 0x00, 0x00, 0x00, 0x00, 0x00, 0x00, 0x00, 0x00,
    0x00, 0x00, 0x00, 0x00, 0x00, 0x00, 0x00, 0x00, 0xB8, 0x09, 0x00, 0x00,
    0x00, 0xB6, 0x1A, 0xFC, 0x0D, 0x00, 0x00, 0x00, 0xF9, 0x1F, 0xFB, 0x0C,
    0x00, 0x00, 0x00, 0xF8, 0x1E, 0xFB, 0x0C, 0x00, 0x00, 0x00, 0xF9, 0x1E,
    0xFB, 0x0C, 0x00, 0x00, 0x00, 0xF9, 0x1E, 0xFB, 0x0C, 0x00, 0x00, 0x00,
    0xF9, 0x1E, 0xFB, 0x0C, 0x00, 0x00, 0x00, 0xF9, 0x1E, 0xFB, 0x0C, 0x00,
    0x00, 0x00, 0xF9, 0x1E, 0xFB, 0x0C, 0x00, 0x00, 0x00, 0xF9, 0x1E, 0xFB,
    0x0C, 0x00, 0x00, 0x00, 0xF9, 0x1E, 0xFB, 0x0C, 0x00, 0x00, 0x00, 0xF9,
    0x1E, 0xFA, 0x1E, 0x00, 0x00, 0x00, 0xFD, 0x1E, 0xF7, 0x7F, 0x00, 0x00,
    0x70, 0xFF, 0x1E, 0xF2, 0xFF, 0x28, 0x31, 0xF8, 0xFB, 0x1E, 0x70, 0xFF,
    0xFF, 0xFE, 0x8F, 0xF7, 0x1E, 0x00, 0xD6, 0xFF, 0xDF, 0x07, 0xE7, 0x1D,
    0x00, 0x00, 0x43, 0x13, 0x00, 0x11, 0x01, 0x00, 0x00, 0x61, 0x03, 0x00,
    0x60, 0x04, 0x00, 0x00, 0x00, 0x00, 0xF3, 0x0B, 0x00, 0xF3, 0x0A, 0x00,
    0x00, 0x00, 0x00, 0xB0, 0x9F, 0x64, 0xFD, 0x04, 0x00, 0x00, 0x00, 0x00,
    0x20, 0xFC, 0xFF, 0x7F, 0x00, 0x00, 0x00, 0x00, 0x00, 0x00, 0x40, 0x67,
    0x02, 0x00, 0x00, 0x00, 0x00, 0x00, 0x00, 0x00, 0x00, 0x00, 0x00, 0x00,
    0x00, 0x42, 0x14, 0x00, 0x00, 0x00, 0x00, 0x00, 0x42, 0x04, 0xF8, 0x2F,
    0x00, 0x00, 0x00, 0x00, 0x00, 0xF9, 0x1E, 0xF7, 0x2E, 0x00, 0x00, 0x00,
    0x00, 0x00, 0xF9, 0x1E, 0xF7, 0x2E, 0x00, 0x00, 0x00, 0x00, 0x00, 0xF9,
    0x1E, 0xF7, 0x2E, 0x00, 0x00, 0x00, 0x00, 0x00, 0xF9, 0x1E, 0xF7, 0x2E,
    0x00, 0x00, 0x00, 0x00, 0x00, 0xF9, 0x1E, 0xF7, 0x2E, 0x00, 0x00, 0x00,
    0x00, 0x00, 0xF9, 0x1E, 0xF7, 0x2E, 0x00, 0x00, 0x00, 0x00, 0x00, 0xF9,
    0x1E, 0xF7, 0x2E, 0x00, 0x00, 0x00, 0x00, 0x00, 0xF9, 0x1E, 0xF7, 0x2E,
    0x00, 0x00, 0x00, 0x00, 0x00, 0xF9, 0x1E, 0xF7, 0x2E, 0x00, 0x00, 0x00,
    0x00, 0x00, 0xF9, 0x1E, 0xF7, 0x2E, 0x00, 0x00, 0x00, 0x00, 0x00, 0xF9,
    0x1E, 0xF7, 0x2E, 0x00, 0x00, 0x00, 0x00, 0x00, 0xF9, 0x1E, 0xF7, 0x2E,
    0x00, 0x00, 0x00, 0x00, 0x00, 0xF9, 0x1E, 0xF7, 0x2E, 0x00, 0x00, 0x00,
    0x00, 0x00, 0xF9, 0x1E, 0xF7, 0x3F, 0x00, 0x00, 0x00, 0x00, 0x00, 0xFA,
    0x1D, 0xF5, 0x7F, 0x00, 0x00, 0x00, 0x00, 0x00, 0xFD, 0x0C, 0xE1, 0xDF,
    0x01, 0x00, 0x00, 0x00, 0x70, 0xFF, 0x07, 0x80, 0xFF, 0x2C, 0x00, 0x00,
    0x00, 0xF6, 0xEF, 0x01, 0x00, 0xFB, 0xEF, 0x69, 0x44, 0xC7, 0xFF, 0x5F,
    0x00, 0x00, 0xA1, 0xFF, 0xFF, 0xFF, 0xFF, 0xEF, 0x05, 0x00, 0x00, 0x00,
    0xB5, 0xFE, 0xFF, 0xCE, 0x28, 0x00, 0x00, 0x00, 0x00, 0x00, 0x31, 0x34,
    0x02, 0x00, 0x00, 0x00, 0x00, 0x11, 0x00, 0x00, 0x10, 0x01, 0x00, 0x00,
    0xE6, 0x04, 0x00, 0xE1, 0x0A, 0x00, 0x00, 0xF3, 0x1C, 0x00, 0xF9, 0x07,
    0x00, 0x00, 0x80, 0xEF, 0xDB, 0xCF, 0x01, 0x00, 0x00, 0x00, 0xC6, 0xDF,
    0x18, 0x00, 0x00, 0x00, 0x00, 0x00, 0x01, 0x00, 0x00, 0x00, 0x00, 0x00,
    0x00, 0x00, 0x00, 0x00, 0x00, 0xB8, 0x09, 0x00, 0x00, 0x00, 0xB7, 0x1B,
    0xFC, 0x0C, 0x00, 0x00, 0x00, 0xF9, 0x1F, 0xFB, 0x0C, 0x00, 0x00, 0x00,
    0xF8, 0x1E, 0xFB, 0x0C, 0x00, 0x00, 0x00, 0xF9, 0x1E, 0xFB, 0x0C, 0x00,
    0x00, 0x00, 0xF9, 0x1E, 0xFB, 0x0C, 0x00, 0x00, 0x00, 0xF9, 0x1E, 0xFB,
    0x0C, 0x00, 0x00, 0x00, 0xF9, 0x1E, 0xFB, 0x0C, 0x00, 0x00, 0x00, 0xF9,
    0x1E, 0xFB, 0x0C, 0x00, 0x00, 0x00, 0xF9, 0x1E, 0xFB, 0x0C, 0x00, 0x00,
    0x00, 0xF9, 0x1E, 0xFB, 0x0C, 0x00, 0x00, 0x00, 0xF9, 0x1E, 0xFA, 0x1E,
    0x00, 0x00, 0x00, 0xFD, 0x1E, 0xF7, 0x7F, 0x00, 0x00, 0x70, 0xFF, 0x1E,
    0xF2, 0xFF, 0x28, 0x31, 0xF8, 0xFC, 0x1E, 0x70, 0xFF, 0xFF, 0xFE, 0x8F,
    0xF7, 0x1E, 0x00, 0xD6, 0xFF, 0xDF, 0x07, 0xE7, 0x1D, 0x00, 0x00, 0x43,
    0x13, 0x00, 0x11, 0x01, 0x00, 0x00, 0x00, 0xC5, 0xEF, 0x19, 0x00, 0x00,
    0x00, 0x00, 0x00, 0x50, 0xFF, 0xDC, 0xBF, 0x00, 0x00, 0x00, 0x00, 0x00,
    0xC0, 0x6F, 0x10, 0xFC, 0x05, 0x00, 0x00, 0x00, 0x00, 0xE1, 0x0E, 0x00,
    0xF7, 0x07, 0x00, 0x00, 0x00, 0x00, 0xC0, 0x6F, 0x10, 0xFC, 0x05, 0x00,
    0x00, 0x00, 0x00, 0x50, 0xFF, 0xEC, 0xBF, 0x00, 0x00, 0x00, 0x00, 0x00,
    0x00, 0xB4, 0xDF, 0x18, 0x00, 0x00, 0x00, 0x42, 0x14, 0x00, 0x00, 0x01,
    0x00, 0x00, 0x42, 0x04, 0xF8, 0x2F, 0x00, 0x00, 0x00, 0x00, 0x00, 0xF9,
    0x1E, 0xF7, 0x2E, 0x00, 0x00, 0x00, 0x00, 0x00, 0xF9, 0x1E, 0xF7, 0x2E,
    0x00, 0x00, 0x00, 0x00, 0x00, 0xF9, 0x1E, 0xF7, 0x2E, 0x00, 0x00, 0x00,
    0x00, 0x00, 0xF9, 0x1E, 0xF7, 0x2E, 0x00, 0x00, 0x00, 0x00, 0x00, 0xF9,
    0x1E, 0xF7, 0x2E, 0x00, 0x00, 0x00, 0x00, 0x00, 0xF9, 0x1E, 0xF7, 0x2E,
    0x00, 0x00, 0x00, 0x00, 0x00, 0xF9, 0x1E, 0xF7, 0x2E, 0x00, 0x00, 0x00,
    0x00, 0x00, 0xF9, 0x1E, 0xF7, 0x2E, 0x00, 0x00, 0x00, 0x00, 0x00, 0xF9,
    0x1E, 0xF7, 0x2E, 0x00, 0x00, 0x00, 0x00, 0x00, 0xF9, 0x1E, 0xF7, 0x2E,
    0x00, 0x00, 0x00, 0x00, 0x00, 0xF9, 0x1E, 0xF7, 0x2E, 0x00, 0x00, 0x00,
    0x00, 0x00, 0xF9, 0x1E, 0xF7, 0x2E, 0x00, 0x00, 0x00, 0x00, 0x00, 0xF9,
    0x1E, 0xF7, 0x2E, 0x00, 0x00, 0x00, 0x00, 0x00, 0xF9, 0x1E, 0xF7, 0x3F,
    0x00, 0x00, 0x00, 0x00, 0x00, 0xFA, 0x1D, 0xF5, 0x7F, 0x00, 0x00, 0x00,
    0x00, 0x00, 0xFD, 0x0C, 0xE1, 0xDF, 0x01, 0x00, 0x00, 0x00, 0x70, 0xFF,
    0x07, 0x80, 0xFF, 0x2C, 0x00, 0x00, 0x00, 0xF6, 0xEF, 0x01, 0x00, 0xFB,
    0xEF, 0x69, 0x44, 0xC7, 0xFF, 0x5F, 0x00, 0x00, 0xA1, 0xFF, 0xFF, 0xFF,
    0xFF, 0xEF, 0x05, 0x00, 0x00, 0x00, 0xB5, 0xFE, 0xFF, 0xCE, 0x28, 0x00,
    0x00, 0x00, 0x00, 0x00, 0x31, 0x34, 0x02, 0x00, 0x00, 0x00, 0x00, 0x00,
    0x93, 0x9B, 0x03, 0x00, 0x00, 0x00, 0x40, 0xFF, 0xFF, 0x5F, 0x00, 0x00,
    0x00, 0xD1, 0x6F, 0x61, 0xEF, 0x01, 0x00, 0x00, 0xF3, 0x0B, 0x00, 0xFB,
    0x04, 0x00, 0x00, 0xF2, 0x1D, 0x10, 0xFD, 0x03, 0x00, 0x00, 0xA0, 0xCF,
    0xC8, 0xBF, 0x00, 0x00, 0x00, 0x10, 0xFA, 0xFF, 0x1A, 0x00, 0x00, 0x00,
    0x00, 0x20, 0x24, 0x00, 0x00, 0x00, 0xB8, 0x09, 0x00, 0x00, 0x00, 0xB6,
    0x1A, 0xFC, 0x0D, 0x00, 0x00, 0x00, 0xF9, 0x1F, 0xFB, 0x0C, 0x00, 0x00,
    0x00, 0xF8, 0x1E, 0xFB, 0x0C, 0x00, 0x00, 0x00, 0xF9, 0x1E, 0xFB, 0x0C,
    0x00, 0x00, 0x00, 0xF9, 0x1E, 0xFB, 0x0C, 0x00, 0x00, 0x00, 0xF9, 0x1E,
    0xFB, 0x0C, 0x00, 0x00, 0x00, 0xF9, 0x1E, 0xFB, 0x0C, 0x00, 0x00, 0x00,
    0xF9, 0x1E, 0xFB, 0x0C, 0x00, 0x00, 0x00, 0xF9, 0x1E, 0xFB, 0x0C, 0x00,
    0x00, 0x00, 0xF9, 0x1E, 0xFB, 0x0C, 0x00, 0x00, 0x00, 0xF9, 0x1E, 0xFA,
    0x1E, 0x00, 0x00, 0x00, 0xFD, 0x1E, 0xF7, 0x7F, 0x00, 0x00, 0x70, 0xFF,
    0x1E, 0xF2, 0xFF, 0x28, 0x31, 0xF8, 0xFC, 0x1E, 0x70, 0xFF, 0xFF, 0xFE,
    0x8F, 0xF7, 0x1E, 0x00, 0xD6, 0xFF, 0xDF, 0x07, 0xE7, 0x1D, 0x00, 0x00,
    0x43, 0x13, 0x00, 0x11, 0x01, 0x00, 0x00, 0x20, 0x77, 0x05, 0x60, 0x77,
    0x01, 0x00, 0x00, 0x00, 0x80, 0xFF, 0x04, 0xF4, 0x8F, 0x00, 0x00, 0x00,
    0x00, 0xD1, 0x9F, 0x00, 0xFC, 0x0A, 0x00, 0x00, 0x00, 0x00, 0xF6, 0x1E,
    0x70, 0xDF, 0x01, 0x00, 0x00, 0x00, 0x00, 0xB8, 0x05, 0xA0, 0x4B, 0x00,
    0x00, 0x00, 0x00, 0x00, 0x00, 0x00, 0x00, 0x00, 0x00, 0x00, 0x00, 0x32,
    0x03, 0x00, 0x00, 0x00, 0x00, 0x00, 0x32, 0x03, 0xF8, 0x2F, 0x00, 0x00,
    0x00, 0x00, 0x00, 0xF9, 0x1E, 0xF7, 0x2E, 0x00, 0x00, 0x00, 0x00, 0x00,
    0xF9, 0x1E, 0xF7, 0x2E, 0x00, 0x00, 0x00, 0x00, 0x00, 0xF9, 0x1E, 0xF7,
    0x2E, 0x00, 0x00, 0x00, 0x00, 0x00, 0xF9, 0x1E, 0xF7, 0x2E, 0x00, 0x00,
    0x00, 0x00, 0x00, 0xF9, 0x1E, 0xF7, 0x2E, 0x00, 0x00, 0x00, 0x00, 0x00,
    0xF9, 0x1E, 0xF7, 0x2E, 0x00, 0x00, 0x00, 0x00, 0x00, 0xF9, 0x1E, 0xF7,
    0x2E, 0x00, 0x00, 0x00, 0x00, 0x00, 0xF9, 0x1E, 0xF7, 0x2E, 0x00, 0x00,
    0x00, 0x00, 0x00, 0xF9, 0x1E, 0xF7, 0x2E, 0x00, 0x00, 0x00, 0x00, 0x00,
    0xF9, 0x1E, 0xF7, 0x2E, 0x00, 0x00, 0x00, 0x00, 0x00, 0xF9, 0x1E, 0xF7,
    0x2E, 0x00, 0x00, 0x00, 0x00, 0x00, 0xF9, 0x1E, 0xF7, 0x2E, 0x00, 0x00,
    0x00, 0x00, 0x00, 0xF9, 0x1E, 0xF7, 0x2E, 0x00, 0x00, 0x00, 0x00, 0x00,
    0xF9, 0x1E, 0xF7, 0x3F, 0x00, 0x00, 0x00, 0x00, 0x00, 0xFA, 0x1D, 0xF5,
    0x7F, 0x00, 0x00, 0x00, 0x00, 0x00, 0xFD, 0x0C, 0xE1, 0xDF, 0x01, 0x00,
    0x00, 0x00, 0x70, 0xFF, 0x08, 0x80, 0xFF, 0x2C, 0x00, 0x00, 0x00, 0xF6,
    0xEF, 0x02, 0x00, 0xFB, 0xEF, 0x69, 0x44, 0xB7, 0xFF, 0x5F, 0x00, 0x00,
    0xA1, 0xFF, 0xFF, 0xFF, 0xFF, 0xEF, 0x05, 0x00, 0x00, 0x00, 0xB5, 0xFE,
    0xFF, 0xDE, 0x28, 0x00, 0x00, 0x00, 0x00, 0x00, 0x31, 0x34, 0x02, 0x00,
    0x00, 0x00, 0x00, 0x00, 0x11, 0x01, 0x10, 0x11, 0x00, 0x00, 0x60, 0xEE,
    0x05, 0xD3, 0x8E, 0x00, 0x00, 0xC0, 0xBF, 0x00, 0xFA, 0x1D, 0x00, 0x00,
    0xF3, 0x3F, 0x40, 0xEF, 0x03, 0x00, 0x00, 0xFA, 0x09, 0xD1, 0x6F, 0x00,
    0x00, 0x00, 0x43, 0x01, 0x41, 0x04, 0x00, 0x00, 0x00, 0x00, 0x00, 0x00,
    0x00, 0x00, 0x00, 0xB8, 0x08, 0x00, 0x00, 0x00, 0xB6, 0x19, 0xFC, 0x0D,
    0x00, 0x00, 0x00, 0xF9, 0x1F, 0xFB, 0x0C, 0x00, 0x00, 0x00, 0xF8, 0x1E,
    0xFB, 0x0C, 0x00, 0x00, 0x00, 0xF9, 0x1E, 0xFB, 0x0C, 0x00, 0x00, 0x00,
    0xF9, 0x1E, 0xFB, 0x0C, 0x00, 0x00, 0x00, 0xF9, 0x1E, 0xFB, 0x0C, 0x00,
    0x00, 0x00, 0xF9, 0x1E, 0xFB, 0x0C, 0x00, 0x00, 0x00, 0xF9, 0x1E, 0xFB,
    0x0C, 0x00, 0x00, 0x00, 0xF9, 0x1E, 0xFB, 0x0C, 0x00, 0x00, 0x00, 0xF9,
    0x1E, 0xFB, 0x0C, 0x00, 0x00, 0x00, 0xF9, 0x1E, 0xFA, 0x1E, 0x00, 0x00,
    0x00, 0xFD, 0x1E, 0xF7, 0x7F, 0x00, 0x00, 0x70, 0xFF, 0x1E, 0xF2, 0xFF,
    0x28, 0x31, 0xF8, 0xFC, 0x1E, 0x70, 0xFF, 0xFF, 0xFE, 0x8F, 0xF7, 0x1E,
    0x00, 0xD6, 0xFF, 0xDF, 0x07, 0xE7, 0x1D, 0x00, 0x00, 0x43, 0x13, 0x00,
    0x11, 0x01, 0x10, 0x01, 0x00, 0x00, 0x00, 0x00, 0x00, 0x11, 0x01, 0xE7,
    0x2D, 0x00, 0x00, 0x00, 0x00, 0x00, 0xE8, 0x1D, 0xF8, 0x2F, 0x00, 0x00,
    0x00, 0x00, 0x00, 0xF9, 0x1E, 0xF7, 0x2E, 0x00, 0x00, 0x00, 0x00, 0x00,
    0xF9, 0x1E, 0xF7, 0x2E, 0x00, 0x00, 0x00, 0x00, 0x00, 0xF9, 0x1E, 0xF7,
    0x2E, 0x00, 0x00, 0x00, 0x00, 0x00, 0xF9, 0x1E, 0xF7, 0x2E, 0x00, 0x00,
    0x00, 0x00, 0x00, 0xF9, 0x1E, 0xF7, 0x2E, 0x00, 0x00, 0x00, 0x00, 0x00,
    0xF9, 0x1E, 0xF7, 0x2E, 0x00, 0x00, 0x00, 0x00, 0x00, 0xF9, 0x1E, 0xF7,
    0x2E, 0x00, 0x00, 0x00, 0x00, 0x00, 0xF9, 0x1E, 0xF7, 0x2E, 0x00, 0x00,
    0x00, 0x00, 0x00, 0xF9, 0x1E, 0xF7, 0x2E, 0x00, 0x00, 0x00, 0x00, 0x00,
    0xF9, 0x1E, 0xF7, 0x2E, 0x00, 0x00, 0x00, 0x00, 0x00, 0xF9, 0x1E, 0xF7,
    0x2E, 0x00, 0x00, 0x00, 0x00, 0x00, 0xF9, 0x1E, 0xF7, 0x2E, 0x00, 0x00,
    0x00, 0x00, 0x00, 0xF9, 0x1E, 0xF7, 0x2F, 0x00, 0x00, 0x00, 0x00, 0x00,
    0xF9, 0x1E, 0xF5, 0x5F, 0x00, 0x00, 0x00, 0x00, 0x00, 0xFC, 0x1D, 0xF2,
    0xCF, 0x00, 0x00, 0x00, 0x00, 0x50, 0xFF, 0x0A, 0xA0, 0xFF, 0x09, 0x00,
    0x00, 0x00, 0xE3, 0xFF, 0x03, 0x20, 0xFE, 0xCF, 0x26, 0x11, 0x83, 0xFE,
    0x8F, 0x00, 0x00, 0xD3, 0xFF, 0xFF, 0xEE, 0xFF, 0xFF, 0x09, 0x00, 0x00,
    0x10, 0xD8, 0xFF, 0xFF, 0xFF, 0x5C, 0x00, 0x00, 0x00, 0x00, 0x10, 0x64,
    0xFD, 0x5C, 0x00, 0x00, 0x00, 0x00, 0x00, 0x00, 0xA0, 0x9F, 0x00, 0x00,
    0x00, 0x00, 0x00, 0x00, 0x00, 0xF8, 0x0D, 0x00, 0x00, 0x00, 0x00, 0x00,
    0x00, 0x00, 0xFB, 0x3D, 0x22, 0x00, 0x00, 0x00, 0x00, 0x00, 0x00, 0xF8,
    0xFF, 0xDF, 0x00, 0x00, 0x00, 0x00, 0x00, 0x00, 0xA1, 0xFE, 0xCF, 0x02,
    0x00, 0x00, 0x00, 0x00, 0x00, 0x00, 0x42, 0x03, 0x00, 0x00, 0x00, 0xB8,
    0x09, 0x00, 0x00, 0x00, 0xB6, 0x1A, 0xFC, 0x0D, 0x00, 0x00, 0x00, 0xF9,
    0x1F, 0xFB, 0x0C, 0x00, 0x00, 0x00, 0xF8, 0x1E, 0xFB, 0x0C, 0x00, 0x00,
    0x00, 0xF9, 0x1E, 0xFB, 0x0C, 0x00, 0x00, 0x00, 0xF9, 0x1E, 0xFB, 0x0C,
    0x00, 0x00, 0x00, 0xF9, 0x1E, 0xFB, 0x0C, 0x00, 0x00, 0x00, 0xF9, 0x1E,
    0xFB, 0x0C, 0x00, 0x00, 0x00, 0xF9, 0x1E, 0xFB, 0x0C, 0x00, 0x00, 0x00,
    0xF9, 0x1E, 0xFB, 0x0C, 0x00, 0x00, 0x00, 0xF9, 0x1E, 0xFB, 0x0C, 0x00,
    0x00, 0x00, 0xF9, 0x1E, 0xFA, 0x1E, 0x00, 0x00, 0x00, 0xFD, 0x1E, 0xF7,
    0x7F, 0x00, 0x00, 0x70, 0xFF, 0x1E, 0xF2, 0xFF, 0x27, 0x21, 0xF8, 0xFC,
    0x1E, 0x70, 0xFF, 0xFF, 0xFE, 0x8F, 0xF6, 0x1E, 0x00, 0xD6, 0xFF, 0xDF,
    0x07, 0xF8, 0x1E, 0x00, 0x00, 0x43, 0x13, 0x70, 0xEF, 0x06, 0x00, 0x00,
    0x00, 0x00, 0xF5, 0x4E, 0x00, 0x00, 0x00, 0x00, 0x00, 0xFC, 0x09, 0x00,
    0x00, 0x00, 0x00, 0x10, 0xFE, 0x2B, 0x13, 0x00, 0x00, 0x00, 0x00, 0xFC,
    0xEF, 0x9F, 0x00, 0x00, 0x00, 0x00, 0xC2, 0xFF, 0x9E, 0x00, 0x00, 0x00,
    0x00, 0x00, 0x43, 0x02, 0x00, 0x00, 0x00, 0x00, 0x00, 0x00, 0x40, 0x24,
    0x00, 0x00, 0x00, 0x00, 0x00, 0x00, 0x00, 0x00, 0x00, 0x00, 0x00, 0x00,
    0xF9, 0xEF, 0x03, 0x00, 0x00, 0x00, 0x00, 0x00, 0x00, 0x00, 0x00, 0x00,
    0x00, 0x70, 0xDF, 0xF8, 0x1D, 0x00, 0x00, 0x00, 0x00, 0x00, 0x00, 0x00,
    0x00, 0x00, 0x00, 0xF7, 0x3F, 0x90, 0xDF, 0x02, 0x00, 0x00, 0x00, 0x00,
    0x00, 0x00, 0x00, 0x00, 0x10, 0x99, 0x05, 0x00, 0xA8, 0x05, 0x00, 0x00,
    0x00, 0x00, 0x00, 0x00, 0x00, 0x00, 0x00, 0x00, 0x00, 0x00, 0x00, 0x00,
    0x00, 0x00, 0x00, 0x00, 0x10, 0x01, 0x00, 0x00, 0x00, 0x00, 0x10, 0x11,
    0x00, 0x00, 0x00, 0x00, 0x10, 0x11, 0xE2, 0x9E, 0x00, 0x00, 0x00, 0x00,
    0xE5, 0xDE, 0x01, 0x00, 0x00, 0x00, 0xD2, 0xAE, 0xD0, 0xDF, 0x00, 0x00,
    0x00, 0x00, 0xFA, 0xFF, 0x03, 0x00, 0x00, 0x00, 0xF5, 0x7F, 0x90, 0xFF,
    0x02, 0x00, 0x00, 0x00, 0xFD, 0xFF, 0x07, 0x00, 0x00, 0x00, 0xF9, 0x3F,
    0x50, 0xFF, 0x06, 0x00, 0x00, 0x30, 0xEF, 0xFC, 0x0B, 0x00, 0x00, 0x00,
    0xFC, 0x0D, 0x10, 0xFE, 0x0A, 0x00, 0x00, 0x60, 0xCF, 0xF7, 0x1E, 0x00,
    0x00, 0x20, 0xFE, 0x09, 0x00, 0xFB, 0x0D, 0x00, 0x00, 0xA0, 0xAF, 0xF3,
    0x4F, 0x00, 0x00, 0x50, 0xFF, 0x05, 0x00, 0xF7, 0x3F, 0x00, 0x00, 0xD1,
    0x8F, 0xE0, 0x8F, 0x00, 0x00, 0x90, 0xEF, 0x02, 0x00, 0xF3, 0x6F, 0x00,
    0x00, 0xF4, 0x4F, 0xB0, 0xBF, 0x00, 0x00, 0xD0, 0xBF, 0x00, 0x00, 0xD1,
    0xAF, 0x00, 0x00, 0xF7, 0x1E, 0x70, 0xEF, 0x02, 0x00, 0xF2, 0x7F, 0x00,
    0x00, 0xA0, 0xDF, 0x01, 0x00, 0xFB, 0x0B, 0x30, 0xFF, 0x05, 0x00, 0xF6,
    0x4F, 0x00, 0x00, 0x60, 0xFF, 0x03, 0x10, 0xFE, 0x07, 0x00, 0xFD, 0x09,
    0x00, 0xFA, 0x1D, 0x00, 0x00, 0x20, 0xFF, 0x07, 0x40, 0xFF, 0x03, 0x00,
    0xF9, 0x0C, 0x00, 0xFD, 0x0A, 0x00, 0x00, 0x00, 0xFC, 0x0B, 0x80, 0xDF,
    0x00, 0x00, 0xF6, 0x2F, 0x30, 0xFF, 0x06, 0x00, 0x00, 0x00, 0xF8, 0x1E,
    0xC0, 0xAF, 0x00, 0x00, 0xF2, 0x6F, 0x60, 0xFF, 0x02, 0x00, 0x00, 0x00,
    0xF5, 0x3F, 0xE1, 0x6F, 0x00, 0x00, 0xC0, 0x9F, 0xA0, 0xCF, 0x00, 0x00,
    0x00, 0x00, 0xE1, 0x6F, 0xF3, 0x2F, 0x00, 0x00, 0x80, 0xCF, 0xD0, 0x9F,
    0x00, 0x00, 0x00, 0x00, 0xB0, 0x9F, 0xF7, 0x0C, 0x00, 0x00, 0x40, 0xEF,
    0xE4, 0x5F, 0x00, 0x00, 0x00, 0x00, 0x70, 0xCF, 0xFB, 0x08, 0x00, 0x00,
    0x10, 0xFE, 0xFA, 0x1E, 0x00, 0x00, 0x00, 0x00, 0x30, 0xFF, 0xFE, 0x05,
    0x00, 0x00, 0x00, 0xFB, 0xFE, 0x0B, 0x00, 0x00, 0x00, 0x00, 0x10, 0xFD,
    0xEF, 0x01, 0x00, 0x00, 0x00, 0xF7, 0xFF, 0x07, 0x00, 0x00, 0x00, 0x00,
    0x00, 0xE9, 0xBE, 0x00, 0x00, 0x00, 0x00, 0xE3, 0xEE, 0x03, 0x00, 0x00,
    0x00, 0x00, 0x00, 0x10, 0x01, 0x00, 0x00, 0x00, 0x00, 0x10, 0x11, 0x00,
    0x00, 0x00, 0x00, 0x00, 0x00, 0x00, 0x00, 0x11, 0x00, 0x00, 0x00, 0x00,
    0x00, 0x00, 0x00, 0x00, 0x00, 0xB0, 0xEE, 0x07, 0x00, 0x00, 0x00, 0x00,
    0x00, 0x00, 0x00, 0x00, 0xFA, 0xEC, 0x5F, 0x00, 0x00, 0x00, 0x00, 0x00,
    0x00, 0x00, 0x90, 0xDF, 0x41, 0xFF, 0x04, 0x00, 0x00, 0x00, 0x00, 0x00,
    0x00, 0xD5, 0x3C, 0x00, 0xD6, 0x2C, 0x00, 0x00, 0x00, 0x00, 0x00, 0x00,
    0x01, 0x00, 0x00, 0x00, 0x00, 0x00, 0x00, 0x00, 0x00, 0x00, 0x00, 0x00,
    0x00, 0x00, 0x00, 0x00, 0x00, 0x00, 0x00, 0xBA, 0x09, 0x00, 0x00, 0x60,
    0xBB, 0x04, 0x00, 0x00, 0xB1, 0x7B, 0xFA, 0x1F, 0x00, 0x00, 0xC0, 0xFF,
    0x09, 0x00, 0x00, 0xF5, 0x6F, 0xF5, 0x5F, 0x00, 0x00, 0xE2, 0xFF, 0x0D,
    0x00, 0x00, 0xF9, 0x1E, 0xE1, 0x9F, 0x00, 0x00, 0xF5, 0xED, 0x2F, 0x00,
    0x00, 0xFC, 0x0B, 0xA0, 0xDF, 0x00, 0x00, 0xF9, 0xA7, 0x6F, 0x00, 0x30,
    0xFF, 0x07, 0x60, 0xFF, 0x03, 0x00, 0xFD, 0x73, 0xAF, 0x00, 0x60, 0xFF,
    0x03, 0x20, 0xFE, 0x07, 0x30, 0xEF, 0x40, 0xDF, 0x01, 0xA0, 0xCF, 0x00,
    0x00, 0xFC, 0x0B, 0x70, 0xBF, 0x10, 0xFE, 0x04, 0xE1, 0x8F, 0x00, 0x00,
    0xF7, 0x1E, 0xB0, 0x7F, 0x00, 0xFB, 0x07, 0xF4, 0x4F, 0x00, 0x00, 0xF3,
    0x4F, 0xE0, 0x3F, 0x00, 0xF7, 0x0B, 0xF8, 0x1D, 0x00, 0x00, 0xD0, 0x7F,
    0xF3, 0x0D, 0x00, 0xF3, 0x1E, 0xFB, 0x09, 0x00, 0x00, 0x80, 0xAF, 0xF6,
    0x09, 0x00, 0xD0, 0x4F, 0xFD, 0x05, 0x00, 0x00, 0x40, 0xDF, 0xFB, 0x05,
    0x00, 0x90, 0xAF, 0xEF, 0x01, 0x00, 0x00, 0x10, 0xFE, 0xEF, 0x01, 0x00,
    0x50, 0xEF, 0xAF, 0x00, 0x00, 0x00, 0x00, 0xFA, 0xBF, 0x00, 0x00, 0x10,
    0xFE, 0x6F, 0x00, 0x00, 0x00, 0x00, 0xE5, 0x7E, 0x00, 0x00, 0x00, 0xEA,
    0x2D, 0x00, 0x00, 0x00, 0x00, 0x10, 0x01, 0x00, 0x00, 0x00, 0x10, 0x01,
    0x00, 0x00, 0x00, 0x00, 0x00, 0x00, 0x42, 0x04, 0x00, 0x00, 0x00, 0x00,
    0x00, 0x00, 0x00, 0xE2, 0xFF, 0x09, 0x00, 0x00, 0x00, 0x00, 0x00, 0x00,
    0xC1, 0x8F, 0xFC, 0x07, 0x00, 0x00, 0x00, 0x00, 0x00, 0xC1, 0xAF, 0x30,
    0xFE, 0x06, 0x00, 0x00, 0x00, 0x00, 0x50, 0x9A, 0x01, 0x40, 0x89, 0x01,
    0x00, 0x00, 0x00, 0x00, 0x00, 0x00, 0x00, 0x00, 0x00, 0x00, 0x00, 0x20,
    0x12, 0x00, 0x00, 0x00, 0x00, 0x00, 0x00, 0x22, 0x12, 0xEC, 0x3E, 0x00,
    0x00, 0x00, 0x00, 0x00, 0xE9, 0x7F, 0x40, 0xFF, 0x0C, 0x00, 0x00, 0x00,
    0x00, 0xF3, 0xDF, 0x01, 0xA0, 0xFF, 0x06, 0x00, 0x00, 0x00, 0xC0, 0xFF,
    0x04, 0x00, 0xE2, 0xEF, 0x01, 0x00, 0x00, 0x60, 0xFF, 0x09, 0x00, 0x00,
    0xF6, 0x9F, 0x00, 0x00, 0x20, 0xFE, 0x1E, 0x00, 0x00, 0x00, 0xFB, 0x4F,
    0x00, 0x00, 0xFA, 0x5F, 0x00, 0x00, 0x00, 0x30, 0xFF, 0x0C, 0x00, 0xF4,
    0xBF, 0x00, 0x00, 0x00, 0x00, 0x80, 0xFF, 0x07, 0xC0, 0xEF, 0x02, 0x00,
    0x00, 0x00, 0x00, 0xD1, 0xEF, 0x60, 0xFF, 0x07, 0x00, 0x00, 0x00, 0x00,
    0x00, 0xF4, 0x8F, 0xFC, 0x0C, 0x00, 0x00, 0x00, 0x00, 0x00, 0x00, 0xFA,
    0xFF, 0x4F, 0x00, 0x00, 0x00, 0x00, 0x00, 0x00, 0x10, 0xFE, 0x9F, 0x00,
    0x00, 0x00, 0x00, 0x00, 0x00, 0x00, 0x80, 0xEF, 0x02, 0x00, 0x00, 0x00,
    0x00, 0x00, 0x00, 0x00, 0xF7, 0x2E, 0x00, 0x00, 0x00, 0x00, 0x00, 0x00,
    0x00, 0x80, 0xEF, 0x02, 0x00, 0x00, 0x00, 0x00, 0x00, 0x00, 0x00, 0xF7,
    0x2E, 0x00, 0x00, 0x00, 0x00, 0x00, 0x00, 0x00, 0x70, 0xEF, 0x02, 0x00,
    0x00, 0x00, 0x00, 0x00, 0x00, 0x00, 0xF7, 0x2E, 0x00, 0x00, 0x00, 0x00,
    0x00, 0x00, 0x00, 0x70, 0xEF, 0x02, 0x00, 0x00, 0x00, 0x00, 0x00, 0x00,
    0x00, 0xF8, 0x2F, 0x00, 0x00, 0x00, 0x00, 0x00, 0x00, 0x00, 0x70, 0xDE,
    0x02, 0x00, 0x00, 0x00, 0x00, 0x00, 0x00, 0x00, 0x10, 0x01, 0x00, 0x00,
    0x00, 0x00, 0x00, 0x00, 0x00, 0x10, 0x01, 0x00, 0x00, 0x00, 0x00, 0x00,
    0x00, 0xE7, 0xBF, 0x00, 0x00, 0x00, 0x00, 0x00, 0x60, 0xEF, 0xFC, 0x09,
    0x00, 0x00, 0x00, 0x00, 0xF5, 0x4F, 0xD1, 0x8F, 0x00, 0x00, 0x00, 0x20,
    0xDC, 0x07, 0x30, 0xDC, 0x04, 0x00, 0x00, 0x10, 0x01, 0x00, 0x00, 0x00,
    0x01, 0x00, 0x00, 0x00, 0x00, 0x00, 0x00, 0x00, 0x00, 0x00, 0xB1, 0x8B,
    0x00, 0x00, 0x00, 0x00, 0xB4, 0x4B, 0xC0, 0xEF, 0x01, 0x00, 0x00, 0x00,
    0xFB, 0x2F, 0x50, 0xFF, 0x06, 0x00, 0x00, 0x20, 0xFE, 0x0A, 0x10, 0xFE,
    0x0B, 0x00, 0x00, 0x60, 0xFF, 0x04, 0x00, 0xF9, 0x2E, 0x00, 0x00, 0xC0,
    0xDF, 0x00, 0x00, 0xF4, 0x7F, 0x00, 0x00, 0xF3, 0x8F, 0x00, 0x00, 0xC0,
    0xCF, 0x00, 0x00, 0xF8, 0x2F, 0x00, 0x00, 0x70, 0xFF, 0x03, 0x00, 0xFD,
    0x0B, 0x00, 0x00, 0x20, 0xFE, 0x08, 0x40, 0xFF, 0x05, 0x00, 0x00, 0x00,
    0xFA, 0x1D, 0x90, 0xEF, 0x01, 0x00, 0x00, 0x00, 0xF5, 0x4F, 0xD0, 0x9F,
    0x00, 0x00, 0x00, 0x00, 0xD1, 0x7F, 0xF3, 0x3F, 0x00, 0x00, 0x00, 0x00,
    0x80, 0xBF, 0xF8, 0x0C, 0x00, 0x00, 0x00, 0x00, 0x30, 0xEF, 0xFE, 0x07,
    0x00, 0x00, 0x00, 0x00, 0x00, 0xFC, 0xEF, 0x02, 0x00, 0x00, 0x00, 0x00,
    0x00, 0xF6, 0xAF, 0x00, 0x00, 0x00, 0x00, 0x00, 0x00, 0xF5, 0x4F, 0x00,
    0x00, 0x00, 0x00, 0x00, 0x00, 0xFA, 0x0D, 0x00, 0x00, 0x00, 0x00, 0x00,
    0x30, 0xFE, 0x08, 0x00, 0x00, 0x00, 0x00, 0x53, 0xD6, 0xEF, 0x02, 0x00,
    0x00, 0x00, 0x00, 0xFB, 0xFF, 0x5F, 0x00, 0x00, 0x00, 0x00, 0x00, 0xEB,
    0xAD, 0x04, 0x00, 0x00, 0x00, 0x00, 0x00, 0x10, 0x01, 0x00, 0x00, 0x00,
    0x00, 0x00, 0x00, 0x00, 0x00, 0x00, 0x00, 0x10, 0x00, 0x00, 0x00, 0x00,
    0x00, 0xD4, 0x3D, 0x00, 0xD4, 0x2C, 0x00, 0x00, 0x00, 0x00, 0xFB, 0xAF,
    0x00, 0xFB, 0x8F, 0x00, 0x00, 0x00, 0x00, 0xF6, 0x5F, 0x00, 0xF7, 0x4E,
    0x00, 0x00, 0x00, 0x00, 0x30, 0x03, 0x00, 0x30, 0x02, 0x00, 0x00, 0x00,
    0x00, 0x00, 0x00, 0x00, 0x00, 0x00, 0x00, 0x00, 0x33, 0x03, 0x00, 0x00,
    0x00, 0x00, 0x00, 0x30, 0x33, 0xFC, 0x5F, 0x00, 0x00, 0x00, 0x00, 0x00,
    0xF8, 0x8F, 0xF3, 0xDF, 0x01, 0x00, 0x00, 0x00, 0x30, 0xFF, 0x1D, 0x80,
    0xFF, 0x09, 0x00, 0x00, 0x00, 0xB0, 0xFF, 0x04, 0x00, 0xFD, 0x3F, 0x00,
    0x00, 0x00, 0xF5, 0xAF, 0x00, 0x00, 0xF4, 0xCF, 0x00, 0x00, 0x10, 0xFD,
    0x2E, 0x00, 0x00, 0x90, 0xFF, 0x06, 0x00, 0x80, 0xFF, 0x07, 0x00, 0x00,
    0x10, 0xFE, 0x2E, 0x00, 0xF3, 0xCF, 0x00, 0x00, 0x00, 0x00, 0xF5, 0xAF,
    0x00, 0xFB, 0x3F, 0x00, 0x00, 0x00, 0x00, 0xB0, 0xFF, 0x43, 0xFF, 0x09,
    0x00, 0x00, 0x00, 0x00, 0x20, 0xFE, 0xBB, 0xDF, 0x01, 0x00, 0x00, 0x00,
    0x00, 0x00, 0xF7, 0xFF, 0x5F, 0x00, 0x00, 0x00, 0x00, 0x00, 0x00, 0xC0,
    0xFF, 0x0B, 0x00, 0x00, 0x00, 0x00, 0x00, 0x00, 0x50, 0xFF, 0x04, 0x00,
    0x00, 0x00, 0x00, 0x00, 0x00, 0x50, 0xFF, 0x04, 0x00, 0x00, 0x00, 0x00,
    0x00, 0x00, 0x50, 0xFF, 0x04, 0x00, 0x00, 0x00, 0x00, 0x00, 0x00, 0x50,
    0xFF, 0x04, 0x00, 0x00, 0x00, 0x00, 0x00, 0x00, 0x50, 0xFF, 0x04, 0x00,
    0x00, 0x00, 0x00, 0x00, 0x00, 0x50, 0xFF, 0x04, 0x00, 0x00, 0x00, 0x00,
    0x00, 0x00, 0x50, 0xFF, 0x04, 0x00, 0x00, 0x00, 0x00, 0x00, 0x00, 0x50,
    0xFF, 0x04, 0x00, 0x00, 0x00, 0x00, 0x00, 0x00, 0x40, 0xDD, 0x03, 0x00,
    0x00, 0x00, 0x00, 0x00, 0x00, 0x00, 0x40, 0x34, 0x00, 0x00, 0x00, 0x00,
    0x00, 0x00, 0xF5, 0x6F, 0x00, 0x00, 0x00, 0x00, 0x00, 0x00, 0xFC, 0x0A,
    0x00, 0x00, 0x00, 0x00, 0x00, 0x50, 0xEF, 0x02, 0x00, 0x00, 0x00, 0x00,
    0x00, 0xA0, 0x5D, 0x00, 0x00, 0x00, 0x00, 0x00, 0x00, 0x00, 0x00, 0x00,
    0x00, 0x00, 0x10, 0x11, 0x11, 0x11, 0x11, 0x11, 0x11, 0x11, 0xE4, 0xEE,
    0xEE, 0xEE, 0xEE, 0xEE, 0xEE, 0x7E, 0xF4, 0xFF, 0xFF, 0xFF, 0xFF, 0xFF,
    0xFF, 0x8F, 0x41, 0x44, 0x44, 0x44, 0x44, 0x44, 0xFD, 0x2E, 0x00, 0x00,
    0x00, 0x00, 0x00, 0x70, 0xFF, 0x06, 0x00, 0x00, 0x00, 0x00, 0x00, 0xF4,
    0xAF, 0x00, 0x00, 0x00, 0x00, 0x00, 0x10, 0xFD, 0x1E, 0x00, 0x00, 0x00,
    0x00, 0x00, 0x90, 0xFF, 0x05, 0x00, 0x00, 0x00, 0x00, 0x00, 0xF5, 0xAF,
    0x00, 0x00, 0x00, 0x00, 0x00, 0x10, 0xFE, 0x1D, 0x00, 0x00, 0x00, 0x00,
    0x00, 0xA0, 0xFF, 0x04, 0x00, 0x00, 0x00, 0x00, 0x00, 0xF6, 0x9F, 0x00,
    0x00, 0x00, 0x00, 0x00, 0x20, 0xFE, 0x1D, 0x00, 0x00, 0x00, 0x00, 0x00,
    0xB0, 0xFF, 0x04, 0x00, 0x00, 0x00, 0x00, 0x00, 0xF6, 0x8F, 0x00, 0x00,
    0x00, 0x00, 0x00, 0x20, 0xFE, 0x1C, 0x00, 0x00, 0x00, 0x00, 0x00, 0xB0,
    0xFF, 0x03, 0x00, 0x00, 0x00, 0x00, 0x00, 0xF7, 0x8F, 0x00, 0x00, 0x00,
    0x00, 0x00, 0x30, 0xFF, 0x0A, 0x00, 0x00, 0x00, 0x00, 0x00, 0xC1, 0xEF,
    0x46, 0x44, 0x44, 0x44, 0x44, 0x24, 0xF4, 0xFF, 0xFF, 0xFF, 0xFF, 0xFF,
    0xFF, 0x8F, 0xE4, 0xEE, 0xEE, 0xEE, 0xEE, 0xEE, 0xEE, 0x7E, 0x10, 0x11,
    0x11, 0x11, 0x11, 0x11, 0x11, 0x01, 0x00, 0x00, 0x00, 0x00, 0x11, 0x01,
    0x00, 0x00, 0x00, 0x00, 0x70, 0xEE, 0x04, 0x00, 0x00, 0x00, 0x00, 0xE1,
    0x9F, 0x00, 0x00, 0x00, 0x00, 0x00, 0xF7, 0x1D, 0x00, 0x00, 0x00, 0x00,
    0x10, 0xEE, 0x04, 0x00, 0x00, 0x00, 0x00, 0x10, 0x23, 0x00, 0x00, 0x00,
    0x00, 0x00, 0x00, 0x00, 0x00, 0x00, 0x00, 0xA1, 0xBB, 0xBB, 0xBB, 0xBB,
    0xBB, 0x1A, 0xF1, 0xFF, 0xFF, 0xFF, 0xFF, 0xFF, 0x1F, 0xA1, 0xBB, 0xBB,
    0xBB, 0xCB, 0xFF, 0x0C, 0x00, 0x00, 0x00, 0x00, 0xC0, 0xEF, 0x02, 0x00,
    0x00, 0x00, 0x00, 0xFA, 0x5F, 0x00, 0x00, 0x00, 0x00, 0x70, 0xFF, 0x08,
    0x00, 0x00, 0x00, 0x00, 0xF5, 0xBF, 0x00, 0x00, 0x00, 0x00, 0x20, 0xFE,
    0x1D, 0x00, 0x00, 0x00, 0x00, 0xC1, 0xFF, 0x03, 0x00, 0x00, 0x00, 0x00,
    0xFA, 0x6F, 0x00, 0x00, 0x00, 0x00, 0x70, 0xFF, 0x09, 0x00, 0x00, 0x00,
    0x00, 0xF4, 0xCF, 0x01, 0x00, 0x00, 0x00, 0x20, 0xFE, 0x1D, 0x00, 0x00,
    0x00, 0x00, 0xC1, 0xFF, 0x7B, 0x78, 0x77, 0x77, 0x27, 0xF4, 0xFF, 0xFF,
    0xFF, 0xFF, 0xFF, 0x4F, 0xE4, 0xEE, 0xEE, 0xEE, 0xEE, 0xEE, 0x4E, 0x10,
    0x11, 0x11, 0x11, 0x11, 0x11, 0x01, 0x00, 0x00, 0x00, 0x00, 0x01, 0x00,
    0x00, 0x00, 0x00, 0x00, 0x00, 0xC2, 0x7E, 0x00, 0x00, 0x00, 0x00, 0x00,
    0x00, 0xF7, 0xFF, 0x01, 0x00, 0x00, 0x00, 0x00, 0x00, 0xE3, 0x9F, 0x00,
    0x00, 0x00, 0x00, 0x00, 0x00, 0x20, 0x03, 0x00, 0x00, 0x00, 0x00, 0x00,
    0x00, 0x00, 0x00, 0x00, 0x00, 0x00, 0x10, 0x11, 0x11, 0x11, 0x11, 0x11,
    0x11, 0x11, 0xE4, 0xEE, 0xEE, 0xEE, 0xEE, 0xEE, 0xEE, 0x7E, 0xF4, 0xFF,
    0xFF, 0xFF, 0xFF, 0xFF, 0xFF, 0x8F, 0x41, 0x44, 0x44, 0x44, 0x44, 0x44,
    0xFD, 0x2E, 0x00, 0x00, 0x00, 0x00, 0x00, 0x70, 0xFF, 0x06, 0x00, 0x00,
    0x00, 0x00, 0x00, 0xF4, 0xBF, 0x00, 0x00, 0x00, 0x00, 0x00, 0x10, 0xFD,
    0x2E, 0x00, 0x00, 0x00, 0x00, 0x00, 0x90, 0xFF, 0x05, 0x00, 0x00, 0x00,
    0x00, 0x00, 0xF5, 0xAF, 0x00, 0x00, 0x00, 0x00, 0x00, 0x10, 0xFD, 0x1E,
    0x00, 0x00, 0x00, 0x00, 0x00, 0xA0, 0xFF, 0x05, 0x00, 0x00, 0x00, 0x00,
    0x00, 0xF5, 0xAF, 0x00, 0x00, 0x00, 0x00, 0x00, 0x20, 0xFE, 0x1D, 0x00,
    0x00, 0x00, 0x00, 0x00, 0xB0, 0xFF, 0x04, 0x00, 0x00, 0x00, 0x00, 0x00,
    0xF6, 0x9F, 0x00, 0x00, 0x00, 0x00, 0x00, 0x20, 0xFE, 0x1D, 0x00, 0x00,
    0x00, 0x00, 0x00, 0xB0, 0xFF, 0x04, 0x00, 0x00, 0x00, 0x00, 0x00, 0xF7,
    0x8F, 0x00, 0x00, 0x00, 0x00, 0x00, 0x30, 0xFF, 0x0B, 0x00, 0x00, 0x00,
    0x00, 0x00, 0xC1, 0xFF, 0x46, 0x44, 0x44, 0x44, 0x44, 0x24, 0xF4, 0xFF,
    0xFF, 0xFF, 0xFF, 0xFF, 0xFF, 0x8F, 0xE4, 0xEE, 0xEE, 0xEE, 0xEE, 0xEE,
    0xEE, 0x7E, 0x10, 0x11, 0x11, 0x11, 0x11, 0x11, 0x11, 0x01, 0x00, 0x00,
    0x40, 0x8B, 0x01, 0x00, 0x00, 0x00, 0x00, 0xE1, 0xFF, 0x07, 0x00, 0x00,
    0x00, 0x00, 0xC0, 0xFF, 0x05, 0x00, 0x00, 0x00, 0x00, 0x10, 0x57, 0x00,
    0x00, 0x00, 0x00, 0x00, 0x00, 0x00, 0x00, 0x00, 0x00, 0x00, 0x00, 0x00,
    0x00, 0x00, 0x00, 0x00, 0xA1, 0xBB, 0xBB, 0xBB, 0xBB, 0xBB, 0x1A, 0xF1,
    0xFF, 0xFF, 0xFF, 0xFF, 0xFF, 0x1F, 0xA1, 0xBB, 0xBB, 0xBB, 0xDB, 0xFF,
    0x0C, 0x00, 0x00, 0x00, 0x00, 0xD1, 0xEF, 0x02, 0x00, 0x00, 0x00, 0x00,
    0xFC, 0x5F, 0x00, 0x00, 0x00, 0x00, 0x90, 0xFF, 0x08, 0x00, 0x00, 0x00,
    0x00, 0xF6, 0xBF, 0x00, 0x00, 0x00, 0x00, 0x30, 0xFE, 0x1D, 0x00, 0x00,
    0x00, 0x00, 0xD1, 0xEF, 0x03, 0x00, 0x00, 0x00, 0x00, 0xFA, 0x6F, 0x00,
    0x00, 0x00, 0x00, 0x70, 0xFF, 0x09, 0x00, 0x00, 0x00, 0x00, 0xF4, 0xCF,
    0x01, 0x00, 0x00, 0x00, 0x20, 0xFE, 0x1D, 0x00, 0x00, 0x00, 0x00, 0xC1,
    0xFF, 0x7B, 0x78, 0x77, 0x77, 0x27, 0xF4, 0xFF, 0xFF, 0xFF, 0xFF, 0xFF,
    0x4F, 0xE4, 0xEE, 0xEE, 0xEE, 0xEE, 0xEE, 0x4E, 0x10, 0x11, 0x11, 0x11,
    0x11, 0x11, 0x01, 0x00, 0x10, 0x44, 0x00, 0x00, 0x43, 0x03, 0x00, 0x00,
    0x10, 0xFC, 0x0A, 0x70, 0xFF, 0x04, 0x00, 0x00, 0x00, 0xD1, 0x7F, 0xF4,
    0x4F, 0x00, 0x00, 0x00, 0x00, 0x20, 0xFE, 0xFF, 0x06, 0x00, 0x00, 0x00,
    0x00, 0x00, 0x94, 0x6A, 0x00, 0x00, 0x00, 0x00, 0x00, 0x00, 0x00, 0x00,
    0x00, 0x00, 0x00, 0x10, 0x11, 0x11, 0x11, 0x11, 0x11, 0x11, 0x11, 0xE4,
    0xEE, 0xEE, 0xEE, 0xEE, 0xEE, 0xEE, 0x7E, 0xF4, 0xFF, 0xFF, 0xFF, 0xFF,
    0xFF, 0xFF, 0x8F, 0x41, 0x44, 0x44, 0x44, 0x44, 0x44, 0xFD, 0x2E, 0x00,
    0x00, 0x00, 0x00, 0x00, 0x70, 0xFF, 0x06, 0x00, 0x00, 0x00, 0x00, 0x00,
    0xF4, 0xAF, 0x00, 0x00, 0x00, 0x00, 0x00, 0x10, 0xFD, 0x1E, 0x00, 0x00,
    0x00, 0x00, 0x00, 0x90, 0xFF, 0x05, 0x00, 0x00, 0x00, 0x00, 0x00, 0xF5,
    0xAF, 0x00, 0x00, 0x00, 0x00, 0x00, 0x10, 0xFE, 0x1D, 0x00, 0x00, 0x00,
    0x00, 0x00, 0xA0, 0xFF, 0x04, 0x00, 0x00, 0x00, 0x00, 0x00, 0xF6, 0x9F,
    0x00, 0x00, 0x00, 0x00, 0x00, 0x20, 0xFE, 0x1D, 0x00, 0x00, 0x00, 0x00,
    0x00, 0xB0, 0xFF, 0x04, 0x00, 0x00, 0x00, 0x00, 0x00, 0xF6, 0x8F, 0x00,
    0x00, 0x00, 0x00, 0x00, 0x20, 0xFE, 0x1C, 0x00, 0x00, 0x00, 0x00, 0x00,
    0xB0, 0xFF, 0x03, 0x00, 0x00, 0x00, 0x00, 0x00, 0xF7, 0x8F, 0x00, 0x00,
    0x00, 0x00, 0x00, 0x30, 0xFF, 0x0A, 0x00, 0x00, 0x00, 0x00, 0x00, 0xC1,
    0xEF, 0x46, 0x44, 0x44, 0x44, 0x44, 0x24, 0xF4, 0xFF, 0xFF, 0xFF, 0xFF,
    0xFF, 0xFF, 0x8F, 0xE4, 0xEE, 0xEE, 0xEE, 0xEE, 0xEE, 0xEE, 0x7E, 0x10,
    0x11, 0x11, 0x11, 0x11, 0x11, 0x11, 0x01, 0x00, 0x11, 0x01, 0x00, 0x10,
    0x11, 0x00, 0x00, 0xE4, 0x4D, 0x00, 0xE8, 0x2D, 0x00, 0x00, 0x70, 0xEF,
    0x52, 0xFF, 0x04, 0x00, 0x00, 0x00, 0xF8, 0xFE, 0x5F, 0x00, 0x00, 0x00,
    0x00, 0x90, 0xDD, 0x06, 0x00, 0x00, 0x00, 0x00, 0x00, 0x00, 0x00, 0x00,
    0x00, 0x00, 0x00, 0x00, 0x00, 0x00, 0x00, 0x00, 0xA1, 0xBB, 0xBB, 0xBB,
    0xBB, 0xBB, 0x1A, 0xF1, 0xFF, 0xFF, 0xFF, 0xFF, 0xFF, 0x1F, 0xA1, 0xBB,
    0xBB, 0xBB, 0xCB, 0xFF, 0x0C, 0x00, 0x00, 0x00, 0x00, 0xC0, 0xEF, 0x02,
    0x00, 0x00, 0x00, 0x00, 0xFA, 0x5F, 0x00, 0x00, 0x00, 0x00, 0x70, 0xFF,
    0x08, 0x00, 0x00, 0x00, 0x00, 0xF5, 0xBF, 0x00, 0x00, 0x00, 0x00, 0x20,
    0xFE, 0x1D, 0x00, 0x00, 0x00, 0x00, 0xC1, 0xFF, 0x03, 0x00, 0x00, 0x00,
    0x00, 0xFA, 0x6F, 0x00, 0x00, 0x00, 0x00, 0x70, 0xFF, 0x09, 0x00, 0x00,
    0x00, 0x00, 0xF4, 0xCF, 0x01, 0x00, 0x00, 0x00, 0x20, 0xFE, 0x1D, 0x00,
    0x00, 0x00, 0x00, 0xC1, 0xFF, 0x7B, 0x78, 0x77, 0x77, 0x27, 0xF4, 0xFF,
    0xFF, 0xFF, 0xFF, 0xFF, 0x4F, 0xE4, 0xEE, 0xEE, 0xEE, 0xEE, 0xEE, 0x4E,
    0x10, 0x11, 0x11, 0x11, 0x11, 0x11, 0x01, 0x10, 0x11, 0x11, 0x11, 0x11,
    0x10, 0xED, 0xEE, 0xEE, 0xEE, 0x4E, 0xF1, 0xFF, 0xFF, 0xFF, 0xFF, 0x04,
    0x44, 0x44, 0x44, 0x44, 0x14, 0x10, 0x11, 0x11, 0x11, 0x11, 0x10, 0xED,
    0xEE, 0xEE, 0xEE, 0x4E, 0xF1, 0xFF, 0xFF, 0xFF, 0xFF, 0x04, 0x44, 0x44,
    0x44, 0x44, 0x14, 0x10, 0x11, 0x11, 0x11, 0x11, 0x11, 0x11, 0x11, 0xD1,
    0xEE, 0xEE, 0xEE, 0xEE, 0xEE, 0xEE, 0x7E, 0xF1, 0xFF, 0xFF, 0xFF, 0xFF,
    0xFF, 0xFF, 0x8F, 0x40, 0x44, 0x44, 0x44, 0x44, 0x44, 0x44, 0x24, 0x10,
    0x11, 0x11, 0x11, 0x11, 0x11, 0x11, 0x11, 0x11, 0x11, 0x11, 0x11, 0x11,
    0x11, 0x11, 0x10, 0xED, 0xEE, 0xEE, 0xEE, 0xEE, 0xEE, 0xEE, 0xEE, 0xEE,
    0xEE, 0xEE, 0xEE, 0xEE, 0xEE, 0x1D, 0xF1, 0xFF, 0xFF, 0xFF, 0xFF, 0xFF,
    0xFF, 0xFF, 0xFF, 0xFF, 0xFF, 0xFF, 0xFF, 0xFF, 0xFF, 0x01, 0x44, 0x44,
    0x44, 0x44, 0x44, 0x44, 0x44, 0x44, 0x44, 0x44, 0x44, 0x44, 0x44, 0x44,
    0x04, 0x10, 0x11, 0x11, 0x11, 0x11, 0x10, 0xED, 0xEE, 0xEE, 0xEE, 0x4E,
    0xF1, 0xFF, 0xFF, 0xFF, 0xFF, 0x04, 0x44, 0x44, 0x44, 0x44, 0x14, 0x00,
    0x10, 0x00, 0x90, 0x5E, 0x10, 0xFE, 0x03, 0xF3, 0x1E, 0x70, 0xCF, 0x00,
    0xFB, 0x0B, 0xE1, 0x9F, 0x50, 0xFF, 0x06, 0xE8, 0x4E, 0x10, 0x11, 0x00,
    0x00, 0x11, 0x01, 0xE8, 0x4E, 0xB0, 0xEF, 0x01, 0xFC, 0x0B, 0xE1, 0x7F,
    0x30, 0xFF, 0x03, 0xF5, 0x0D, 0x70, 0x9F, 0x00, 0xE9, 0x05, 0x10, 0x01,
    0x00, 0x00, 0x11, 0x01, 0xE2, 0xAE, 0x40, 0xFF, 0x07, 0xF7, 0x3F, 0x90,
    0xDF, 0x00, 0xFB, 0x09, 0xD0, 0x5F, 0x20, 0xFF, 0x02, 0xE3, 0x0B, 0x00,
    0x01, 0x00, 0x10, 0x11, 0xD1, 0xAE, 0xE1, 0xAF, 0xD1, 0x9F, 0xD0, 0x9F,
    0xC0, 0x8F, 0xC0, 0x7F, 0xB0, 0x7F, 0xA0, 0x6E, 0x10, 0x01, 0x00, 0x10,
    0x00, 0x00, 0x11, 0x00, 0xE9, 0x05, 0x60, 0x8E, 0x10, 0xFE, 0x03, 0xB0,
    0x6F, 0x30, 0xEF, 0x01, 0xE1, 0x4F, 0x70, 0xCF, 0x00, 0xF4, 0x2F, 0xB0,
    0xBF, 0x00, 0xF8, 0x1D, 0xE1, 0x9F, 0x00, 0xFC, 0x0B, 0xF5, 0x6F, 0x30,
    0xFF, 0x09, 0xE8, 0x4E, 0x60, 0xEE, 0x07, 0x11, 0x01, 0x10, 0x11, 0x00,
    0x00, 0x11, 0x01, 0x10, 0x11, 0x80, 0xEE, 0x04, 0xE5, 0x7E, 0xB0, 0xEF,
    0x01, 0xF8, 0x4F, 0xC0, 0xBF, 0x00, 0xFA, 0x1D, 0xE1, 0x7F, 0x00, 0xFC,
    0x0A, 0xF3, 0x3F, 0x10, 0xFE, 0x06, 0xF5, 0x0D, 0x20, 0xFF, 0x02, 0xF7,
    0x09, 0x40, 0xCF, 0x00, 0xE9, 0x05, 0x60, 0x8E, 0x00, 0x11, 0x00, 0x10,
    0x01, 0x00, 0x00, 0x11, 0x01, 0x10, 0x11, 0x00, 0xE2, 0xAE, 0x10, 0xEC,
    0x1C, 0x40, 0xFF, 0x07, 0xF2, 0xAF, 0x00, 0xF7, 0x3F, 0x40, 0xFF, 0x06,
    0x90, 0xDF, 0x00, 0xF6, 0x2F, 0x00, 0xFB, 0x09, 0x80, 0xCF, 0x00, 0xD0,
    0x5F, 0x00, 0xFA, 0x08, 0x20, 0xFF, 0x02, 0xD0, 0x4F, 0x00, 0xE3, 0x0B,
    0x10, 0xDD, 0x01, 0x00, 0x01, 0x00, 0x10, 0x01, 0x00, 0x10, 0x11, 0x00,
    0x11, 0x11, 0xED, 0x0A, 0xE3, 0x7E, 0xE1, 0xAF, 0x30, 0xFF, 0x17, 0xFD,
    0x09, 0xE2, 0x7F, 0xD0, 0x9F, 0x20, 0xFE, 0x06, 0xFC, 0x08, 0xE2, 0x5F,
    0xC0, 0x7F, 0x10, 0xFE, 0x05, 0xFB, 0x07, 0xE1, 0x4F, 0xA0, 0x6E, 0x10,
    0xEC, 0x03, 0x11, 0x00, 0x10, 0x01, 0x00, 0x71, 0xBB, 0x17, 0x00, 0x30,
    0xFD, 0xFF, 0xDF, 0x03, 0xD1, 0xFF, 0xFF, 0xFF, 0x1D, 0xF5, 0xFF, 0xFF,
    0xFF, 0x5F, 0xF7, 0xFF, 0xFF, 0xFF, 0x7F, 0xF7, 0xFF, 0xFF, 0xFF, 0x7F,
    0xF2, 0xFF, 0xFF, 0xFF, 0x2F, 0x80, 0xFF, 0xFF, 0xFF, 0x08, 0x00, 0xE7,
    0xFF, 0x7E, 0x00, 0x00, 0x10, 0x33, 0x01, 0x00, 0x60, 0x17, 0x00, 0x00,
    0x20, 0x47, 0x00, 0x00, 0x00, 0x76, 0x01, 0xF7, 0xBF, 0x00, 0x00, 0xE2,
    0xFF, 0x04, 0x00, 0x70, 0xFF, 0x0B, 0xFB, 0xEF, 0x01, 0x00, 0xF4, 0xFE,
    0x08, 0x00, 0xB0, 0xFF, 0x1E, 0xF5, 0x8F, 0x00, 0x00, 0xB1, 0xDF, 0x02,
    0x00, 0x50, 0xFF, 0x08, 0x20, 0x03, 0x00, 0x00, 0x00, 0x14, 0x00, 0x00,
    0x00, 0x32, 0x00, 0x10, 0x11, 0xD1, 0xAE, 0xE1, 0xAF, 0xD1, 0x9F, 0xD0,
    0x9F, 0xC0, 0x8F, 0xC0, 0x7F, 0xB0, 0x7F, 0xA0, 0x6E, 0x10, 0x01, 0x10,
    0x11, 0x00, 0x11, 0x11, 0xED, 0x0A, 0xE3, 0x7E, 0xE1, 0xAF, 0x30, 0xFF,
    0x17, 0xFD, 0x09, 0xE2, 0x7F, 0xD0, 0x9F, 0x20, 0xFE, 0x06, 0xFC, 0x08,
    0xE2, 0x5F, 0xC0, 0x7F, 0x10, 0xFE, 0x05, 0xFB, 0x07, 0xE1, 0x4F, 0xA0,
    0x6E, 0x10, 0xEC, 0x03, 0x11, 0x00, 0x10, 0x01, 0x00, 0x00, 0x00, 0x00,
    0x11, 0x00, 0x00, 0x00, 0x90, 0x9E, 0x00, 0x00, 0x00, 0xE1, 0x6F, 0x00,
    0x00, 0x00, 0xF4, 0x2F, 0x00, 0x00, 0x00, 0xF7, 0x0C, 0x00, 0x00, 0x00,
    0xFB, 0x09, 0x00, 0x00, 0x10, 0xFE, 0x05, 0x00, 0x00, 0x50, 0xEF, 0x02,
    0x00, 0x00, 0x80, 0xBF, 0x00, 0x00, 0x00, 0xC0, 0x8F, 0x00, 0x00, 0x00,
    0xF2, 0x4F, 0x00, 0x00, 0x00, 0xF6, 0x1E, 0x00, 0x00, 0x00, 0xF9, 0x0A,
    0x00, 0x00, 0x00, 0xFD, 0x06, 0x00, 0x00, 0x30, 0xFF, 0x03, 0x00, 0x00,
    0x70, 0xDF, 0x00, 0x00, 0x00, 0xA0, 0x9F, 0x00, 0x00, 0x00, 0xE1, 0x5F,
    0x00, 0x00, 0x00, 0xF4, 0x2E, 0x00, 0x00, 0x00, 0xF8, 0x0C, 0x00, 0x00,
    0x00, 0xFC, 0x08, 0x00, 0x00, 0x20, 0xFE, 0x04, 0x00, 0x00, 0x50, 0xEF,
    0x01, 0x00, 0x00, 0x90, 0xBF, 0x00, 0x00, 0x00, 0xC0, 0x7F, 0x00, 0x00,
    0x00, 0xF3, 0x3F, 0x00, 0x00, 0x00, 0x41, 0x04, 0x00, 0x00, 0x00, 0x00,
    0x00, 0x00, 0x00, 0x00, 0x42, 0x24, 0x00, 0x00, 0x00, 0x00, 0x00, 0x10,
    0xD8, 0xFF, 0xEF, 0x7C, 0x01, 0x00, 0x00, 0x00, 0xD4, 0xFF, 0xFF, 0xFF,
    0xFF, 0x3C, 0x00, 0x00, 0x30, 0xFF, 0xCF, 0x47, 0x74, 0xFC, 0x4F, 0x00,
    0x00, 0xD1, 0xFF, 0x07, 0x00, 0x00, 0x70, 0x0B, 0x00, 0x00, 0xF8, 0x7F,
    0x00, 0x00, 0x00, 0x00, 0x00, 0x00, 0x10, 0xFD, 0x0D, 0x00, 0x00, 0x00,
    0x00, 0x00, 0x00, 0x40, 0xFF, 0x05, 0x00, 0x00, 0x00, 0x00, 0x00, 0x50,
    0xB7, 0xFF, 0x79, 0x77, 0x77, 0x77, 0x07, 0x00, 0xF1, 0xFF, 0xFF, 0xFF,
    0xFF, 0xFF, 0xFF, 0x0A, 0x00, 0x82, 0xD7, 0xEF, 0x88, 0x88, 0x77, 0x77,
    0x01, 0x00, 0x00, 0xA0, 0xCF, 0x00, 0x00, 0x00, 0x00, 0x00, 0x00, 0x50,
    0xD8, 0xEF, 0x88, 0x88, 0x77, 0x18, 0x00, 0x00, 0xF1, 0xFF, 0xFF, 0xFF,
    0xFF, 0xFF, 0x0D, 0x00, 0x00, 0x82, 0xB7, 0xFF, 0x79, 0x77, 0x77, 0x03,
    0x00, 0x00, 0x00, 0x40, 0xFF, 0x05, 0x00, 0x00, 0x00, 0x00, 0x00, 0x00,
    0x10, 0xFD, 0x0D, 0x00, 0x00, 0x00, 0x00, 0x00, 0x00, 0x00, 0xF8, 0x7F,
    0x00, 0x00, 0x00, 0x00, 0x00, 0x00, 0x00, 0xD1, 0xFF, 0x07, 0x00, 0x00,
    0x70, 0x09, 0x00, 0x00, 0x40, 0xFF, 0xBF, 0x47, 0x74, 0xFC, 0x3F, 0x00,
    0x00, 0x00, 0xD4, 0xFF, 0xFF, 0xFF, 0xFF, 0x3D, 0x00, 0x00, 0x00, 0x10,
    0xD8, 0xFF, 0xEF, 0x7C, 0x01, 0x00, 0x00, 0x00, 0x00, 0x00, 0x42, 0x24,
    0x00, 0x00, 0x00, 0x00, 0x00, 0x00, 0x10, 0x01, 0x00, 0x00, 0x00, 0x00,
    0x00, 0x00, 0x00, 0x00, 0x00, 0x00, 0xCB, 0x02, 0x00, 0x00, 0x00, 0x00,
    0x00, 0x00, 0x00, 0x00, 0x00, 0xFB, 0x6F, 0x00, 0x00, 0x00, 0x00, 0x00,
    0x00, 0x00, 0x00, 0x10, 0xFB, 0x7F, 0x00, 0x00, 0x00, 0x00, 0x00, 0x00,
    0x00, 0x00, 0x10, 0xFB, 0x7F, 0x00, 0x00, 0x00, 0x00, 0x00, 0x00, 0x00,
    0x00, 0x10, 0xFB, 0x7F, 0x00, 0x00, 0x00, 0x00, 0x00, 0x00, 0x00, 0x00,
    0x10, 0xFB, 0x6F, 0x00, 0x00, 0x00, 0x00, 0x00, 0x00, 0x00, 0x00, 0x10,
    0xFB, 0x4D, 0x00, 0x00, 0x00, 0x00, 0x00, 0x00, 0x00, 0x00, 0x10, 0xFB,
    0x4C, 0x43, 0x44, 0x44, 0x44, 0x44, 0x44, 0x44, 0x44, 0x10, 0xFC, 0xEF,
    0xFF, 0xFF, 0xFF, 0xFF, 0xFF, 0xFF, 0xFF, 0xFF, 0x1F, 0x90, 0xFF, 0xBD,
    0xEE, 0xEE, 0xEE, 0xEE, 0xEE, 0xEE, 0xEE, 0xDE, 0x01, 0x80, 0xDF, 0x05,
    0x11, 0x11, 0x11, 0x11, 0x11, 0x11, 0x11, 0x01, 0x00, 0x80, 0xFF, 0x08,
    0x00, 0x00, 0x00, 0x00, 0x00, 0x00, 0x00, 0x00, 0x00, 0x80, 0xFF, 0x0A,
    0x00, 0x00, 0x00, 0x00, 0x00, 0x00, 0x00, 0x00, 0x00, 0x80, 0xFF, 0x0A,
    0x00, 0x00, 0x00, 0x00, 0x00, 0x00, 0x00, 0x00, 0x00, 0x80, 0xFF, 0x0B,
    0x00, 0x00, 0x00, 0x00, 0x00, 0x00, 0x00, 0x00, 0x00, 0x80, 0xFF, 0x1B,
    0x00, 0x00, 0x00, 0x00, 0x00, 0x00, 0x00, 0x00, 0x00, 0x80, 0xFF, 0x06,
    0x00, 0x00, 0x00, 0x00, 0x00, 0x00, 0x00, 0x00, 0x00, 0x80, 0x09, 0x00,
    0x00, 0x00, 0x00, 0x00, 0x00, 0x00, 0x00, 0x00, 0x00, 0x10, 0x02, 0x00,
    0x00, 0x00, 0x00, 0x00, 0x00, 0x00, 0x00, 0xC1, 0x2E, 0x00, 0x00, 0x00,
    0x00, 0x00, 0x00, 0x00, 0x10, 0xFB, 0xDF, 0x02, 0x00, 0x00, 0x00, 0x00,
    0x00, 0x00, 0xB1, 0xFF, 0xFF, 0x2D, 0x00, 0x00, 0x00, 0x00, 0x00, 0x10,
    0xFB, 0xDC, 0xBE, 0xDF, 0x02, 0x00, 0x00, 0x00, 0x00, 0xB1, 0xEF, 0xD3,
    0x3F, 0xFC, 0x2D, 0x00, 0x00, 0x00, 0x10, 0xFC, 0x4F, 0xE1, 0x3F, 0xE2,
    0xDF, 0x02, 0x00, 0x00, 0xC1, 0xFF, 0x06, 0xE2, 0x4F, 0x40, 0xFE, 0x2D,
    0x00, 0x10, 0xFC, 0x7F, 0x00, 0xE2, 0x4F, 0x00, 0xF4, 0xDF, 0x02, 0xC1,
    0xFF, 0x07, 0x00, 0xE2, 0x4F, 0x00, 0x40, 0xFF, 0x2E, 0x70, 0x7F, 0x00,
    0x00, 0xE2, 0x4F, 0x00, 0x00, 0xF4, 0x19, 0x00, 0x03, 0x00, 0x00, 0xE2,
    0x4F, 0x00, 0x00, 0x30, 0x00, 0x00, 0x00, 0x00, 0x00, 0xE2, 0x4F, 0x00,
    0x00, 0x00, 0x00, 0x00, 0x00, 0x00, 0x00, 0xE2, 0x4F, 0x00, 0x00, 0x00,
    0x00, 0x00, 0x00, 0x00, 0x00, 0xE2, 0x4F, 0x00, 0x00, 0x00, 0x00, 0x00,
    0x00, 0x00, 0x00, 0xE2, 0x4F, 0x00, 0x00, 0x00, 0x00, 0x00, 0x00, 0x00,
    0x00, 0xE2, 0x4F, 0x00, 0x00, 0x00, 0x00, 0x00, 0x00, 0x00, 0x00, 0xE2,
    0x4F, 0x00, 0x00, 0x00, 0x00, 0x00, 0x00, 0x00, 0x00, 0xE2, 0x4F, 0x00,
    0x00, 0x00, 0x00, 0x00, 0x00, 0x00, 0x00, 0xE2, 0x4F, 0x00, 0x00, 0x00,
    0x00, 0x00, 0x00, 0x00, 0x00, 0xF2, 0x4F, 0x00, 0x00, 0x00, 0x00, 0x00,
    0x00, 0x00, 0x00, 0xD2, 0x4E, 0x00, 0x00, 0x00, 0x00, 0x00, 0x00, 0x00,
    0x00, 0x10, 0x01, 0x00, 0x00, 0x00, 0x00, 0x00, 0x00, 0x00, 0x00, 0x00,
    0x00, 0x02, 0x00, 0x00, 0x00, 0x00, 0x00, 0x00, 0x00, 0x00, 0x00, 0x40,
    0x8E, 0x00, 0x00, 0x00, 0x00, 0x00, 0x00, 0x00, 0x00, 0x00, 0xA0, 0xFF,
    0x08, 0x00, 0x00, 0x00, 0x00, 0x00, 0x00, 0x00, 0x00, 0x10, 0xFA, 0x8F,
    0x00, 0x00, 0x00, 0x00, 0x00, 0x00, 0x00, 0x00, 0x00, 0xA0, 0xFF, 0x08,
    0x00, 0x00, 0x00, 0x00, 0x00, 0x00, 0x00, 0x00, 0x00, 0xFA, 0x8F, 0x00,
    0x00, 0x00, 0x00, 0x00, 0x00, 0x00, 0x00, 0x00, 0x90, 0xFF, 0x08, 0x00,
    0x00, 0x00, 0x00, 0x00, 0x00, 0x00, 0x00, 0x00, 0xF6, 0x8F, 0x00, 0x41,
    0x44, 0x44, 0x44, 0x44, 0x44, 0x44, 0x44, 0x63, 0xFE, 0x08, 0xF4, 0xFF,
    0xFF, 0xFF, 0xFF, 0xFF, 0xFF, 0xFF, 0xFF, 0xFE, 0x8F, 0xE4, 0xEE, 0xEE,
    0xEE, 0xEE, 0xEE, 0xEE, 0xEE, 0xBD, 0xFE, 0x6F, 0x10, 0x11, 0x11, 0x11,
    0x11, 0x11, 0x11, 0x11, 0x81, 0xFE, 0x05, 0x00, 0x00, 0x00, 0x00, 0x00,
    0x00, 0x00, 0x10, 0xFA, 0x5F, 0x00, 0x00, 0x00, 0x00, 0x00, 0x00, 0x00,
    0x00, 0xC2, 0xFF, 0x05, 0x00, 0x00, 0x00, 0x00, 0x00, 0x00, 0x00, 0x20,
    0xFD, 0x5F, 0x00, 0x00, 0x00, 0x00, 0x00, 0x00, 0x00, 0x00, 0xD2, 0xFF,
    0x05, 0x00, 0x00, 0x00, 0x00, 0x00, 0x00, 0x00, 0x30, 0xFD, 0x5F, 0x00,
    0x00, 0x00, 0x00, 0x00, 0x00, 0x00, 0x00, 0xA0, 0xEF, 0x05, 0x00, 0x00,
    0x00, 0x00, 0x00, 0x00, 0x00, 0x00, 0x10, 0x5B, 0x00, 0x00, 0x00, 0x00,
    0x00, 0x00, 0x00, 0x00, 0x22, 0x01, 0x00, 0x00, 0x00, 0x00, 0x00, 0x00,
    0x00, 0xE2, 0x4F, 0x00, 0x00, 0x00, 0x00, 0x00, 0x00, 0x00, 0x20, 0xFF,
    0x04, 0x00, 0x00, 0x00, 0x00, 0x00, 0x00, 0x00, 0xE2, 0x4F, 0x00, 0x00,
    0x00, 0x00, 0x00, 0x00, 0x00, 0x20, 0xFE, 0x04, 0x00, 0x00, 0x00, 0x00,
    0x00, 0x00, 0x00, 0xE2, 0x4F, 0x00, 0x00, 0x00, 0x00, 0x00, 0x00, 0x00,
    0x20, 0xFE, 0x04, 0x00, 0x00, 0x00, 0x00, 0x00, 0x00, 0x00, 0xE2, 0x4F,
    0x00, 0x00, 0x00, 0x00, 0x00, 0x00, 0x00, 0x20, 0xFE, 0x04, 0x00, 0x00,
    0x00, 0x00, 0x00, 0x00, 0x00, 0xE2, 0x4F, 0x00, 0x00, 0x00, 0x00, 0x00,
    0x00, 0x00, 0x20, 0xFE, 0x04, 0x00, 0x00, 0x00, 0x00, 0x04, 0x00, 0x00,
    0xE2, 0x4F, 0x00, 0x00, 0x40, 0x01, 0xF8, 0x08, 0x00, 0x20, 0xFE, 0x04,
    0x00, 0x50, 0xBF, 0xB1, 0xFF, 0x08, 0x00, 0xE2, 0x4F, 0x00, 0x60, 0xFF,
    0x1D, 0xA0, 0xFF, 0x08, 0x20, 0xFE, 0x04, 0x50, 0xFF, 0x1C, 0x00, 0xA0,
    0xFF, 0x07, 0xE2, 0x4F, 0x50, 0xFF, 0x1C, 0x00, 0x00, 0xA0, 0xFF, 0x05,
    0xFE, 0x23, 0xFE, 0x1C, 0x00, 0x00, 0x00, 0xA0, 0xEF, 0xD3, 0x3F, 0xFD,
    0x1C, 0x00, 0x00, 0x00, 0x00, 0xA0, 0xDF, 0xED, 0xFC, 0x1C, 0x00, 0x00,
    0x00, 0x00, 0x00, 0xA0, 0xFF, 0xFF, 0x1C, 0x00, 0x00, 0x00, 0x00, 0x00,
    0x00, 0xA0, 0xFF, 0x1C, 0x00, 0x00, 0x00, 0x00, 0x00, 0x00, 0x00, 0xB0,
    0x1D, 0x00, 0x00, 0x00, 0x00, 0x00, 0x00, 0x00, 0x00, 0x11, 0x00, 0x00,
    0x00, 0x00, 0x00, 0x10, 0x11, 0x11, 0x11, 0x11, 0x10, 0xED, 0xEE, 0xEE,
    0xEE, 0x4E, 0xF1, 0xFF, 0xFF, 0xFF, 0xFF, 0x04, 0x44, 0x44, 0x44, 0x44,
    0x14,
};

/* The glyphs, by ascending codepoint - which is what lets the lookup bisect. */
static const struct inkcell_font_ui_glyph k_glyphs[] = {
    {0x0020,      0,  0,  0,  0,  0,  8},
    {0x0021,      0,  4,  7,  5, 23,  8},
    {0x0022,     58,  4,  7,  9, 10, 14},
    {0x0023,    103,  2,  7, 18, 23, 18},
    {0x0024,    310,  3,  4, 17, 29, 19},
    {0x0025,    557,  5,  7, 23, 23, 28},
    {0x0026,    822,  3,  7, 18, 23, 19},
    {0x0027,   1029,  4,  7,  4, 10,  9},
    {0x0028,   1049,  4,  6,  7, 28, 11},
    {0x0029,   1147,  3,  6,  7, 28, 11},
    {0x002A,   1245,  3,  7, 12, 13, 15},
    {0x002B,   1323,  4, 13, 15, 15, 19},
    {0x002C,   1436,  3, 25,  5, 10,  8},
    {0x002D,   1461,  3, 18, 11,  4, 13},
    {0x002E,   1483,  4, 25,  5,  5,  8},
    {0x002F,   1496,  2,  6, 10, 27, 10},
    {0x0030,   1631,  3,  7, 16, 23, 18},
    {0x0031,   1815,  3,  7,  9, 23, 12},
    {0x0032,   1919,  4,  7, 14, 23, 18},
    {0x0033,   2080,  3,  7, 16, 23, 18},
    {0x0034,   2264,  3,  7, 17, 23, 19},
    {0x0035,   2460,  3,  7, 15, 23, 17},
    {0x0036,   2633,  3,  7, 16, 23, 18},
    {0x0037,   2817,  3,  7, 15, 23, 16},
    {0x0038,   2990,  3,  7, 16, 23, 18},
    {0x0039,   3174,  3,  7, 16, 23, 18},
    {0x003A,   3358,  4, 13,  5, 17,  8},
    {0x003B,   3401,  3, 13,  6, 22,  9},
    {0x003C,   3467,  4, 13, 14, 16, 19},
    {0x003D,   3579,  5, 16, 14, 10, 19},
    {0x003E,   3649,  5, 13, 14, 16, 19},
    {0x003F,   3761,  3,  7, 13, 23, 15},
    {0x0040,   3911,  3,  8, 26, 27, 28},
    {0x0041,   4262,  2,  7, 20, 22, 20},
    {0x0042,   4482,  4,  7, 16, 23, 19},
    {0x0043,   4666,  3,  7, 19, 23, 21},
    {0x0044,   4885,  4,  7, 18, 23, 21},
    {0x0045,   5092,  4,  7, 14, 23, 17},
    {0x0046,   5253,  4,  7, 14, 23, 17},
    {0x0047,   5414,  3,  7, 19, 23, 22},
    {0x0048,   5633,  4,  7, 17, 23, 22},
    {0x0049,   5829,  4,  7,  4, 23,  8},
    {0x004A,   5875,  3,  7, 14, 23, 17},
    {0x004B,   6036,  4,  7, 17, 23, 19},
    {0x004C,   6232,  4,  7, 14, 23, 16},
    {0x004D,   6393,  4,  7, 22, 23, 26},
    {0x004E,   6646,  4,  7, 18, 23, 22},
    {0x004F,   6853,  3,  7, 20, 23, 22},
    {0x0050,   7083,  4,  7, 15, 23, 19},
    {0x0051,   7256,  3,  7, 20, 25, 22},
    {0x0052,   7506,  4,  7, 16, 22, 19},
    {0x0053,   7682,  3,  7, 17, 23, 19},
    {0x0054,   7878,  3,  7, 17, 22, 19},
    {0x0055,   8065,  4,  7, 18, 23, 22},
    {0x0056,   8272,  2,  7, 20, 23, 20},
    {0x0057,   8502,  2,  7, 28, 23, 29},
    {0x0058,   8824,  2,  7, 19, 23, 20},
    {0x0059,   9043,  2,  7, 19, 23, 20},
    {0x005A,   9262,  3,  7, 16, 23, 18},
    {0x005B,   9446,  5,  6,  6, 28, 11},
    {0x005C,   9530,  2,  6, 10, 27, 10},
    {0x005D,   9665,  3,  6,  7, 28, 11},
    {0x005E,   9763,  3,  8, 12, 10, 14},
    {0x005F,   9823,  1, 28, 15,  4, 13},
    {0x0060,   9853,  4,  6,  5,  6,  9},
    {0x0061,   9868,  3, 12, 14, 18, 16},
    {0x0062,   9994,  4,  7, 15, 23, 18},
    {0x0063,  10167,  3, 12, 15, 18, 17},
    {0x0064,  10302,  3,  7, 15, 23, 18},
    {0x0065,  10475,  3, 12, 15, 18, 17},
    {0x0066,  10610,  2,  6, 11, 23, 11},
    {0x0067,  10737,  3, 12, 15, 24, 18},
    {0x0068,  10917,  4,  7, 14, 23, 17},
    {0x0069,  11078,  3,  7,  5, 23,  7},
    {0x006A,  11136,  1,  7,  7, 29,  7},
    {0x006B,  11238,  4,  7, 14, 23, 16},
    {0x006C,  11399,  4,  7,  3, 23,  7},
    {0x006D,  11434,  4, 12, 22, 18, 25},
    {0x006E,  11632,  4, 12, 14, 18, 17},
    {0x006F,  11758,  3, 12, 16, 18, 17},
    {0x0070,  11902,  4, 12, 15, 24, 18},
    {0x0071,  12082,  3, 12, 15, 24, 18},
    {0x0072,  12262,  4, 12,  9, 18, 11},
    {0x0073,  12343,  3, 12, 13, 18, 15},
    {0x0074,  12460,  2,  9,  9, 21,  9},
    {0x0075,  12555,  4, 13, 14, 17, 17},
    {0x0076,  12674,  2, 13, 16, 17, 16},
    {0x0077,  12810,  3, 13, 22, 17, 24},
    {0x0078,  12997,  3, 13, 14, 17, 16},
    {0x0079,  13116,  2, 13, 16, 23, 16},
    {0x007A,  13300,  3, 13, 14, 17, 16},
    {0x007B,  13419,  3,  6, 10, 28, 12},
    {0x007C,  13559,  5,  1,  4, 35, 10},
    {0x007D,  13629,  3,  6, 10, 28, 12},
    {0x007E,  13769,  4, 17, 15,  7, 19},
    {0x00A0,  13822,  0,  0,  0,  0,  8},
    {0x00A1,  13822,  4, 12,  5, 23,  8},
    {0x00A2,  13880,  3,  7, 15, 23, 17},
    {0x00A3,  14053,  3,  7, 16, 23, 18},
    {0x00A5,  14237,  2,  7, 16, 23, 16},
    {0x00A6,  14421,  4,  7,  4, 27,  8},
    {0x00A7,  14475,  3,  7, 14, 27, 16},
    {0x00AB,  14664,  3, 13, 15, 15, 17},
    {0x00AC,  14777,  5, 18, 13,  7, 19},
    {0x00AD,  14823,  3, 18, 11,  4, 13},
    {0x00B0,  14845,  3,  7, 11, 11, 13},
    {0x00B1,  14906,  4, 13, 15, 16, 19},
    {0x00B5,  15026,  4, 13, 15, 23, 17},
    {0x00B7,  15199,  4, 17,  5,  5,  8},
    {0x00BB,  15212,  3, 13, 15, 15, 17},
    {0x00BF,  15325,  3, 12, 13, 23, 15},
    {0x00C0,  15475,  2,  1, 20, 28, 20},
    {0x00C1,  15755,  2,  1, 20, 28, 20},
    {0x00C2,  16035,  2,  1, 20, 28, 20},
    {0x00C3,  16315,  2,  2, 20, 27, 20},
    {0x00C4,  16585,  2,  1, 20, 28, 20},
    {0x00C5,  16865,  2,  0, 20, 29, 20},
    {0x00C6,  17155,  2,  7, 27, 23, 29},
    {0x00C7,  17466,  3,  7, 19, 29, 21},
    {0x00C8,  17742,  4,  1, 14, 29, 17},
    {0x00C9,  17945,  4,  1, 14, 29, 17},
    {0x00CA,  18148,  4,  1, 14, 29, 17},
    {0x00CB,  18351,  4,  1, 14, 29, 17},
    {0x00CC,  18554,  2,  1,  6, 29,  8},
    {0x00CD,  18641,  4,  1,  6, 29,  8},
    {0x00CE,  18728,  1,  1, 10, 29,  8},
    {0x00CF,  18873,  1,  1, 10, 29,  8},
    {0x00D0,  19018,  2,  7, 20, 23, 21},
    {0x00D1,  19248,  4,  2, 18, 28, 22},
    {0x00D2,  19500,  3,  1, 20, 29, 22},
    {0x00D3,  19790,  3,  1, 20, 29, 22},
    {0x00D4,  20080,  3,  1, 20, 29, 22},
    {0x00D5,  20370,  3,  2, 20, 28, 22},
    {0x00D6,  20650,  3,  1, 20, 29, 22},
    {0x00D7,  20940,  5, 14, 14, 14, 19},
    {0x00D8,  21038,  3,  7, 20, 23, 22},
    {0x00D9,  21268,  4,  1, 18, 29, 22},
    {0x00DA,  21529,  4,  1, 18, 29, 22},
    {0x00DB,  21790,  4,  1, 18, 29, 22},
    {0x00DC,  22051,  4,  1, 18, 29, 22},
    {0x00DD,  22312,  2,  1, 19, 29, 20},
    {0x00DE,  22588,  4,  7, 15, 23, 18},
    {0x00DF,  22761,  4,  7, 15, 23, 18},
    {0x00E0,  22934,  3,  6, 14, 24, 16},
    {0x00E1,  23102,  3,  6, 14, 24, 16},
    {0x00E2,  23270,  3,  6, 14, 24, 16},
    {0x00E3,  23438,  3,  7, 14, 23, 16},
    {0x00E4,  23599,  3,  7, 14, 23, 16},
    {0x00E5,  23760,  3,  4, 14, 26, 16},
    {0x00E6,  23942,  3, 12, 25, 18, 27},
    {0x00E7,  24167,  3, 12, 15, 24, 17},
    {0x00E8,  24347,  3,  6, 15, 24, 17},
    {0x00E9,  24527,  3,  6, 15, 24, 17},
    {0x00EA,  24707,  3,  6, 15, 24, 17},
    {0x00EB,  24887,  3,  7, 15, 23, 17},
    {0x00EC,  25060,  1,  6,  6, 24,  7},
    {0x00ED,  25132,  4,  6,  6, 24,  7},
    {0x00EE,  25204,  1,  6,  9, 24,  7},
    {0x00EF,  25312,  0,  7, 11, 23,  7},
    {0x00F0,  25439,  3,  6, 15, 24, 17},
    {0x00F1,  25619,  4,  7, 14, 23, 17},
    {0x00F2,  25780,  3,  6, 16, 24, 17},
    {0x00F3,  25972,  3,  6, 16, 24, 17},
    {0x00F4,  26164,  3,  6, 16, 24, 17},
    {0x00F5,  26356,  3,  7, 16, 23, 17},
    {0x00F6,  26540,  3,  7, 16, 23, 17},
    {0x00F7,  26724,  4, 13, 15, 16, 19},
    {0x00F8,  26844,  3, 12, 16, 18, 17},
    {0x00F9,  26988,  4,  6, 14, 24, 17},
    {0x00FA,  27156,  4,  6, 14, 24, 17},
    {0x00FB,  27324,  4,  6, 14, 24, 17},
    {0x00FC,  27492,  4,  7, 14, 23, 17},
    {0x00FD,  27653,  2,  6, 16, 30, 16},
    {0x00FE,  27893,  4,  7, 15, 29, 18},
    {0x00FF,  28111,  2,  7, 16, 29, 16},
    {0x0100,  28343,  2,  2, 20, 27, 20},
    {0x0101,  28613,  3,  7, 14, 23, 16},
    {0x0102,  28774,  2,  1, 20, 28, 20},
    {0x0103,  29054,  3,  6, 14, 24, 16},
    {0x0104,  29222,  2,  7, 21, 29, 20},
    {0x0105,  29527,  3, 12, 14, 24, 16},
    {0x0106,  29695,  3,  1, 19, 29, 21},
    {0x0107,  29971,  3,  6, 15, 24, 17},
    {0x0108,  30151,  3,  1, 19, 29, 21},
    {0x0109,  30427,  3,  6, 15, 24, 17},
    {0x010A,  30607,  3,  2, 19, 28, 21},
    {0x010B,  30873,  3,  7, 15, 23, 17},
    {0x010C,  31046,  3,  1, 19, 29, 21},
    {0x010D,  31322,  3,  6, 15, 24, 17},
    {0x010E,  31502,  4,  1, 18, 29, 21},
    {0x010F,  31763,  3,  6, 20, 24, 21},
    {0x0110,  32003,  2,  7, 20, 23, 21},
    {0x0111,  32233,  3,  7, 17, 23, 18},
    {0x0112,  32429,  4,  2, 14, 28, 17},
    {0x0113,  32625,  3,  7, 15, 23, 17},
    {0x0114,  32798,  4,  1, 14, 29, 17},
    {0x0115,  33001,  3,  6, 15, 24, 17},
    {0x0116,  33181,  4,  2, 14, 28, 17},
    {0x0117,  33377,  3,  7, 15, 23, 17},
    {0x0118,  33550,  4,  7, 15, 29, 17},
    {0x0119,  33768,  3, 12, 15, 24, 17},
    {0x011A,  33948,  4,  1, 14, 29, 17},
    {0x011B,  34151,  3,  6, 15, 24, 17},
    {0x011C,  34331,  3,  1, 19, 29, 22},
    {0x011D,  34607,  3,  6, 15, 30, 18},
    {0x011E,  34832,  3,  1, 19, 29, 22},
    {0x011F,  35108,  3,  6, 15, 30, 18},
    {0x0120,  35333,  3,  2, 19, 28, 22},
    {0x0121,  35599,  3,  7, 15, 29, 18},
    {0x0122,  35817,  3,  7, 19, 29, 22},
    {0x0123,  36093,  3,  5, 15, 31, 18},
    {0x0124,  36326,  4,  1, 17, 29, 22},
    {0x0125,  36573,  1,  1, 17, 29, 17},
    {0x0128,  36820,  1,  2,  9, 28,  8},
    {0x0129,  36946,  1,  7,  9, 23,  7},
    {0x012A,  37050,  1,  2,  9, 28,  8},
    {0x012B,  37176,  1,  7,  9, 23,  7},
    {0x012C,  37280,  1,  1,  9, 29,  8},
    {0x012D,  37411,  1,  6,  9, 24,  7},
    {0x012E,  37519,  2,  7,  6, 29,  8},
    {0x012F,  37606,  1,  7,  7, 29,  7},
    {0x0130,  37708,  3,  1,  5, 29,  8},
    {0x0131,  37781,  4, 13,  3, 17,  7},
    {0x0134,  37807,  3,  1, 16, 29, 17},
    {0x0135,  38039,  1,  7,  9, 29,  7},
    {0x0136,  38170,  4,  7, 17, 29, 19},
    {0x0137,  38417,  4,  7, 14, 29, 16},
    {0x0139,  38620,  4,  1, 14, 29, 16},
    {0x013A,  38823,  4,  1,  6, 29,  7},
    {0x013B,  38910,  4,  7, 14, 29, 16},
    {0x013C,  39113,  3,  7,  4, 29,  7},
    {0x013D,  39171,  4,  6, 14, 24, 16},
    {0x013E,  39339,  4,  6,  8, 24, 10},
    {0x0141,  39435,  2,  7, 17, 23, 17},
    {0x0142,  39631,  1,  7,  9, 23,  7},
    {0x0143,  39735,  4,  1, 18, 29, 22},
    {0x0144,  39996,  4,  6, 14, 24, 17},
    {0x0145,  40164,  4,  7, 18, 29, 22},
    {0x0146,  40425,  4, 12, 14, 24, 17},
    {0x0147,  40593,  4,  1, 18, 29, 22},
    {0x0148,  40854,  4,  6, 14, 24, 17},
    {0x014C,  41022,  3,  2, 20, 28, 22},
    {0x014D,  41302,  3,  7, 16, 23, 17},
    {0x014E,  41486,  3,  1, 20, 29, 22},
    {0x014F,  41776,  3,  6, 16, 24, 17},
    {0x0150,  41968,  3,  1, 20, 29, 22},
    {0x0151,  42258,  3,  6, 16, 24, 17},
    {0x0152,  42450,  3,  7, 27, 23, 29},
    {0x0153,  42761,  3, 12, 27, 18, 29},
    {0x0154,  43004,  4,  1, 16, 28, 19},
    {0x0155,  43228,  4,  6,  9, 24, 11},
    {0x0156,  43336,  4,  7, 16, 29, 19},
    {0x0157,  43568,  3, 12, 10, 24, 11},
    {0x0158,  43688,  4,  1, 16, 28, 19},
    {0x0159,  43912,  3,  6, 10, 24, 11},
    {0x015A,  44032,  3,  1, 17, 29, 19},
    {0x015B,  44279,  3,  6, 13, 24, 15},
    {0x015C,  44435,  3,  1, 17, 29, 19},
    {0x015D,  44682,  3,  6, 13, 24, 15},
    {0x015E,  44838,  3,  7, 17, 29, 19},
    {0x015F,  45085,  3, 12, 13, 24, 15},
    {0x0160,  45241,  3,  1, 17, 29, 19},
    {0x0161,  45488,  3,  6, 13, 24, 15},
    {0x0162,  45644,  3,  7, 17, 29, 19},
    {0x0163,  45891,  2,  9, 10, 27,  9},
    {0x0164,  46026,  3,  1, 17, 28, 19},
    {0x0165,  46264,  2,  5, 10, 25, 11},
    {0x0168,  46389,  4,  2, 18, 28, 22},
    {0x0169,  46641,  4,  7, 14, 23, 17},
    {0x016A,  46802,  4,  2, 18, 28, 22},
    {0x016B,  47054,  4,  7, 14, 23, 17},
    {0x016C,  47215,  4,  1, 18, 29, 22},
    {0x016D,  47476,  4,  6, 14, 24, 17},
    {0x016E,  47644,  4,  0, 18, 30, 22},
    {0x016F,  47914,  4,  5, 14, 25, 17},
    {0x0170,  48089,  4,  1, 18, 29, 22},
    {0x0171,  48350,  4,  6, 14, 24, 17},
    {0x0172,  48518,  4,  7, 18, 29, 22},
    {0x0173,  48779,  4, 13, 14, 23, 17},
    {0x0174,  48940,  2,  1, 28, 29, 29},
    {0x0175,  49346,  3,  6, 22, 24, 24},
    {0x0176,  49610,  2,  1, 19, 29, 20},
    {0x0177,  49886,  2,  6, 16, 30, 16},
    {0x0178,  50126,  3,  1, 18, 28, 20},
    {0x0179,  50378,  3,  1, 16, 29, 18},
    {0x017A,  50610,  3,  6, 14, 24, 16},
    {0x017B,  50778,  3,  1, 16, 29, 18},
    {0x017C,  51010,  3,  7, 14, 23, 16},
    {0x017D,  51171,  3,  1, 16, 29, 18},
    {0x017E,  51403,  3,  6, 14, 24, 16},
    {0x2002,  51571,  0,  0,  0,  0,  8},
    {0x2003,  51571,  0,  0,  0,  0,  8},
    {0x2007,  51571,  0,  0,  0,  0,  8},
    {0x2008,  51571,  0,  0,  0,  0,  8},
    {0x2009,  51571,  0,  0,  0,  0,  8},
    {0x200A,  51571,  0,  0,  0,  0,  8},
    {0x2010,  51571,  3, 18, 11,  4, 13},
    {0x2011,  51593,  3, 18, 11,  4, 13},
    {0x2013,  51615,  1, 18, 16,  4, 14},
    {0x2014,  51647,  1, 18, 31,  4, 29},
    {0x2015,  51709,  3, 18, 11,  4, 13},
    {0x2018,  51731,  4,  7,  5, 10,  8},
    {0x2019,  51756,  4,  7,  5, 10,  8},
    {0x201A,  51781,  3, 25,  5, 10,  7},
    {0x201B,  51806,  4,  7,  4, 10,  9},
    {0x201C,  51826,  4,  7, 10, 10, 13},
    {0x201D,  51876,  4,  7, 10, 10, 13},
    {0x201E,  51926,  3, 25, 11, 10, 12},
    {0x201F,  51981,  4,  7,  9, 10, 14},
    {0x2022,  52026,  5, 16, 10, 10, 16},
    {0x2026,  52076,  4, 25, 22,  5, 25},
    {0x202F,  52131,  0,  0,  0,  0,  8},
    {0x2032,  52131,  4,  7,  4, 10,  9},
    {0x2033,  52151,  4,  7,  9, 10, 14},
    {0x2044,  52196,  2,  6, 10, 27, 10},
    {0x205F,  52331,  0,  0,  0,  0,  8},
    {0x20AC,  52331,  2,  7, 18, 23, 19},
    {0x2190,  52538,  4, 10, 23, 19, 28},
    {0x2191,  52757,  4,  7, 20, 23, 24},
    {0x2192,  52987,  5, 10, 22, 19, 28},
    {0x2193,  53196,  5,  7, 19, 23, 24},
    {0x2212,  53415,  3, 18, 11,  4, 13},
    {0x3000,  53437,  0,  0,  0,  0,  8},
};

const struct inkcell_font_ui_table inkcell_font_ui_table = {
    .pixels = k_pixels,
    .glyphs = k_glyphs,
    .count = 323,
    /* Measured off a rasterised 'H': what an icon beside the text is sized to. */
    .cap_rows = 21,
    .master_w = 35,
    /* The pen sits this far into the master: the room an accent on a narrow letter
       needs to the left of the origin its advance is measured from. */
    .master_left = 2,
    /* The advance a layout estimates with: the median lowercase, so a guess is wrong
       in both directions rather than always short. */
    .nominal = 17,
    .proportional = true,
    .name = "Inter Regular",
};
