/*
 * Generated by scripts/gen-font.py from Inter SemiBold - do not edit by hand.
 *
 * The face is licensed under the SIL Open Font License 1.1; the licence text is in
 * licenses/ and covers this derived data too.
 *
 * 323 glyphs on a 36x36 master (32 cell rows under a 4-row overhang) at 16 coverage
 * levels, 57186 bytes of pixels, rasterised at 29 px on a 29-row baseline. The coverage
 * set is whatever src/theme/font5x7.c can draw, so the two fonts render the same
 * names.
 *
 * Proportional: every glyph carries its own advance, and the master is wider than
 * any of them because a glyph is positioned inside it at its own sidebearing.
 */

#include "inkcell/ui/font_ui.h"

/* Every glyph's ink box, one after another: coverage packed two pixels to a byte,
   low nibble first, row by row within the box. */
static const uint8_t k_pixels[] = {
    0x10, 0x11, 0x40, 0xEE, 0x7E, 0xF4, 0xFF, 0x47, 0xFF, 0x7F, 0xF4, 0xFF,
    0x47, 0xFF, 0x7F, 0xF4, 0xFF, 0x47, 0xFF, 0x7F, 0xF4, 0xFF, 0x47, 0xFF,
    0x7F, 0xF4, 0xFF, 0x47, 0xFF, 0x7F, 0xF4, 0xFF, 0x47, 0xEF, 0x7F, 0xF4,
    0xFF, 0x18, 0x44, 0x24, 0x00, 0x00, 0x00, 0x42, 0x01, 0xE3, 0xEF, 0xA3,
    0xEF, 0xAF, 0xFA, 0xFE, 0x3A, 0xFE, 0x3E, 0x10, 0x14, 0x00, 0x10, 0x11,
    0x01, 0x10, 0x11, 0x20, 0xEE, 0x7E, 0x50, 0xEE, 0x3E, 0xE1, 0xFF, 0x07,
    0xF5, 0xFF, 0x13, 0xFE, 0x7F, 0x40, 0xFF, 0x3F, 0xD1, 0xFF, 0x06, 0xF4,
    0xFF, 0x02, 0xFD, 0x5F, 0x30, 0xFF, 0x2E, 0xC0, 0xFF, 0x05, 0xF3, 0xEF,
    0x01, 0xFC, 0x4F, 0x20, 0xFE, 0x1D, 0xC0, 0xFF, 0x04, 0xF2, 0xEF, 0x00,
    0x85, 0x17, 0x10, 0x87, 0x06, 0x00, 0x00, 0x00, 0x22, 0x02, 0x00, 0x20,
    0x22, 0x01, 0x00, 0x00, 0x00, 0xF3, 0xAF, 0x00, 0x00, 0xFB, 0x2E, 0x00,
    0x00, 0x00, 0x50, 0xFF, 0x08, 0x00, 0xD0, 0xDF, 0x00, 0x00, 0x00, 0x00,
    0xF8, 0x5F, 0x00, 0x20, 0xFE, 0x0B, 0x00, 0x00, 0x00, 0xA0, 0xFF, 0x03,
    0x00, 0xF4, 0x9F, 0x00, 0x00, 0x00, 0x00, 0xFC, 0x1E, 0x00, 0x60, 0xFF,
    0x06, 0x00, 0x10, 0xBA, 0xFB, 0xEF, 0xBB, 0xBB, 0xFD, 0xCF, 0xBB, 0x03,
    0xF2, 0xFF, 0xFF, 0xFF, 0xFF, 0xFF, 0xFF, 0xFF, 0x2F, 0x50, 0xFF, 0xFF,
    0xFF, 0xFF, 0xFF, 0xFF, 0xFF, 0xEF, 0x00, 0x42, 0xA4, 0xFF, 0x48, 0x44,
    0xF5, 0xCF, 0x44, 0x03, 0x00, 0x00, 0xF9, 0x3F, 0x00, 0x30, 0xFF, 0x09,
    0x00, 0x00, 0x00, 0xC0, 0xEF, 0x02, 0x01, 0xF6, 0x7F, 0x10, 0x00, 0x00,
    0x00, 0xFE, 0x0C, 0x00, 0x80, 0xFF, 0x03, 0x00, 0x10, 0x77, 0xF8, 0xDF,
    0x77, 0x77, 0xFD, 0x9F, 0x77, 0x01, 0xF5, 0xFF, 0xFF, 0xFF, 0xFF, 0xFF,
    0xFF, 0xFF, 0x1E, 0x80, 0xFF, 0xFF, 0xFF, 0xFF, 0xFF, 0xFF, 0xFF, 0xCF,
    0x00, 0x84, 0xC7, 0xFF, 0x79, 0x78, 0xFA, 0xCF, 0x87, 0x05, 0x00, 0x00,
    0xFB, 0x1E, 0x00, 0x50, 0xFF, 0x07, 0x00, 0x00, 0x00, 0xE1, 0xDF, 0x00,
    0x01, 0xF9, 0x5F, 0x00, 0x00, 0x00, 0x20, 0xFF, 0x0B, 0x00, 0xB0, 0xFF,
    0x03, 0x00, 0x00, 0x00, 0xF5, 0x9F, 0x00, 0x00, 0xFD, 0x1E, 0x00, 0x00,
    0x00, 0x60, 0xEE, 0x06, 0x00, 0xD1, 0xBE, 0x00, 0x00, 0x00, 0x00, 0x11,
    0x01, 0x00, 0x00, 0x11, 0x01, 0x00, 0x00, 0x00, 0x00, 0x00, 0x00, 0x00,
    0x01, 0x00, 0x00, 0x00, 0x00, 0x00, 0x00, 0x00, 0xE4, 0x07, 0x00, 0x00,
    0x00, 0x00, 0x00, 0x00, 0x30, 0x7F, 0x00, 0x00, 0x00, 0x00, 0x00, 0x00,
    0x41, 0xF8, 0x5B, 0x02, 0x00, 0x00, 0x00, 0x20, 0xE9, 0xFF, 0xFF, 0xFF,
    0x3B, 0x00, 0x00, 0x30, 0xFD, 0xFF, 0xFF, 0xFF, 0xFF, 0x6F, 0x00, 0x20,
    0xFE, 0xFF, 0xDF, 0xEF, 0xFE, 0xFF, 0x4F, 0x00, 0xF8, 0xFF, 0x2B, 0xF4,
    0x27, 0xF9, 0xFE, 0x0B, 0xD0, 0xFF, 0x1E, 0x40, 0x7F, 0x00, 0xFC, 0xFF,
    0x12, 0xFE, 0xBF, 0x00, 0xF4, 0x07, 0x40, 0x99, 0x29, 0xD1, 0xFF, 0x1D,
    0x40, 0x7F, 0x00, 0x00, 0x00, 0x00, 0xFB, 0xFF, 0x3C, 0xF3, 0x07, 0x00,
    0x00, 0x00, 0x40, 0xFF, 0xFF, 0xDF, 0x9F, 0x01, 0x00, 0x00, 0x00, 0x50,
    0xFE, 0xFF, 0xFF, 0xEF, 0x5A, 0x00, 0x00, 0x00, 0x30, 0xEA, 0xFF, 0xFF,
    0xFF, 0xCF, 0x03, 0x00, 0x00, 0x00, 0x62, 0xFA, 0xFF, 0xFF, 0xEF, 0x04,
    0x00, 0x00, 0x00, 0x30, 0x9F, 0xE7, 0xFF, 0xDF, 0x01, 0x00, 0x00, 0x00,
    0xF4, 0x07, 0xC1, 0xFF, 0x5F, 0x52, 0x44, 0x01, 0x40, 0x7F, 0x00, 0xF4,
    0xFF, 0x77, 0xFF, 0x4F, 0x00, 0xF4, 0x07, 0x40, 0xFF, 0x7F, 0xF4, 0xFF,
    0x0B, 0x30, 0x7F, 0x00, 0xFB, 0xFF, 0x15, 0xFD, 0xFF, 0x5C, 0xF5, 0x48,
    0xFC, 0xFF, 0x1E, 0x40, 0xFF, 0xFF, 0xFF, 0xFF, 0xFF, 0xFF, 0x5F, 0x00,
    0x50, 0xFE, 0xFF, 0xFF, 0xFF, 0xFF, 0x6E, 0x00, 0x00, 0x20, 0xD8, 0xFE,
    0xFF, 0xDF, 0x29, 0x00, 0x00, 0x00, 0x00, 0x20, 0xF6, 0x29, 0x00, 0x00,
    0x00, 0x00, 0x00, 0x00, 0x30, 0x7F, 0x00, 0x00, 0x00, 0x00, 0x00, 0x00,
    0x00, 0xD3, 0x06, 0x00, 0x00, 0x00, 0x00, 0x10, 0x43, 0x02, 0x00, 0x00,
    0x00, 0x00, 0x00, 0x00, 0x01, 0x00, 0x00, 0x60, 0xFD, 0xFF, 0x2B, 0x00,
    0x00, 0x00, 0x00, 0xC1, 0x9D, 0x00, 0x00, 0x60, 0xFF, 0xEF, 0xFF, 0x1D,
    0x00, 0x00, 0x00, 0xA0, 0xEF, 0x02, 0x00, 0x10, 0xFD, 0x4E, 0x91, 0xFF,
    0x07, 0x00, 0x00, 0x60, 0xFF, 0x06, 0x00, 0x00, 0xF3, 0x9F, 0x00, 0xE1,
    0xAF, 0x00, 0x00, 0x20, 0xFE, 0x0A, 0x00, 0x00, 0x40, 0xFF, 0x07, 0x10,
    0xFE, 0x0B, 0x00, 0x00, 0xFB, 0x1E, 0x00, 0x00, 0x00, 0xF4, 0x8F, 0x00,
    0xE1, 0xBF, 0x00, 0x00, 0xF7, 0x5F, 0x00, 0x00, 0x00, 0x20, 0xFF, 0x0B,
    0x40, 0xFF, 0x09, 0x00, 0xE3, 0x9F, 0x00, 0x00, 0x00, 0x00, 0xB0, 0xFF,
    0x8A, 0xFD, 0x4F, 0x00, 0xC0, 0xDF, 0x01, 0x00, 0x00, 0x00, 0x00, 0xD2,
    0xFF, 0xFF, 0x7F, 0x00, 0x70, 0xFF, 0x04, 0x00, 0x00, 0x00, 0x00, 0x00,
    0x71, 0xBA, 0x49, 0x00, 0x30, 0xFF, 0x08, 0x00, 0x00, 0x00, 0x00, 0x00,
    0x00, 0x00, 0x00, 0x00, 0x10, 0xFC, 0x1D, 0x00, 0x00, 0x00, 0x00, 0x00,
    0x00, 0x00, 0x00, 0x00, 0x00, 0xF8, 0x3F, 0x00, 0x10, 0x75, 0x37, 0x00,
    0x00, 0x00, 0x00, 0x00, 0x00, 0xF4, 0x8F, 0x00, 0x40, 0xFD, 0xFF, 0xAF,
    0x01, 0x00, 0x00, 0x00, 0x00, 0xD1, 0xCF, 0x00, 0x20, 0xFE, 0xBF, 0xFD,
    0x9F, 0x00, 0x00, 0x00, 0x00, 0x90, 0xEF, 0x03, 0x00, 0xF8, 0x6F, 0x10,
    0xFC, 0x1E, 0x00, 0x00, 0x00, 0x50, 0xFF, 0x07, 0x00, 0xB0, 0xEF, 0x01,
    0x80, 0xFF, 0x04, 0x00, 0x00, 0x10, 0xFE, 0x0B, 0x00, 0x00, 0xFB, 0x1E,
    0x00, 0xF7, 0x4F, 0x00, 0x00, 0x00, 0xFA, 0x2E, 0x00, 0x00, 0xB0, 0xEF,
    0x01, 0x80, 0xFF, 0x04, 0x00, 0x00, 0xF6, 0x6F, 0x00, 0x00, 0x00, 0xF8,
    0x6F, 0x10, 0xFC, 0x1E, 0x00, 0x00, 0xE2, 0xAF, 0x00, 0x00, 0x00, 0x20,
    0xFE, 0xBF, 0xFD, 0x9F, 0x00, 0x00, 0xB0, 0xDF, 0x02, 0x00, 0x00, 0x00,
    0x40, 0xFE, 0xFF, 0xAF, 0x01, 0x00, 0x00, 0x33, 0x01, 0x00, 0x00, 0x00,
    0x00, 0x10, 0x75, 0x37, 0x00, 0x00, 0x00, 0x00, 0x00, 0x43, 0x13, 0x00,
    0x00, 0x00, 0x00, 0x00, 0x00, 0xD7, 0xFF, 0xEF, 0x18, 0x00, 0x00, 0x00,
    0x00, 0xA0, 0xFF, 0xFF, 0xFF, 0xCF, 0x01, 0x00, 0x00, 0x00, 0xF6, 0xFF,
    0xBD, 0xFD, 0xFF, 0x08, 0x00, 0x00, 0x00, 0xFC, 0xBF, 0x01, 0xA1, 0xFF,
    0x0D, 0x00, 0x00, 0x10, 0xFE, 0x4F, 0x10, 0x40, 0xFF, 0x1E, 0x00, 0x00,
    0x10, 0xFE, 0x5F, 0x10, 0x70, 0xFF, 0x0D, 0x00, 0x00, 0x00, 0xFB, 0xBF,
    0x00, 0xE4, 0xFF, 0x09, 0x00, 0x00, 0x00, 0xF6, 0xFF, 0x66, 0xFF, 0xEF,
    0x01, 0x00, 0x00, 0x00, 0xC0, 0xFF, 0xFF, 0xFF, 0x3E, 0x00, 0x00, 0x00,
    0x00, 0x20, 0xFE, 0xFF, 0xBF, 0x02, 0x00, 0x00, 0x00, 0x00, 0xA1, 0xFF,
    0xFF, 0x1E, 0x00, 0x00, 0x11, 0x01, 0x10, 0xFC, 0xFF, 0xFF, 0xBF, 0x00,
    0x70, 0xEE, 0x0A, 0xC0, 0xFF, 0xAF, 0xF8, 0xFF, 0x09, 0xA0, 0xFF, 0x0A,
    0xF6, 0xFF, 0x0A, 0x90, 0xEF, 0x8F, 0xD0, 0xFF, 0x08, 0xFA, 0xFF, 0x02,
    0x00, 0xFB, 0xFF, 0xF9, 0xFF, 0x04, 0xFB, 0xEF, 0x01, 0x00, 0xC1, 0xFF,
    0xFF, 0xDF, 0x01, 0xFA, 0xFF, 0x03, 0x00, 0x10, 0xFD, 0xFF, 0x6F, 0x00,
    0xF5, 0xFF, 0x3C, 0x00, 0x40, 0xFC, 0xFF, 0x2E, 0x00, 0xC0, 0xFF, 0xFF,
    0xBC, 0xFD, 0xFF, 0xFF, 0xCF, 0x01, 0x20, 0xFC, 0xFF, 0xFF, 0xFF, 0xFF,
    0xFA, 0xFF, 0x0A, 0x00, 0x71, 0xFC, 0xFF, 0xDF, 0x3A, 0x80, 0xEE, 0x8E,
    0x00, 0x00, 0x20, 0x44, 0x13, 0x00, 0x00, 0x11, 0x11, 0x10, 0x11, 0x21,
    0xEE, 0x7E, 0xE1, 0xFF, 0x17, 0xFE, 0x6F, 0xD1, 0xFF, 0x06, 0xFD, 0x5F,
    0xC0, 0xFF, 0x04, 0xFC, 0x4F, 0xC0, 0xFF, 0x04, 0x85, 0x17, 0x00, 0x00,
    0x43, 0x34, 0x00, 0x20, 0xFE, 0x8F, 0x00, 0x80, 0xFF, 0x2E, 0x00, 0xE1,
    0xFF, 0x0A, 0x00, 0xF6, 0xFF, 0x05, 0x00, 0xFB, 0xEF, 0x01, 0x10, 0xFE,
    0xAF, 0x00, 0x50, 0xFF, 0x7F, 0x00, 0x80, 0xFF, 0x3F, 0x00, 0xB0, 0xFF,
    0x1E, 0x00, 0xD0, 0xFF, 0x0C, 0x00, 0xE2, 0xFF, 0x0A, 0x00, 0xF3, 0xFF,
    0x09, 0x00, 0xF4, 0xFF, 0x08, 0x00, 0xF4, 0xFF, 0x07, 0x00, 0xF3, 0xFF,
    0x08, 0x00, 0xF3, 0xFF, 0x09, 0x00, 0xE1, 0xFF, 0x0B, 0x00, 0xD0, 0xFF,
    0x0D, 0x00, 0xA0, 0xFF, 0x2F, 0x00, 0x60, 0xFF, 0x6F, 0x00, 0x20, 0xFF,
    0xAF, 0x00, 0x00, 0xFB, 0xEF, 0x01, 0x00, 0xF5, 0xFF, 0x06, 0x00, 0xD1,
    0xFF, 0x0B, 0x00, 0x60, 0xFF, 0x3F, 0x00, 0x00, 0xEC, 0x9E, 0x00, 0x00,
    0x10, 0x11, 0x43, 0x24, 0x00, 0x00, 0xF8, 0xEF, 0x01, 0x00, 0xE2, 0xFF,
    0x08, 0x00, 0xA0, 0xFF, 0x1E, 0x00, 0x50, 0xFF, 0x6F, 0x00, 0x10, 0xFE,
    0xBF, 0x00, 0x00, 0xFB, 0xEF, 0x01, 0x00, 0xF7, 0xFF, 0x05, 0x00, 0xF3,
    0xFF, 0x08, 0x00, 0xE1, 0xFF, 0x0B, 0x00, 0xC0, 0xFF, 0x0D, 0x00, 0xA0,
    0xFF, 0x2E, 0x00, 0x90, 0xFF, 0x3F, 0x00, 0x80, 0xFF, 0x3F, 0x00, 0x80,
    0xFF, 0x4F, 0x00, 0x80, 0xFF, 0x3F, 0x00, 0x90, 0xFF, 0x3F, 0x00, 0xB0,
    0xFF, 0x1E, 0x00, 0xD0, 0xFF, 0x0C, 0x00, 0xF2, 0xFF, 0x0A, 0x00, 0xF6,
    0xFF, 0x06, 0x00, 0xFA, 0xFF, 0x02, 0x10, 0xFE, 0xBF, 0x00, 0x60, 0xFF,
    0x5F, 0x00, 0xC0, 0xFF, 0x1D, 0x00, 0xF3, 0xFF, 0x06, 0x00, 0xE9, 0xCE,
    0x00, 0x00, 0x11, 0x01, 0x00, 0x00, 0x00, 0x00, 0x10, 0x01, 0x00, 0x00,
    0x00, 0x00, 0xE4, 0x1D, 0x00, 0x00, 0x00, 0x00, 0xF4, 0x1E, 0x00, 0x00,
    0xC1, 0x06, 0xF3, 0x0E, 0x90, 0x0B, 0xF9, 0xAF, 0xF5, 0x4E, 0xFC, 0x5F,
    0xB4, 0xFF, 0xFF, 0xFF, 0xEF, 0x39, 0x00, 0xB3, 0xFF, 0xFF, 0x19, 0x00,
    0x10, 0xC6, 0xFF, 0xFF, 0x4B, 0x00, 0xD6, 0xFF, 0xFD, 0xDE, 0xFF, 0x4C,
    0xF7, 0x6E, 0xF4, 0x2E, 0xF9, 0x4F, 0x90, 0x03, 0xF4, 0x1E, 0x50, 0x08,
    0x00, 0x00, 0xF4, 0x1F, 0x00, 0x00, 0x00, 0x00, 0xB3, 0x1A, 0x00, 0x00,
    0x00, 0x00, 0x00, 0x64, 0x36, 0x00, 0x00, 0x00, 0x00, 0x00, 0x00, 0xFC,
    0x8F, 0x00, 0x00, 0x00, 0x00, 0x00, 0x00, 0xFB, 0x7F, 0x00, 0x00, 0x00,
    0x00, 0x00, 0x00, 0xFB, 0x8F, 0x00, 0x00, 0x00, 0x00, 0x00, 0x00, 0xFB,
    0x8F, 0x00, 0x00, 0x00, 0x00, 0x00, 0x00, 0xFB, 0x7F, 0x00, 0x00, 0x00,
    0xB3, 0xBB, 0xBB, 0xFE, 0xDF, 0xBB, 0xBB, 0x1A, 0xF4, 0xFF, 0xFF, 0xFF,
    0xFF, 0xFF, 0xFF, 0x1F, 0xF4, 0xFF, 0xFF, 0xFF, 0xFF, 0xFF, 0xFF, 0x1E,
    0x41, 0x44, 0x44, 0xFC, 0x9F, 0x44, 0x44, 0x04, 0x00, 0x00, 0x00, 0xFB,
    0x7F, 0x00, 0x00, 0x00, 0x00, 0x00, 0x00, 0xFB, 0x8F, 0x00, 0x00, 0x00,
    0x00, 0x00, 0x00, 0xFB, 0x7F, 0x00, 0x00, 0x00, 0x00, 0x00, 0x00, 0xFC,
    0x8F, 0x00, 0x00, 0x00, 0x00, 0x00, 0x00, 0xD9, 0x6D, 0x00, 0x00, 0x00,
    0x00, 0x11, 0x11, 0x20, 0xEE, 0x9E, 0x40, 0xFF, 0x5F, 0x60, 0xFF, 0x2E,
    0x80, 0xFF, 0x0B, 0xA0, 0xFF, 0x07, 0xC0, 0xFF, 0x03, 0xD1, 0xDF, 0x00,
    0xF3, 0x9F, 0x00, 0x72, 0x37, 0x00, 0x30, 0x44, 0x44, 0x44, 0x44, 0x12,
    0xFE, 0xFF, 0xFF, 0xFF, 0x8F, 0xF1, 0xFF, 0xFF, 0xFF, 0xFF, 0x18, 0xBA,
    0xBB, 0xBB, 0xBB, 0x6B, 0x10, 0x14, 0x30, 0xFD, 0x3D, 0xFA, 0xFE, 0xAA,
    0xEF, 0xAF, 0xD3, 0xDF, 0x03, 0x41, 0x01, 0x00, 0x00, 0x00, 0x10, 0x11,
    0x01, 0x00, 0x00, 0x00, 0xEC, 0x5E, 0x00, 0x00, 0x00, 0xF2, 0xFF, 0x02,
    0x00, 0x00, 0x60, 0xFF, 0x0C, 0x00, 0x00, 0x00, 0xFA, 0x8F, 0x00, 0x00,
    0x00, 0xD1, 0xFF, 0x05, 0x00, 0x00, 0x30, 0xFF, 0x1E, 0x00, 0x00, 0x00,
    0xF7, 0xBF, 0x00, 0x00, 0x00, 0xB0, 0xFF, 0x07, 0x00, 0x00, 0x10, 0xFE,
    0x4F, 0x00, 0x00, 0x00, 0xF4, 0xDF, 0x01, 0x00, 0x00, 0x80, 0xFF, 0x0A,
    0x00, 0x00, 0x00, 0xFC, 0x6F, 0x00, 0x00, 0x00, 0xF2, 0xFF, 0x03, 0x00,
    0x00, 0x50, 0xFF, 0x0D, 0x00, 0x00, 0x00, 0xF9, 0x9F, 0x00, 0x00, 0x00,
    0xD0, 0xFF, 0x05, 0x00, 0x00, 0x30, 0xFF, 0x2E, 0x00, 0x00, 0x00, 0xF7,
    0xCF, 0x00, 0x00, 0x00, 0xA0, 0xFF, 0x08, 0x00, 0x00, 0x10, 0xFE, 0x4F,
    0x00, 0x00, 0x00, 0xF4, 0xEF, 0x01, 0x00, 0x00, 0x80, 0xFF, 0x0B, 0x00,
    0x00, 0x00, 0xFB, 0x7F, 0x00, 0x00, 0x00, 0xE1, 0xFF, 0x03, 0x00, 0x00,
    0x50, 0xFF, 0x0D, 0x00, 0x00, 0x00, 0x42, 0x34, 0x00, 0x00, 0x00, 0x00,
    0x00, 0x00, 0x00, 0x64, 0x77, 0x15, 0x00, 0x00, 0x00, 0x00, 0x60, 0xFD,
    0xFF, 0xFF, 0x8E, 0x00, 0x00, 0x00, 0x80, 0xFF, 0xFF, 0xFF, 0xFF, 0xBF,
    0x01, 0x00, 0x60, 0xFF, 0xFF, 0xBD, 0xFD, 0xFF, 0xAF, 0x00, 0x20, 0xFE,
    0xFF, 0x17, 0x00, 0xE5, 0xFF, 0x4F, 0x00, 0xF8, 0xFF, 0x08, 0x00, 0x00,
    0xF5, 0xFF, 0x0B, 0xC0, 0xFF, 0x1E, 0x00, 0x00, 0x00, 0xFC, 0xFF, 0x22,
    0xFF, 0xAF, 0x00, 0x00, 0x00, 0x70, 0xFF, 0x5F, 0xF4, 0xFF, 0x07, 0x00,
    0x00, 0x00, 0xF4, 0xFF, 0x68, 0xFF, 0x5F, 0x00, 0x00, 0x00, 0x20, 0xFF,
    0xAF, 0xF7, 0xFF, 0x04, 0x00, 0x00, 0x00, 0xE1, 0xFF, 0x7B, 0xFF, 0x4F,
    0x00, 0x00, 0x00, 0x10, 0xFE, 0xBF, 0xF7, 0xFF, 0x04, 0x00, 0x00, 0x00,
    0xE1, 0xFF, 0x6B, 0xFF, 0x5F, 0x00, 0x00, 0x00, 0x20, 0xFF, 0x9F, 0xF4,
    0xFF, 0x08, 0x00, 0x00, 0x00, 0xF4, 0xFF, 0x28, 0xFF, 0xBF, 0x00, 0x00,
    0x00, 0x80, 0xFF, 0x5F, 0xC0, 0xFF, 0x2F, 0x00, 0x00, 0x00, 0xFD, 0xEF,
    0x01, 0xF6, 0xFF, 0x0A, 0x00, 0x00, 0xF7, 0xFF, 0x0A, 0x10, 0xFD, 0xFF,
    0x3A, 0x21, 0xF8, 0xFF, 0x3F, 0x00, 0x40, 0xFF, 0xFF, 0xEF, 0xFF, 0xFF,
    0x8F, 0x00, 0x00, 0x50, 0xFE, 0xFF, 0xFF, 0xFF, 0x8F, 0x00, 0x00, 0x00,
    0x30, 0xEA, 0xFF, 0xEF, 0x4B, 0x00, 0x00, 0x00, 0x00, 0x00, 0x31, 0x34,
    0x02, 0x00, 0x00, 0x00, 0x00, 0x00, 0x10, 0x11, 0x01, 0x00, 0x10, 0xE9,
    0xEE, 0x3E, 0x00, 0xD4, 0xFF, 0xFF, 0x4F, 0x71, 0xFF, 0xFF, 0xFF, 0x4F,
    0xF8, 0xFF, 0xBC, 0xFF, 0x4F, 0xF9, 0xAF, 0x71, 0xFF, 0x4F, 0xEA, 0x06,
    0x80, 0xFF, 0x4F, 0x36, 0x00, 0x80, 0xFF, 0x4F, 0x00, 0x00, 0x80, 0xFF,
    0x4F, 0x00, 0x00, 0x80, 0xFF, 0x4F, 0x00, 0x00, 0x80, 0xFF, 0x4F, 0x00,
    0x00, 0x80, 0xFF, 0x4F, 0x00, 0x00, 0x80, 0xFF, 0x4F, 0x00, 0x00, 0x80,
    0xFF, 0x4F, 0x00, 0x00, 0x80, 0xFF, 0x4F, 0x00, 0x00, 0x80, 0xFF, 0x4F,
    0x00, 0x00, 0x80, 0xFF, 0x4F, 0x00, 0x00, 0x80, 0xFF, 0x4F, 0x00, 0x00,
    0x80, 0xFF, 0x4F, 0x00, 0x00, 0x70, 0xFF, 0x4F, 0x00, 0x00, 0x80, 0xFF,
    0x4F, 0x00, 0x00, 0x70, 0xEE, 0x3E, 0x00, 0x00, 0x00, 0x11, 0x01, 0x00,
    0x00, 0x10, 0x43, 0x24, 0x00, 0x00, 0x00, 0x00, 0x20, 0xD9, 0xFF, 0xFF,
    0x7D, 0x01, 0x00, 0x00, 0xE4, 0xFF, 0xFF, 0xFF, 0xFF, 0x2D, 0x00, 0x20,
    0xFE, 0xFF, 0xBE, 0xEC, 0xFF, 0xDF, 0x01, 0xA0, 0xFF, 0x9F, 0x01, 0x20,
    0xFB, 0xFF, 0x08, 0xE1, 0xFF, 0x0C, 0x00, 0x00, 0xE2, 0xFF, 0x0C, 0xF4,
    0xFF, 0x08, 0x00, 0x00, 0xB0, 0xFF, 0x1E, 0x41, 0x44, 0x02, 0x00, 0x00,
    0xC0, 0xFF, 0x1E, 0x00, 0x00, 0x00, 0x00, 0x00, 0xE2, 0xFF, 0x0B, 0x00,
    0x00, 0x00, 0x00, 0x00, 0xFA, 0xFF, 0x06, 0x00, 0x00, 0x00, 0x00, 0x70,
    0xFF, 0xCF, 0x00, 0x00, 0x00, 0x00, 0x00, 0xF6, 0xFF, 0x3E, 0x00, 0x00,
    0x00, 0x00, 0x60, 0xFF, 0xFF, 0x05, 0x00, 0x00, 0x00, 0x00, 0xF6, 0xFF,
    0x6F, 0x00, 0x00, 0x00, 0x00, 0x60, 0xFF, 0xFF, 0x06, 0x00, 0x00, 0x00,
    0x00, 0xF6, 0xFF, 0x6F, 0x00, 0x00, 0x00, 0x00, 0x70, 0xFF, 0xFF, 0x06,
    0x00, 0x00, 0x00, 0x00, 0xF7, 0xFF, 0x5E, 0x00, 0x00, 0x00, 0x00, 0x70,
    0xFF, 0xFF, 0x3A, 0x44, 0x44, 0x44, 0x14, 0xF3, 0xFF, 0xFF, 0xFF, 0xFF,
    0xFF, 0xFF, 0x4F, 0xF4, 0xFF, 0xFF, 0xFF, 0xFF, 0xFF, 0xFF, 0x4F, 0xE4,
    0xEE, 0xEE, 0xEE, 0xEE, 0xEE, 0xEE, 0x4E, 0x10, 0x11, 0x11, 0x11, 0x11,
    0x11, 0x11, 0x01, 0x00, 0x00, 0x00, 0x42, 0x34, 0x01, 0x00, 0x00, 0x00,
    0x00, 0x81, 0xFD, 0xFF, 0xDF, 0x39, 0x00, 0x00, 0x00, 0xE4, 0xFF, 0xFF,
    0xFF, 0xFF, 0x6F, 0x00, 0x00, 0xF3, 0xFF, 0xEF, 0xBC, 0xFD, 0xFF, 0x4F,
    0x00, 0xB0, 0xEF, 0x9F, 0x02, 0x10, 0xF8, 0xFF, 0x0C, 0x20, 0xFF, 0xCF,
    0x00, 0x00, 0x00, 0xFB, 0xFF, 0x02, 0x92, 0x99, 0x04, 0x00, 0x00, 0x70,
    0xFF, 0x4F, 0x00, 0x00, 0x00, 0x00, 0x00, 0x00, 0xF9, 0xFF, 0x03, 0x00,
    0x00, 0x00, 0x00, 0x00, 0xE4, 0xFF, 0x0C, 0x00, 0x00, 0x00, 0x41, 0x54,
    0xE9, 0xFF, 0x3E, 0x00, 0x00, 0x00, 0x30, 0xFF, 0xFF, 0xDF, 0x29, 0x00,
    0x00, 0x00, 0x00, 0xF3, 0xFF, 0xFF, 0x7D, 0x02, 0x00, 0x00, 0x00, 0x20,
    0xBB, 0xEB, 0xFF, 0xFF, 0x07, 0x00, 0x00, 0x00, 0x00, 0x00, 0x61, 0xFE,
    0xFF, 0x04, 0x00, 0x00, 0x00, 0x00, 0x00, 0x60, 0xFF, 0xBF, 0x00, 0x00,
    0x00, 0x00, 0x00, 0x00, 0xE1, 0xFF, 0x1E, 0xB5, 0xBB, 0x03, 0x00, 0x00,
    0x10, 0xFE, 0xEF, 0x61, 0xFF, 0xAF, 0x00, 0x00, 0x00, 0xF8, 0xFF, 0x0C,
    0xE1, 0xFF, 0xAF, 0x14, 0x31, 0xF9, 0xFF, 0x7F, 0x00, 0xF6, 0xFF, 0xFF,
    0xEE, 0xFF, 0xFF, 0xBF, 0x00, 0x00, 0xE6, 0xFF, 0xFF, 0xFF, 0xFF, 0xAF,
    0x01, 0x00, 0x00, 0x92, 0xFD, 0xFF, 0xEF, 0x5B, 0x00, 0x00, 0x00, 0x00,
    0x00, 0x42, 0x34, 0x01, 0x00, 0x00, 0x00, 0x00, 0x00, 0x00, 0x00, 0x00,
    0x11, 0x11, 0x00, 0x00, 0x00, 0x00, 0x00, 0x00, 0xA0, 0xEE, 0xEE, 0x07,
    0x00, 0x00, 0x00, 0x00, 0x00, 0xF5, 0xFF, 0xFF, 0x07, 0x00, 0x00, 0x00,
    0x00, 0x10, 0xFE, 0xFF, 0xFF, 0x07, 0x00, 0x00, 0x00, 0x00, 0x90, 0xFF,
    0xFF, 0xFF, 0x07, 0x00, 0x00, 0x00, 0x00, 0xF4, 0xFF, 0xFB, 0xFF, 0x07,
    0x00, 0x00, 0x00, 0x10, 0xFD, 0xBF, 0xF4, 0xFF, 0x07, 0x00, 0x00, 0x00,
    0x80, 0xFF, 0x2F, 0xF3, 0xFF, 0x07, 0x00, 0x00, 0x00, 0xF3, 0xFF, 0x08,
    0xF4, 0xFF, 0x07, 0x00, 0x00, 0x00, 0xFC, 0xDF, 0x01, 0xF4, 0xFF, 0x07,
    0x00, 0x00, 0x80, 0xFF, 0x4F, 0x00, 0xF4, 0xFF, 0x07, 0x00, 0x00, 0xF3,
    0xFF, 0x09, 0x00, 0xF4, 0xFF, 0x07, 0x00, 0x00, 0xFC, 0xEF, 0x01, 0x00,
    0xF4, 0xFF, 0x07, 0x00, 0x70, 0xFF, 0x4F, 0x00, 0x00, 0xF3, 0xFF, 0x07,
    0x00, 0xE2, 0xFF, 0x4C, 0x44, 0x44, 0xF7, 0xFF, 0x49, 0x14, 0xF6, 0xFF,
    0xFF, 0xFF, 0xFF, 0xFF, 0xFF, 0xFF, 0x3F, 0xF6, 0xFF, 0xFF, 0xFF, 0xFF,
    0xFF, 0xFF, 0xFF, 0x2F, 0xE5, 0xEE, 0xEE, 0xEE, 0xEE, 0xFE, 0xFF, 0xEE,
    0x2E, 0x10, 0x11, 0x11, 0x11, 0x11, 0xF5, 0xFF, 0x18, 0x01, 0x00, 0x00,
    0x00, 0x00, 0x00, 0xF4, 0xFE, 0x07, 0x00, 0x00, 0x00, 0x00, 0x00, 0x00,
    0xF4, 0xFF, 0x08, 0x00, 0x00, 0x00, 0x00, 0x00, 0x00, 0xD3, 0xDC, 0x06,
    0x00, 0x00, 0x44, 0x44, 0x44, 0x44, 0x44, 0x44, 0x01, 0x20, 0xFF, 0xFF,
    0xFF, 0xFF, 0xFF, 0xFF, 0x03, 0x30, 0xFF, 0xFF, 0xFF, 0xFF, 0xFF, 0xFF,
    0x02, 0x40, 0xFF, 0xEF, 0xEE, 0xEE, 0xEE, 0xEE, 0x02, 0x60, 0xFF, 0x3F,
    0x11, 0x11, 0x11, 0x11, 0x00, 0x70, 0xFF, 0x1E, 0x00, 0x00, 0x00, 0x00,
    0x00, 0x90, 0xFF, 0x0D, 0x00, 0x00, 0x00, 0x00, 0x00, 0xA0, 0xFF, 0x0C,
    0x00, 0x01, 0x00, 0x00, 0x00, 0xC0, 0xFF, 0x2A, 0xC9, 0xDE, 0x5B, 0x00,
    0x00, 0xD0, 0xFF, 0xDC, 0xFF, 0xFF, 0xFF, 0x1B, 0x00, 0xF1, 0xFF, 0xFF,
    0xEF, 0xFF, 0xFF, 0xBF, 0x00, 0xC1, 0xFE, 0x8E, 0x13, 0x72, 0xFF, 0xFF,
    0x06, 0x00, 0x31, 0x03, 0x00, 0x00, 0xF6, 0xFF, 0x0C, 0x00, 0x00, 0x00,
    0x00, 0x00, 0xC0, 0xFF, 0x2F, 0x00, 0x00, 0x00, 0x00, 0x00, 0x80, 0xFF,
    0x4F, 0x00, 0x00, 0x00, 0x00, 0x00, 0x70, 0xFF, 0x4F, 0xA5, 0xAA, 0x03,
    0x00, 0x00, 0xA0, 0xFF, 0x2F, 0xF6, 0xFF, 0x08, 0x00, 0x00, 0xE2, 0xFF,
    0x0C, 0xE1, 0xFF, 0x6F, 0x01, 0x30, 0xFD, 0xFF, 0x06, 0x70, 0xFF, 0xFF,
    0xBD, 0xFC, 0xFF, 0xBF, 0x00, 0x00, 0xF7, 0xFF, 0xFF, 0xFF, 0xFF, 0x1A,
    0x00, 0x00, 0x30, 0xEA, 0xFF, 0xEF, 0x6C, 0x00, 0x00, 0x00, 0x00, 0x10,
    0x43, 0x23, 0x00, 0x00, 0x00, 0x00, 0x00, 0x00, 0x30, 0x34, 0x02, 0x00,
    0x00, 0x00, 0x00, 0x10, 0xD8, 0xFF, 0xFF, 0x6C, 0x00, 0x00, 0x00, 0x30,
    0xFD, 0xFF, 0xFF, 0xFF, 0xBF, 0x01, 0x00, 0x20, 0xFE, 0xFF, 0xEF, 0xFE,
    0xFF, 0xBF, 0x00, 0x00, 0xFB, 0xFF, 0x4B, 0x21, 0xE6, 0xEF, 0x6F, 0x00,
    0xF4, 0xFF, 0x0A, 0x00, 0x00, 0xF4, 0xFF, 0x0D, 0xA0, 0xFF, 0x2E, 0x00,
    0x00, 0x00, 0x87, 0x78, 0x10, 0xFE, 0xAF, 0x00, 0x00, 0x01, 0x00, 0x00,
    0x00, 0xF3, 0xFF, 0x07, 0x93, 0xEC, 0xBD, 0x05, 0x00, 0x50, 0xFF, 0x4F,
    0xE5, 0xFF, 0xFF, 0xFF, 0x1B, 0x00, 0xF7, 0xFF, 0xF8, 0xFF, 0xFE, 0xFF,
    0xFF, 0x0B, 0x70, 0xFF, 0xFF, 0xAF, 0x13, 0x82, 0xFF, 0xFF, 0x06, 0xF7,
    0xFF, 0x9F, 0x00, 0x00, 0x60, 0xFF, 0xCF, 0x70, 0xFF, 0xEF, 0x01, 0x00,
    0x00, 0xC0, 0xFF, 0x2F, 0xF5, 0xFF, 0x0B, 0x00, 0x00, 0x00, 0xF8, 0xFF,
    0x34, 0xFF, 0xAF, 0x00, 0x00, 0x00, 0x80, 0xFF, 0x3F, 0xD1, 0xFF, 0x0D,
    0x00, 0x00, 0x00, 0xFB, 0xFF, 0x02, 0xF9, 0xFF, 0x06, 0x00, 0x00, 0xF3,
    0xFF, 0x0C, 0x20, 0xFF, 0xFF, 0x06, 0x00, 0xE4, 0xFF, 0x5F, 0x00, 0x70,
    0xFF, 0xFF, 0xBD, 0xFC, 0xFF, 0xAF, 0x00, 0x00, 0x70, 0xFF, 0xFF, 0xFF,
    0xFF, 0xAF, 0x01, 0x00, 0x00, 0x30, 0xEA, 0xFF, 0xEF, 0x5B, 0x00, 0x00,
    0x00, 0x00, 0x00, 0x31, 0x34, 0x02, 0x00, 0x00, 0x00, 0x11, 0x11, 0x11,
    0x11, 0x11, 0x11, 0x11, 0xA0, 0xEE, 0xEE, 0xEE, 0xEE, 0xEE, 0xEE, 0x7E,
    0xFB, 0xFF, 0xFF, 0xFF, 0xFF, 0xFF, 0xFF, 0xC8, 0xFF, 0xFF, 0xFF, 0xFF,
    0xFF, 0xFF, 0x8F, 0x43, 0x44, 0x44, 0x44, 0x44, 0xFA, 0xFF, 0x06, 0x00,
    0x00, 0x00, 0x00, 0xE1, 0xFF, 0x0D, 0x00, 0x00, 0x00, 0x00, 0x80, 0xFF,
    0x6F, 0x00, 0x00, 0x00, 0x00, 0x10, 0xFE, 0xDF, 0x00, 0x00, 0x00, 0x00,
    0x00, 0xF8, 0xFF, 0x06, 0x00, 0x00, 0x00, 0x00, 0xE1, 0xFF, 0x0D, 0x00,
    0x00, 0x00, 0x00, 0x80, 0xFF, 0x6F, 0x00, 0x00, 0x00, 0x00, 0x10, 0xFE,
    0xDF, 0x00, 0x00, 0x00, 0x00, 0x00, 0xF8, 0xFF, 0x06, 0x00, 0x00, 0x00,
    0x00, 0xE1, 0xFF, 0x0D, 0x00, 0x00, 0x00, 0x00, 0x80, 0xFF, 0x6F, 0x00,
    0x00, 0x00, 0x00, 0x10, 0xFE, 0xDF, 0x00, 0x00, 0x00, 0x00, 0x00, 0xF8,
    0xFF, 0x06, 0x00, 0x00, 0x00, 0x00, 0xE1, 0xFF, 0x0D, 0x00, 0x00, 0x00,
    0x00, 0x80, 0xFF, 0x6F, 0x00, 0x00, 0x00, 0x00, 0x10, 0xFE, 0xDF, 0x00,
    0x00, 0x00, 0x00, 0x00, 0xF8, 0xFF, 0x06, 0x00, 0x00, 0x00, 0x00, 0xE1,
    0xFF, 0x0D, 0x00, 0x00, 0x00, 0x00, 0x10, 0x23, 0x13, 0x00, 0x00, 0x00,
    0x00, 0x00, 0x00, 0x00, 0x20, 0x75, 0x67, 0x14, 0x00, 0x00, 0x00, 0x00,
    0x92, 0xFE, 0xFF, 0xFF, 0x7D, 0x00, 0x00, 0x00, 0xD3, 0xFF, 0xFF, 0xFF,
    0xFF, 0xBF, 0x01, 0x00, 0xD1, 0xFF, 0xDF, 0x89, 0xEA, 0xFF, 0xAF, 0x00,
    0x70, 0xFF, 0xBF, 0x01, 0x00, 0xE3, 0xFF, 0x3F, 0x00, 0xFA, 0xFF, 0x03,
    0x00, 0x00, 0xF7, 0xFF, 0x06, 0xB0, 0xFF, 0x1E, 0x00, 0x00, 0x40, 0xFF,
    0x7F, 0x00, 0xF9, 0xFF, 0x02, 0x00, 0x00, 0xF6, 0xFF, 0x05, 0x30, 0xFF,
    0x9F, 0x00, 0x00, 0xD1, 0xFF, 0x1E, 0x00, 0x80, 0xFF, 0xBF, 0x45, 0xD6,
    0xFF, 0x4F, 0x00, 0x00, 0x50, 0xFC, 0xFF, 0xFF, 0xFF, 0x3A, 0x00, 0x00,
    0x00, 0xB5, 0xFF, 0xFF, 0xFF, 0xAE, 0x03, 0x00, 0x10, 0xFB, 0xFF, 0xCE,
    0xDB, 0xFF, 0xFF, 0x08, 0x00, 0xF9, 0xFF, 0x29, 0x00, 0x50, 0xFE, 0xFF,
    0x06, 0xF3, 0xFF, 0x0A, 0x00, 0x00, 0x30, 0xFF, 0xDF, 0x60, 0xFF, 0x4F,
    0x00, 0x00, 0x00, 0xC0, 0xFF, 0x3F, 0xF7, 0xFF, 0x04, 0x00, 0x00, 0x00,
    0xFC, 0xFF, 0x64, 0xFF, 0x9F, 0x00, 0x00, 0x00, 0xE2, 0xFF, 0x2F, 0xE1,
    0xFF, 0x8F, 0x01, 0x00, 0xD4, 0xFF, 0xBF, 0x00, 0xF6, 0xFF, 0xEF, 0xBB,
    0xFC, 0xFF, 0xEF, 0x03, 0x00, 0xE6, 0xFF, 0xFF, 0xFF, 0xFF, 0xDF, 0x03,
    0x00, 0x00, 0x82, 0xFD, 0xFF, 0xEF, 0x7C, 0x01, 0x00, 0x00, 0x00, 0x00,
    0x32, 0x34, 0x02, 0x00, 0x00, 0x00, 0x00, 0x00, 0x00, 0x32, 0x23, 0x00,
    0x00, 0x00, 0x00, 0x00, 0x71, 0xEC, 0xFF, 0xDF, 0x18, 0x00, 0x00, 0x00,
    0xC2, 0xFF, 0xFF, 0xFF, 0xFF, 0x4E, 0x00, 0x00, 0xD1, 0xFF, 0xFF, 0xBC,
    0xFE, 0xFF, 0x3E, 0x00, 0x90, 0xFF, 0xBF, 0x03, 0x10, 0xF8, 0xFF, 0x0C,
    0x20, 0xFF, 0xDF, 0x01, 0x00, 0x00, 0xF9, 0xFF, 0x05, 0xF5, 0xFF, 0x07,
    0x00, 0x00, 0x20, 0xFF, 0xAF, 0x70, 0xFF, 0x4F, 0x00, 0x00, 0x00, 0xD0,
    0xFF, 0x0D, 0xF7, 0xFF, 0x04, 0x00, 0x00, 0x10, 0xFE, 0xFF, 0x52, 0xFF,
    0x9F, 0x00, 0x00, 0x00, 0xF5, 0xFF, 0x3F, 0xF2, 0xFF, 0x5F, 0x00, 0x00,
    0xD2, 0xFF, 0xFF, 0x04, 0xF9, 0xFF, 0x9F, 0x44, 0xE8, 0xEF, 0xFF, 0x4F,
    0x10, 0xFC, 0xFF, 0xFF, 0xFF, 0xBF, 0xF8, 0xFF, 0x03, 0x10, 0xFA, 0xFF,
    0xFF, 0xBF, 0x81, 0xFF, 0x2F, 0x00, 0x00, 0x84, 0xBB, 0x49, 0x00, 0xFB,
    0xDF, 0x00, 0x00, 0x00, 0x00, 0x00, 0x00, 0xE1, 0xFF, 0x0A, 0xB3, 0xBA,
    0x06, 0x00, 0x10, 0x60, 0xFF, 0x6F, 0x10, 0xFF, 0xEF, 0x02, 0x00, 0x20,
    0xFD, 0xEF, 0x01, 0x90, 0xEF, 0xDF, 0x14, 0x52, 0xFD, 0xFF, 0x07, 0x00,
    0xD1, 0xFF, 0xFF, 0xEE, 0xFF, 0xFF, 0x0B, 0x00, 0x00, 0xD3, 0xFF, 0xFF,
    0xFF, 0xFF, 0x1B, 0x00, 0x00, 0x00, 0x81, 0xFD, 0xFF, 0xCF, 0x06, 0x00,
    0x00, 0x00, 0x00, 0x00, 0x42, 0x24, 0x00, 0x00, 0x00, 0x00, 0x00, 0x01,
    0x10, 0xEB, 0x1B, 0xF9, 0xFF, 0xB9, 0xEF, 0xBF, 0xF5, 0xFF, 0x05, 0x74,
    0x04, 0x00, 0x00, 0x00, 0x00, 0x00, 0x00, 0x00, 0x00, 0x00, 0x00, 0x00,
    0x00, 0x00, 0x41, 0x01, 0xD3, 0xDF, 0xA3, 0xEF, 0xAF, 0xFA, 0xFE, 0x3A,
    0xFD, 0x3D, 0x10, 0x14, 0x00, 0x00, 0x10, 0x00, 0x00, 0x60, 0xDD, 0x06,
    0x20, 0xFF, 0xFF, 0x02, 0xF4, 0xFF, 0x4F, 0x10, 0xFC, 0xCF, 0x01, 0x10,
    0x66, 0x01, 0x00, 0x00, 0x00, 0x00, 0x00, 0x00, 0x00, 0x00, 0x00, 0x00,
    0x00, 0x00, 0x00, 0x00, 0x00, 0x00, 0x00, 0x00, 0x00, 0x00, 0x00, 0x00,
    0x11, 0x11, 0x00, 0xD1, 0xEE, 0x0A, 0x30, 0xFF, 0x6F, 0x00, 0xF4, 0xFF,
    0x02, 0x70, 0xFF, 0x0C, 0x00, 0xF9, 0x8F, 0x00, 0xB0, 0xFF, 0x04, 0x00,
    0xFC, 0x1D, 0x00, 0xF2, 0xAF, 0x00, 0x10, 0x77, 0x03, 0x00, 0x00, 0x00,
    0x00, 0x00, 0x00, 0x00, 0x00, 0x02, 0x00, 0x00, 0x00, 0x00, 0x00, 0x50,
    0xAC, 0x00, 0x00, 0x00, 0x00, 0x10, 0xD6, 0xFF, 0x09, 0x00, 0x00, 0x00,
    0x72, 0xFD, 0xFF, 0xAF, 0x00, 0x00, 0x20, 0xE9, 0xFF, 0xFF, 0xCF, 0x04,
    0x00, 0xA3, 0xFF, 0xFF, 0xEF, 0x4A, 0x00, 0x40, 0xFB, 0xFF, 0xFF, 0x8D,
    0x02, 0x00, 0x70, 0xFF, 0xFF, 0xCF, 0x16, 0x00, 0x00, 0x00, 0xF8, 0xFE,
    0x5E, 0x00, 0x00, 0x00, 0x00, 0x80, 0xFF, 0xFF, 0x7C, 0x02, 0x00, 0x00,
    0x00, 0x82, 0xFE, 0xFF, 0xEF, 0x39, 0x00, 0x00, 0x00, 0x20, 0xD7, 0xFF,
    0xFF, 0xBF, 0x15, 0x00, 0x00, 0x00, 0x61, 0xFC, 0xFF, 0xFF, 0x7D, 0x02,
    0x00, 0x00, 0x00, 0xB5, 0xFF, 0xFF, 0x9F, 0x00, 0x00, 0x00, 0x00, 0x40,
    0xFB, 0xFF, 0x09, 0x00, 0x00, 0x00, 0x00, 0x00, 0x93, 0xAF, 0x00, 0x00,
    0x00, 0x00, 0x00, 0x00, 0x30, 0x05, 0x40, 0x44, 0x44, 0x44, 0x44, 0x44,
    0x44, 0x13, 0xFF, 0xFF, 0xFF, 0xFF, 0xFF, 0xFF, 0xCF, 0xE1, 0xFF, 0xFF,
    0xFF, 0xFF, 0xFF, 0xFF, 0x1B, 0xED, 0xEE, 0xEE, 0xEE, 0xEE, 0xEE, 0xAE,
    0x10, 0x11, 0x11, 0x11, 0x11, 0x11, 0x11, 0x01, 0x00, 0x00, 0x00, 0x00,
    0x00, 0x00, 0x00, 0x00, 0x00, 0x00, 0x00, 0x00, 0x00, 0x00, 0x10, 0xBA,
    0xBB, 0xBB, 0xBB, 0xBB, 0xBB, 0x8B, 0xF1, 0xFF, 0xFF, 0xFF, 0xFF, 0xFF,
    0xFF, 0x1C, 0xFF, 0xFF, 0xFF, 0xFF, 0xFF, 0xFF, 0xCF, 0x71, 0x78, 0x88,
    0x88, 0x88, 0x88, 0x87, 0x06, 0x02, 0x00, 0x00, 0x00, 0x00, 0x00, 0x00,
    0xD0, 0x4A, 0x00, 0x00, 0x00, 0x00, 0x00, 0x00, 0xFC, 0xBF, 0x05, 0x00,
    0x00, 0x00, 0x00, 0xD0, 0xFF, 0xFF, 0x6C, 0x01, 0x00, 0x00, 0x00, 0xD7,
    0xFF, 0xFF, 0xDF, 0x17, 0x00, 0x00, 0x00, 0x51, 0xFB, 0xFF, 0xFF, 0x8E,
    0x02, 0x00, 0x00, 0x00, 0x94, 0xFE, 0xFF, 0xEF, 0x39, 0x00, 0x00, 0x00,
    0x20, 0xD8, 0xFF, 0xFF, 0x3F, 0x00, 0x00, 0x00, 0x00, 0x70, 0xFF, 0xFF,
    0x04, 0x00, 0x00, 0x00, 0x93, 0xFD, 0xFF, 0x4F, 0x00, 0x00, 0x50, 0xFB,
    0xFF, 0xFF, 0x7D, 0x01, 0x20, 0xD7, 0xFF, 0xFF, 0xCF, 0x16, 0x00, 0x93,
    0xFE, 0xFF, 0xFF, 0x5B, 0x00, 0x00, 0xD0, 0xFF, 0xFF, 0xAF, 0x04, 0x00,
    0x00, 0x00, 0xFC, 0xEF, 0x39, 0x00, 0x00, 0x00, 0x00, 0xD0, 0x8E, 0x02,
    0x00, 0x00, 0x00, 0x00, 0x00, 0x15, 0x00, 0x00, 0x00, 0x00, 0x00, 0x00,
    0x00, 0x00, 0x00, 0x30, 0x44, 0x02, 0x00, 0x00, 0x00, 0x81, 0xFD, 0xFF,
    0xCF, 0x07, 0x00, 0x30, 0xFD, 0xFF, 0xFF, 0xFF, 0xCF, 0x01, 0xD1, 0xFF,
    0xEF, 0xCB, 0xFF, 0xFF, 0x0A, 0xF6, 0xFE, 0x2C, 0x00, 0xE3, 0xFF, 0x3F,
    0xFB, 0xFF, 0x03, 0x00, 0x60, 0xFF, 0x6F, 0x96, 0x89, 0x00, 0x00, 0x40,
    0xFF, 0x7F, 0x00, 0x00, 0x00, 0x00, 0x70, 0xFF, 0x6F, 0x00, 0x00, 0x00,
    0x00, 0xE4, 0xFF, 0x2F, 0x00, 0x00, 0x00, 0x70, 0xFF, 0xFF, 0x07, 0x00,
    0x00, 0x10, 0xFB, 0xFF, 0x8F, 0x00, 0x00, 0x00, 0xB0, 0xFF, 0xDF, 0x05,
    0x00, 0x00, 0x00, 0xF3, 0xFF, 0x1C, 0x00, 0x00, 0x00, 0x00, 0xF6, 0xFE,
    0x04, 0x00, 0x00, 0x00, 0x00, 0xF8, 0xFF, 0x01, 0x00, 0x00, 0x00, 0x00,
    0x84, 0x88, 0x01, 0x00, 0x00, 0x00, 0x00, 0x00, 0x00, 0x00, 0x00, 0x00,
    0x00, 0x00, 0x20, 0x14, 0x00, 0x00, 0x00, 0x00, 0x00, 0xE6, 0xDF, 0x03,
    0x00, 0x00, 0x00, 0x10, 0xFE, 0xFF, 0x0A, 0x00, 0x00, 0x00, 0x10, 0xFE,
    0xFF, 0x0A, 0x00, 0x00, 0x00, 0x00, 0xE6, 0xDF, 0x03, 0x00, 0x00, 0x00,
    0x00, 0x20, 0x14, 0x00, 0x00, 0x00, 0x00, 0x00, 0x00, 0x00, 0x10, 0x53,
    0x77, 0x67, 0x24, 0x00, 0x00, 0x00, 0x00, 0x00, 0x00, 0x00, 0x00, 0xA4,
    0xFD, 0xFF, 0xFF, 0xFF, 0xCE, 0x17, 0x00, 0x00, 0x00, 0x00, 0x00, 0x30,
    0xFB, 0xFF, 0xFF, 0xFF, 0xFF, 0xFF, 0xFF, 0x6D, 0x00, 0x00, 0x00, 0x00,
    0x60, 0xFF, 0xFF, 0xAE, 0x57, 0x44, 0x75, 0xEB, 0xFF, 0x9F, 0x00, 0x00,
    0x00, 0x60, 0xFF, 0xEF, 0x17, 0x00, 0x00, 0x00, 0x00, 0x92, 0xFF, 0x9F,
    0x00, 0x00, 0x30, 0xFF, 0xCF, 0x02, 0x00, 0x00, 0x00, 0x00, 0x00, 0x50,
    0xFF, 0x7F, 0x00, 0x00, 0xFC, 0xDF, 0x02, 0x00, 0x20, 0x44, 0x02, 0x00,
    0x01, 0x60, 0xFF, 0x2E, 0x00, 0xF4, 0xFF, 0x04, 0x00, 0xA2, 0xFE, 0xEF,
    0x39, 0xDD, 0x06, 0xA0, 0xFF, 0x08, 0xA0, 0xFF, 0x0B, 0x00, 0xE3, 0xFF,
    0xFF, 0xFF, 0xFD, 0x8F, 0x00, 0xF3, 0xDF, 0x10, 0xFE, 0x5F, 0x00, 0xD1,
    0xFF, 0xCF, 0xDB, 0xFF, 0xFF, 0x07, 0x00, 0xFD, 0x3F, 0xF3, 0xFF, 0x02,
    0x60, 0xFF, 0x3D, 0x00, 0x50, 0xFF, 0x8F, 0x00, 0xA0, 0xFF, 0x56, 0xFF,
    0x0D, 0x00, 0xFB, 0x4F, 0x00, 0x00, 0x90, 0xFF, 0x08, 0x00, 0xF8, 0x7F,
    0xF7, 0xCF, 0x00, 0xD0, 0xDF, 0x00, 0x00, 0x00, 0xF5, 0x7F, 0x10, 0x80,
    0xFF, 0x77, 0xFF, 0x0B, 0x10, 0xFE, 0x0B, 0x00, 0x00, 0x40, 0xFF, 0x07,
    0x01, 0xF8, 0x7F, 0xF7, 0xBF, 0x00, 0xD1, 0xCF, 0x00, 0x00, 0x00, 0xF4,
    0x7F, 0x00, 0x90, 0xFF, 0x66, 0xFF, 0x0C, 0x00, 0xFC, 0x1E, 0x00, 0x00,
    0x70, 0xFF, 0x08, 0x00, 0xFA, 0x4F, 0xF5, 0xEF, 0x01, 0x90, 0xFF, 0x07,
    0x00, 0x00, 0xFC, 0x7F, 0x00, 0xD0, 0xEF, 0x31, 0xFF, 0x4F, 0x00, 0xF4,
    0xFF, 0x27, 0x31, 0xFB, 0xFF, 0x0B, 0x70, 0xFF, 0x0A, 0xD0, 0xFF, 0x09,
    0x00, 0xF9, 0xFF, 0xEE, 0xFF, 0xDD, 0xFF, 0xCC, 0xFF, 0x3F, 0x00, 0xF9,
    0xEF, 0x01, 0x00, 0xFA, 0xFF, 0xFF, 0x4E, 0xF5, 0xFF, 0xFF, 0x5F, 0x00,
    0x30, 0xFF, 0xAF, 0x00, 0x00, 0x94, 0xBB, 0x28, 0x00, 0x83, 0xBB, 0x38,
    0x00, 0x00, 0x90, 0xFF, 0x9F, 0x00, 0x00, 0x00, 0x00, 0x00, 0x00, 0x00,
    0x00, 0x00, 0x00, 0x00, 0xD1, 0xFF, 0xBF, 0x03, 0x00, 0x00, 0x00, 0x00,
    0x00, 0x00, 0x00, 0x00, 0x00, 0x00, 0xD2, 0xFF, 0xFF, 0x6B, 0x23, 0x11,
    0x31, 0xA6, 0x0B, 0x00, 0x00, 0x00, 0x00, 0x00, 0xB2, 0xFF, 0xFF, 0xFF,
    0xEE, 0xEE, 0xFF, 0xFF, 0x05, 0x00, 0x00, 0x00, 0x00, 0x00, 0x50, 0xFC,
    0xFF, 0xFF, 0xFF, 0xFF, 0xFF, 0x7E, 0x00, 0x00, 0x00, 0x00, 0x00, 0x00,
    0x00, 0x73, 0xCA, 0xED, 0xDE, 0x9B, 0x26, 0x00, 0x00, 0x00, 0x00, 0x00,
    0x00, 0x00, 0x00, 0x00, 0x10, 0x11, 0x00, 0x00, 0x00, 0x00, 0x00, 0x00,
    0x00, 0x00, 0x00, 0x00, 0x22, 0x22, 0x02, 0x00, 0x00, 0x00, 0x00, 0x00,
    0x00, 0x00, 0xF3, 0xFF, 0xEF, 0x01, 0x00, 0x00, 0x00, 0x00, 0x00, 0x00,
    0x80, 0xFF, 0xFF, 0x6F, 0x00, 0x00, 0x00, 0x00, 0x00, 0x00, 0x00, 0xFD,
    0xFF, 0xFF, 0x0B, 0x00, 0x00, 0x00, 0x00, 0x00, 0x00, 0xF3, 0xEF, 0xFB,
    0xEF, 0x02, 0x00, 0x00, 0x00, 0x00, 0x00, 0x80, 0xFF, 0x4D, 0xFF, 0x7F,
    0x00, 0x00, 0x00, 0x00, 0x00, 0x00, 0xFD, 0xAF, 0xD0, 0xFF, 0x0C, 0x00,
    0x00, 0x00, 0x00, 0x00, 0xF4, 0xFF, 0x07, 0xFA, 0xFF, 0x03, 0x00, 0x00,
    0x00, 0x00, 0x90, 0xFF, 0x3F, 0x50, 0xFF, 0x7F, 0x00, 0x00, 0x00, 0x00,
    0x10, 0xFE, 0xDF, 0x00, 0xE2, 0xFF, 0x0C, 0x00, 0x00, 0x00, 0x00, 0xF5,
    0xFF, 0x09, 0x00, 0xFB, 0xFF, 0x03, 0x00, 0x00, 0x00, 0xA0, 0xFF, 0x5F,
    0x10, 0x70, 0xFF, 0x8F, 0x00, 0x00, 0x00, 0x10, 0xFE, 0xDF, 0x00, 0x00,
    0xE1, 0xFF, 0x1D, 0x00, 0x00, 0x00, 0xF5, 0xFF, 0x4B, 0x44, 0x44, 0xFC,
    0xFF, 0x04, 0x00, 0x00, 0xA0, 0xFF, 0xFF, 0xFF, 0xFF, 0xFF, 0xFF, 0x9F,
    0x00, 0x00, 0x10, 0xFE, 0xFF, 0xFF, 0xFF, 0xFF, 0xFF, 0xFF, 0x1E, 0x00,
    0x00, 0xF6, 0xFF, 0xBD, 0xBB, 0xBB, 0xBB, 0xFE, 0xFF, 0x05, 0x00, 0xB0,
    0xFF, 0x5F, 0x00, 0x00, 0x00, 0x60, 0xFF, 0xAF, 0x00, 0x20, 0xFE, 0xEF,
    0x01, 0x00, 0x00, 0x00, 0xE1, 0xFF, 0x1E, 0x00, 0xF6, 0xFE, 0x0A, 0x00,
    0x00, 0x00, 0x00, 0xFB, 0xFF, 0x06, 0xC0, 0xFF, 0x5F, 0x00, 0x00, 0x00,
    0x00, 0x60, 0xFF, 0xCF, 0x20, 0xEE, 0xDE, 0x01, 0x00, 0x00, 0x00, 0x00,
    0xD1, 0xEE, 0x2E, 0x10, 0x11, 0x01, 0x00, 0x00, 0x00, 0x00, 0x00, 0x11,
    0x11, 0x00, 0x10, 0x11, 0x11, 0x11, 0x11, 0x00, 0x00, 0x00, 0x10, 0xED,
    0xEE, 0xEE, 0xEE, 0xDE, 0x6A, 0x00, 0x00, 0xE1, 0xFF, 0xFF, 0xFF, 0xFF,
    0xFF, 0xCF, 0x02, 0x10, 0xFE, 0xFF, 0xFF, 0xFF, 0xFF, 0xFF, 0xCF, 0x01,
    0xE1, 0xFF, 0x4C, 0x44, 0x54, 0xFA, 0xFF, 0x6F, 0x10, 0xFE, 0xBF, 0x00,
    0x00, 0x00, 0xF8, 0xFF, 0x0A, 0xE1, 0xFF, 0x0B, 0x00, 0x00, 0x10, 0xFE,
    0xBF, 0x10, 0xFE, 0xBF, 0x00, 0x00, 0x00, 0xE1, 0xFF, 0x0A, 0xE1, 0xFF,
    0x0B, 0x00, 0x00, 0x70, 0xFF, 0x5F, 0x10, 0xFE, 0xBF, 0x11, 0x11, 0x72,
    0xFF, 0xAF, 0x00, 0xE1, 0xFF, 0xEF, 0xEE, 0xFE, 0xFF, 0x6C, 0x00, 0x10,
    0xFE, 0xFF, 0xFF, 0xFF, 0xFF, 0xCF, 0x27, 0x00, 0xE1, 0xFF, 0xBE, 0xBB,
    0xBB, 0xFD, 0xFF, 0x4E, 0x10, 0xFE, 0xBF, 0x00, 0x00, 0x10, 0xE6, 0xFF,
    0x1E, 0xE1, 0xFF, 0x0B, 0x00, 0x00, 0x00, 0xF6, 0xFF, 0x17, 0xFE, 0xBF,
    0x00, 0x00, 0x00, 0x10, 0xFE, 0xAF, 0xE1, 0xFF, 0x0B, 0x00, 0x00, 0x00,
    0xE1, 0xFF, 0x1B, 0xFE, 0xBF, 0x00, 0x00, 0x00, 0x80, 0xFF, 0x9F, 0xE1,
    0xFF, 0x4C, 0x44, 0x44, 0xA6, 0xFF, 0xFF, 0x15, 0xFE, 0xFF, 0xFF, 0xFF,
    0xFF, 0xFF, 0xFF, 0x0B, 0xE1, 0xFF, 0xFF, 0xFF, 0xFF, 0xFF, 0xFF, 0x1A,
    0x10, 0xED, 0xEE, 0xEE, 0xEE, 0xEE, 0x9C, 0x04, 0x00, 0x10, 0x11, 0x11,
    0x11, 0x11, 0x01, 0x00, 0x00, 0x00, 0x00, 0x00, 0x00, 0x30, 0x76, 0x67,
    0x14, 0x00, 0x00, 0x00, 0x00, 0x00, 0xC6, 0xFF, 0xFF, 0xFF, 0x8D, 0x01,
    0x00, 0x00, 0x10, 0xFA, 0xFF, 0xFF, 0xFF, 0xFF, 0xDF, 0x03, 0x00, 0x10,
    0xFC, 0xFF, 0xFF, 0xEE, 0xFF, 0xFF, 0xEF, 0x02, 0x00, 0xF9, 0xFF, 0xAF,
    0x24, 0x31, 0xE7, 0xFF, 0xCF, 0x00, 0xF3, 0xFF, 0x6F, 0x00, 0x00, 0x00,
    0xE3, 0xFF, 0x5F, 0xA0, 0xFF, 0x8F, 0x00, 0x00, 0x00, 0x00, 0xF5, 0xFF,
    0x1B, 0xFE, 0xDF, 0x01, 0x00, 0x00, 0x00, 0x00, 0xDB, 0xBD, 0xF4, 0xFF,
    0x09, 0x00, 0x00, 0x00, 0x00, 0x00, 0x00, 0x60, 0xFF, 0x6F, 0x00, 0x00,
    0x00, 0x00, 0x00, 0x00, 0x00, 0xF7, 0xFF, 0x04, 0x00, 0x00, 0x00, 0x00,
    0x00, 0x00, 0x70, 0xFF, 0x4F, 0x00, 0x00, 0x00, 0x00, 0x00, 0x00, 0x00,
    0xF7, 0xFF, 0x04, 0x00, 0x00, 0x00, 0x00, 0x00, 0x00, 0x60, 0xFF, 0x6F,
    0x00, 0x00, 0x00, 0x00, 0x00, 0x00, 0x00, 0xF3, 0xFF, 0x0A, 0x00, 0x00,
    0x00, 0x00, 0x20, 0x33, 0x12, 0xFD, 0xEF, 0x01, 0x00, 0x00, 0x00, 0x10,
    0xFE, 0xDF, 0x90, 0xFF, 0xAF, 0x00, 0x00, 0x00, 0x00, 0xF7, 0xFF, 0x09,
    0xF2, 0xFF, 0x8F, 0x00, 0x00, 0x00, 0xF6, 0xFF, 0x3F, 0x00, 0xF7, 0xFF,
    0xDF, 0x57, 0x64, 0xFB, 0xFF, 0x9F, 0x00, 0x00, 0xF9, 0xFF, 0xFF, 0xFF,
    0xFF, 0xFF, 0xBF, 0x01, 0x00, 0x00, 0xF7, 0xFF, 0xFF, 0xFF, 0xFF, 0x9F,
    0x01, 0x00, 0x00, 0x00, 0x93, 0xFD, 0xFF, 0xEF, 0x4A, 0x00, 0x00, 0x00,
    0x00, 0x00, 0x00, 0x42, 0x34, 0x01, 0x00, 0x00, 0x00, 0x10, 0x11, 0x11,
    0x11, 0x11, 0x00, 0x00, 0x00, 0x00, 0x10, 0xED, 0xEE, 0xEE, 0xEE, 0xCD,
    0x49, 0x00, 0x00, 0x00, 0xE1, 0xFF, 0xFF, 0xFF, 0xFF, 0xFF, 0xBF, 0x03,
    0x00, 0x10, 0xFE, 0xFF, 0xFF, 0xFF, 0xFF, 0xFF, 0xFF, 0x05, 0x00, 0xE1,
    0xFF, 0x4C, 0x44, 0x64, 0xE9, 0xFF, 0xFF, 0x03, 0x10, 0xFE, 0xBF, 0x00,
    0x00, 0x00, 0xB2, 0xFF, 0xCF, 0x00, 0xE1, 0xFF, 0x0B, 0x00, 0x00, 0x00,
    0xC0, 0xFF, 0x5F, 0x10, 0xFE, 0xBF, 0x00, 0x00, 0x00, 0x00, 0xF4, 0xFF,
    0x0A, 0xE1, 0xFF, 0x0B, 0x00, 0x00, 0x00, 0x00, 0xFD, 0xEF, 0x11, 0xFE,
    0xBF, 0x00, 0x00, 0x00, 0x00, 0xA0, 0xFF, 0x2F, 0xE1, 0xFF, 0x0B, 0x00,
    0x00, 0x00, 0x00, 0xF8, 0xFF, 0x13, 0xFE, 0xBF, 0x00, 0x00, 0x00, 0x00,
    0x70, 0xFF, 0x4F, 0xE1, 0xFF, 0x0B, 0x00, 0x00, 0x00, 0x00, 0xF8, 0xFF,
    0x13, 0xFE, 0xBF, 0x00, 0x00, 0x00, 0x00, 0xA0, 0xFF, 0x2F, 0xE1, 0xFF,
    0x0B, 0x00, 0x00, 0x00, 0x00, 0xFD, 0xDF, 0x11, 0xFE, 0xBF, 0x00, 0x00,
    0x00, 0x00, 0xF4, 0xFF, 0x0A, 0xE1, 0xFF, 0x0B, 0x00, 0x00, 0x00, 0xC0,
    0xFF, 0x5F, 0x10, 0xFE, 0xBF, 0x00, 0x00, 0x00, 0xB2, 0xFF, 0xCF, 0x00,
    0xE1, 0xFF, 0x4C, 0x44, 0x64, 0xE9, 0xFF, 0xFF, 0x03, 0x10, 0xFE, 0xFF,
    0xFF, 0xFF, 0xFF, 0xFF, 0xEF, 0x05, 0x00, 0xE1, 0xFF, 0xFF, 0xFF, 0xFF,
    0xFF, 0xBF, 0x03, 0x00, 0x10, 0xED, 0xEE, 0xEE, 0xEE, 0xCD, 0x49, 0x00,
    0x00, 0x00, 0x10, 0x11, 0x11, 0x11, 0x11, 0x00, 0x00, 0x00, 0x00, 0x00,
    0x10, 0x11, 0x11, 0x11, 0x11, 0x11, 0x11, 0x11, 0xED, 0xEE, 0xEE, 0xEE,
    0xEE, 0xEE, 0xAE, 0xE1, 0xFF, 0xFF, 0xFF, 0xFF, 0xFF, 0xFF, 0x1B, 0xFE,
    0xFF, 0xFF, 0xFF, 0xFF, 0xFF, 0xCF, 0xE1, 0xFF, 0x4C, 0x44, 0x44, 0x44,
    0x44, 0x13, 0xFE, 0xBF, 0x00, 0x00, 0x00, 0x00, 0x00, 0xE1, 0xFF, 0x0B,
    0x00, 0x00, 0x00, 0x00, 0x10, 0xFE, 0xBF, 0x00, 0x00, 0x00, 0x00, 0x00,
    0xE1, 0xFF, 0x0B, 0x00, 0x00, 0x00, 0x00, 0x10, 0xFE, 0xCF, 0x44, 0x44,
    0x44, 0x44, 0x04, 0xE1, 0xFF, 0xFF, 0xFF, 0xFF, 0xFF, 0xFF, 0x11, 0xFE,
    0xFF, 0xFF, 0xFF, 0xFF, 0xFF, 0x1E, 0xE1, 0xFF, 0xEF, 0xEE, 0xEE, 0xEE,
    0xDE, 0x11, 0xFE, 0xBF, 0x11, 0x11, 0x11, 0x11, 0x01, 0xE1, 0xFF, 0x0B,
    0x00, 0x00, 0x00, 0x00, 0x10, 0xFE, 0xBF, 0x00, 0x00, 0x00, 0x00, 0x00,
    0xE1, 0xFF, 0x0B, 0x00, 0x00, 0x00, 0x00, 0x10, 0xFE, 0xBF, 0x00, 0x00,
    0x00, 0x00, 0x00, 0xE1, 0xFF, 0x4C, 0x44, 0x44, 0x44, 0x44, 0x13, 0xFE,
    0xFF, 0xFF, 0xFF, 0xFF, 0xFF, 0xCF, 0xE1, 0xFF, 0xFF, 0xFF, 0xFF, 0xFF,
    0xFF, 0x1B, 0xED, 0xEE, 0xEE, 0xEE, 0xEE, 0xEE, 0xAE, 0x10, 0x11, 0x11,
    0x11, 0x11, 0x11, 0x11, 0x01, 0x40, 0x44, 0x44, 0x44, 0x44, 0x44, 0x44,
    0x12, 0xFF, 0xFF, 0xFF, 0xFF, 0xFF, 0xFF, 0x8F, 0xE1, 0xFF, 0xFF, 0xFF,
    0xFF, 0xFF, 0xFF, 0x18, 0xFE, 0xFF, 0xEE, 0xEE, 0xEE, 0xEE, 0x7E, 0xE1,
    0xFF, 0x1B, 0x11, 0x11, 0x11, 0x11, 0x10, 0xFE, 0xBF, 0x00, 0x00, 0x00,
    0x00, 0x00, 0xE1, 0xFF, 0x0B, 0x00, 0x00, 0x00, 0x00, 0x10, 0xFE, 0xBF,
    0x00, 0x00, 0x00, 0x00, 0x00, 0xE1, 0xFF, 0x0B, 0x00, 0x00, 0x00, 0x00,
    0x10, 0xFE, 0xBF, 0x00, 0x00, 0x00, 0x00, 0x00, 0xE1, 0xFF, 0xBE, 0xBB,
    0xBB, 0xBB, 0x6B, 0x10, 0xFE, 0xFF, 0xFF, 0xFF, 0xFF, 0xFF, 0x08, 0xE1,
    0xFF, 0xFF, 0xFF, 0xFF, 0xFF, 0x8F, 0x10, 0xFE, 0xDF, 0x88, 0x88, 0x88,
    0x87, 0x04, 0xE1, 0xFF, 0x0B, 0x00, 0x00, 0x00, 0x00, 0x10, 0xFE, 0xBF,
    0x00, 0x00, 0x00, 0x00, 0x00, 0xE1, 0xFF, 0x0B, 0x00, 0x00, 0x00, 0x00,
    0x10, 0xFE, 0xBF, 0x00, 0x00, 0x00, 0x00, 0x00, 0xE1, 0xFF, 0x0B, 0x00,
    0x00, 0x00, 0x00, 0x10, 0xFE, 0xBF, 0x00, 0x00, 0x00, 0x00, 0x00, 0xE1,
    0xFF, 0x0B, 0x00, 0x00, 0x00, 0x00, 0x10, 0xDC, 0x9D, 0x00, 0x00, 0x00,
    0x00, 0x00, 0x00, 0x00, 0x00, 0x30, 0x75, 0x67, 0x14, 0x00, 0x00, 0x00,
    0x00, 0x00, 0x50, 0xFC, 0xFF, 0xFF, 0xDF, 0x18, 0x00, 0x00, 0x00, 0x10,
    0xFA, 0xFF, 0xFF, 0xFF, 0xFF, 0xDF, 0x03, 0x00, 0x00, 0xB1, 0xFF, 0xFF,
    0xEF, 0xFE, 0xFF, 0xFF, 0x3E, 0x00, 0x00, 0xF9, 0xFF, 0xAF, 0x24, 0x31,
    0xE7, 0xFF, 0xDF, 0x01, 0x30, 0xFF, 0xFF, 0x06, 0x00, 0x00, 0x30, 0xFE,
    0xFE, 0x06, 0xA0, 0xFF, 0x8F, 0x00, 0x00, 0x00, 0x00, 0xF6, 0xFF, 0x0D,
    0xE1, 0xFF, 0x1D, 0x00, 0x00, 0x00, 0x00, 0x90, 0xAA, 0x19, 0xF4, 0xFF,
    0x09, 0x00, 0x00, 0x00, 0x00, 0x00, 0x00, 0x00, 0xF6, 0xFF, 0x06, 0x00,
    0x00, 0x00, 0x00, 0x00, 0x00, 0x00, 0xF7, 0xFF, 0x04, 0x00, 0x00, 0x10,
    0x11, 0x11, 0x11, 0x01, 0xF7, 0xFF, 0x04, 0x00, 0x00, 0xE5, 0xEE, 0xEE,
    0xEE, 0x4E, 0xF7, 0xFF, 0x04, 0x00, 0x00, 0xF6, 0xFF, 0xFF, 0xFF, 0x4F,
    0xF6, 0xFF, 0x06, 0x00, 0x00, 0xE5, 0xEE, 0xEE, 0xFF, 0x4F, 0xF3, 0xFF,
    0x0A, 0x00, 0x00, 0x10, 0x11, 0x81, 0xFF, 0x3F, 0xD1, 0xFF, 0x2E, 0x00,
    0x00, 0x00, 0x00, 0xB0, 0xFF, 0x2F, 0x90, 0xFF, 0xAF, 0x00, 0x00, 0x00,
    0x00, 0xF3, 0xFF, 0x0C, 0x20, 0xFF, 0xFF, 0x19, 0x00, 0x00, 0x30, 0xFD,
    0xFF, 0x07, 0x00, 0xF7, 0xFF, 0xDF, 0x58, 0x64, 0xF9, 0xFF, 0xCF, 0x01,
    0x00, 0x90, 0xFF, 0xFF, 0xFF, 0xFF, 0xFF, 0xFF, 0x3E, 0x00, 0x00, 0x00,
    0xE7, 0xFF, 0xFF, 0xFF, 0xFF, 0xCF, 0x03, 0x00, 0x00, 0x00, 0x20, 0xD9,
    0xFF, 0xFF, 0xBE, 0x06, 0x00, 0x00, 0x00, 0x00, 0x00, 0x00, 0x42, 0x34,
    0x01, 0x00, 0x00, 0x00, 0x10, 0x11, 0x01, 0x00, 0x00, 0x00, 0x00, 0x10,
    0x11, 0x10, 0xED, 0xAE, 0x00, 0x00, 0x00, 0x00, 0x70, 0xEE, 0x3E, 0xE1,
    0xFF, 0x0B, 0x00, 0x00, 0x00, 0x00, 0xF8, 0xFF, 0x14, 0xFE, 0xBF, 0x00,
    0x00, 0x00, 0x00, 0x70, 0xFF, 0x4F, 0xE1, 0xFF, 0x0B, 0x00, 0x00, 0x00,
    0x00, 0xF8, 0xFF, 0x14, 0xFE, 0xBF, 0x00, 0x00, 0x00, 0x00, 0x80, 0xFF,
    0x4F, 0xE1, 0xFF, 0x0B, 0x00, 0x00, 0x00, 0x00, 0xF8, 0xFF, 0x14, 0xFE,
    0xBF, 0x00, 0x00, 0x00, 0x00, 0x80, 0xFF, 0x4F, 0xE1, 0xFF, 0x0B, 0x00,
    0x00, 0x00, 0x00, 0xF7, 0xFF, 0x14, 0xFE, 0xDF, 0x88, 0x88, 0x88, 0x88,
    0xB8, 0xFF, 0x4F, 0xE1, 0xFF, 0xFF, 0xFF, 0xFF, 0xFF, 0xFF, 0xFF, 0xFF,
    0x14, 0xFE, 0xFF, 0xFF, 0xFF, 0xFF, 0xFF, 0xFF, 0xFF, 0x4F, 0xE1, 0xFF,
    0xBE, 0xBB, 0xBB, 0xBB, 0xBB, 0xFD, 0xFF, 0x14, 0xFE, 0xBF, 0x00, 0x00,
    0x00, 0x00, 0x70, 0xFF, 0x4F, 0xE1, 0xFF, 0x0B, 0x00, 0x00, 0x00, 0x00,
    0xF8, 0xFF, 0x14, 0xFE, 0xBF, 0x00, 0x00, 0x00, 0x00, 0x80, 0xFF, 0x4F,
    0xE1, 0xFF, 0x0B, 0x00, 0x00, 0x00, 0x00, 0xF8, 0xFF, 0x14, 0xFE, 0xBF,
    0x00, 0x00, 0x00, 0x00, 0x80, 0xFF, 0x4F, 0xE1, 0xFF, 0x0B, 0x00, 0x00,
    0x00, 0x00, 0xF8, 0xFF, 0x14, 0xFE, 0xBF, 0x00, 0x00, 0x00, 0x00, 0x70,
    0xFF, 0x4F, 0xE1, 0xFF, 0x0B, 0x00, 0x00, 0x00, 0x00, 0xF8, 0xFF, 0x14,
    0xED, 0xAE, 0x00, 0x00, 0x00, 0x00, 0x70, 0xEE, 0x3E, 0x10, 0x11, 0x01,
    0x00, 0x00, 0x00, 0x00, 0x10, 0x11, 0x00, 0x10, 0x11, 0x11, 0xED, 0xAE,
    0xE1, 0xFF, 0x1B, 0xFE, 0xBF, 0xE1, 0xFF, 0x1B, 0xFE, 0xBF, 0xE1, 0xFF,
    0x1B, 0xFE, 0xBF, 0xE1, 0xFF, 0x1B, 0xFE, 0xBF, 0xE1, 0xFF, 0x1B, 0xFE,
    0xBF, 0xE1, 0xFF, 0x1B, 0xFE, 0xBF, 0xE1, 0xFF, 0x1B, 0xFE, 0xBF, 0xE1,
    0xFF, 0x1B, 0xFE, 0xBF, 0xE1, 0xFF, 0x1B, 0xFE, 0xBF, 0xE1, 0xFF, 0x1B,
    0xED, 0xAE, 0x10, 0x11, 0x01, 0x00, 0x00, 0x00, 0x00, 0x00, 0x21, 0x32,
    0x01, 0x00, 0x00, 0x00, 0x00, 0x40, 0xFF, 0x7F, 0x00, 0x00, 0x00, 0x00,
    0x00, 0xF4, 0xFF, 0x08, 0x00, 0x00, 0x00, 0x00, 0x40, 0xFF, 0x8F, 0x00,
    0x00, 0x00, 0x00, 0x00, 0xF4, 0xFF, 0x08, 0x00, 0x00, 0x00, 0x00, 0x40,
    0xFF, 0x8F, 0x00, 0x00, 0x00, 0x00, 0x00, 0xF4, 0xFF, 0x08, 0x00, 0x00,
    0x00, 0x00, 0x40, 0xFF, 0x8F, 0x00, 0x00, 0x00, 0x00, 0x00, 0xF4, 0xFF,
    0x08, 0x00, 0x00, 0x00, 0x00, 0x40, 0xFF, 0x8F, 0x00, 0x00, 0x00, 0x00,
    0x00, 0xF4, 0xFF, 0x08, 0x00, 0x00, 0x00, 0x00, 0x40, 0xFF, 0x8F, 0x00,
    0x00, 0x00, 0x00, 0x00, 0xF4, 0xFF, 0x08, 0x00, 0x00, 0x00, 0x00, 0x40,
    0xFF, 0x8F, 0x70, 0x88, 0x06, 0x00, 0x00, 0xF4, 0xFF, 0x18, 0xFF, 0xCF,
    0x00, 0x00, 0x40, 0xFF, 0x8F, 0xD1, 0xFF, 0x0B, 0x00, 0x00, 0xF4, 0xFF,
    0x07, 0xFC, 0xEF, 0x01, 0x00, 0x80, 0xFF, 0x5F, 0x80, 0xFF, 0xAF, 0x01,
    0x40, 0xFE, 0xEF, 0x01, 0xE2, 0xFF, 0xEF, 0xCB, 0xFF, 0xFF, 0x08, 0x00,
    0xE4, 0xFF, 0xFF, 0xFF, 0xFF, 0x0A, 0x00, 0x00, 0x92, 0xFD, 0xFF, 0xCE,
    0x06, 0x00, 0x00, 0x00, 0x10, 0x43, 0x24, 0x00, 0x00, 0x00, 0x10, 0x11,
    0x01, 0x00, 0x00, 0x00, 0x00, 0x11, 0x11, 0x10, 0xED, 0xAE, 0x00, 0x00,
    0x00, 0x00, 0xEB, 0xEE, 0x1C, 0xE1, 0xFF, 0x0B, 0x00, 0x00, 0x00, 0xF9,
    0xFF, 0x2E, 0x10, 0xFE, 0xBF, 0x00, 0x00, 0x00, 0xF8, 0xFF, 0x3E, 0x00,
    0xE1, 0xFF, 0x0B, 0x00, 0x00, 0xF6, 0xFF, 0x4F, 0x00, 0x10, 0xFE, 0xBF,
    0x00, 0x00, 0xF5, 0xFF, 0x6F, 0x00, 0x00, 0xE1, 0xFF, 0x0B, 0x00, 0xE3,
    0xFF, 0x7F, 0x00, 0x00, 0x10, 0xFE, 0xBF, 0x00, 0xE2, 0xFF, 0x9F, 0x00,
    0x00, 0x00, 0xE1, 0xFF, 0x0B, 0xC1, 0xFF, 0xAF, 0x00, 0x00, 0x00, 0x10,
    0xFE, 0xBF, 0xA0, 0xFF, 0xBF, 0x01, 0x00, 0x00, 0x00, 0xE1, 0xFF, 0x6A,
    0xFF, 0xFF, 0x08, 0x00, 0x00, 0x00, 0x10, 0xFE, 0xDF, 0xFE, 0xFF, 0xFF,
    0x04, 0x00, 0x00, 0x00, 0xE1, 0xFF, 0xFF, 0xDF, 0xFF, 0xDF, 0x01, 0x00,
    0x00, 0x10, 0xFE, 0xFF, 0xBF, 0xB1, 0xFF, 0x9F, 0x00, 0x00, 0x00, 0xE1,
    0xFF, 0xCF, 0x01, 0xE2, 0xFF, 0x5F, 0x00, 0x00, 0x10, 0xFE, 0xDF, 0x01,
    0x00, 0xF5, 0xFF, 0x1E, 0x00, 0x00, 0xE1, 0xFF, 0x0B, 0x00, 0x00, 0xFA,
    0xFF, 0x0B, 0x00, 0x10, 0xFE, 0xBF, 0x00, 0x00, 0x10, 0xFE, 0xFF, 0x06,
    0x00, 0xE1, 0xFF, 0x0B, 0x00, 0x00, 0x50, 0xFF, 0xEF, 0x02, 0x10, 0xFE,
    0xBF, 0x00, 0x00, 0x00, 0xA0, 0xFF, 0xBF, 0x00, 0xE1, 0xFF, 0x0B, 0x00,
    0x00, 0x00, 0xD1, 0xFF, 0x7F, 0x10, 0xED, 0xAE, 0x00, 0x00, 0x00, 0x00,
    0xE4, 0xEE, 0x3E, 0x10, 0x11, 0x01, 0x00, 0x00, 0x00, 0x00, 0x11, 0x11,
    0x01, 0x10, 0x11, 0x01, 0x00, 0x00, 0x00, 0x00, 0x10, 0xED, 0xAE, 0x00,
    0x00, 0x00, 0x00, 0x00, 0xE1, 0xFF, 0x0B, 0x00, 0x00, 0x00, 0x00, 0x10,
    0xFE, 0xBF, 0x00, 0x00, 0x00, 0x00, 0x00, 0xE1, 0xFF, 0x0B, 0x00, 0x00,
    0x00, 0x00, 0x10, 0xFE, 0xBF, 0x00, 0x00, 0x00, 0x00, 0x00, 0xE1, 0xFF,
    0x0B, 0x00, 0x00, 0x00, 0x00, 0x10, 0xFE, 0xBF, 0x00, 0x00, 0x00, 0x00,
    0x00, 0xE1, 0xFF, 0x0B, 0x00, 0x00, 0x00, 0x00, 0x10, 0xFE, 0xBF, 0x00,
    0x00, 0x00, 0x00, 0x00, 0xE1, 0xFF, 0x0B, 0x00, 0x00, 0x00, 0x00, 0x10,
    0xFE, 0xBF, 0x00, 0x00, 0x00, 0x00, 0x00, 0xE1, 0xFF, 0x0B, 0x00, 0x00,
    0x00, 0x00, 0x10, 0xFE, 0xBF, 0x00, 0x00, 0x00, 0x00, 0x00, 0xE1, 0xFF,
    0x0B, 0x00, 0x00, 0x00, 0x00, 0x10, 0xFE, 0xBF, 0x00, 0x00, 0x00, 0x00,
    0x00, 0xE1, 0xFF, 0x0B, 0x00, 0x00, 0x00, 0x00, 0x10, 0xFE, 0xBF, 0x00,
    0x00, 0x00, 0x00, 0x00, 0xE1, 0xFF, 0x4C, 0x44, 0x44, 0x44, 0x44, 0x11,
    0xFE, 0xFF, 0xFF, 0xFF, 0xFF, 0xFF, 0x3F, 0xE1, 0xFF, 0xFF, 0xFF, 0xFF,
    0xFF, 0xFF, 0x12, 0xED, 0xEE, 0xEE, 0xEE, 0xEE, 0xEE, 0x2E, 0x10, 0x11,
    0x11, 0x11, 0x11, 0x11, 0x11, 0x00, 0x10, 0x11, 0x11, 0x01, 0x00, 0x00,
    0x00, 0x00, 0x00, 0x11, 0x11, 0x01, 0xD1, 0xEE, 0xEE, 0x1D, 0x00, 0x00,
    0x00, 0x00, 0x50, 0xEE, 0xEE, 0x7E, 0xE1, 0xFF, 0xFF, 0x5F, 0x00, 0x00,
    0x00, 0x00, 0xB0, 0xFF, 0xFF, 0x8F, 0xE1, 0xFF, 0xFF, 0xBF, 0x00, 0x00,
    0x00, 0x00, 0xE2, 0xFF, 0xFF, 0x7F, 0xE1, 0xFF, 0xFF, 0xEF, 0x02, 0x00,
    0x00, 0x00, 0xF7, 0xEF, 0xFF, 0x8F, 0xE1, 0xFF, 0xDC, 0xFF, 0x07, 0x00,
    0x00, 0x00, 0xFC, 0xBF, 0xFE, 0x8F, 0xE1, 0xFF, 0xAA, 0xFF, 0x0C, 0x00,
    0x00, 0x30, 0xFF, 0x7F, 0xFE, 0x8F, 0xE1, 0xFF, 0x6A, 0xFF, 0x3F, 0x00,
    0x00, 0x80, 0xFF, 0x4D, 0xFF, 0x8F, 0xE1, 0xFF, 0x2A, 0xFF, 0x8F, 0x00,
    0x00, 0xD0, 0xFF, 0x3A, 0xFF, 0x8F, 0xE1, 0xFF, 0x0B, 0xFC, 0xDF, 0x01,
    0x00, 0xF4, 0xFF, 0x35, 0xFF, 0x8F, 0xE1, 0xFF, 0x0B, 0xF8, 0xFF, 0x04,
    0x00, 0xF9, 0xFF, 0x31, 0xFF, 0x8F, 0xE1, 0xFF, 0x0B, 0xF3, 0xFF, 0x0A,
    0x10, 0xFE, 0xBF, 0x40, 0xFF, 0x8F, 0xE1, 0xFF, 0x0B, 0xC0, 0xFF, 0x1E,
    0x50, 0xFF, 0x6F, 0x40, 0xFF, 0x8F, 0xE1, 0xFF, 0x0B, 0x60, 0xFF, 0x5F,
    0x90, 0xFF, 0x1E, 0x40, 0xFF, 0x8F, 0xE1, 0xFF, 0x0B, 0x20, 0xFE, 0x8F,
    0xD0, 0xFF, 0x0A, 0x40, 0xFF, 0x8F, 0xE1, 0xFF, 0x0B, 0x00, 0xFA, 0xBF,
    0xF2, 0xFF, 0x04, 0x40, 0xFF, 0x8F, 0xE1, 0xFF, 0x0B, 0x00, 0xF5, 0xDF,
    0xF7, 0xDF, 0x00, 0x40, 0xFF, 0x8F, 0xE1, 0xFF, 0x0B, 0x00, 0xD1, 0xFF,
    0xFD, 0x8F, 0x00, 0x40, 0xFF, 0x8F, 0xE1, 0xFF, 0x0B, 0x00, 0x90, 0xFF,
    0xFF, 0x3F, 0x00, 0x40, 0xFF, 0x8F, 0xE1, 0xFF, 0x0B, 0x00, 0x30, 0xFF,
    0xFF, 0x0C, 0x00, 0x40, 0xFF, 0x7F, 0xE1, 0xFF, 0x0B, 0x00, 0x00, 0xFC,
    0xFF, 0x07, 0x00, 0x40, 0xFF, 0x8F, 0xD1, 0xEE, 0x0A, 0x00, 0x00, 0xE7,
    0xEE, 0x02, 0x00, 0x40, 0xEE, 0x7E, 0x10, 0x11, 0x01, 0x00, 0x00, 0x10,
    0x11, 0x00, 0x00, 0x00, 0x11, 0x01, 0x10, 0x11, 0x01, 0x00, 0x00, 0x00,
    0x00, 0x10, 0x11, 0x11, 0xED, 0xEE, 0x08, 0x00, 0x00, 0x00, 0x10, 0xED,
    0xAE, 0xE1, 0xFF, 0xFF, 0x03, 0x00, 0x00, 0x00, 0xE1, 0xFF, 0x1B, 0xFE,
    0xFF, 0xCF, 0x00, 0x00, 0x00, 0x10, 0xFE, 0xBF, 0xE1, 0xFF, 0xFF, 0x7F,
    0x00, 0x00, 0x00, 0xE1, 0xFF, 0x1B, 0xFE, 0xFF, 0xFF, 0x2E, 0x00, 0x00,
    0x10, 0xFE, 0xBF, 0xE1, 0xFF, 0xDA, 0xFF, 0x0B, 0x00, 0x00, 0xE1, 0xFF,
    0x1B, 0xFE, 0x9F, 0xF6, 0xFF, 0x05, 0x00, 0x10, 0xFE, 0xBF, 0xE1, 0xFF,
    0x0B, 0xFD, 0xDF, 0x01, 0x00, 0xE1, 0xFF, 0x1B, 0xFE, 0xCF, 0x60, 0xFF,
    0x9F, 0x00, 0x10, 0xFE, 0xBF, 0xE1, 0xFF, 0x0C, 0xC0, 0xFF, 0x3F, 0x00,
    0xE1, 0xFF, 0x1B, 0xFE, 0xCF, 0x00, 0xF3, 0xFF, 0x0C, 0x10, 0xFE, 0xBF,
    0xE1, 0xFF, 0x0C, 0x00, 0xF9, 0xFF, 0x07, 0xE1, 0xFF, 0x1B, 0xFE, 0xCF,
    0x00, 0x10, 0xFD, 0xEF, 0x12, 0xFE, 0xBF, 0xE1, 0xFF, 0x0C, 0x00, 0x50,
    0xFF, 0x9F, 0xE0, 0xFF, 0x1B, 0xFE, 0xCF, 0x00, 0x00, 0xA0, 0xFF, 0x4F,
    0xFD, 0xBF, 0xE1, 0xFF, 0x0C, 0x00, 0x00, 0xE2, 0xFF, 0xDB, 0xFF, 0x1B,
    0xFE, 0xCF, 0x00, 0x00, 0x00, 0xF6, 0xFF, 0xFF, 0xBF, 0xE1, 0xFF, 0x0C,
    0x00, 0x00, 0x00, 0xFB, 0xFF, 0xFF, 0x1B, 0xFE, 0xCF, 0x00, 0x00, 0x00,
    0x30, 0xFF, 0xFF, 0xBF, 0xE1, 0xFF, 0x0C, 0x00, 0x00, 0x00, 0x80, 0xFF,
    0xFF, 0x1B, 0xED, 0xBE, 0x00, 0x00, 0x00, 0x00, 0xC1, 0xEE, 0xAE, 0x10,
    0x11, 0x01, 0x00, 0x00, 0x00, 0x00, 0x10, 0x11, 0x01, 0x00, 0x00, 0x00,
    0x30, 0x76, 0x67, 0x14, 0x00, 0x00, 0x00, 0x00, 0x00, 0x60, 0xFC, 0xFF,
    0xFF, 0xDF, 0x18, 0x00, 0x00, 0x00, 0x10, 0xFA, 0xFF, 0xFF, 0xFF, 0xFF,
    0xDF, 0x03, 0x00, 0x00, 0xC1, 0xFF, 0xFF, 0xEF, 0xFE, 0xFF, 0xFF, 0x3E,
    0x00, 0x00, 0xF9, 0xFF, 0xAF, 0x24, 0x31, 0xE8, 0xFF, 0xDF, 0x01, 0x30,
    0xFF, 0xFF, 0x05, 0x00, 0x00, 0x30, 0xFD, 0xFF, 0x07, 0xA0, 0xFF, 0x7F,
    0x00, 0x00, 0x00, 0x00, 0xF4, 0xFF, 0x1D, 0xE1, 0xFF, 0x1D, 0x00, 0x00,
    0x00, 0x00, 0xA0, 0xFF, 0x4F, 0xF4, 0xFF, 0x09, 0x00, 0x00, 0x00, 0x00,
    0x50, 0xFF, 0x7F, 0xF6, 0xFF, 0x06, 0x00, 0x00, 0x00, 0x00, 0x20, 0xFF,
    0xAF, 0xF7, 0xFF, 0x04, 0x00, 0x00, 0x00, 0x00, 0x10, 0xFE, 0xBF, 0xF7,
    0xFF, 0x04, 0x00, 0x00, 0x00, 0x00, 0x10, 0xFE, 0xBF, 0xF7, 0xFF, 0x04,
    0x00, 0x00, 0x00, 0x00, 0x10, 0xFE, 0xBF, 0xF6, 0xFF, 0x06, 0x00, 0x00,
    0x00, 0x00, 0x30, 0xFF, 0x9F, 0xF3, 0xFF, 0x0A, 0x00, 0x00, 0x00, 0x00,
    0x60, 0xFF, 0x7F, 0xD1, 0xFF, 0x2E, 0x00, 0x00, 0x00, 0x00, 0xC0, 0xFF,
    0x3F, 0x90, 0xFF, 0xAF, 0x00, 0x00, 0x00, 0x00, 0xF6, 0xFF, 0x0C, 0x20,
    0xFF, 0xFF, 0x09, 0x00, 0x00, 0x60, 0xFF, 0xFF, 0x05, 0x00, 0xF7, 0xFF,
    0xDF, 0x57, 0x64, 0xFB, 0xFF, 0xAF, 0x00, 0x00, 0x90, 0xFF, 0xFF, 0xFF,
    0xFF, 0xFF, 0xFF, 0x1C, 0x00, 0x00, 0x00, 0xF7, 0xFF, 0xFF, 0xFF, 0xFF,
    0xAF, 0x01, 0x00, 0x00, 0x00, 0x30, 0xD9, 0xFF, 0xFF, 0xAE, 0x04, 0x00,
    0x00, 0x00, 0x00, 0x00, 0x00, 0x42, 0x34, 0x01, 0x00, 0x00, 0x00, 0x10,
    0x11, 0x11, 0x11, 0x11, 0x00, 0x00, 0x00, 0x10, 0xED, 0xEE, 0xEE, 0xEE,
    0xCE, 0x4A, 0x00, 0x00, 0xE1, 0xFF, 0xFF, 0xFF, 0xFF, 0xFF, 0xAF, 0x01,
    0x10, 0xFE, 0xFF, 0xFF, 0xFF, 0xFF, 0xFF, 0xBF, 0x00, 0xE1, 0xFF, 0x4C,
    0x44, 0x64, 0xFA, 0xFF, 0x6F, 0x10, 0xFE, 0xBF, 0x00, 0x00, 0x00, 0xF6,
    0xFF, 0x0D, 0xE1, 0xFF, 0x0B, 0x00, 0x00, 0x00, 0xFB, 0xFF, 0x12, 0xFE,
    0xBF, 0x00, 0x00, 0x00, 0x80, 0xFF, 0x4F, 0xE1, 0xFF, 0x0B, 0x00, 0x00,
    0x00, 0xF8, 0xFF, 0x14, 0xFE, 0xBF, 0x00, 0x00, 0x00, 0xA0, 0xFF, 0x2F,
    0xE1, 0xFF, 0x0B, 0x00, 0x00, 0x30, 0xFF, 0xDF, 0x10, 0xFE, 0xBF, 0x11,
    0x11, 0x62, 0xFE, 0xFF, 0x06, 0xE1, 0xFF, 0xEF, 0xEE, 0xFE, 0xFF, 0xFF,
    0x0B, 0x10, 0xFE, 0xFF, 0xFF, 0xFF, 0xFF, 0xFF, 0x1A, 0x00, 0xE1, 0xFF,
    0xEF, 0xEE, 0xEE, 0x9C, 0x04, 0x00, 0x10, 0xFE, 0xBF, 0x11, 0x11, 0x01,
    0x00, 0x00, 0x00, 0xE1, 0xFF, 0x0B, 0x00, 0x00, 0x00, 0x00, 0x00, 0x10,
    0xFE, 0xBF, 0x00, 0x00, 0x00, 0x00, 0x00, 0x00, 0xE1, 0xFF, 0x0B, 0x00,
    0x00, 0x00, 0x00, 0x00, 0x10, 0xFE, 0xBF, 0x00, 0x00, 0x00, 0x00, 0x00,
    0x00, 0xE1, 0xFF, 0x0B, 0x00, 0x00, 0x00, 0x00, 0x00, 0x10, 0xFE, 0xBF,
    0x00, 0x00, 0x00, 0x00, 0x00, 0x00, 0x20, 0x22, 0x02, 0x00, 0x00, 0x00,
    0x00, 0x00, 0x00, 0x00, 0x00, 0x00, 0x30, 0x76, 0x67, 0x14, 0x00, 0x00,
    0x00, 0x00, 0x00, 0x60, 0xFC, 0xFF, 0xFF, 0xDF, 0x18, 0x00, 0x00, 0x00,
    0x10, 0xFA, 0xFF, 0xFF, 0xFF, 0xFF, 0xDF, 0x03, 0x00, 0x00, 0xC1, 0xFF,
    0xFF, 0xEF, 0xFE, 0xFF, 0xFF, 0x3E, 0x00, 0x00, 0xF9, 0xFF, 0xAF, 0x24,
    0x31, 0xE8, 0xFF, 0xDF, 0x01, 0x30, 0xFF, 0xFF, 0x05, 0x00, 0x00, 0x30,
    0xFD, 0xFF, 0x07, 0xA0, 0xFF, 0x7F, 0x00, 0x00, 0x00, 0x00, 0xF4, 0xFF,
    0x1D, 0xE1, 0xFF, 0x1D, 0x00, 0x00, 0x00, 0x00, 0xA0, 0xFF, 0x4F, 0xF4,
    0xFF, 0x09, 0x00, 0x00, 0x00, 0x00, 0x50, 0xFF, 0x7F, 0xF6, 0xFF, 0x06,
    0x00, 0x00, 0x00, 0x00, 0x20, 0xFF, 0xAF, 0xF7, 0xFF, 0x04, 0x00, 0x00,
    0x00, 0x00, 0x10, 0xFE, 0xBF, 0xF7, 0xFF, 0x04, 0x00, 0x00, 0x00, 0x00,
    0x10, 0xFE, 0xBF, 0xF7, 0xFF, 0x04, 0x00, 0x00, 0x00, 0x00, 0x10, 0xFE,
    0xBF, 0xF6, 0xFF, 0x06, 0x00, 0x00, 0x00, 0x00, 0x30, 0xFF, 0x9F, 0xF3,
    0xFF, 0x0A, 0x00, 0x30, 0x33, 0x01, 0x60, 0xFF, 0x7F, 0xD1, 0xFF, 0x2E,
    0x00, 0x80, 0xFF, 0x0C, 0xC0, 0xFF, 0x3F, 0x90, 0xFF, 0xAF, 0x00, 0x00,
    0xFC, 0x8F, 0xF6, 0xFF, 0x0C, 0x20, 0xFF, 0xFF, 0x09, 0x00, 0xD1, 0xFF,
    0xFF, 0xFF, 0x05, 0x00, 0xF7, 0xFF, 0xDF, 0x57, 0xA4, 0xFF, 0xFF, 0xBF,
    0x00, 0x00, 0x90, 0xFF, 0xFF, 0xFF, 0xFF, 0xFF, 0xFF, 0x1C, 0x00, 0x00,
    0x00, 0xF7, 0xFF, 0xFF, 0xFF, 0xFF, 0xFF, 0x0B, 0x00, 0x00, 0x00, 0x30,
    0xD9, 0xFF, 0xFF, 0xAE, 0xFE, 0x8F, 0x00, 0x00, 0x00, 0x00, 0x00, 0x42,
    0x34, 0x01, 0xF5, 0xFF, 0x06, 0x00, 0x00, 0x00, 0x00, 0x00, 0x00, 0x00,
    0x70, 0xBB, 0x1A, 0x10, 0x11, 0x11, 0x11, 0x11, 0x00, 0x00, 0x00, 0x10,
    0xED, 0xEE, 0xEE, 0xEE, 0xCE, 0x5A, 0x00, 0x00, 0xE1, 0xFF, 0xFF, 0xFF,
    0xFF, 0xFF, 0xBF, 0x02, 0x10, 0xFE, 0xFF, 0xFF, 0xFF, 0xFF, 0xFF, 0xDF,
    0x01, 0xE1, 0xFF, 0x4C, 0x44, 0x54, 0xF9, 0xFF, 0x8F, 0x10, 0xFE, 0xBF,
    0x00, 0x00, 0x00, 0xF4, 0xFF, 0x1D, 0xE1, 0xFF, 0x0B, 0x00, 0x00, 0x00,
    0xFA, 0xFF, 0x13, 0xFE, 0xBF, 0x00, 0x00, 0x00, 0x70, 0xFF, 0x4F, 0xE1,
    0xFF, 0x0B, 0x00, 0x00, 0x00, 0xF8, 0xFF, 0x13, 0xFE, 0xBF, 0x00, 0x00,
    0x00, 0xC0, 0xFF, 0x1E, 0xE1, 0xFF, 0x0B, 0x00, 0x00, 0xA2, 0xFF, 0xBF,
    0x10, 0xFE, 0xEF, 0xBB, 0xBB, 0xEC, 0xFF, 0xFF, 0x03, 0xE1, 0xFF, 0xFF,
    0xFF, 0xFF, 0xFF, 0xEF, 0x05, 0x10, 0xFE, 0xFF, 0xFF, 0xFF, 0xFF, 0xCF,
    0x02, 0x00, 0xE1, 0xFF, 0x4C, 0x44, 0xF6, 0xFF, 0x1D, 0x00, 0x10, 0xFE,
    0xBF, 0x00, 0x00, 0xFA, 0xFF, 0x08, 0x00, 0xE1, 0xFF, 0x0B, 0x00, 0x20,
    0xFE, 0xEF, 0x02, 0x10, 0xFE, 0xBF, 0x00, 0x00, 0x80, 0xFF, 0x9F, 0x00,
    0xE1, 0xFF, 0x0B, 0x00, 0x00, 0xE1, 0xFF, 0x3F, 0x10, 0xFE, 0xBF, 0x00,
    0x00, 0x00, 0xF7, 0xFF, 0x0A, 0xE1, 0xFF, 0x0B, 0x00, 0x00, 0x10, 0xFD,
    0xFF, 0x14, 0xED, 0xAE, 0x00, 0x00, 0x00, 0x50, 0xEE, 0xAE, 0x10, 0x11,
    0x01, 0x00, 0x00, 0x00, 0x10, 0x11, 0x01, 0x00, 0x00, 0x10, 0x64, 0x77,
    0x25, 0x00, 0x00, 0x00, 0x00, 0x92, 0xFE, 0xFF, 0xFF, 0xBF, 0x03, 0x00,
    0x00, 0xD3, 0xFF, 0xFF, 0xFF, 0xFF, 0xFF, 0x06, 0x00, 0xE2, 0xFF, 0xFF,
    0xBC, 0xEC, 0xFF, 0xFF, 0x04, 0x80, 0xFF, 0xBF, 0x03, 0x00, 0x92, 0xEF,
    0xBF, 0x00, 0xFD, 0xEF, 0x01, 0x00, 0x00, 0xC0, 0xFF, 0x2F, 0xE1, 0xFF,
    0x0B, 0x00, 0x00, 0x00, 0x94, 0x99, 0x12, 0xFD, 0xDF, 0x01, 0x00, 0x00,
    0x00, 0x00, 0x00, 0xB0, 0xFF, 0xCF, 0x03, 0x00, 0x00, 0x00, 0x00, 0x00,
    0xF4, 0xFF, 0xFF, 0x8C, 0x14, 0x00, 0x00, 0x00, 0x00, 0xE5, 0xFF, 0xFF,
    0xFF, 0xAE, 0x05, 0x00, 0x00, 0x00, 0xA3, 0xFE, 0xFF, 0xFF, 0xFF, 0x3C,
    0x00, 0x00, 0x00, 0x20, 0x96, 0xFD, 0xFF, 0xFF, 0x4E, 0x00, 0x00, 0x00,
    0x00, 0x00, 0x73, 0xFD, 0xFF, 0x1D, 0x00, 0x00, 0x00, 0x00, 0x00, 0x10,
    0xFC, 0xFF, 0x25, 0x45, 0x14, 0x00, 0x00, 0x00, 0x40, 0xFF, 0x7F, 0xF7,
    0xFF, 0x04, 0x00, 0x00, 0x00, 0xF4, 0xFF, 0x47, 0xFF, 0xBF, 0x00, 0x00,
    0x00, 0xB0, 0xFF, 0x5F, 0xD1, 0xFF, 0xCF, 0x25, 0x21, 0xC5, 0xFF, 0xEF,
    0x01, 0xF4, 0xFF, 0xFF, 0xEF, 0xFF, 0xFF, 0xFF, 0x05, 0x00, 0xE5, 0xFF,
    0xFF, 0xFF, 0xFF, 0xEF, 0x06, 0x00, 0x00, 0x82, 0xFD, 0xFF, 0xFF, 0x9D,
    0x02, 0x00, 0x00, 0x00, 0x00, 0x32, 0x34, 0x02, 0x00, 0x00, 0x00, 0x43,
    0x44, 0x44, 0x44, 0x44, 0x44, 0x44, 0x44, 0x04, 0xFC, 0xFF, 0xFF, 0xFF,
    0xFF, 0xFF, 0xFF, 0xFF, 0x1F, 0xFB, 0xFF, 0xFF, 0xFF, 0xFF, 0xFF, 0xFF,
    0xFF, 0x1E, 0xEA, 0xEE, 0xEE, 0xFE, 0xFF, 0xEF, 0xEE, 0xEE, 0x1D, 0x11,
    0x11, 0x11, 0xF4, 0xFF, 0x18, 0x11, 0x11, 0x01, 0x00, 0x00, 0x00, 0xF4,
    0xFF, 0x07, 0x00, 0x00, 0x00, 0x00, 0x00, 0x00, 0xF4, 0xFF, 0x08, 0x00,
    0x00, 0x00, 0x00, 0x00, 0x00, 0xF4, 0xFF, 0x08, 0x00, 0x00, 0x00, 0x00,
    0x00, 0x00, 0xF4, 0xFF, 0x08, 0x00, 0x00, 0x00, 0x00, 0x00, 0x00, 0xF4,
    0xFF, 0x08, 0x00, 0x00, 0x00, 0x00, 0x00, 0x00, 0xF4, 0xFF, 0x08, 0x00,
    0x00, 0x00, 0x00, 0x00, 0x00, 0xF4, 0xFF, 0x08, 0x00, 0x00, 0x00, 0x00,
    0x00, 0x00, 0xF4, 0xFF, 0x08, 0x00, 0x00, 0x00, 0x00, 0x00, 0x00, 0xF4,
    0xFF, 0x08, 0x00, 0x00, 0x00, 0x00, 0x00, 0x00, 0xF4, 0xFF, 0x08, 0x00,
    0x00, 0x00, 0x00, 0x00, 0x00, 0xF4, 0xFF, 0x08, 0x00, 0x00, 0x00, 0x00,
    0x00, 0x00, 0xF4, 0xFF, 0x08, 0x00, 0x00, 0x00, 0x00, 0x00, 0x00, 0xF4,
    0xFF, 0x08, 0x00, 0x00, 0x00, 0x00, 0x00, 0x00, 0xF4, 0xFF, 0x08, 0x00,
    0x00, 0x00, 0x00, 0x00, 0x00, 0xF4, 0xFF, 0x07, 0x00, 0x00, 0x00, 0x00,
    0x00, 0x00, 0xF4, 0xFF, 0x08, 0x00, 0x00, 0x00, 0x00, 0x00, 0x00, 0xD3,
    0xDC, 0x06, 0x00, 0x00, 0x00, 0x20, 0x22, 0x02, 0x00, 0x00, 0x00, 0x00,
    0x22, 0x22, 0x10, 0xFE, 0xBF, 0x00, 0x00, 0x00, 0x00, 0xB0, 0xFF, 0x1E,
    0xE1, 0xFF, 0x0B, 0x00, 0x00, 0x00, 0x00, 0xFB, 0xEF, 0x11, 0xFE, 0xBF,
    0x00, 0x00, 0x00, 0x00, 0xB0, 0xFF, 0x1E, 0xE1, 0xFF, 0x0B, 0x00, 0x00,
    0x00, 0x00, 0xFB, 0xEF, 0x11, 0xFE, 0xBF, 0x00, 0x00, 0x00, 0x00, 0xB0,
    0xFF, 0x1E, 0xE1, 0xFF, 0x0B, 0x00, 0x00, 0x00, 0x00, 0xFB, 0xEF, 0x11,
    0xFE, 0xBF, 0x00, 0x00, 0x00, 0x00, 0xB0, 0xFF, 0x1E, 0xE1, 0xFF, 0x0B,
    0x00, 0x00, 0x00, 0x00, 0xFB, 0xEF, 0x11, 0xFE, 0xBF, 0x00, 0x00, 0x00,
    0x00, 0xB0, 0xFF, 0x1E, 0xE1, 0xFF, 0x0B, 0x00, 0x00, 0x00, 0x00, 0xFB,
    0xEF, 0x11, 0xFE, 0xBF, 0x00, 0x00, 0x00, 0x00, 0xB0, 0xFF, 0x1E, 0xE1,
    0xFF, 0x0B, 0x00, 0x00, 0x00, 0x00, 0xFB, 0xEF, 0x11, 0xFE, 0xBF, 0x00,
    0x00, 0x00, 0x00, 0xB0, 0xFF, 0x1E, 0xE1, 0xFF, 0x0B, 0x00, 0x00, 0x00,
    0x00, 0xFB, 0xEF, 0x11, 0xFE, 0xDF, 0x00, 0x00, 0x00, 0x00, 0xD0, 0xFF,
    0x1D, 0xC0, 0xFF, 0x5F, 0x00, 0x00, 0x00, 0x50, 0xFF, 0xCF, 0x00, 0xF7,
    0xFF, 0x3E, 0x00, 0x00, 0x30, 0xFE, 0xFF, 0x07, 0x10, 0xFE, 0xFF, 0x9F,
    0x45, 0x95, 0xFF, 0xFF, 0x1E, 0x00, 0x40, 0xFF, 0xFF, 0xFF, 0xFF, 0xFF,
    0xFF, 0x4F, 0x00, 0x00, 0x40, 0xFD, 0xFF, 0xFF, 0xFF, 0xFF, 0x4D, 0x00,
    0x00, 0x00, 0x10, 0xC7, 0xFE, 0xFF, 0xCE, 0x17, 0x00, 0x00, 0x00, 0x00,
    0x00, 0x20, 0x43, 0x23, 0x00, 0x00, 0x00, 0x00, 0x10, 0x11, 0x01, 0x00,
    0x00, 0x00, 0x00, 0x00, 0x11, 0x11, 0x21, 0xEE, 0xDE, 0x01, 0x00, 0x00,
    0x00, 0x00, 0xC0, 0xEE, 0x3E, 0xB0, 0xFF, 0x6F, 0x00, 0x00, 0x00, 0x00,
    0x40, 0xFF, 0xDF, 0x00, 0xF6, 0xFF, 0x0B, 0x00, 0x00, 0x00, 0x00, 0xF8,
    0xFE, 0x08, 0x10, 0xFE, 0xEF, 0x02, 0x00, 0x00, 0x00, 0xD0, 0xFF, 0x3F,
    0x00, 0xA0, 0xFF, 0x6F, 0x00, 0x00, 0x00, 0x40, 0xFF, 0xCF, 0x00, 0x00,
    0xF5, 0xFF, 0x0B, 0x00, 0x00, 0x00, 0xF8, 0xFF, 0x07, 0x00, 0x10, 0xFE,
    0xFF, 0x02, 0x00, 0x00, 0xD0, 0xFF, 0x2F, 0x00, 0x00, 0x90, 0xFF, 0x6F,
    0x00, 0x00, 0x40, 0xFF, 0xBF, 0x00, 0x00, 0x00, 0xF4, 0xFF, 0x0B, 0x00,
    0x00, 0xF8, 0xFF, 0x06, 0x00, 0x00, 0x00, 0xFD, 0xFF, 0x02, 0x00, 0xD0,
    0xFF, 0x2E, 0x00, 0x00, 0x00, 0x80, 0xFF, 0x7F, 0x00, 0x30, 0xFF, 0xBF,
    0x00, 0x00, 0x00, 0x00, 0xF3, 0xFF, 0x0C, 0x00, 0xF8, 0xFF, 0x05, 0x00,
    0x00, 0x00, 0x00, 0xFC, 0xFF, 0x02, 0xC0, 0xFF, 0x1E, 0x00, 0x00, 0x00,
    0x00, 0x70, 0xFF, 0x6F, 0x30, 0xFF, 0xAF, 0x00, 0x00, 0x00, 0x00, 0x00,
    0xF2, 0xFF, 0x0A, 0xF6, 0xFF, 0x05, 0x00, 0x00, 0x00, 0x00, 0x00, 0xFB,
    0xEF, 0xA0, 0xFF, 0x1D, 0x00, 0x00, 0x00, 0x00, 0x00, 0x60, 0xFF, 0x4F,
    0xFD, 0x9F, 0x00, 0x00, 0x00, 0x00, 0x00, 0x00, 0xE1, 0xFF, 0xEB, 0xFF,
    0x04, 0x00, 0x00, 0x00, 0x00, 0x00, 0x00, 0xFA, 0xFF, 0xFF, 0x0D, 0x00,
    0x00, 0x00, 0x00, 0x00, 0x00, 0x50, 0xFF, 0xFF, 0x8F, 0x00, 0x00, 0x00,
    0x00, 0x00, 0x00, 0x00, 0xD1, 0xEE, 0xEE, 0x03, 0x00, 0x00, 0x00, 0x00,
    0x00, 0x00, 0x00, 0x11, 0x11, 0x01, 0x00, 0x00, 0x00, 0x00, 0x10, 0x11,
    0x01, 0x00, 0x00, 0x00, 0x10, 0x11, 0x01, 0x00, 0x00, 0x00, 0x10, 0x11,
    0x31, 0xEE, 0xCE, 0x00, 0x00, 0x00, 0x50, 0xEE, 0xCE, 0x00, 0x00, 0x00,
    0x50, 0xEE, 0xAE, 0xD0, 0xFF, 0x3F, 0x00, 0x00, 0x00, 0xF9, 0xFF, 0x3F,
    0x00, 0x00, 0x00, 0xF9, 0xFF, 0x07, 0xF9, 0xFE, 0x06, 0x00, 0x00, 0xC0,
    0xFF, 0xFF, 0x06, 0x00, 0x00, 0xC0, 0xFF, 0x3F, 0x50, 0xFF, 0x9F, 0x00,
    0x00, 0x20, 0xFF, 0xFF, 0xAF, 0x00, 0x00, 0x20, 0xFE, 0xDF, 0x00, 0xE2,
    0xFF, 0x0D, 0x00, 0x00, 0xF6, 0xEF, 0xFF, 0x1D, 0x00, 0x00, 0xF5, 0xFF,
    0x0A, 0x00, 0xFC, 0xFF, 0x02, 0x00, 0x90, 0xFF, 0xDA, 0xFF, 0x03, 0x00,
    0x80, 0xFF, 0x6F, 0x00, 0x80, 0xFF, 0x6F, 0x00, 0x00, 0xFD, 0x6F, 0xFB,
    0x7F, 0x00, 0x00, 0xFC, 0xFF, 0x02, 0x00, 0xF4, 0xFF, 0x09, 0x00, 0xF3,
    0xFF, 0x93, 0xFF, 0x0B, 0x00, 0xE1, 0xFF, 0x0C, 0x00, 0x10, 0xFE, 0xDF,
    0x00, 0x60, 0xFF, 0x0E, 0xF6, 0xEF, 0x01, 0x40, 0xFF, 0x8F, 0x00, 0x00,
    0xB0, 0xFF, 0x2F, 0x00, 0xFA, 0xBF, 0x30, 0xFF, 0x4F, 0x00, 0xF8, 0xFF,
    0x04, 0x00, 0x00, 0xF7, 0xFF, 0x06, 0xD1, 0xFF, 0x08, 0xD1, 0xFF, 0x07,
    0xC0, 0xFF, 0x1E, 0x00, 0x00, 0x30, 0xFF, 0x9F, 0x30, 0xFF, 0x4F, 0x00,
    0xFA, 0xBF, 0x10, 0xFE, 0xBF, 0x00, 0x00, 0x00, 0xD0, 0xFF, 0x0C, 0xF6,
    0xEF, 0x01, 0x60, 0xFF, 0x0E, 0xF4, 0xFF, 0x07, 0x00, 0x00, 0x00, 0xF9,
    0xEF, 0x90, 0xFF, 0x0B, 0x00, 0xF3, 0xFF, 0x62, 0xFF, 0x3F, 0x00, 0x00,
    0x00, 0x50, 0xFF, 0x3F, 0xFB, 0x7F, 0x00, 0x00, 0xFD, 0x5F, 0xF8, 0xDF,
    0x01, 0x00, 0x00, 0x00, 0xF2, 0xFF, 0xD7, 0xFF, 0x03, 0x00, 0x90, 0xFF,
    0xB8, 0xFF, 0x0A, 0x00, 0x00, 0x00, 0x00, 0xFC, 0xBF, 0xFE, 0x0D, 0x00,
    0x00, 0xF5, 0xCF, 0xFD, 0x6F, 0x00, 0x00, 0x00, 0x00, 0x80, 0xFF, 0xFF,
    0xAF, 0x00, 0x00, 0x20, 0xFF, 0xFF, 0xFF, 0x02, 0x00, 0x00, 0x00, 0x00,
    0xF4, 0xFF, 0xFF, 0x06, 0x00, 0x00, 0xC0, 0xFF, 0xFF, 0x0C, 0x00, 0x00,
    0x00, 0x00, 0x10, 0xFE, 0xFF, 0x2F, 0x00, 0x00, 0x00, 0xF9, 0xFF, 0x9F,
    0x00, 0x00, 0x00, 0x00, 0x00, 0xA0, 0xEE, 0xCE, 0x00, 0x00, 0x00, 0x40,
    0xEE, 0xEE, 0x04, 0x00, 0x00, 0x00, 0x00, 0x00, 0x10, 0x11, 0x01, 0x00,
    0x00, 0x00, 0x10, 0x11, 0x01, 0x00, 0x00, 0x00, 0x10, 0x11, 0x11, 0x00,
    0x00, 0x00, 0x00, 0x10, 0x11, 0x11, 0x50, 0xEE, 0xDE, 0x01, 0x00, 0x00,
    0x00, 0xD3, 0xEE, 0x2E, 0x00, 0xFA, 0xFF, 0x0A, 0x00, 0x00, 0x00, 0xFC,
    0xFF, 0x07, 0x00, 0xE1, 0xFF, 0x5F, 0x00, 0x00, 0x70, 0xFF, 0xBF, 0x00,
    0x00, 0x50, 0xFF, 0xEF, 0x01, 0x00, 0xF3, 0xFF, 0x2E, 0x00, 0x00, 0x00,
    0xFA, 0xFF, 0x0A, 0x00, 0xFC, 0xFF, 0x06, 0x00, 0x00, 0x00, 0xD1, 0xFF,
    0x4F, 0x60, 0xFF, 0xBF, 0x00, 0x00, 0x00, 0x00, 0x40, 0xFF, 0xBF, 0xE1,
    0xFF, 0x2E, 0x00, 0x00, 0x00, 0x00, 0x00, 0xF9, 0xFF, 0xFB, 0xFF, 0x06,
    0x00, 0x00, 0x00, 0x00, 0x00, 0xD1, 0xFF, 0xFF, 0xAF, 0x00, 0x00, 0x00,
    0x00, 0x00, 0x00, 0x40, 0xFE, 0xFF, 0x1D, 0x00, 0x00, 0x00, 0x00, 0x00,
    0x00, 0x00, 0xFD, 0xFF, 0x0C, 0x00, 0x00, 0x00, 0x00, 0x00, 0x00, 0x90,
    0xFF, 0xFF, 0x7F, 0x00, 0x00, 0x00, 0x00, 0x00, 0x00, 0xF5, 0xFF, 0xFF,
    0xFF, 0x03, 0x00, 0x00, 0x00, 0x00, 0x10, 0xFE, 0xDF, 0xF6, 0xFF, 0x0C,
    0x00, 0x00, 0x00, 0x00, 0xB0, 0xFF, 0x7F, 0xB0, 0xFF, 0x8F, 0x00, 0x00,
    0x00, 0x00, 0xF6, 0xFF, 0x0C, 0x20, 0xFE, 0xFF, 0x04, 0x00, 0x00, 0x30,
    0xFF, 0xFF, 0x03, 0x00, 0xF7, 0xFF, 0x1D, 0x00, 0x00, 0xC0, 0xFF, 0x7F,
    0x00, 0x00, 0xB0, 0xFF, 0x9F, 0x00, 0x00, 0xF8, 0xFF, 0x0B, 0x00, 0x00,
    0x20, 0xFE, 0xFF, 0x05, 0x40, 0xFF, 0xEF, 0x02, 0x00, 0x00, 0x00, 0xF6,
    0xFF, 0x2E, 0xC1, 0xEE, 0x6E, 0x00, 0x00, 0x00, 0x00, 0xA0, 0xEE, 0x9E,
    0x10, 0x11, 0x01, 0x00, 0x00, 0x00, 0x00, 0x00, 0x11, 0x11, 0x10, 0x11,
    0x01, 0x00, 0x00, 0x00, 0x00, 0x00, 0x11, 0x11, 0xD1, 0xEE, 0x6E, 0x00,
    0x00, 0x00, 0x00, 0xA0, 0xEE, 0x9E, 0x60, 0xFF, 0xEF, 0x01, 0x00, 0x00,
    0x00, 0xF4, 0xFF, 0x2E, 0x00, 0xFB, 0xFF, 0x08, 0x00, 0x00, 0x00, 0xFC,
    0xFF, 0x07, 0x00, 0xF3, 0xFF, 0x2F, 0x00, 0x00, 0x60, 0xFF, 0xCF, 0x00,
    0x00, 0x80, 0xFF, 0xAF, 0x00, 0x00, 0xD1, 0xFF, 0x4F, 0x00, 0x00, 0x10,
    0xFD, 0xFF, 0x04, 0x00, 0xF8, 0xFF, 0x0A, 0x00, 0x00, 0x00, 0xF5, 0xFF,
    0x0C, 0x20, 0xFE, 0xEF, 0x02, 0x00, 0x00, 0x00, 0xB0, 0xFF, 0x6F, 0x90,
    0xFF, 0x6F, 0x00, 0x00, 0x00, 0x00, 0x20, 0xFF, 0xCF, 0xF3, 0xFF, 0x0C,
    0x00, 0x00, 0x00, 0x00, 0x00, 0xF8, 0xFF, 0xFD, 0xFF, 0x04, 0x00, 0x00,
    0x00, 0x00, 0x00, 0xD1, 0xFF, 0xFF, 0x9F, 0x00, 0x00, 0x00, 0x00, 0x00,
    0x00, 0x50, 0xFF, 0xFF, 0x1E, 0x00, 0x00, 0x00, 0x00, 0x00, 0x00, 0x00,
    0xFA, 0xFF, 0x07, 0x00, 0x00, 0x00, 0x00, 0x00, 0x00, 0x00, 0xF7, 0xFF,
    0x03, 0x00, 0x00, 0x00, 0x00, 0x00, 0x00, 0x00, 0xF8, 0xFF, 0x04, 0x00,
    0x00, 0x00, 0x00, 0x00, 0x00, 0x00, 0xF8, 0xFF, 0x04, 0x00, 0x00, 0x00,
    0x00, 0x00, 0x00, 0x00, 0xF8, 0xFF, 0x04, 0x00, 0x00, 0x00, 0x00, 0x00,
    0x00, 0x00, 0xF8, 0xFF, 0x04, 0x00, 0x00, 0x00, 0x00, 0x00, 0x00, 0x00,
    0xF7, 0xFF, 0x04, 0x00, 0x00, 0x00, 0x00, 0x00, 0x00, 0x00, 0xF8, 0xFF,
    0x04, 0x00, 0x00, 0x00, 0x00, 0x00, 0x00, 0x00, 0xE7, 0xEE, 0x03, 0x00,
    0x00, 0x00, 0x00, 0x00, 0x00, 0x00, 0x10, 0x11, 0x00, 0x00, 0x00, 0x00,
    0x10, 0x11, 0x11, 0x11, 0x11, 0x11, 0x11, 0x11, 0x40, 0xEE, 0xEE, 0xEE,
    0xEE, 0xEE, 0xEE, 0xEE, 0x4E, 0xF4, 0xFF, 0xFF, 0xFF, 0xFF, 0xFF, 0xFF,
    0xFF, 0x44, 0xFF, 0xFF, 0xFF, 0xFF, 0xFF, 0xFF, 0xFF, 0x3F, 0x41, 0x44,
    0x44, 0x44, 0x44, 0xA3, 0xFF, 0x8F, 0x00, 0x00, 0x00, 0x00, 0x00, 0x40,
    0xFE, 0xCF, 0x00, 0x00, 0x00, 0x00, 0x00, 0x20, 0xFE, 0xEF, 0x02, 0x00,
    0x00, 0x00, 0x00, 0x00, 0xFB, 0xFF, 0x06, 0x00, 0x00, 0x00, 0x00, 0x00,
    0xF7, 0xFF, 0x0A, 0x00, 0x00, 0x00, 0x00, 0x00, 0xF3, 0xFF, 0x1E, 0x00,
    0x00, 0x00, 0x00, 0x00, 0xC1, 0xFF, 0x4F, 0x00, 0x00, 0x00, 0x00, 0x00,
    0x90, 0xFF, 0x9F, 0x00, 0x00, 0x00, 0x00, 0x00, 0x40, 0xFF, 0xDF, 0x01,
    0x00, 0x00, 0x00, 0x00, 0x10, 0xFD, 0xFF, 0x03, 0x00, 0x00, 0x00, 0x00,
    0x00, 0xFA, 0xFF, 0x07, 0x00, 0x00, 0x00, 0x00, 0x00, 0xF6, 0xFF, 0x0B,
    0x00, 0x00, 0x00, 0x00, 0x00, 0xE2, 0xFF, 0x2E, 0x00, 0x00, 0x00, 0x00,
    0x00, 0xB0, 0xFF, 0x4E, 0x00, 0x00, 0x00, 0x00, 0x00, 0x70, 0xFF, 0xAF,
    0x43, 0x44, 0x44, 0x44, 0x44, 0x31, 0xFF, 0xFF, 0xFF, 0xFF, 0xFF, 0xFF,
    0xFF, 0x4F, 0xF4, 0xFF, 0xFF, 0xFF, 0xFF, 0xFF, 0xFF, 0xFF, 0x44, 0xEE,
    0xEE, 0xEE, 0xEE, 0xEE, 0xEE, 0xEE, 0x4E, 0x10, 0x11, 0x11, 0x11, 0x11,
    0x11, 0x11, 0x11, 0x00, 0x41, 0x44, 0x44, 0x14, 0xF4, 0xFF, 0xFF, 0x4F,
    0xF4, 0xFF, 0xFF, 0x4F, 0xF4, 0xFF, 0xBC, 0x3B, 0xF4, 0xFF, 0x03, 0x00,
    0xF4, 0xFF, 0x04, 0x00, 0xF4, 0xFF, 0x04, 0x00, 0xF4, 0xFF, 0x04, 0x00,
    0xF4, 0xFF, 0x04, 0x00, 0xF4, 0xFF, 0x04, 0x00, 0xF4, 0xFF, 0x04, 0x00,
    0xF4, 0xFF, 0x04, 0x00, 0xF4, 0xFF, 0x04, 0x00, 0xF4, 0xFF, 0x04, 0x00,
    0xF4, 0xFF, 0x04, 0x00, 0xF4, 0xFF, 0x04, 0x00, 0xF4, 0xFF, 0x04, 0x00,
    0xF4, 0xFF, 0x04, 0x00, 0xF4, 0xFF, 0x04, 0x00, 0xF4, 0xFF, 0x04, 0x00,
    0xF4, 0xFF, 0x04, 0x00, 0xF4, 0xFF, 0x04, 0x00, 0xF4, 0xFF, 0x04, 0x00,
    0xF4, 0xFF, 0x14, 0x01, 0xF4, 0xFF, 0xEE, 0x4E, 0xF4, 0xFF, 0xFF, 0x4F,
    0xE4, 0xEE, 0xEE, 0x4E, 0x10, 0x11, 0x11, 0x01, 0x11, 0x11, 0x00, 0x00,
    0x00, 0x50, 0xEE, 0x0C, 0x00, 0x00, 0x00, 0xF2, 0xFF, 0x02, 0x00, 0x00,
    0x00, 0xFC, 0x6F, 0x00, 0x00, 0x00, 0x90, 0xFF, 0x0A, 0x00, 0x00, 0x00,
    0xF5, 0xDF, 0x00, 0x00, 0x00, 0x10, 0xFE, 0x3F, 0x00, 0x00, 0x00, 0xB0,
    0xFF, 0x07, 0x00, 0x00, 0x00, 0xF8, 0xBF, 0x00, 0x00, 0x00, 0x40, 0xFF,
    0x1E, 0x00, 0x00, 0x00, 0xE1, 0xFF, 0x04, 0x00, 0x00, 0x00, 0xFA, 0x8F,
    0x00, 0x00, 0x00, 0x60, 0xFF, 0x0C, 0x00, 0x00, 0x00, 0xF3, 0xEF, 0x02,
    0x00, 0x00, 0x00, 0xFD, 0x5F, 0x00, 0x00, 0x00, 0x90, 0xFF, 0x09, 0x00,
    0x00, 0x00, 0xF5, 0xDF, 0x00, 0x00, 0x00, 0x20, 0xFF, 0x3F, 0x00, 0x00,
    0x00, 0xC0, 0xFF, 0x06, 0x00, 0x00, 0x00, 0xF8, 0xAF, 0x00, 0x00, 0x00,
    0x40, 0xFF, 0x1E, 0x00, 0x00, 0x00, 0xE1, 0xFF, 0x04, 0x00, 0x00, 0x00,
    0xFB, 0x7F, 0x00, 0x00, 0x00, 0x70, 0xFF, 0x0B, 0x00, 0x00, 0x00, 0xF3,
    0xEF, 0x01, 0x00, 0x00, 0x00, 0xFE, 0x5F, 0x00, 0x00, 0x00, 0x30, 0x44,
    0x02, 0x42, 0x44, 0x44, 0x04, 0xF8, 0xFF, 0xFF, 0x1F, 0xF8, 0xFF, 0xFF,
    0x1E, 0xB5, 0xDB, 0xFF, 0x1E, 0x00, 0x70, 0xFF, 0x1E, 0x00, 0x80, 0xFF,
    0x1E, 0x00, 0x80, 0xFF, 0x1E, 0x00, 0x80, 0xFF, 0x1E, 0x00, 0x80, 0xFF,
    0x1E, 0x00, 0x80, 0xFF, 0x1E, 0x00, 0x80, 0xFF, 0x1E, 0x00, 0x80, 0xFF,
    0x1E, 0x00, 0x80, 0xFF, 0x1E, 0x00, 0x80, 0xFF, 0x1E, 0x00, 0x80, 0xFF,
    0x1E, 0x00, 0x80, 0xFF, 0x1E, 0x00, 0x80, 0xFF, 0x1E, 0x00, 0x80, 0xFF,
    0x1E, 0x00, 0x80, 0xFF, 0x1E, 0x00, 0x80, 0xFF, 0x1E, 0x00, 0x80, 0xFF,
    0x1E, 0x00, 0x80, 0xFF, 0x1E, 0x00, 0x70, 0xFF, 0x1E, 0x10, 0x81, 0xFF,
    0x1E, 0xE7, 0xEE, 0xFF, 0x1E, 0xF8, 0xFF, 0xFF, 0x1E, 0xE7, 0xEE, 0xEE,
    0x1D, 0x10, 0x11, 0x11, 0x01, 0x00, 0x00, 0x65, 0x36, 0x00, 0x00, 0x00,
    0x30, 0xFF, 0xDF, 0x01, 0x00, 0x00, 0xA0, 0xFF, 0xFF, 0x06, 0x00, 0x00,
    0xF2, 0xBF, 0xFD, 0x0D, 0x00, 0x00, 0xF9, 0x3F, 0xF7, 0x5F, 0x00, 0x20,
    0xFE, 0x0C, 0xE2, 0xCF, 0x00, 0x90, 0xFF, 0x05, 0x90, 0xFF, 0x05, 0xE1,
    0xDF, 0x00, 0x30, 0xFF, 0x0C, 0xF9, 0x7F, 0x00, 0x00, 0xFB, 0x5F, 0x98,
    0x19, 0x00, 0x00, 0x93, 0x69, 0x10, 0x11, 0x11, 0x11, 0x11, 0x11, 0x11,
    0x10, 0xED, 0xEE, 0xEE, 0xEE, 0xEE, 0xEE, 0x7E, 0xF1, 0xFF, 0xFF, 0xFF,
    0xFF, 0xFF, 0xFF, 0x18, 0xED, 0xEE, 0xEE, 0xEE, 0xEE, 0xEE, 0x7E, 0x10,
    0x11, 0x11, 0x11, 0x11, 0x11, 0x11, 0x00, 0x11, 0x11, 0x00, 0xE6, 0xDE,
    0x01, 0xC0, 0xFF, 0x08, 0x20, 0xFE, 0x1D, 0x00, 0xF6, 0x7F, 0x00, 0x40,
    0x34, 0x00, 0x00, 0x00, 0x32, 0x34, 0x01, 0x00, 0x00, 0x00, 0x70, 0xEC,
    0xFF, 0xDF, 0x39, 0x00, 0x00, 0xC1, 0xFF, 0xFF, 0xFF, 0xFF, 0x5E, 0x00,
    0xB0, 0xEF, 0xEF, 0xBC, 0xFE, 0xFF, 0x2E, 0x50, 0xFF, 0xBF, 0x02, 0x10,
    0xFA, 0xFF, 0x08, 0x41, 0x97, 0x01, 0x00, 0x10, 0xFF, 0xAF, 0x00, 0x00,
    0x00, 0x00, 0x00, 0xE2, 0xFF, 0x0B, 0x00, 0x00, 0x42, 0x75, 0xD9, 0xFF,
    0xBF, 0x00, 0x71, 0xEC, 0xFF, 0xFF, 0xFF, 0xFF, 0x0B, 0xC1, 0xFF, 0xFF,
    0xEF, 0x9C, 0xFE, 0xBF, 0x90, 0xFF, 0xBF, 0x35, 0x01, 0xE0, 0xFF, 0x0B,
    0xFD, 0xBF, 0x00, 0x00, 0x10, 0xFE, 0xBF, 0xE1, 0xFF, 0x07, 0x01, 0x00,
    0xF5, 0xFF, 0x0B, 0xFD, 0xCF, 0x01, 0x00, 0xD3, 0xFF, 0xBF, 0x90, 0xFF,
    0xDF, 0x89, 0xEA, 0xEF, 0xFF, 0x0B, 0xD2, 0xFF, 0xFF, 0xFF, 0x7F, 0xFC,
    0xBF, 0x00, 0x92, 0xFE, 0xFF, 0x6C, 0xB0, 0xDD, 0x0A, 0x00, 0x10, 0x43,
    0x03, 0x00, 0x00, 0x01, 0x10, 0x11, 0x01, 0x00, 0x00, 0x00, 0x00, 0x00,
    0x10, 0xED, 0xAE, 0x00, 0x00, 0x00, 0x00, 0x00, 0x00, 0xE1, 0xFF, 0x0B,
    0x00, 0x00, 0x00, 0x00, 0x00, 0x10, 0xFE, 0xBF, 0x00, 0x00, 0x00, 0x00,
    0x00, 0x00, 0xE1, 0xFF, 0x0B, 0x00, 0x00, 0x00, 0x00, 0x00, 0x10, 0xFE,
    0xBF, 0x00, 0x00, 0x01, 0x00, 0x00, 0x00, 0xE1, 0xFF, 0x0B, 0xA3, 0xED,
    0xAD, 0x04, 0x00, 0x10, 0xFE, 0xAF, 0xE3, 0xFF, 0xFF, 0xFF, 0x07, 0x00,
    0xE1, 0xFF, 0xDC, 0xEF, 0xFE, 0xFF, 0xFF, 0x06, 0x10, 0xFE, 0xFF, 0x8F,
    0x12, 0x93, 0xFF, 0xEF, 0x01, 0xE1, 0xFF, 0x9F, 0x00, 0x00, 0xA0, 0xFF,
    0x7F, 0x10, 0xFE, 0xEF, 0x02, 0x00, 0x00, 0xF3, 0xFF, 0x0B, 0xE1, 0xFF,
    0x0C, 0x00, 0x00, 0x00, 0xFD, 0xDF, 0x10, 0xFE, 0xAF, 0x00, 0x00, 0x00,
    0xB0, 0xFF, 0x1E, 0xE1, 0xFF, 0x0A, 0x00, 0x00, 0x00, 0xFB, 0xEF, 0x11,
    0xFE, 0xBF, 0x00, 0x00, 0x00, 0xC0, 0xFF, 0x0D, 0xE1, 0xFF, 0x1E, 0x00,
    0x00, 0x20, 0xFF, 0xBF, 0x10, 0xFE, 0xFF, 0x07, 0x00, 0x00, 0xF8, 0xFF,
    0x08, 0xE1, 0xFF, 0xFF, 0x05, 0x00, 0xF6, 0xFF, 0x3F, 0x10, 0xFE, 0xDF,
    0xFE, 0xBC, 0xFD, 0xFF, 0x9F, 0x00, 0xE1, 0xFF, 0x69, 0xFF, 0xFF, 0xFF,
    0xBF, 0x00, 0x10, 0xED, 0x9E, 0x60, 0xFD, 0xFF, 0x7D, 0x00, 0x00, 0x10,
    0x11, 0x01, 0x10, 0x43, 0x03, 0x00, 0x00, 0x00, 0x00, 0x00, 0x00, 0x10,
    0x01, 0x00, 0x00, 0x00, 0x00, 0x50, 0xDA, 0xEE, 0x9C, 0x03, 0x00, 0x00,
    0xB2, 0xFF, 0xFF, 0xFF, 0xFF, 0x07, 0x00, 0xC1, 0xFF, 0xFF, 0xEE, 0xFF,
    0xFF, 0x07, 0x90, 0xFF, 0xCF, 0x14, 0x62, 0xFE, 0xFF, 0x22, 0xFF, 0xDF,
    0x01, 0x00, 0x50, 0xFF, 0x7F, 0xF6, 0xFF, 0x06, 0x00, 0x00, 0x80, 0x36,
    0x91, 0xFF, 0x3F, 0x00, 0x00, 0x00, 0x00, 0x00, 0xFB, 0xEF, 0x01, 0x00,
    0x00, 0x00, 0x00, 0xB0, 0xFF, 0x1E, 0x00, 0x00, 0x00, 0x00, 0x00, 0xFA,
    0xFF, 0x02, 0x00, 0x00, 0x00, 0x00, 0x70, 0xFF, 0x5F, 0x00, 0x00, 0x00,
    0x46, 0x02, 0xF3, 0xFF, 0x0C, 0x00, 0x00, 0xF3, 0xEF, 0x07, 0xFB, 0xFF,
    0x19, 0x00, 0xD3, 0xEF, 0x4F, 0x20, 0xFE, 0xFF, 0xBE, 0xFC, 0xFF, 0xAF,
    0x00, 0x40, 0xFE, 0xFF, 0xFF, 0xFF, 0xAF, 0x01, 0x00, 0x20, 0xD9, 0xFF,
    0xEF, 0x6C, 0x00, 0x00, 0x00, 0x00, 0x31, 0x44, 0x02, 0x00, 0x00, 0x00,
    0x00, 0x00, 0x00, 0x00, 0x00, 0x11, 0x01, 0x00, 0x00, 0x00, 0x00, 0x00,
    0x70, 0xEE, 0x3E, 0x00, 0x00, 0x00, 0x00, 0x00, 0x80, 0xFF, 0x4F, 0x00,
    0x00, 0x00, 0x00, 0x00, 0x70, 0xFF, 0x4F, 0x00, 0x00, 0x00, 0x00, 0x00,
    0x80, 0xFF, 0x4F, 0x00, 0x00, 0x00, 0x11, 0x00, 0x80, 0xFF, 0x4F, 0x00,
    0x20, 0xC8, 0xEE, 0x6B, 0x70, 0xFF, 0x4F, 0x00, 0xE4, 0xFF, 0xFF, 0xFF,
    0x77, 0xFF, 0x4F, 0x30, 0xFE, 0xFF, 0xEF, 0xFE, 0xCF, 0xFF, 0x4F, 0xB0,
    0xFF, 0xCF, 0x14, 0x62, 0xFE, 0xFF, 0x4F, 0xF3, 0xFF, 0x1D, 0x00, 0x00,
    0xF4, 0xFF, 0x4F, 0xF7, 0xFF, 0x06, 0x00, 0x00, 0xB0, 0xFF, 0x4F, 0xFA,
    0xFF, 0x02, 0x00, 0x00, 0x70, 0xFF, 0x4F, 0xFB, 0xEF, 0x01, 0x00, 0x00,
    0x60, 0xFF, 0x4F, 0xFB, 0xEF, 0x01, 0x00, 0x00, 0x50, 0xFF, 0x4F, 0xFA,
    0xFF, 0x02, 0x00, 0x00, 0x70, 0xFF, 0x4F, 0xF8, 0xFF, 0x05, 0x00, 0x00,
    0xA0, 0xFF, 0x4F, 0xF4, 0xFF, 0x0C, 0x00, 0x00, 0xE3, 0xFF, 0x4F, 0xD0,
    0xFF, 0x9F, 0x01, 0x30, 0xFD, 0xFF, 0x4F, 0x50, 0xFF, 0xFF, 0xBE, 0xFC,
    0xCF, 0xFF, 0x4F, 0x00, 0xF7, 0xFF, 0xFF, 0xFF, 0x5A, 0xFF, 0x4F, 0x00,
    0x50, 0xFC, 0xFF, 0x9E, 0x50, 0xEE, 0x3E, 0x00, 0x00, 0x20, 0x34, 0x01,
    0x00, 0x11, 0x01, 0x00, 0x00, 0x10, 0x43, 0x13, 0x00, 0x00, 0x00, 0x00,
    0x10, 0xD8, 0xFF, 0xEF, 0x4B, 0x00, 0x00, 0x00, 0xD3, 0xFF, 0xFF, 0xFF,
    0xFF, 0x08, 0x00, 0x20, 0xFE, 0xFF, 0xBE, 0xFC, 0xFF, 0x7F, 0x00, 0xA0,
    0xFF, 0x8F, 0x01, 0x30, 0xFC, 0xFF, 0x02, 0xF3, 0xFF, 0x0A, 0x00, 0x00,
    0xF3, 0xFF, 0x08, 0xF7, 0xFF, 0x02, 0x00, 0x00, 0xA0, 0xFF, 0x0C, 0xFA,
    0xFF, 0x78, 0x77, 0x87, 0xC8, 0xFF, 0x0D, 0xFB, 0xFF, 0xFF, 0xFF, 0xFF,
    0xFF, 0xFF, 0x1E, 0xFB, 0xFF, 0xEE, 0xEE, 0xEE, 0xEE, 0xEE, 0x1D, 0xFA,
    0xEF, 0x12, 0x11, 0x11, 0x11, 0x11, 0x01, 0xF7, 0xFF, 0x03, 0x00, 0x00,
    0x00, 0x00, 0x00, 0xF3, 0xFF, 0x0A, 0x00, 0x00, 0x80, 0x59, 0x02, 0xB0,
    0xFF, 0x9F, 0x01, 0x10, 0xF8, 0xFF, 0x08, 0x20, 0xFE, 0xFF, 0xBE, 0xEB,
    0xFF, 0xDF, 0x01, 0x00, 0xD4, 0xFF, 0xFF, 0xFF, 0xFF, 0x3D, 0x00, 0x00,
    0x10, 0xD8, 0xFF, 0xFF, 0x8D, 0x01, 0x00, 0x00, 0x00, 0x00, 0x42, 0x24,
    0x00, 0x00, 0x00, 0x00, 0x00, 0x00, 0x10, 0x01, 0x00, 0x00, 0x00, 0xB5,
    0xED, 0x9D, 0x00, 0x00, 0xF9, 0xFF, 0xFF, 0x0C, 0x00, 0xF4, 0xFF, 0xEF,
    0x7E, 0x00, 0x90, 0xFF, 0x8F, 0x21, 0x01, 0x00, 0xFB, 0xEF, 0x01, 0x00,
    0x11, 0xB1, 0xFF, 0x2E, 0x11, 0x90, 0xEE, 0xFF, 0xFF, 0xEE, 0x5E, 0xFA,
    0xFF, 0xFF, 0xFF, 0xFF, 0x96, 0xEE, 0xFF, 0xFF, 0xEE, 0x5E, 0x11, 0xB1,
    0xFF, 0x2E, 0x11, 0x00, 0x00, 0xFB, 0xEF, 0x01, 0x00, 0x00, 0xB0, 0xFF,
    0x1E, 0x00, 0x00, 0x00, 0xFB, 0xEF, 0x01, 0x00, 0x00, 0xB0, 0xFF, 0x1E,
    0x00, 0x00, 0x00, 0xFB, 0xEF, 0x01, 0x00, 0x00, 0xB0, 0xFF, 0x1E, 0x00,
    0x00, 0x00, 0xFB, 0xEF, 0x01, 0x00, 0x00, 0xB0, 0xFF, 0x1E, 0x00, 0x00,
    0x00, 0xFB, 0xEF, 0x01, 0x00, 0x00, 0xB0, 0xFF, 0x1E, 0x00, 0x00, 0x00,
    0xFC, 0xEF, 0x01, 0x00, 0x00, 0x90, 0xDD, 0x1C, 0x00, 0x00, 0x00, 0x00,
    0x00, 0x11, 0x00, 0x00, 0x00, 0x00, 0x00, 0x20, 0xC8, 0xDE, 0x4B, 0x60,
    0xBC, 0x3C, 0x00, 0xE4, 0xFF, 0xFF, 0xFF, 0x65, 0xFF, 0x4F, 0x30, 0xFF,
    0xFF, 0xEF, 0xFE, 0xAE, 0xFF, 0x4F, 0xB0, 0xFF, 0xCF, 0x14, 0x72, 0xFF,
    0xFF, 0x4F, 0xF3, 0xFF, 0x1D, 0x00, 0x00, 0xF6, 0xFF, 0x4F, 0xF7, 0xFF,
    0x06, 0x00, 0x00, 0xD0, 0xFF, 0x4F, 0xFA, 0xFF, 0x02, 0x00, 0x00, 0x90,
    0xFF, 0x4F, 0xFB, 0xEF, 0x01, 0x00, 0x00, 0x80, 0xFF, 0x4F, 0xFB, 0xEF,
    0x01, 0x00, 0x00, 0x80, 0xFF, 0x4F, 0xFA, 0xFF, 0x02, 0x00, 0x00, 0xA0,
    0xFF, 0x4F, 0xF8, 0xFF, 0x06, 0x00, 0x00, 0xD0, 0xFF, 0x4F, 0xF4, 0xFF,
    0x2D, 0x00, 0x00, 0xF8, 0xFF, 0x4F, 0xC0, 0xFF, 0xDF, 0x47, 0xA5, 0xFF,
    0xFF, 0x4F, 0x30, 0xFE, 0xFF, 0xFF, 0xFF, 0x9C, 0xFF, 0x4F, 0x00, 0xD3,
    0xFF, 0xFF, 0xEF, 0x73, 0xFF, 0x4F, 0x00, 0x10, 0x96, 0xAB, 0x27, 0x80,
    0xFF, 0x4F, 0x00, 0x00, 0x00, 0x00, 0x00, 0x80, 0xFF, 0x3F, 0x00, 0x51,
    0x01, 0x00, 0x00, 0xB0, 0xFF, 0x2F, 0x91, 0xFD, 0x1B, 0x00, 0x00, 0xF6,
    0xFF, 0x0C, 0xB0, 0xEF, 0xDF, 0x89, 0xC8, 0xFF, 0xFF, 0x04, 0x10, 0xFB,
    0xFF, 0xFF, 0xFF, 0xFF, 0x6F, 0x00, 0x00, 0x50, 0xEB, 0xFF, 0xEF, 0x9D,
    0x03, 0x00, 0x00, 0x00, 0x20, 0x43, 0x34, 0x01, 0x00, 0x00, 0x40, 0x44,
    0x03, 0x00, 0x00, 0x00, 0x00, 0x00, 0xF1, 0xFF, 0x0B, 0x00, 0x00, 0x00,
    0x00, 0x00, 0xE1, 0xFF, 0x0A, 0x00, 0x00, 0x00, 0x00, 0x00, 0xE1, 0xFF,
    0x0A, 0x00, 0x00, 0x00, 0x00, 0x00, 0xE1, 0xFF, 0x0A, 0x00, 0x00, 0x00,
    0x00, 0x00, 0xE1, 0xFF, 0x0A, 0x00, 0x10, 0x00, 0x00, 0x00, 0xE1, 0xFF,
    0x0A, 0xA3, 0xED, 0xAD, 0x04, 0x00, 0xE1, 0xFF, 0x49, 0xFE, 0xFF, 0xFF,
    0x6F, 0x00, 0xE1, 0xFF, 0xDC, 0xEF, 0xFE, 0xFF, 0xFF, 0x03, 0xE1, 0xFF,
    0xEF, 0x26, 0x41, 0xFD, 0xFF, 0x09, 0xE1, 0xFF, 0x5F, 0x00, 0x00, 0xF3,
    0xFF, 0x0D, 0xE1, 0xFF, 0x0D, 0x00, 0x00, 0xC0, 0xFF, 0x1E, 0xE1, 0xFF,
    0x0B, 0x00, 0x00, 0xB0, 0xFF, 0x1E, 0xE1, 0xFF, 0x0B, 0x00, 0x00, 0xB0,
    0xFF, 0x1E, 0xE1, 0xFF, 0x0B, 0x00, 0x00, 0xB0, 0xFF, 0x1E, 0xE1, 0xFF,
    0x0B, 0x00, 0x00, 0xB0, 0xFF, 0x1E, 0xE1, 0xFF, 0x0B, 0x00, 0x00, 0xB0,
    0xFF, 0x1E, 0xE1, 0xFF, 0x0B, 0x00, 0x00, 0xB0, 0xFF, 0x1E, 0xE1, 0xFF,
    0x0B, 0x00, 0x00, 0xB0, 0xFF, 0x1E, 0xE1, 0xFF, 0x0B, 0x00, 0x00, 0xB0,
    0xFF, 0x1E, 0xE1, 0xFF, 0x0B, 0x00, 0x00, 0xC0, 0xFF, 0x1E, 0xC1, 0xDD,
    0x09, 0x00, 0x00, 0x90, 0xDD, 0x1C, 0x00, 0x01, 0x00, 0x70, 0xDD, 0x04,
    0xF3, 0xFF, 0x1D, 0xF3, 0xFF, 0x1D, 0x70, 0xDE, 0x04, 0x00, 0x01, 0x00,
    0x00, 0x00, 0x00, 0xA1, 0xBB, 0x08, 0xF1, 0xFF, 0x0C, 0xE1, 0xFF, 0x0B,
    0xE1, 0xFF, 0x0B, 0xE1, 0xFF, 0x0B, 0xE1, 0xFF, 0x0B, 0xE1, 0xFF, 0x0B,
    0xE1, 0xFF, 0x0B, 0xE1, 0xFF, 0x0B, 0xE1, 0xFF, 0x0B, 0xE1, 0xFF, 0x0B,
    0xE1, 0xFF, 0x0B, 0xE1, 0xFF, 0x0B, 0xE1, 0xFF, 0x0B, 0xE1, 0xFF, 0x0B,
    0xD1, 0xEE, 0x0A, 0x10, 0x11, 0x01, 0x00, 0x00, 0x01, 0x00, 0x00, 0x70,
    0xDD, 0x04, 0x00, 0xF3, 0xFF, 0x1D, 0x00, 0xF3, 0xFF, 0x1D, 0x00, 0x70,
    0xDE, 0x04, 0x00, 0x00, 0x01, 0x00, 0x00, 0x00, 0x00, 0x00, 0x00, 0xA1,
    0xBB, 0x08, 0x00, 0xF1, 0xFF, 0x0C, 0x00, 0xE1, 0xFF, 0x0B, 0x00, 0xE1,
    0xFF, 0x0B, 0x00, 0xE1, 0xFF, 0x0B, 0x00, 0xE1, 0xFF, 0x0B, 0x00, 0xE1,
    0xFF, 0x0B, 0x00, 0xE1, 0xFF, 0x0B, 0x00, 0xE1, 0xFF, 0x0B, 0x00, 0xE1,
    0xFF, 0x0B, 0x00, 0xE1, 0xFF, 0x0B, 0x00, 0xE1, 0xFF, 0x0B, 0x00, 0xE1,
    0xFF, 0x0B, 0x00, 0xE1, 0xFF, 0x0B, 0x00, 0xE1, 0xFF, 0x0B, 0x00, 0xE1,
    0xFF, 0x0B, 0x00, 0xE1, 0xFF, 0x0B, 0x00, 0xE1, 0xFF, 0x0B, 0x11, 0xF8,
    0xFF, 0x09, 0xE7, 0xFF, 0xFF, 0x04, 0xF8, 0xFF, 0x8F, 0x00, 0xE7, 0xAD,
    0x05, 0x00, 0x11, 0x00, 0x00, 0x00, 0x10, 0x11, 0x01, 0x00, 0x00, 0x00,
    0x00, 0x00, 0xD1, 0xEE, 0x0A, 0x00, 0x00, 0x00, 0x00, 0x00, 0xE1, 0xFF,
    0x0B, 0x00, 0x00, 0x00, 0x00, 0x00, 0xE1, 0xFF, 0x0B, 0x00, 0x00, 0x00,
    0x00, 0x00, 0xE1, 0xFF, 0x0B, 0x00, 0x00, 0x00, 0x00, 0x00, 0xE1, 0xFF,
    0x0B, 0x00, 0x00, 0x00, 0x00, 0x00, 0xE1, 0xFF, 0x0B, 0x00, 0x00, 0xB7,
    0xCB, 0x07, 0xE1, 0xFF, 0x0B, 0x00, 0x70, 0xFF, 0xDF, 0x02, 0xE1, 0xFF,
    0x0B, 0x00, 0xF5, 0xFF, 0x1D, 0x00, 0xE1, 0xFF, 0x0B, 0x40, 0xFF, 0xEF,
    0x02, 0x00, 0xE1, 0xFF, 0x0B, 0xE3, 0xFF, 0x3E, 0x00, 0x00, 0xE1, 0xFF,
    0x2A, 0xFE, 0xFF, 0x04, 0x00, 0x00, 0xE1, 0xFF, 0xDD, 0xFF, 0x5F, 0x00,
    0x00, 0x00, 0xE1, 0xFF, 0xFF, 0xFF, 0x4F, 0x00, 0x00, 0x00, 0xE1, 0xFF,
    0xFF, 0xFF, 0xEF, 0x01, 0x00, 0x00, 0xE1, 0xFF, 0xBF, 0xFA, 0xFF, 0x0B,
    0x00, 0x00, 0xE1, 0xFF, 0x1D, 0xD1, 0xFF, 0x7F, 0x00, 0x00, 0xE1, 0xFF,
    0x0B, 0x40, 0xFF, 0xFF, 0x03, 0x00, 0xE1, 0xFF, 0x0B, 0x00, 0xF8, 0xFF,
    0x1C, 0x00, 0xE1, 0xFF, 0x0B, 0x00, 0xC0, 0xFF, 0x9F, 0x00, 0xE1, 0xFF,
    0x0B, 0x00, 0x20, 0xFE, 0xFF, 0x05, 0xD1, 0xEE, 0x0A, 0x00, 0x00, 0xE6,
    0xEE, 0x2D, 0x10, 0x11, 0x01, 0x00, 0x00, 0x10, 0x11, 0x11, 0x10, 0x11,
    0x11, 0xED, 0xAE, 0xE1, 0xFF, 0x1B, 0xFE, 0xBF, 0xE1, 0xFF, 0x1B, 0xFE,
    0xBF, 0xE1, 0xFF, 0x1B, 0xFE, 0xBF, 0xE1, 0xFF, 0x1B, 0xFE, 0xBF, 0xE1,
    0xFF, 0x1B, 0xFE, 0xBF, 0xE1, 0xFF, 0x1B, 0xFE, 0xBF, 0xE1, 0xFF, 0x1B,
    0xFE, 0xBF, 0xE1, 0xFF, 0x1B, 0xFE, 0xBF, 0xE1, 0xFF, 0x1B, 0xFE, 0xBF,
    0xE1, 0xFF, 0x1B, 0xED, 0xAE, 0x10, 0x11, 0x01, 0x00, 0x00, 0x00, 0x00,
    0x11, 0x00, 0x00, 0x00, 0x10, 0x01, 0x00, 0x00, 0xA1, 0xBB, 0x06, 0xA4,
    0xED, 0x4B, 0x00, 0x50, 0xDB, 0xCE, 0x18, 0x00, 0xF1, 0xFF, 0x48, 0xFF,
    0xFF, 0xFF, 0x04, 0xF8, 0xFF, 0xFF, 0xCF, 0x01, 0xE1, 0xFF, 0xEA, 0xFF,
    0xFF, 0xFF, 0x5B, 0xFF, 0xFF, 0xFF, 0xFF, 0x09, 0xE1, 0xFF, 0xEF, 0x47,
    0xD6, 0xFF, 0xEF, 0x8F, 0x54, 0xFB, 0xFF, 0x1E, 0xE1, 0xFF, 0x4F, 0x00,
    0x20, 0xFE, 0xFF, 0x07, 0x00, 0xC0, 0xFF, 0x3F, 0xE1, 0xFF, 0x0C, 0x00,
    0x00, 0xFC, 0xEF, 0x01, 0x00, 0x80, 0xFF, 0x4F, 0xE1, 0xFF, 0x0B, 0x00,
    0x00, 0xFB, 0xEF, 0x01, 0x00, 0x80, 0xFF, 0x4F, 0xE1, 0xFF, 0x0B, 0x00,
    0x00, 0xFB, 0xEF, 0x01, 0x00, 0x80, 0xFF, 0x4F, 0xE1, 0xFF, 0x0B, 0x00,
    0x00, 0xFB, 0xEF, 0x01, 0x00, 0x80, 0xFF, 0x4F, 0xE1, 0xFF, 0x0B, 0x00,
    0x00, 0xFB, 0xEF, 0x01, 0x00, 0x80, 0xFF, 0x4F, 0xE1, 0xFF, 0x0B, 0x00,
    0x00, 0xFB, 0xEF, 0x01, 0x00, 0x80, 0xFF, 0x4F, 0xE1, 0xFF, 0x0B, 0x00,
    0x00, 0xFB, 0xEF, 0x01, 0x00, 0x80, 0xFF, 0x4F, 0xE1, 0xFF, 0x0B, 0x00,
    0x00, 0xFB, 0xEF, 0x01, 0x00, 0x80, 0xFF, 0x4F, 0xE1, 0xFF, 0x0B, 0x00,
    0x00, 0xFB, 0xEF, 0x01, 0x00, 0x70, 0xFF, 0x4F, 0xE1, 0xFF, 0x0B, 0x00,
    0x00, 0xFB, 0xEF, 0x01, 0x00, 0x80, 0xFF, 0x4F, 0xD1, 0xEE, 0x0A, 0x00,
    0x00, 0xEA, 0xDE, 0x01, 0x00, 0x70, 0xEE, 0x3E, 0x10, 0x11, 0x01, 0x00,
    0x00, 0x11, 0x11, 0x00, 0x00, 0x00, 0x11, 0x01, 0x10, 0x11, 0x01, 0x00,
    0x10, 0x00, 0x00, 0x10, 0xED, 0x8E, 0x30, 0xDA, 0xDE, 0x39, 0x00, 0xE1,
    0xFF, 0x48, 0xFF, 0xFF, 0xFF, 0x4E, 0x10, 0xFE, 0xAF, 0xFD, 0xEE, 0xFF,
    0xFF, 0x1E, 0xE1, 0xFF, 0xEF, 0x15, 0x61, 0xFE, 0xFF, 0x16, 0xFE, 0xFF,
    0x04, 0x00, 0x60, 0xFF, 0xAF, 0xE1, 0xFF, 0x0D, 0x00, 0x00, 0xF2, 0xFF,
    0x1B, 0xFE, 0xBF, 0x00, 0x00, 0x10, 0xFE, 0xBF, 0xE1, 0xFF, 0x0B, 0x00,
    0x00, 0xE1, 0xFF, 0x1B, 0xFE, 0xBF, 0x00, 0x00, 0x10, 0xFE, 0xBF, 0xE1,
    0xFF, 0x0B, 0x00, 0x00, 0xE1, 0xFF, 0x1B, 0xFE, 0xBF, 0x00, 0x00, 0x10,
    0xFE, 0xBF, 0xE1, 0xFF, 0x0B, 0x00, 0x00, 0xE1, 0xFF, 0x1B, 0xFE, 0xBF,
    0x00, 0x00, 0x10, 0xFE, 0xBF, 0xE1, 0xFF, 0x0B, 0x00, 0x00, 0xE1, 0xFF,
    0x1B, 0xFE, 0xBF, 0x00, 0x00, 0x10, 0xFE, 0xCF, 0xC1, 0xDD, 0x09, 0x00,
    0x00, 0xC1, 0xDD, 0x09, 0x00, 0x00, 0x00, 0x10, 0x01, 0x00, 0x00, 0x00,
    0x00, 0x00, 0xA5, 0xED, 0xCE, 0x39, 0x00, 0x00, 0x00, 0xB1, 0xFF, 0xFF,
    0xFF, 0xFF, 0x08, 0x00, 0x10, 0xFC, 0xFF, 0xEF, 0xFE, 0xFF, 0x9F, 0x00,
    0x90, 0xFF, 0xCF, 0x14, 0x62, 0xFE, 0xFF, 0x05, 0xF2, 0xFF, 0x1D, 0x00,
    0x00, 0xF4, 0xFF, 0x0C, 0xF6, 0xFF, 0x06, 0x00, 0x00, 0xA0, 0xFF, 0x3F,
    0xF9, 0xFF, 0x03, 0x00, 0x00, 0x60, 0xFF, 0x5F, 0xFB, 0xEF, 0x01, 0x00,
    0x00, 0x40, 0xFF, 0x7F, 0xFB, 0xEF, 0x01, 0x00, 0x00, 0x40, 0xFF, 0x7F,
    0xFA, 0xFF, 0x02, 0x00, 0x00, 0x50, 0xFF, 0x6F, 0xF7, 0xFF, 0x05, 0x00,
    0x00, 0x90, 0xFF, 0x4F, 0xF3, 0xFF, 0x0C, 0x00, 0x00, 0xE2, 0xFF, 0x1D,
    0xB0, 0xFF, 0x9F, 0x01, 0x30, 0xFC, 0xFF, 0x07, 0x20, 0xFE, 0xFF, 0xBE,
    0xFC, 0xFF, 0xCF, 0x01, 0x00, 0xD4, 0xFF, 0xFF, 0xFF, 0xFF, 0x1B, 0x00,
    0x00, 0x20, 0xD8, 0xFF, 0xFF, 0x7C, 0x00, 0x00, 0x00, 0x00, 0x10, 0x43,
    0x24, 0x00, 0x00, 0x00, 0x00, 0x00, 0x00, 0x00, 0x10, 0x00, 0x00, 0x00,
    0x10, 0xBA, 0x7B, 0x30, 0xDA, 0xDE, 0x39, 0x00, 0x00, 0xF1, 0xFF, 0x38,
    0xFE, 0xFF, 0xFF, 0x7F, 0x00, 0x10, 0xFE, 0xAF, 0xFD, 0xEF, 0xFF, 0xFF,
    0x6F, 0x00, 0xE1, 0xFF, 0xFF, 0x28, 0x31, 0xFA, 0xFF, 0x1E, 0x10, 0xFE,
    0xFF, 0x08, 0x00, 0x00, 0xFA, 0xFF, 0x07, 0xE1, 0xFF, 0x1E, 0x00, 0x00,
    0x30, 0xFF, 0xBF, 0x10, 0xFE, 0xBF, 0x00, 0x00, 0x00, 0xD0, 0xFF, 0x0D,
    0xE1, 0xFF, 0x09, 0x00, 0x00, 0x00, 0xFB, 0xEF, 0x11, 0xFE, 0x9F, 0x00,
    0x00, 0x00, 0xB0, 0xFF, 0x1E, 0xE1, 0xFF, 0x0A, 0x00, 0x00, 0x00, 0xFC,
    0xDF, 0x10, 0xFE, 0xDF, 0x00, 0x00, 0x00, 0xF2, 0xFF, 0x0B, 0xE1, 0xFF,
    0x6F, 0x00, 0x00, 0x80, 0xFF, 0x8F, 0x10, 0xFE, 0xFF, 0x5E, 0x00, 0x60,
    0xFF, 0xFF, 0x02, 0xE1, 0xFF, 0xFE, 0xCF, 0xDB, 0xFF, 0xFF, 0x08, 0x10,
    0xFE, 0xAF, 0xF8, 0xFF, 0xFF, 0xFF, 0x0A, 0x00, 0xE1, 0xFF, 0x0B, 0xD7,
    0xFF, 0xDF, 0x07, 0x00, 0x10, 0xFE, 0xBF, 0x00, 0x31, 0x34, 0x00, 0x00,
    0x00, 0xE1, 0xFF, 0x0B, 0x00, 0x00, 0x00, 0x00, 0x00, 0x10, 0xFE, 0xBF,
    0x00, 0x00, 0x00, 0x00, 0x00, 0x00, 0xE1, 0xFF, 0x0B, 0x00, 0x00, 0x00,
    0x00, 0x00, 0x10, 0xFE, 0xBF, 0x00, 0x00, 0x00, 0x00, 0x00, 0x00, 0xD1,
    0xEE, 0x0A, 0x00, 0x00, 0x00, 0x00, 0x00, 0x00, 0x11, 0x11, 0x00, 0x00,
    0x00, 0x00, 0x00, 0x00, 0x00, 0x00, 0x00, 0x11, 0x00, 0x00, 0x00, 0x00,
    0x00, 0x20, 0xC8, 0xDE, 0x4B, 0x50, 0xBB, 0x3B, 0x00, 0xE4, 0xFF, 0xFF,
    0xFF, 0x65, 0xFF, 0x4F, 0x30, 0xFF, 0xFF, 0xEF, 0xFE, 0xAE, 0xFF, 0x4F,
    0xB0, 0xFF, 0xCF, 0x14, 0x72, 0xFF, 0xFF, 0x4F, 0xF3, 0xFF, 0x1D, 0x00,
    0x00, 0xF6, 0xFF, 0x4F, 0xF7, 0xFF, 0x06, 0x00, 0x00, 0xC0, 0xFF, 0x4F,
    0xFA, 0xFF, 0x02, 0x00, 0x00, 0x90, 0xFF, 0x4F, 0xFB, 0xEF, 0x01, 0x00,
    0x00, 0x70, 0xFF, 0x4F, 0xFB, 0xEF, 0x01, 0x00, 0x00, 0x70, 0xFF, 0x4F,
    0xFA, 0xFF, 0x02, 0x00, 0x00, 0x80, 0xFF, 0x4F, 0xF8, 0xFF, 0x05, 0x00,
    0x00, 0xB0, 0xFF, 0x4F, 0xF4, 0xFF, 0x0B, 0x00, 0x00, 0xF3, 0xFF, 0x4F,
    0xD1, 0xFF, 0x9F, 0x01, 0x30, 0xFD, 0xFF, 0x4F, 0x50, 0xFF, 0xFF, 0xBE,
    0xFC, 0xDF, 0xFF, 0x4F, 0x00, 0xF8, 0xFF, 0xFF, 0xFF, 0x78, 0xFF, 0x4F,
    0x00, 0x50, 0xFC, 0xFF, 0x8E, 0x70, 0xFF, 0x4F, 0x00, 0x00, 0x20, 0x34,
    0x01, 0x80, 0xFF, 0x4F, 0x00, 0x00, 0x00, 0x00, 0x00, 0x80, 0xFF, 0x4F,
    0x00, 0x00, 0x00, 0x00, 0x00, 0x80, 0xFF, 0x4F, 0x00, 0x00, 0x00, 0x00,
    0x00, 0x70, 0xFF, 0x4F, 0x00, 0x00, 0x00, 0x00, 0x00, 0x80, 0xFF, 0x4F,
    0x00, 0x00, 0x00, 0x00, 0x00, 0x70, 0xDE, 0x3E, 0x00, 0x00, 0x00, 0x00,
    0x00, 0x10, 0x11, 0x01, 0x00, 0x00, 0x00, 0x00, 0x11, 0x10, 0xBA, 0x7B,
    0x60, 0xEC, 0x1D, 0xF1, 0xFF, 0x69, 0xFF, 0xEF, 0x11, 0xFE, 0xCF, 0xFE,
    0xFF, 0x1F, 0xE1, 0xFF, 0xFF, 0x5A, 0x54, 0x10, 0xFE, 0xFF, 0x08, 0x00,
    0x00, 0xE1, 0xFF, 0x0D, 0x00, 0x00, 0x10, 0xFE, 0xBF, 0x00, 0x00, 0x00,
    0xE1, 0xFF, 0x0B, 0x00, 0x00, 0x10, 0xFE, 0xBF, 0x00, 0x00, 0x00, 0xE1,
    0xFF, 0x0B, 0x00, 0x00, 0x10, 0xFE, 0xBF, 0x00, 0x00, 0x00, 0xE1, 0xFF,
    0x0B, 0x00, 0x00, 0x10, 0xFE, 0xBF, 0x00, 0x00, 0x00, 0xE1, 0xFF, 0x0B,
    0x00, 0x00, 0x10, 0xFE, 0xBF, 0x00, 0x00, 0x00, 0xD1, 0xEE, 0x0A, 0x00,
    0x00, 0x00, 0x11, 0x11, 0x00, 0x00, 0x00, 0x00, 0x00, 0x00, 0x11, 0x00,
    0x00, 0x00, 0x00, 0x40, 0xCA, 0xEE, 0xAD, 0x05, 0x00, 0x00, 0xF9, 0xFF,
    0xFF, 0xFF, 0xBF, 0x01, 0x90, 0xFF, 0xFF, 0xBC, 0xFE, 0xFE, 0x0A, 0xF2,
    0xFF, 0x3D, 0x00, 0xA1, 0xFF, 0x3F, 0xF4, 0xFF, 0x07, 0x00, 0x10, 0x79,
    0x14, 0xF3, 0xFF, 0x1C, 0x00, 0x00, 0x00, 0x00, 0xD1, 0xFF, 0xEF, 0x69,
    0x13, 0x00, 0x00, 0x40, 0xFF, 0xFF, 0xFF, 0xEF, 0x5A, 0x00, 0x00, 0xA3,
    0xFE, 0xFF, 0xFF, 0xFF, 0x09, 0x00, 0x00, 0x52, 0xB8, 0xFE, 0xFF, 0x5F,
    0x00, 0x00, 0x00, 0x00, 0x81, 0xFF, 0xAF, 0x63, 0xA9, 0x00, 0x01, 0x00,
    0xFE, 0xBF, 0xF8, 0xFF, 0x08, 0x00, 0x60, 0xFF, 0x8F, 0xE2, 0xEF, 0xCF,
    0x88, 0xFB, 0xFF, 0x2F, 0x40, 0xFE, 0xFF, 0xFF, 0xFF, 0xEF, 0x05, 0x00,
    0x92, 0xFD, 0xFF, 0xDF, 0x29, 0x00, 0x00, 0x00, 0x31, 0x44, 0x13, 0x00,
    0x00, 0x00, 0x84, 0x87, 0x02, 0x00, 0x00, 0xF8, 0xFF, 0x04, 0x00, 0x00,
    0xF7, 0xFE, 0x04, 0x00, 0x00, 0xF7, 0xFF, 0x03, 0x00, 0xB8, 0xFD, 0xFF,
    0xBC, 0x3B, 0xFC, 0xFF, 0xFF, 0xFF, 0x4F, 0xFB, 0xFF, 0xFF, 0xFF, 0x4F,
    0x43, 0xF9, 0xFF, 0x46, 0x14, 0x00, 0xF7, 0xFF, 0x03, 0x00, 0x00, 0xF8,
    0xFF, 0x04, 0x00, 0x00, 0xF8, 0xFF, 0x04, 0x00, 0x00, 0xF8, 0xFF, 0x04,
    0x00, 0x00, 0xF8, 0xFF, 0x04, 0x00, 0x00, 0xF8, 0xFF, 0x04, 0x00, 0x00,
    0xF8, 0xFF, 0x04, 0x00, 0x00, 0xF8, 0xFF, 0x03, 0x00, 0x00, 0xF7, 0xFF,
    0x07, 0x00, 0x00, 0xF4, 0xFF, 0xBF, 0x3C, 0x00, 0xB0, 0xFF, 0xFF, 0x6F,
    0x00, 0x10, 0xEA, 0xFF, 0x8F, 0x00, 0x00, 0x20, 0x43, 0x13, 0xA1, 0xBB,
    0x08, 0x00, 0x00, 0x80, 0xBB, 0x1A, 0xF1, 0xFF, 0x0C, 0x00, 0x00, 0xC0,
    0xFF, 0x1F, 0xE1, 0xFF, 0x0B, 0x00, 0x00, 0xB0, 0xFF, 0x1E, 0xE1, 0xFF,
    0x0B, 0x00, 0x00, 0xB0, 0xFF, 0x1E, 0xE1, 0xFF, 0x0B, 0x00, 0x00, 0xB0,
    0xFF, 0x1E, 0xE1, 0xFF, 0x0B, 0x00, 0x00, 0xB0, 0xFF, 0x1E, 0xE1, 0xFF,
    0x0B, 0x00, 0x00, 0xB0, 0xFF, 0x1E, 0xE1, 0xFF, 0x0B, 0x00, 0x00, 0xB0,
    0xFF, 0x1E, 0xE1, 0xFF, 0x0B, 0x00, 0x00, 0xB0, 0xFF, 0x1E, 0xE1, 0xFF,
    0x0B, 0x00, 0x00, 0xB0, 0xFF, 0x1E, 0xE1, 0xFF, 0x0C, 0x00, 0x00, 0xC0,
    0xFF, 0x1E, 0xD0, 0xFF, 0x1E, 0x00, 0x00, 0xF3, 0xFF, 0x1E, 0xB0, 0xFF,
    0xBF, 0x01, 0x30, 0xFC, 0xFF, 0x1E, 0x50, 0xFF, 0xFF, 0xBE, 0xFB, 0xAE,
    0xFF, 0x1E, 0x00, 0xF9, 0xFF, 0xFF, 0xFF, 0x85, 0xFF, 0x1E, 0x00, 0x70,
    0xFD, 0xFF, 0x5C, 0x80, 0xEE, 0x1D, 0x00, 0x00, 0x31, 0x34, 0x00, 0x10,
    0x11, 0x01, 0xB4, 0xBB, 0x07, 0x00, 0x00, 0x00, 0xB6, 0xBB, 0x14, 0xFF,
    0xDF, 0x00, 0x00, 0x00, 0xD0, 0xFF, 0x2F, 0x90, 0xEF, 0x4F, 0x00, 0x00,
    0x30, 0xFF, 0x9F, 0x00, 0xF4, 0xFF, 0x09, 0x00, 0x00, 0xF8, 0xFF, 0x04,
    0x00, 0xFD, 0xDF, 0x01, 0x00, 0xC0, 0xFF, 0x0D, 0x00, 0x70, 0xFF, 0x4F,
    0x00, 0x30, 0xFF, 0x8F, 0x00, 0x00, 0xF2, 0xFF, 0x09, 0x00, 0xF8, 0xFF,
    0x02, 0x00, 0x00, 0xFB, 0xDF, 0x01, 0xD0, 0xFF, 0x0B, 0x00, 0x00, 0x50,
    0xFF, 0x4F, 0x30, 0xFF, 0x6F, 0x00, 0x00, 0x00, 0xE1, 0xFF, 0x09, 0xF8,
    0xEF, 0x01, 0x00, 0x00, 0x00, 0xF9, 0xDF, 0xC0, 0xFF, 0x09, 0x00, 0x00,
    0x00, 0x40, 0xFF, 0x5F, 0xFE, 0x4F, 0x00, 0x00, 0x00, 0x00, 0xD0, 0xFF,
    0xFC, 0xDF, 0x00, 0x00, 0x00, 0x00, 0x00, 0xF7, 0xFF, 0xFF, 0x08, 0x00,
    0x00, 0x00, 0x00, 0x20, 0xFF, 0xFF, 0x2F, 0x00, 0x00, 0x00, 0x00, 0x00,
    0xA0, 0xEE, 0xAE, 0x00, 0x00, 0x00, 0x00, 0x00, 0x00, 0x10, 0x11, 0x00,
    0x00, 0x00, 0x00, 0xB3, 0xBB, 0x07, 0x00, 0x00, 0xB7, 0xBB, 0x01, 0x00,
    0x30, 0xBB, 0x7B, 0xF1, 0xFF, 0x0C, 0x00, 0x00, 0xFD, 0xFF, 0x04, 0x00,
    0x80, 0xFF, 0x6F, 0xA0, 0xFF, 0x2E, 0x00, 0x30, 0xFF, 0xFF, 0x08, 0x00,
    0xB0, 0xFF, 0x1E, 0x60, 0xFF, 0x5F, 0x00, 0x60, 0xFF, 0xFF, 0x0B, 0x00,
    0xE1, 0xFF, 0x0B, 0x20, 0xFF, 0x9F, 0x00, 0xA0, 0xEF, 0xFE, 0x1E, 0x00,
    0xF4, 0xFF, 0x07, 0x00, 0xFC, 0xCF, 0x00, 0xD1, 0xCF, 0xFA, 0x4F, 0x00,
    0xF8, 0xFF, 0x03, 0x00, 0xF8, 0xFF, 0x02, 0xF3, 0x9F, 0xF5, 0x8F, 0x00,
    0xFB, 0xCF, 0x00, 0x00, 0xF3, 0xFF, 0x05, 0xF7, 0x6F, 0xF1, 0xBF, 0x10,
    0xFE, 0x8F, 0x00, 0x00, 0xD0, 0xFF, 0x08, 0xFA, 0x3F, 0xD0, 0xEF, 0x40,
    0xFF, 0x4F, 0x00, 0x00, 0x90, 0xFF, 0x0B, 0xFD, 0x1D, 0x90, 0xFF, 0x63,
    0xFF, 0x1D, 0x00, 0x00, 0x50, 0xFF, 0x4D, 0xFF, 0x0A, 0x50, 0xFF, 0x97,
    0xFF, 0x0A, 0x00, 0x00, 0x10, 0xFE, 0xAE, 0xFF, 0x05, 0x10, 0xFE, 0xCB,
    0xFF, 0x05, 0x00, 0x00, 0x00, 0xFB, 0xEF, 0xFF, 0x02, 0x00, 0xFB, 0xFE,
    0xEF, 0x01, 0x00, 0x00, 0x00, 0xF6, 0xFF, 0xCF, 0x00, 0x00, 0xF7, 0xFF,
    0xBF, 0x00, 0x00, 0x00, 0x00, 0xF2, 0xFF, 0x8F, 0x00, 0x00, 0xF3, 0xFF,
    0x7F, 0x00, 0x00, 0x00, 0x00, 0xB0, 0xEE, 0x3E, 0x00, 0x00, 0xC0, 0xEE,
    0x2E, 0x00, 0x00, 0x00, 0x00, 0x10, 0x11, 0x01, 0x00, 0x00, 0x10, 0x11,
    0x01, 0x00, 0x00, 0x90, 0xBB, 0x2B, 0x00, 0x00, 0x90, 0xBB, 0x2B, 0x50,
    0xFF, 0xBF, 0x00, 0x00, 0xF5, 0xFF, 0x0A, 0x00, 0xF9, 0xFE, 0x05, 0x10,
    0xFD, 0xDF, 0x01, 0x00, 0xE1, 0xFF, 0x1D, 0x80, 0xFF, 0x5F, 0x00, 0x00,
    0x50, 0xFF, 0x6F, 0xF1, 0xFF, 0x0A, 0x00, 0x00, 0x00, 0xFB, 0xCF, 0xF9,
    0xEF, 0x01, 0x00, 0x00, 0x00, 0xE2, 0xFF, 0xFF, 0x6F, 0x00, 0x00, 0x00,
    0x00, 0x60, 0xFF, 0xFF, 0x0A, 0x00, 0x00, 0x00, 0x00, 0x80, 0xFF, 0xFF,
    0x0A, 0x00, 0x00, 0x00, 0x00, 0xF3, 0xFF, 0xFF, 0x6F, 0x00, 0x00, 0x00,
    0x00, 0xFC, 0xAF, 0xF8, 0xEF, 0x02, 0x00, 0x00, 0x70, 0xFF, 0x4F, 0xE1,
    0xFF, 0x0A, 0x00, 0x00, 0xF3, 0xFF, 0x0B, 0x80, 0xFF, 0x5F, 0x00, 0x00,
    0xFB, 0xFF, 0x02, 0x10, 0xFD, 0xEF, 0x01, 0x70, 0xFF, 0x8F, 0x00, 0x00,
    0xF4, 0xFF, 0x0A, 0xD2, 0xEE, 0x1C, 0x00, 0x00, 0xA0, 0xEE, 0x5E, 0x11,
    0x11, 0x00, 0x00, 0x00, 0x00, 0x11, 0x11, 0xB4, 0xBB, 0x07, 0x00, 0x00,
    0x00, 0xB6, 0xBB, 0x14, 0xFF, 0xDF, 0x00, 0x00, 0x00, 0xC0, 0xFF, 0x2F,
    0x90, 0xEF, 0x4F, 0x00, 0x00, 0x30, 0xFF, 0xAF, 0x00, 0xF3, 0xFF, 0x09,
    0x00, 0x00, 0xF8, 0xFF, 0x04, 0x00, 0xFC, 0xDF, 0x01, 0x00, 0xD0, 0xFF,
    0x0D, 0x00, 0x70, 0xFF, 0x4F, 0x00, 0x30, 0xFF, 0x8F, 0x00, 0x00, 0xF2,
    0xFF, 0x09, 0x00, 0xF8, 0xFF, 0x02, 0x00, 0x00, 0xFB, 0xDF, 0x01, 0xD0,
    0xFF, 0x0B, 0x00, 0x00, 0x50, 0xFF, 0x4F, 0x40, 0xFF, 0x5F, 0x00, 0x00,
    0x00, 0xD1, 0xFF, 0x09, 0xF9, 0xEF, 0x01, 0x00, 0x00, 0x00, 0xF9, 0xDF,
    0xD1, 0xFF, 0x09, 0x00, 0x00, 0x00, 0x30, 0xFF, 0x5E, 0xFF, 0x3F, 0x00,
    0x00, 0x00, 0x00, 0xC0, 0xFF, 0xFC, 0xCF, 0x00, 0x00, 0x00, 0x00, 0x00,
    0xF7, 0xFF, 0xFF, 0x07, 0x00, 0x00, 0x00, 0x00, 0x20, 0xFE, 0xFF, 0x2E,
    0x00, 0x00, 0x00, 0x00, 0x00, 0xA0, 0xFF, 0xAF, 0x00, 0x00, 0x00, 0x00,
    0x00, 0x00, 0xF8, 0xFF, 0x05, 0x00, 0x00, 0x00, 0x00, 0x00, 0xC0, 0xFF,
    0x1D, 0x00, 0x00, 0x00, 0x00, 0x21, 0x71, 0xFF, 0x8F, 0x00, 0x00, 0x00,
    0x00, 0x80, 0xEE, 0xFF, 0xEF, 0x01, 0x00, 0x00, 0x00, 0x00, 0xFD, 0xFF,
    0xEF, 0x04, 0x00, 0x00, 0x00, 0x00, 0xC2, 0xED, 0x9C, 0x02, 0x00, 0x00,
    0x00, 0x00, 0x00, 0x10, 0x01, 0x00, 0x00, 0x00, 0x00, 0x00, 0x00, 0xA1,
    0xBB, 0xBB, 0xBB, 0xBB, 0xBB, 0x6B, 0xF1, 0xFF, 0xFF, 0xFF, 0xFF, 0xFF,
    0x8F, 0xF1, 0xFF, 0xFF, 0xFF, 0xFF, 0xFF, 0x7F, 0x71, 0x78, 0x78, 0x78,
    0xF9, 0xFF, 0x2E, 0x00, 0x00, 0x00, 0x00, 0xFB, 0xFF, 0x04, 0x00, 0x00,
    0x10, 0xA0, 0xFF, 0x7F, 0x00, 0x00, 0x00, 0x00, 0xF7, 0xFF, 0x0A, 0x00,
    0x00, 0x00, 0x40, 0xFF, 0xDF, 0x01, 0x00, 0x00, 0x00, 0xE2, 0xFF, 0x3F,
    0x00, 0x00, 0x00, 0x00, 0xFC, 0xFF, 0x06, 0x00, 0x00, 0x00, 0x90, 0xFF,
    0x9F, 0x00, 0x00, 0x00, 0x00, 0xF7, 0xFF, 0x0C, 0x00, 0x00, 0x00, 0x40,
    0xFF, 0xEF, 0x13, 0x11, 0x11, 0x11, 0xE2, 0xFF, 0xEF, 0xED, 0xEE, 0xEE,
    0xAE, 0xF4, 0xFF, 0xFF, 0xFF, 0xFF, 0xFF, 0xCF, 0xE4, 0xEE, 0xEE, 0xEE,
    0xEE, 0xEE, 0xAE, 0x10, 0x11, 0x11, 0x11, 0x11, 0x11, 0x11, 0x00, 0x00,
    0x00, 0x00, 0x42, 0x02, 0x00, 0x00, 0x81, 0xED, 0xAF, 0x00, 0x00, 0xC1,
    0xFF, 0xFF, 0x0A, 0x00, 0x80, 0xFF, 0xFF, 0x7C, 0x00, 0x00, 0xFC, 0xEF,
    0x04, 0x00, 0x00, 0xE1, 0xFF, 0x0A, 0x00, 0x00, 0x10, 0xFE, 0x8F, 0x00,
    0x00, 0x00, 0xE1, 0xFF, 0x08, 0x00, 0x00, 0x10, 0xFE, 0x8F, 0x00, 0x00,
    0x00, 0xE1, 0xFF, 0x08, 0x00, 0x00, 0x30, 0xFF, 0x7F, 0x00, 0x00, 0x41,
    0xFC, 0xFF, 0x04, 0x00, 0xD1, 0xFF, 0xFF, 0x0A, 0x00, 0x10, 0xFE, 0xBF,
    0x04, 0x00, 0x00, 0xF1, 0xFF, 0x7C, 0x01, 0x00, 0x10, 0xB7, 0xFF, 0xCF,
    0x01, 0x00, 0x00, 0x80, 0xEF, 0x5F, 0x00, 0x00, 0x00, 0xF2, 0xFF, 0x07,
    0x00, 0x00, 0x10, 0xFE, 0x8F, 0x00, 0x00, 0x00, 0xE1, 0xFF, 0x08, 0x00,
    0x00, 0x10, 0xFE, 0x8F, 0x00, 0x00, 0x00, 0xE1, 0xFF, 0x08, 0x00, 0x00,
    0x10, 0xFD, 0xAF, 0x00, 0x00, 0x00, 0xB0, 0xFF, 0x4E, 0x00, 0x00, 0x00,
    0xF6, 0xFF, 0xCF, 0x07, 0x00, 0x00, 0xF9, 0xFF, 0xAF, 0x00, 0x00, 0x00,
    0xA5, 0xEC, 0x09, 0x00, 0x00, 0x00, 0x00, 0x11, 0xC6, 0xCC, 0x81, 0xFF,
    0x1F, 0xF7, 0xEF, 0x81, 0xFF, 0x1E, 0xF8, 0xEF, 0x81, 0xFF, 0x1E, 0xF8,
    0xEF, 0x81, 0xFF, 0x1E, 0xF8, 0xEF, 0x81, 0xFF, 0x1E, 0xF8, 0xEF, 0x81,
    0xFF, 0x1E, 0xF8, 0xEF, 0x81, 0xFF, 0x1E, 0xF8, 0xEF, 0x81, 0xFF, 0x1E,
    0xF8, 0xEF, 0x81, 0xFF, 0x1E, 0xF8, 0xEF, 0x81, 0xFF, 0x1E, 0xF8, 0xEF,
    0x81, 0xFF, 0x1E, 0xF8, 0xEF, 0x81, 0xFF, 0x1E, 0xF8, 0xEF, 0x81, 0xFF,
    0x1E, 0xF8, 0xEF, 0x81, 0xFF, 0x1E, 0xF8, 0xEF, 0x81, 0xFF, 0x1E, 0xF8,
    0xEF, 0x81, 0xFF, 0x1E, 0xF7, 0xEF, 0x81, 0xFF, 0x1F, 0xC6, 0xBC, 0x01,
    0x41, 0x13, 0x00, 0x00, 0x00, 0x60, 0xFF, 0xAE, 0x03, 0x00, 0x00, 0xF6,
    0xFF, 0xEF, 0x03, 0x00, 0x40, 0xEC, 0xFF, 0xCF, 0x00, 0x00, 0x00, 0xD2,
    0xFF, 0x2F, 0x00, 0x00, 0x00, 0xF6, 0xFF, 0x03, 0x00, 0x00, 0x40, 0xFF,
    0x4F, 0x00, 0x00, 0x00, 0xF4, 0xFF, 0x04, 0x00, 0x00, 0x40, 0xFF, 0x4F,
    0x00, 0x00, 0x00, 0xF4, 0xFF, 0x04, 0x00, 0x00, 0x40, 0xFF, 0x7F, 0x00,
    0x00, 0x00, 0xF1, 0xFF, 0x5E, 0x02, 0x00, 0x00, 0xF7, 0xFF, 0xEF, 0x04,
    0x00, 0x00, 0xA3, 0xFF, 0x4F, 0x00, 0x00, 0x50, 0xFB, 0xFF, 0x04, 0x00,
    0x90, 0xFF, 0xCF, 0x28, 0x00, 0x20, 0xFF, 0xBF, 0x00, 0x00, 0x00, 0xF4,
    0xFF, 0x05, 0x00, 0x00, 0x40, 0xFF, 0x4F, 0x00, 0x00, 0x00, 0xF4, 0xFF,
    0x04, 0x00, 0x00, 0x40, 0xFF, 0x4F, 0x00, 0x00, 0x00, 0xF4, 0xFF, 0x04,
    0x00, 0x00, 0x60, 0xFF, 0x3F, 0x00, 0x00, 0x20, 0xFD, 0xEF, 0x01, 0x00,
    0xC4, 0xFE, 0xFF, 0x09, 0x00, 0x60, 0xFF, 0xFF, 0x1C, 0x00, 0x00, 0xE5,
    0xBD, 0x16, 0x00, 0x00, 0x00, 0x01, 0x00, 0x00, 0x00, 0x00, 0x00, 0x51,
    0x67, 0x02, 0x00, 0x00, 0x11, 0x01, 0x30, 0xFD, 0xFF, 0x6E, 0x00, 0x00,
    0xEB, 0x3E, 0xD1, 0xFF, 0xFF, 0xFF, 0x09, 0x10, 0xFE, 0x3F, 0xF6, 0xFF,
    0xCC, 0xFF, 0xCF, 0xC8, 0xFF, 0x0D, 0xFA, 0xAF, 0x00, 0xF6, 0xFF, 0xFF,
    0xFF, 0x06, 0xEA, 0x4E, 0x00, 0x30, 0xFC, 0xFF, 0x9F, 0x00, 0x11, 0x01,
    0x00, 0x00, 0x40, 0x77, 0x03, 0x00, 0x00, 0x01, 0x20, 0xEB, 0x2B, 0xF9,
    0xFF, 0xB9, 0xEF, 0xBF, 0xF6, 0xFF, 0x05, 0x74, 0x04, 0x00, 0x00, 0x00,
    0x11, 0x01, 0xE4, 0xEE, 0x47, 0xFF, 0x7F, 0xF4, 0xFF, 0x47, 0xFF, 0x7F,
    0xF4, 0xFF, 0x47, 0xFF, 0x7F, 0xF4, 0xFF, 0x47, 0xFF, 0x7F, 0xF4, 0xFF,
    0x47, 0xFF, 0x7F, 0xF4, 0xFF, 0x47, 0xFF, 0x7F, 0xF4, 0xFE, 0x47, 0xFF,
    0x8F, 0x41, 0x44, 0x02, 0x00, 0x00, 0x00, 0x10, 0x00, 0x00, 0x00, 0x00,
    0x00, 0x00, 0x40, 0x7E, 0x00, 0x00, 0x00, 0x00, 0x00, 0x00, 0xF3, 0x07,
    0x00, 0x00, 0x00, 0x00, 0x00, 0x83, 0xBF, 0x25, 0x00, 0x00, 0x00, 0x50,
    0xFC, 0xFF, 0xFF, 0x9E, 0x01, 0x00, 0x70, 0xFF, 0xFF, 0xFF, 0xFF, 0xDF,
    0x02, 0x50, 0xFF, 0xFF, 0xFC, 0xCC, 0xFF, 0xBF, 0x00, 0xFD, 0xFF, 0x35,
    0x7F, 0xB0, 0xFF, 0x5F, 0xF4, 0xFF, 0x0A, 0xF4, 0x08, 0xE2, 0xAC, 0x84,
    0xFF, 0x4F, 0x40, 0x7F, 0x00, 0x02, 0x00, 0xFA, 0xEF, 0x02, 0xF4, 0x07,
    0x00, 0x00, 0xB0, 0xFF, 0x1E, 0x40, 0x7F, 0x00, 0x00, 0x00, 0xFB, 0xEF,
    0x02, 0xF4, 0x07, 0x00, 0x00, 0x90, 0xFF, 0x3F, 0x40, 0x7F, 0x00, 0x00,
    0x00, 0xF5, 0xFF, 0x08, 0xF4, 0x08, 0xC1, 0x8B, 0x13, 0xFE, 0xEF, 0x22,
    0x7F, 0x80, 0xFF, 0x6F, 0x70, 0xFF, 0xEF, 0xF9, 0x9A, 0xFF, 0xDF, 0x01,
    0xA0, 0xFF, 0xFF, 0xFF, 0xFF, 0xFF, 0x04, 0x00, 0x80, 0xFE, 0xFF, 0xFF,
    0xCF, 0x04, 0x00, 0x00, 0x20, 0xB7, 0xDF, 0x59, 0x00, 0x00, 0x00, 0x00,
    0x00, 0xF3, 0x07, 0x00, 0x00, 0x00, 0x00, 0x00, 0x40, 0x7F, 0x00, 0x00,
    0x00, 0x00, 0x00, 0x00, 0x31, 0x01, 0x00, 0x00, 0x00, 0x00, 0x00, 0x00,
    0x51, 0x77, 0x36, 0x00, 0x00, 0x00, 0x00, 0x00, 0xE8, 0xFF, 0xFF, 0xBF,
    0x03, 0x00, 0x00, 0x10, 0xFB, 0xFF, 0xFF, 0xFF, 0xEF, 0x03, 0x00, 0x00,
    0xF9, 0xFF, 0xCF, 0xEB, 0xFF, 0xDF, 0x01, 0x00, 0xF2, 0xFF, 0x3D, 0x00,
    0xA1, 0xEF, 0x7F, 0x00, 0x60, 0xFF, 0x5F, 0x00, 0x00, 0xE1, 0xFF, 0x0C,
    0x00, 0xF8, 0xEF, 0x02, 0x00, 0x00, 0x87, 0x35, 0x00, 0x80, 0xFF, 0x1E,
    0x00, 0x00, 0x00, 0x00, 0x00, 0x00, 0xF7, 0xEF, 0x02, 0x00, 0x00, 0x00,
    0x00, 0x00, 0x60, 0xFF, 0x1F, 0x00, 0x00, 0x00, 0x00, 0x00, 0xB6, 0xFC,
    0xFF, 0xBC, 0xBB, 0xBB, 0x01, 0x00, 0x80, 0xFF, 0xFF, 0xFF, 0xFF, 0xFF,
    0x2F, 0x00, 0x00, 0xB6, 0xFC, 0xFF, 0xBC, 0xBB, 0xBB, 0x01, 0x00, 0x00,
    0x40, 0xFF, 0x3F, 0x00, 0x00, 0x00, 0x00, 0x00, 0x00, 0xF4, 0xFF, 0x04,
    0x00, 0x00, 0x00, 0x00, 0x00, 0x30, 0xFF, 0x4F, 0x00, 0x00, 0x00, 0x00,
    0x00, 0x00, 0xF3, 0xFF, 0x04, 0x00, 0x00, 0x10, 0x11, 0x00, 0x50, 0xFF,
    0x0C, 0x00, 0x00, 0x60, 0xEE, 0x1D, 0x62, 0xFE, 0x6E, 0x44, 0x44, 0x44,
    0xFB, 0xEF, 0x81, 0xFF, 0xFF, 0xFF, 0xFF, 0xFF, 0xFF, 0xFF, 0x0B, 0xF8,
    0xFF, 0xFF, 0xFF, 0xFF, 0xFF, 0xFF, 0x4F, 0x70, 0xEE, 0xEE, 0xEE, 0xEE,
    0xEE, 0xDE, 0x4B, 0x00, 0x10, 0x11, 0x11, 0x11, 0x11, 0x11, 0x01, 0x00,
    0x00, 0x11, 0x11, 0x00, 0x00, 0x00, 0x00, 0x11, 0x11, 0xE4, 0xEE, 0x08,
    0x00, 0x00, 0x40, 0xEE, 0xAE, 0xD0, 0xFF, 0x1E, 0x00, 0x00, 0xA0, 0xFF,
    0x4F, 0x60, 0xFF, 0x6F, 0x00, 0x00, 0xF2, 0xFF, 0x0C, 0x10, 0xFD, 0xCF,
    0x00, 0x00, 0xF8, 0xFF, 0x05, 0x00, 0xF7, 0xFF, 0x04, 0x10, 0xFD, 0xCF,
    0x00, 0x00, 0xE1, 0xFF, 0x0A, 0x60, 0xFF, 0x5F, 0x00, 0x00, 0x80, 0xFF,
    0x2F, 0xC0, 0xFF, 0x0D, 0x00, 0x00, 0x20, 0xFE, 0x7F, 0xF2, 0xFF, 0x06,
    0x00, 0x00, 0x00, 0xF9, 0xDF, 0xFB, 0xEF, 0x01, 0x00, 0x00, 0x00, 0xE1,
    0xFF, 0xFF, 0x6F, 0x00, 0x00, 0x20, 0x77, 0xD7, 0xFF, 0xFF, 0x8F, 0x77,
    0x03, 0x40, 0xFF, 0xFF, 0xFF, 0xFF, 0xFF, 0xFF, 0x06, 0x30, 0xBB, 0xBB,
    0xFE, 0xFF, 0xBC, 0xBB, 0x04, 0x00, 0x00, 0x00, 0xFB, 0xEF, 0x00, 0x00,
    0x00, 0x20, 0x77, 0x78, 0xFD, 0xEF, 0x78, 0x77, 0x03, 0x40, 0xFF, 0xFF,
    0xFF, 0xFF, 0xFF, 0xFF, 0x06, 0x30, 0xBB, 0xBB, 0xFE, 0xFF, 0xBB, 0xBB,
    0x04, 0x00, 0x00, 0x00, 0xFB, 0xEF, 0x00, 0x00, 0x00, 0x00, 0x00, 0x00,
    0xFB, 0xEF, 0x01, 0x00, 0x00, 0x00, 0x00, 0x00, 0xFB, 0xEF, 0x01, 0x00,
    0x00, 0x00, 0x00, 0x00, 0xFB, 0xEF, 0x01, 0x00, 0x00, 0x00, 0x00, 0x00,
    0x22, 0x22, 0x00, 0x00, 0x00, 0x10, 0x11, 0x10, 0xED, 0x4E, 0xE1, 0xFF,
    0x14, 0xFE, 0x4F, 0xE1, 0xFF, 0x14, 0xFE, 0x4F, 0xE1, 0xFF, 0x14, 0xFE,
    0x4F, 0xE1, 0xFF, 0x14, 0xFF, 0x4F, 0xA1, 0xBB, 0x03, 0x00, 0x00, 0x00,
    0x00, 0x00, 0x00, 0x00, 0x00, 0x00, 0x00, 0x00, 0x00, 0xA1, 0xBB, 0x13,
    0xFF, 0x4F, 0xE1, 0xFF, 0x14, 0xFE, 0x4F, 0xE1, 0xFF, 0x14, 0xFE, 0x4F,
    0xE1, 0xFF, 0x14, 0xFE, 0x4F, 0xE1, 0xFF, 0x14, 0xED, 0x4E, 0x10, 0x11,
    0x00, 0x00, 0x00, 0x51, 0x77, 0x36, 0x00, 0x00, 0x00, 0x00, 0xE7, 0xFF,
    0xFF, 0xAF, 0x01, 0x00, 0x00, 0xF8, 0xFF, 0xFF, 0xFF, 0xBF, 0x00, 0x00,
    0xF3, 0xFF, 0x9E, 0xB8, 0xEF, 0x6F, 0x00, 0x70, 0xFF, 0x2E, 0x00, 0x90,
    0xFF, 0x0D, 0x00, 0xF7, 0xBF, 0x00, 0x00, 0xB2, 0x58, 0x00, 0x60, 0xFF,
    0x2E, 0x00, 0x00, 0x00, 0x00, 0x00, 0xE1, 0xFF, 0x5D, 0x00, 0x00, 0x00,
    0x00, 0x00, 0xD3, 0xFF, 0xCF, 0x05, 0x00, 0x00, 0x00, 0x40, 0xFB, 0xFF,
    0xFF, 0x7D, 0x01, 0x00, 0x90, 0xFF, 0x68, 0xFC, 0xFF, 0xDF, 0x03, 0x40,
    0xFF, 0x09, 0x00, 0xC5, 0xFF, 0xEF, 0x02, 0xF7, 0x7F, 0x10, 0x00, 0x50,
    0xFE, 0xAF, 0x60, 0xFF, 0x0C, 0x00, 0x00, 0x50, 0xFF, 0x1E, 0xF2, 0xFF,
    0x3B, 0x00, 0x00, 0xE1, 0xEF, 0x01, 0xF7, 0xFF, 0xAF, 0x04, 0x40, 0xFF,
    0x09, 0x00, 0xE6, 0xFF, 0xFF, 0x8B, 0xFE, 0x1B, 0x00, 0x00, 0x71, 0xFD,
    0xFF, 0xEF, 0x05, 0x00, 0x00, 0x00, 0x10, 0xD6, 0xFF, 0xCF, 0x01, 0x00,
    0x00, 0x00, 0x00, 0x60, 0xFF, 0x9F, 0x00, 0x00, 0x10, 0x00, 0x00, 0x70,
    0xFF, 0x0D, 0x00, 0xB8, 0x5E, 0x00, 0x00, 0xF4, 0xEF, 0x01, 0xC0, 0xFF,
    0x3D, 0x00, 0xA1, 0xFF, 0x0D, 0x00, 0xF4, 0xFF, 0xCF, 0xDB, 0xFF, 0x8F,
    0x00, 0x00, 0xF8, 0xFF, 0xFF, 0xFF, 0xBF, 0x01, 0x00, 0x00, 0xC5, 0xFF,
    0xFF, 0x7D, 0x00, 0x00, 0x00, 0x00, 0x20, 0x44, 0x02, 0x00, 0x00, 0x00,
    0x00, 0x00, 0x00, 0x44, 0x44, 0x00, 0x43, 0x44, 0x01, 0x00, 0x00, 0xF9,
    0xFF, 0x06, 0xF5, 0xFF, 0x1B, 0x00, 0x00, 0xF8, 0xFE, 0x08, 0xE3, 0xFF,
    0x0C, 0x00, 0x00, 0xF6, 0xFF, 0x0A, 0xE2, 0xFF, 0x2D, 0x00, 0x00, 0xF4,
    0xFF, 0x0C, 0xC1, 0xFF, 0x3E, 0x00, 0x00, 0xE2, 0xFF, 0x1D, 0xB0, 0xFF,
    0x5F, 0x00, 0x00, 0xD2, 0xFF, 0x3E, 0x90, 0xFF, 0x7F, 0x00, 0x00, 0x70,
    0xEF, 0x9F, 0x30, 0xFF, 0xDF, 0x00, 0x00, 0x00, 0xA0, 0xFF, 0x6F, 0x60,
    0xFF, 0xAF, 0x00, 0x00, 0x00, 0xC1, 0xFF, 0x4F, 0x80, 0xFF, 0x8F, 0x00,
    0x00, 0x00, 0xD2, 0xFF, 0x2E, 0xA0, 0xFF, 0x6F, 0x00, 0x00, 0x00, 0xE3,
    0xFF, 0x1C, 0xB0, 0xFF, 0x4F, 0x00, 0x00, 0x00, 0xF5, 0xFF, 0x0B, 0xD1,
    0xFF, 0x2E, 0x00, 0x00, 0x00, 0xE7, 0xEE, 0x07, 0xD3, 0xEE, 0x1B, 0x00,
    0x00, 0x00, 0x11, 0x11, 0x00, 0x11, 0x11, 0x00, 0xA1, 0xBB, 0xBB, 0xBB,
    0xBB, 0xBB, 0x5B, 0xF1, 0xFF, 0xFF, 0xFF, 0xFF, 0xFF, 0x8F, 0xE1, 0xFF,
    0xFF, 0xFF, 0xFF, 0xFF, 0x7F, 0x40, 0x44, 0x44, 0x44, 0x44, 0xFC, 0x8F,
    0x00, 0x00, 0x00, 0x00, 0x00, 0xFB, 0x7F, 0x00, 0x00, 0x00, 0x00, 0x00,
    0xFB, 0x8F, 0x00, 0x00, 0x00, 0x00, 0x00, 0xEA, 0x7E, 0x00, 0x00, 0x00,
    0x00, 0x00, 0x11, 0x01, 0x30, 0x44, 0x44, 0x44, 0x44, 0x12, 0xFE, 0xFF,
    0xFF, 0xFF, 0x8F, 0xF1, 0xFF, 0xFF, 0xFF, 0xFF, 0x18, 0xBA, 0xBB, 0xBB,
    0xBB, 0x6B, 0x00, 0x00, 0x42, 0x03, 0x00, 0x00, 0x20, 0xFB, 0xFF, 0x4C,
    0x00, 0x20, 0xFE, 0xFF, 0xFF, 0x5F, 0x00, 0xFB, 0xDF, 0xA8, 0xFF, 0x1E,
    0xF2, 0xDF, 0x01, 0x70, 0xFF, 0x45, 0xFF, 0x08, 0x01, 0xE1, 0x7F, 0xF3,
    0x9F, 0x00, 0x20, 0xFE, 0x17, 0xFE, 0x4E, 0x10, 0xFA, 0x3F, 0x60, 0xFF,
    0xBF, 0xFD, 0xAF, 0x00, 0x80, 0xFF, 0xFF, 0xBF, 0x01, 0x00, 0x40, 0xB9,
    0x5A, 0x00, 0x00, 0x00, 0x00, 0x00, 0x11, 0x01, 0x00, 0x00, 0x00, 0x00,
    0x00, 0xA0, 0xEE, 0x07, 0x00, 0x00, 0x00, 0x00, 0x00, 0xFB, 0x8F, 0x00,
    0x00, 0x00, 0x00, 0x00, 0xB0, 0xFF, 0x07, 0x00, 0x00, 0x41, 0x44, 0x44,
    0xFC, 0x9F, 0x44, 0x44, 0x43, 0xFF, 0xFF, 0xFF, 0xFF, 0xFF, 0xFF, 0xBF,
    0xF4, 0xFF, 0xFF, 0xFF, 0xFF, 0xFF, 0xFF, 0x3C, 0xBB, 0xBB, 0xEB, 0xFF,
    0xBD, 0xBB, 0x8B, 0x00, 0x00, 0x00, 0xFB, 0x7F, 0x00, 0x00, 0x00, 0x00,
    0x00, 0xB0, 0xFF, 0x07, 0x00, 0x00, 0x00, 0x00, 0x00, 0xFC, 0x8F, 0x00,
    0x00, 0x00, 0x00, 0x00, 0x70, 0xAA, 0x05, 0x00, 0x00, 0x00, 0x00, 0x00,
    0x00, 0x00, 0x00, 0x00, 0x30, 0xBB, 0xBB, 0xBB, 0xBB, 0xBB, 0xBB, 0x8B,
    0xF4, 0xFF, 0xFF, 0xFF, 0xFF, 0xFF, 0xFF, 0x4C, 0xFF, 0xFF, 0xFF, 0xFF,
    0xFF, 0xFF, 0xCF, 0x41, 0x44, 0x44, 0x44, 0x44, 0x44, 0x44, 0x03, 0xA1,
    0xBB, 0x08, 0x00, 0x00, 0x80, 0xBB, 0x1A, 0x10, 0xFF, 0xCF, 0x00, 0x00,
    0x00, 0xFC, 0xFF, 0x01, 0xE1, 0xFF, 0x0B, 0x00, 0x00, 0xB0, 0xFF, 0x1E,
    0x10, 0xFE, 0xBF, 0x00, 0x00, 0x00, 0xFB, 0xEF, 0x01, 0xE1, 0xFF, 0x0B,
    0x00, 0x00, 0xB0, 0xFF, 0x1E, 0x10, 0xFE, 0xBF, 0x00, 0x00, 0x00, 0xFB,
    0xEF, 0x01, 0xE1, 0xFF, 0x0B, 0x00, 0x00, 0xB0, 0xFF, 0x1E, 0x10, 0xFE,
    0xBF, 0x00, 0x00, 0x00, 0xFB, 0xEF, 0x01, 0xE1, 0xFF, 0x0B, 0x00, 0x00,
    0xB0, 0xFF, 0x1E, 0x10, 0xFE, 0xBF, 0x00, 0x00, 0x00, 0xFB, 0xEF, 0x01,
    0xE1, 0xFF, 0x0C, 0x00, 0x00, 0xC0, 0xFF, 0x1E, 0x10, 0xFE, 0xEF, 0x02,
    0x00, 0x20, 0xFE, 0xEF, 0x00, 0xE1, 0xFF, 0xBF, 0x02, 0x20, 0xFB, 0xFF,
    0x4F, 0x11, 0xFE, 0xFF, 0xEF, 0xBC, 0xFE, 0xFE, 0xFF, 0xAF, 0xE1, 0xFF,
    0xCC, 0xFF, 0xFF, 0x4E, 0xFD, 0xFF, 0x1C, 0xFE, 0xBF, 0x91, 0xDD, 0x3A,
    0x30, 0xDA, 0xAE, 0xE1, 0xFF, 0x0B, 0x10, 0x01, 0x00, 0x00, 0x11, 0x11,
    0xFE, 0xBF, 0x00, 0x00, 0x00, 0x00, 0x00, 0x00, 0xE1, 0xFF, 0x0B, 0x00,
    0x00, 0x00, 0x00, 0x00, 0x10, 0xFE, 0xBF, 0x00, 0x00, 0x00, 0x00, 0x00,
    0x00, 0xE1, 0xFF, 0x0B, 0x00, 0x00, 0x00, 0x00, 0x00, 0x10, 0xED, 0xAE,
    0x00, 0x00, 0x00, 0x00, 0x00, 0x00, 0x10, 0x11, 0x01, 0x00, 0x00, 0x00,
    0x00, 0x00, 0x00, 0x10, 0x14, 0x30, 0xFD, 0x3D, 0xFA, 0xFE, 0xAA, 0xEF,
    0xAF, 0xD3, 0xDF, 0x03, 0x41, 0x01, 0x43, 0x44, 0x00, 0x42, 0x44, 0x02,
    0x00, 0x00, 0xF5, 0xFF, 0x0A, 0xE2, 0xFF, 0x2E, 0x00, 0x00, 0x70, 0xEF,
    0x8F, 0x30, 0xFE, 0xCF, 0x01, 0x00, 0x00, 0xF9, 0xFF, 0x07, 0xF5, 0xFF,
    0x0B, 0x00, 0x00, 0xB0, 0xFF, 0x5F, 0x70, 0xFF, 0x9F, 0x00, 0x00, 0x10,
    0xFD, 0xEF, 0x03, 0xF9, 0xFF, 0x07, 0x00, 0x00, 0xD2, 0xFF, 0x2D, 0xA0,
    0xFF, 0x6F, 0x00, 0x00, 0x90, 0xEF, 0x8F, 0x40, 0xFF, 0xDF, 0x00, 0x00,
    0xF5, 0xFF, 0x1B, 0xD1, 0xFF, 0x3E, 0x00, 0x30, 0xFE, 0xDF, 0x01, 0xFB,
    0xFF, 0x04, 0x00, 0xD1, 0xFF, 0x2E, 0x90, 0xFF, 0x6F, 0x00, 0x00, 0xFC,
    0xFF, 0x04, 0xF7, 0xFE, 0x08, 0x00, 0xA0, 0xFF, 0x6F, 0x60, 0xFF, 0xAF,
    0x00, 0x00, 0xE7, 0xEE, 0x07, 0xD3, 0xEE, 0x0B, 0x00, 0x00, 0x11, 0x11,
    0x00, 0x11, 0x11, 0x00, 0x00, 0x00, 0x00, 0x00, 0x00, 0x10, 0x00, 0x00,
    0x00, 0x00, 0x00, 0x10, 0xEB, 0x3C, 0x00, 0x00, 0x00, 0x00, 0x90, 0xFF,
    0xDF, 0x00, 0x00, 0x00, 0x00, 0xB0, 0xEF, 0xEF, 0x01, 0x00, 0x00, 0x00,
    0x50, 0xFF, 0x9F, 0x00, 0x00, 0x00, 0x00, 0x00, 0x84, 0x05, 0x00, 0x00,
    0x00, 0x00, 0x00, 0x00, 0x00, 0x00, 0x00, 0x00, 0x00, 0x00, 0x54, 0x25,
    0x00, 0x00, 0x00, 0x00, 0x10, 0xFF, 0x8F, 0x00, 0x00, 0x00, 0x00, 0x30,
    0xFF, 0x6F, 0x00, 0x00, 0x00, 0x00, 0xA0, 0xFF, 0x4F, 0x00, 0x00, 0x00,
    0x20, 0xFA, 0xFF, 0x0D, 0x00, 0x00, 0x00, 0xE5, 0xFF, 0xDF, 0x03, 0x00,
    0x00, 0x50, 0xFF, 0xFF, 0x2A, 0x00, 0x00, 0x00, 0xE1, 0xFF, 0x7F, 0x00,
    0x00, 0x00, 0x00, 0xF5, 0xFF, 0x09, 0x00, 0x00, 0x00, 0x00, 0xF7, 0xFF,
    0x04, 0x00, 0x00, 0x55, 0x45, 0xF7, 0xFF, 0x05, 0x00, 0x20, 0xFF, 0xBF,
    0xF4, 0xFF, 0x1C, 0x00, 0x90, 0xEF, 0x7F, 0xD0, 0xFF, 0xDF, 0x88, 0xFC,
    0xFF, 0x2E, 0x30, 0xFE, 0xFF, 0xFF, 0xFF, 0xFF, 0x05, 0x00, 0xA2, 0xFF,
    0xFF, 0xFF, 0x4C, 0x00, 0x00, 0x00, 0x52, 0x77, 0x36, 0x00, 0x00, 0x00,
    0x00, 0x00, 0x84, 0x77, 0x00, 0x00, 0x00, 0x00, 0x00, 0x00, 0x00, 0x00,
    0x20, 0xFF, 0x5F, 0x00, 0x00, 0x00, 0x00, 0x00, 0x00, 0x00, 0x00, 0x50,
    0xFF, 0x0C, 0x00, 0x00, 0x00, 0x00, 0x00, 0x00, 0x00, 0x00, 0xA0, 0xFF,
    0x05, 0x00, 0x00, 0x00, 0x00, 0x00, 0x00, 0x00, 0x00, 0xB1, 0x8B, 0x00,
    0x00, 0x00, 0x00, 0x00, 0x00, 0x00, 0x00, 0x00, 0x00, 0x00, 0x00, 0x00,
    0x00, 0x00, 0x00, 0x00, 0x00, 0x00, 0x43, 0x33, 0x03, 0x00, 0x00, 0x00,
    0x00, 0x00, 0x00, 0x00, 0xF3, 0xFF, 0xEF, 0x01, 0x00, 0x00, 0x00, 0x00,
    0x00, 0x00, 0x80, 0xFF, 0xFF, 0x6F, 0x00, 0x00, 0x00, 0x00, 0x00, 0x00,
    0x00, 0xFD, 0xFF, 0xFF, 0x0B, 0x00, 0x00, 0x00, 0x00, 0x00, 0x00, 0xF4,
    0xEF, 0xFA, 0xFF, 0x02, 0x00, 0x00, 0x00, 0x00, 0x00, 0x90, 0xFF, 0x3D,
    0xFF, 0x7F, 0x00, 0x00, 0x00, 0x00, 0x00, 0x10, 0xFD, 0xAF, 0xD0, 0xFF,
    0x0C, 0x00, 0x00, 0x00, 0x00, 0x00, 0xF4, 0xFF, 0x07, 0xF9, 0xFF, 0x03,
    0x00, 0x00, 0x00, 0x00, 0x90, 0xFF, 0x3F, 0x50, 0xFF, 0x8F, 0x00, 0x00,
    0x00, 0x00, 0x10, 0xFE, 0xDF, 0x00, 0xE1, 0xFF, 0x0D, 0x00, 0x00, 0x00,
    0x00, 0xF5, 0xFF, 0x09, 0x00, 0xFB, 0xFF, 0x04, 0x00, 0x00, 0x00, 0xA0,
    0xFF, 0x4F, 0x10, 0x60, 0xFF, 0x9F, 0x00, 0x00, 0x00, 0x10, 0xFE, 0xDF,
    0x00, 0x00, 0xE1, 0xFF, 0x1D, 0x00, 0x00, 0x00, 0xF5, 0xFF, 0x4B, 0x44,
    0x44, 0xFC, 0xFF, 0x04, 0x00, 0x00, 0xA0, 0xFF, 0xFF, 0xFF, 0xFF, 0xFF,
    0xFF, 0xAF, 0x00, 0x00, 0x10, 0xFE, 0xFF, 0xFF, 0xFF, 0xFF, 0xFF, 0xFF,
    0x1E, 0x00, 0x00, 0xF6, 0xFF, 0xBD, 0xBB, 0xBB, 0xBB, 0xFE, 0xFF, 0x05,
    0x00, 0xB0, 0xFF, 0x5F, 0x00, 0x00, 0x00, 0x60, 0xFF, 0xAF, 0x00, 0x20,
    0xFF, 0xEF, 0x01, 0x00, 0x00, 0x00, 0xE1, 0xFF, 0x2E, 0x00, 0xF6, 0xFE,
    0x0A, 0x00, 0x00, 0x00, 0x00, 0xFA, 0xFF, 0x06, 0xC0, 0xFF, 0x5F, 0x00,
    0x00, 0x00, 0x00, 0x50, 0xFF, 0xCF, 0x20, 0xEE, 0xDE, 0x01, 0x00, 0x00,
    0x00, 0x00, 0xD1, 0xEE, 0x2E, 0x10, 0x11, 0x01, 0x00, 0x00, 0x00, 0x00,
    0x00, 0x11, 0x11, 0x00, 0x00, 0x00, 0x00, 0x00, 0x00, 0x71, 0x87, 0x03,
    0x00, 0x00, 0x00, 0x00, 0x00, 0x00, 0x00, 0x60, 0xFF, 0x2E, 0x00, 0x00,
    0x00, 0x00, 0x00, 0x00, 0x00, 0x00, 0xFD, 0x4F, 0x00, 0x00, 0x00, 0x00,
    0x00, 0x00, 0x00, 0x00, 0xF6, 0x9F, 0x00, 0x00, 0x00, 0x00, 0x00, 0x00,
    0x00, 0x00, 0x80, 0xAB, 0x01, 0x00, 0x00, 0x00, 0x00, 0x00, 0x00, 0x00,
    0x00, 0x00, 0x00, 0x00, 0x00, 0x00, 0x00, 0x00, 0x00, 0x00, 0x00, 0x33,
    0x43, 0x03, 0x00, 0x00, 0x00, 0x00, 0x00, 0x00, 0x00, 0xF3, 0xFF, 0xEF,
    0x01, 0x00, 0x00, 0x00, 0x00, 0x00, 0x00, 0x80, 0xFF, 0xFF, 0x6F, 0x00,
    0x00, 0x00, 0x00, 0x00, 0x00, 0x00, 0xFD, 0xFF, 0xFF, 0x0B, 0x00, 0x00,
    0x00, 0x00, 0x00, 0x00, 0xF4, 0xEF, 0xFA, 0xFF, 0x02, 0x00, 0x00, 0x00,
    0x00, 0x00, 0x90, 0xFF, 0x3D, 0xFF, 0x7F, 0x00, 0x00, 0x00, 0x00, 0x00,
    0x10, 0xFD, 0xAF, 0xD0, 0xFF, 0x0C, 0x00, 0x00, 0x00, 0x00, 0x00, 0xF4,
    0xFF, 0x07, 0xF9, 0xFF, 0x03, 0x00, 0x00, 0x00, 0x00, 0x90, 0xFF, 0x3F,
    0x50, 0xFF, 0x8F, 0x00, 0x00, 0x00, 0x00, 0x10, 0xFE, 0xDF, 0x00, 0xE1,
    0xFF, 0x0D, 0x00, 0x00, 0x00, 0x00, 0xF5, 0xFF, 0x09, 0x00, 0xFB, 0xFF,
    0x04, 0x00, 0x00, 0x00, 0xA0, 0xFF, 0x4F, 0x10, 0x60, 0xFF, 0x9F, 0x00,
    0x00, 0x00, 0x10, 0xFE, 0xDF, 0x00, 0x00, 0xE1, 0xFF, 0x1D, 0x00, 0x00,
    0x00, 0xF5, 0xFF, 0x4B, 0x44, 0x44, 0xFC, 0xFF, 0x04, 0x00, 0x00, 0xA0,
    0xFF, 0xFF, 0xFF, 0xFF, 0xFF, 0xFF, 0xAF, 0x00, 0x00, 0x10, 0xFE, 0xFF,
    0xFF, 0xFF, 0xFF, 0xFF, 0xFF, 0x1E, 0x00, 0x00, 0xF6, 0xFF, 0xBD, 0xBB,
    0xBB, 0xBB, 0xFE, 0xFF, 0x05, 0x00, 0xB0, 0xFF, 0x5F, 0x00, 0x00, 0x00,
    0x60, 0xFF, 0xAF, 0x00, 0x20, 0xFF, 0xEF, 0x01, 0x00, 0x00, 0x00, 0xE1,
    0xFF, 0x2E, 0x00, 0xF6, 0xFE, 0x0A, 0x00, 0x00, 0x00, 0x00, 0xFA, 0xFF,
    0x06, 0xC0, 0xFF, 0x5F, 0x00, 0x00, 0x00, 0x00, 0x50, 0xFF, 0xCF, 0x20,
    0xEE, 0xDE, 0x01, 0x00, 0x00, 0x00, 0x00, 0xD1, 0xEE, 0x2E, 0x10, 0x11,
    0x01, 0x00, 0x00, 0x00, 0x00, 0x00, 0x11, 0x11, 0x00, 0x00, 0x00, 0x00,
    0x00, 0x72, 0x77, 0x01, 0x00, 0x00, 0x00, 0x00, 0x00, 0x00, 0x00, 0xD1,
    0xFF, 0xCF, 0x01, 0x00, 0x00, 0x00, 0x00, 0x00, 0x00, 0xC1, 0xEF, 0xF8,
    0xBF, 0x00, 0x00, 0x00, 0x00, 0x00, 0x00, 0xC1, 0xFF, 0x07, 0xF7, 0xBF,
    0x01, 0x00, 0x00, 0x00, 0x00, 0x60, 0xBC, 0x08, 0x00, 0x97, 0x4A, 0x00,
    0x00, 0x00, 0x00, 0x00, 0x00, 0x00, 0x00, 0x00, 0x00, 0x00, 0x00, 0x00,
    0x00, 0x00, 0x00, 0x00, 0x22, 0x32, 0x02, 0x00, 0x00, 0x00, 0x00, 0x00,
    0x00, 0x00, 0xF3, 0xFF, 0xEF, 0x01, 0x00, 0x00, 0x00, 0x00, 0x00, 0x00,
    0x80, 0xFF, 0xFF, 0x6F, 0x00, 0x00, 0x00, 0x00, 0x00, 0x00, 0x00, 0xFD,
    0xFF, 0xFF, 0x0B, 0x00, 0x00, 0x00, 0x00, 0x00, 0x00, 0xF3, 0xEF, 0xFB,
    0xEF, 0x02, 0x00, 0x00, 0x00, 0x00, 0x00, 0x80, 0xFF, 0x4D, 0xFF, 0x7F,
    0x00, 0x00, 0x00, 0x00, 0x00, 0x00, 0xFD, 0xAF, 0xD0, 0xFF, 0x0C, 0x00,
    0x00, 0x00, 0x00, 0x00, 0xF4, 0xFF, 0x07, 0xFA, 0xFF, 0x03, 0x00, 0x00,
    0x00, 0x00, 0x90, 0xFF, 0x3F, 0x50, 0xFF, 0x7F, 0x00, 0x00, 0x00, 0x00,
    0x10, 0xFE, 0xDF, 0x00, 0xE2, 0xFF, 0x0C, 0x00, 0x00, 0x00, 0x00, 0xF5,
    0xFF, 0x09, 0x00, 0xFB, 0xFF, 0x03, 0x00, 0x00, 0x00, 0xA0, 0xFF, 0x5F,
    0x10, 0x70, 0xFF, 0x8F, 0x00, 0x00, 0x00, 0x10, 0xFE, 0xDF, 0x00, 0x00,
    0xE1, 0xFF, 0x1D, 0x00, 0x00, 0x00, 0xF5, 0xFF, 0x4B, 0x44, 0x44, 0xFC,
    0xFF, 0x04, 0x00, 0x00, 0xA0, 0xFF, 0xFF, 0xFF, 0xFF, 0xFF, 0xFF, 0x9F,
    0x00, 0x00, 0x10, 0xFE, 0xFF, 0xFF, 0xFF, 0xFF, 0xFF, 0xFF, 0x1E, 0x00,
    0x00, 0xF6, 0xFF, 0xBD, 0xBB, 0xBB, 0xBB, 0xFE, 0xFF, 0x05, 0x00, 0xB0,
    0xFF, 0x5F, 0x00, 0x00, 0x00, 0x60, 0xFF, 0xAF, 0x00, 0x20, 0xFE, 0xEF,
    0x01, 0x00, 0x00, 0x00, 0xE1, 0xFF, 0x1E, 0x00, 0xF6, 0xFE, 0x0A, 0x00,
    0x00, 0x00, 0x00, 0xFB, 0xFF, 0x06, 0xC0, 0xFF, 0x5F, 0x00, 0x00, 0x00,
    0x00, 0x60, 0xFF, 0xCF, 0x20, 0xEE, 0xDE, 0x01, 0x00, 0x00, 0x00, 0x00,
    0xD1, 0xEE, 0x2E, 0x10, 0x11, 0x01, 0x00, 0x00, 0x00, 0x00, 0x00, 0x11,
    0x11, 0x00, 0x00, 0x00, 0x00, 0x00, 0x01, 0x00, 0x10, 0x01, 0x00, 0x00,
    0x00, 0x00, 0x00, 0x30, 0xEC, 0x6C, 0x20, 0xDE, 0x01, 0x00, 0x00, 0x00,
    0x00, 0x00, 0xFC, 0xFF, 0xCF, 0xFC, 0x0D, 0x00, 0x00, 0x00, 0x00, 0x00,
    0xF3, 0x5F, 0xD5, 0xFF, 0x5F, 0x00, 0x00, 0x00, 0x00, 0x00, 0x20, 0x66,
    0x00, 0x51, 0x37, 0x00, 0x00, 0x00, 0x00, 0x00, 0x00, 0x00, 0x00, 0x00,
    0x00, 0x00, 0x00, 0x00, 0x00, 0x00, 0x00, 0x00, 0x00, 0x22, 0x32, 0x02,
    0x00, 0x00, 0x00, 0x00, 0x00, 0x00, 0x00, 0xF3, 0xFF, 0xEF, 0x01, 0x00,
    0x00, 0x00, 0x00, 0x00, 0x00, 0x80, 0xFF, 0xFF, 0x6F, 0x00, 0x00, 0x00,
    0x00, 0x00, 0x00, 0x00, 0xFD, 0xFF, 0xFF, 0x0B, 0x00, 0x00, 0x00, 0x00,
    0x00, 0x00, 0xF3, 0xEF, 0xFB, 0xEF, 0x02, 0x00, 0x00, 0x00, 0x00, 0x00,
    0x80, 0xFF, 0x4D, 0xFF, 0x7F, 0x00, 0x00, 0x00, 0x00, 0x00, 0x00, 0xFD,
    0xAF, 0xD0, 0xFF, 0x0C, 0x00, 0x00, 0x00, 0x00, 0x00, 0xF4, 0xFF, 0x07,
    0xFA, 0xFF, 0x03, 0x00, 0x00, 0x00, 0x00, 0x90, 0xFF, 0x3F, 0x50, 0xFF,
    0x7F, 0x00, 0x00, 0x00, 0x00, 0x10, 0xFE, 0xDF, 0x00, 0xE2, 0xFF, 0x0C,
    0x00, 0x00, 0x00, 0x00, 0xF5, 0xFF, 0x09, 0x00, 0xFB, 0xFF, 0x03, 0x00,
    0x00, 0x00, 0xA0, 0xFF, 0x5F, 0x10, 0x70, 0xFF, 0x8F, 0x00, 0x00, 0x00,
    0x10, 0xFE, 0xDF, 0x00, 0x00, 0xE1, 0xFF, 0x1D, 0x00, 0x00, 0x00, 0xF5,
    0xFF, 0x4B, 0x44, 0x44, 0xFC, 0xFF, 0x04, 0x00, 0x00, 0xA0, 0xFF, 0xFF,
    0xFF, 0xFF, 0xFF, 0xFF, 0x9F, 0x00, 0x00, 0x10, 0xFE, 0xFF, 0xFF, 0xFF,
    0xFF, 0xFF, 0xFF, 0x1E, 0x00, 0x00, 0xF6, 0xFF, 0xBD, 0xBB, 0xBB, 0xBB,
    0xFE, 0xFF, 0x05, 0x00, 0xB0, 0xFF, 0x5F, 0x00, 0x00, 0x00, 0x60, 0xFF,
    0xAF, 0x00, 0x20, 0xFE, 0xEF, 0x01, 0x00, 0x00, 0x00, 0xE1, 0xFF, 0x1E,
    0x00, 0xF6, 0xFE, 0x0A, 0x00, 0x00, 0x00, 0x00, 0xFB, 0xFF, 0x06, 0xC0,
    0xFF, 0x5F, 0x00, 0x00, 0x00, 0x00, 0x60, 0xFF, 0xCF, 0x20, 0xEE, 0xDE,
    0x01, 0x00, 0x00, 0x00, 0x00, 0xD1, 0xEE, 0x2E, 0x10, 0x11, 0x01, 0x00,
    0x00, 0x00, 0x00, 0x00, 0x11, 0x11, 0x00, 0x00, 0x00, 0x00, 0x41, 0x01,
    0x00, 0x41, 0x01, 0x00, 0x00, 0x00, 0x00, 0x00, 0xD2, 0xDF, 0x02, 0xD2,
    0xDF, 0x02, 0x00, 0x00, 0x00, 0x00, 0x80, 0xEF, 0x8F, 0x80, 0xEF, 0x7F,
    0x00, 0x00, 0x00, 0x00, 0x00, 0xF4, 0xFF, 0x04, 0xF4, 0xFF, 0x04, 0x00,
    0x00, 0x00, 0x00, 0x00, 0x74, 0x04, 0x00, 0x74, 0x04, 0x00, 0x00, 0x00,
    0x00, 0x00, 0x00, 0x00, 0x00, 0x00, 0x00, 0x00, 0x00, 0x00, 0x00, 0x00,
    0x00, 0x00, 0x33, 0x33, 0x02, 0x00, 0x00, 0x00, 0x00, 0x00, 0x00, 0x00,
    0xF2, 0xFF, 0xEF, 0x01, 0x00, 0x00, 0x00, 0x00, 0x00, 0x00, 0x70, 0xFF,
    0xFF, 0x5F, 0x00, 0x00, 0x00, 0x00, 0x00, 0x00, 0x00, 0xFC, 0xFF, 0xFF,
    0x0A, 0x00, 0x00, 0x00, 0x00, 0x00, 0x00, 0xF3, 0xEF, 0xF9, 0xEF, 0x02,
    0x00, 0x00, 0x00, 0x00, 0x00, 0x80, 0xFF, 0x2D, 0xFF, 0x6F, 0x00, 0x00,
    0x00, 0x00, 0x00, 0x00, 0xFC, 0xAF, 0xC0, 0xFF, 0x0B, 0x00, 0x00, 0x00,
    0x00, 0x00, 0xF3, 0xFF, 0x07, 0xF9, 0xFF, 0x02, 0x00, 0x00, 0x00, 0x00,
    0x80, 0xFF, 0x3F, 0x40, 0xFF, 0x7F, 0x00, 0x00, 0x00, 0x00, 0x00, 0xFD,
    0xDF, 0x00, 0xE1, 0xFF, 0x0C, 0x00, 0x00, 0x00, 0x00, 0xF4, 0xFF, 0x09,
    0x00, 0xFA, 0xFF, 0x03, 0x00, 0x00, 0x00, 0x90, 0xFF, 0x4F, 0x10, 0x60,
    0xFF, 0x8F, 0x00, 0x00, 0x00, 0x10, 0xFE, 0xDF, 0x00, 0x00, 0xE1, 0xFF,
    0x0D, 0x00, 0x00, 0x00, 0xF5, 0xFF, 0x4B, 0x44, 0x44, 0xFC, 0xFF, 0x04,
    0x00, 0x00, 0xA0, 0xFF, 0xFF, 0xFF, 0xFF, 0xFF, 0xFF, 0x9F, 0x00, 0x00,
    0x10, 0xFE, 0xFF, 0xFF, 0xFF, 0xFF, 0xFF, 0xFF, 0x1E, 0x00, 0x00, 0xF5,
    0xFF, 0xBD, 0xBB, 0xBB, 0xBB, 0xFD, 0xFF, 0x05, 0x00, 0xB0, 0xFF, 0x5F,
    0x00, 0x00, 0x00, 0x50, 0xFF, 0xAF, 0x00, 0x20, 0xFE, 0xEF, 0x01, 0x00,
    0x00, 0x00, 0xE1, 0xFF, 0x1E, 0x00, 0xF6, 0xFF, 0x0A, 0x00, 0x00, 0x00,
    0x00, 0xFA, 0xFF, 0x06, 0xC0, 0xFF, 0x5F, 0x00, 0x00, 0x00, 0x00, 0x50,
    0xFF, 0xBF, 0x20, 0xEE, 0xDE, 0x01, 0x00, 0x00, 0x00, 0x00, 0xD1, 0xEE,
    0x2E, 0x10, 0x11, 0x01, 0x00, 0x00, 0x00, 0x00, 0x00, 0x11, 0x11, 0x00,
    0x00, 0x00, 0x00, 0x00, 0xA4, 0xAC, 0x05, 0x00, 0x00, 0x00, 0x00, 0x00,
    0x00, 0x00, 0xF6, 0xFF, 0xFF, 0x09, 0x00, 0x00, 0x00, 0x00, 0x00, 0x00,
    0xE1, 0x5F, 0x51, 0xFE, 0x04, 0x00, 0x00, 0x00, 0x00, 0x00, 0x40, 0xBF,
    0x00, 0xB0, 0x7F, 0x00, 0x00, 0x00, 0x00, 0x00, 0x00, 0xF2, 0x2E, 0x20,
    0xFD, 0x05, 0x00, 0x00, 0x00, 0x00, 0x00, 0x00, 0xF9, 0xCF, 0xFF, 0x1C,
    0x00, 0x00, 0x00, 0x00, 0x00, 0x00, 0x00, 0xC6, 0xCE, 0x18, 0x00, 0x00,
    0x00, 0x00, 0x00, 0x00, 0x00, 0x20, 0x44, 0x24, 0x00, 0x00, 0x00, 0x00,
    0x00, 0x00, 0x00, 0x30, 0xFF, 0xFF, 0x3F, 0x00, 0x00, 0x00, 0x00, 0x00,
    0x00, 0x00, 0xF8, 0xFF, 0xFF, 0x08, 0x00, 0x00, 0x00, 0x00, 0x00, 0x00,
    0xD0, 0xFF, 0xFF, 0xDF, 0x00, 0x00, 0x00, 0x00, 0x00, 0x00, 0x40, 0xFF,
    0xAE, 0xFF, 0x3F, 0x00, 0x00, 0x00, 0x00, 0x00, 0x00, 0xF9, 0xDF, 0xF3,
    0xFF, 0x08, 0x00, 0x00, 0x00, 0x00, 0x00, 0xD1, 0xFF, 0x0A, 0xFD, 0xDF,
    0x00, 0x00, 0x00, 0x00, 0x00, 0x40, 0xFF, 0x7F, 0x90, 0xFF, 0x4F, 0x00,
    0x00, 0x00, 0x00, 0x00, 0xF9, 0xFF, 0x03, 0xF5, 0xFF, 0x09, 0x00, 0x00,
    0x00, 0x00, 0xE1, 0xFF, 0x0D, 0x10, 0xFE, 0xEF, 0x01, 0x00, 0x00, 0x00,
    0x50, 0xFF, 0x9F, 0x00, 0xB0, 0xFF, 0x5F, 0x00, 0x00, 0x00, 0x00, 0xFA,
    0xFF, 0x05, 0x01, 0xF6, 0xFF, 0x0A, 0x00, 0x00, 0x00, 0xE1, 0xFF, 0x0D,
    0x00, 0x10, 0xFE, 0xEF, 0x01, 0x00, 0x00, 0x50, 0xFF, 0xBF, 0x44, 0x44,
    0xC4, 0xFF, 0x5F, 0x00, 0x00, 0x00, 0xFA, 0xFF, 0xFF, 0xFF, 0xFF, 0xFF,
    0xFF, 0x0A, 0x00, 0x00, 0xE1, 0xFF, 0xFF, 0xFF, 0xFF, 0xFF, 0xFF, 0xEF,
    0x01, 0x00, 0x60, 0xFF, 0xDF, 0xBB, 0xBB, 0xBB, 0xEB, 0xFF, 0x6F, 0x00,
    0x00, 0xFB, 0xFF, 0x05, 0x00, 0x00, 0x00, 0xF6, 0xFF, 0x0B, 0x00, 0xF2,
    0xFF, 0x1E, 0x00, 0x00, 0x00, 0x10, 0xFE, 0xEF, 0x02, 0x60, 0xEF, 0xAF,
    0x00, 0x00, 0x00, 0x00, 0xA0, 0xFF, 0x6F, 0x00, 0xFC, 0xFF, 0x05, 0x00,
    0x00, 0x00, 0x00, 0xF5, 0xFF, 0x0C, 0xE2, 0xEE, 0x1D, 0x00, 0x00, 0x00,
    0x00, 0x10, 0xED, 0xEE, 0x02, 0x11, 0x11, 0x00, 0x00, 0x00, 0x00, 0x00,
    0x10, 0x11, 0x01, 0x00, 0x00, 0x00, 0x00, 0x00, 0x11, 0x11, 0x11, 0x11,
    0x11, 0x11, 0x11, 0x11, 0x11, 0x00, 0x00, 0x00, 0x00, 0x10, 0xEC, 0xEE,
    0xEE, 0xEE, 0xEE, 0xEE, 0xEE, 0xEE, 0xAE, 0x00, 0x00, 0x00, 0x00, 0x60,
    0xFF, 0xFF, 0xFF, 0xFF, 0xFF, 0xFF, 0xFF, 0xFF, 0xBF, 0x00, 0x00, 0x00,
    0x00, 0xC0, 0xFF, 0x7E, 0xFD, 0xFF, 0xFF, 0xFF, 0xFF, 0xFF, 0xCF, 0x00,
    0x00, 0x00, 0x00, 0xF4, 0xFF, 0x0A, 0xFB, 0xEF, 0x45, 0x44, 0x44, 0x44,
    0x34, 0x00, 0x00, 0x00, 0x00, 0xFB, 0xFF, 0x03, 0xFB, 0xEF, 0x00, 0x00,
    0x00, 0x00, 0x00, 0x00, 0x00, 0x00, 0x30, 0xFF, 0xBF, 0x00, 0xFB, 0xEF,
    0x01, 0x00, 0x00, 0x00, 0x00, 0x00, 0x00, 0x00, 0xA0, 0xFF, 0x5F, 0x00,
    0xFB, 0xEF, 0x01, 0x00, 0x00, 0x00, 0x00, 0x00, 0x00, 0x00, 0xE2, 0xFF,
    0x0D, 0x00, 0xFB, 0xEF, 0x00, 0x00, 0x00, 0x00, 0x00, 0x00, 0x00, 0x00,
    0xF8, 0xFF, 0x07, 0x00, 0xFB, 0xEF, 0x45, 0x44, 0x44, 0x44, 0x14, 0x00,
    0x00, 0x10, 0xFE, 0xEF, 0x01, 0x00, 0xFB, 0xFF, 0xFF, 0xFF, 0xFF, 0xFF,
    0x3F, 0x00, 0x00, 0x70, 0xFF, 0x9F, 0x00, 0x00, 0xFB, 0xFF, 0xFF, 0xFF,
    0xFF, 0xFF, 0x2F, 0x00, 0x00, 0xD0, 0xFF, 0x2F, 0x00, 0x00, 0xFB, 0xFF,
    0xEE, 0xEE, 0xEE, 0xEE, 0x2E, 0x00, 0x00, 0xF5, 0xFF, 0x1B, 0x11, 0x11,
    0xFB, 0xEF, 0x12, 0x11, 0x11, 0x11, 0x01, 0x00, 0x00, 0xFC, 0xFF, 0xEE,
    0xEE, 0xEE, 0xFF, 0xEF, 0x01, 0x00, 0x00, 0x00, 0x00, 0x00, 0x40, 0xFF,
    0xFF, 0xFF, 0xFF, 0xFF, 0xFF, 0xEF, 0x01, 0x00, 0x00, 0x00, 0x00, 0x00,
    0xA0, 0xFF, 0xCF, 0xBB, 0xBB, 0xBB, 0xFE, 0xEF, 0x01, 0x00, 0x00, 0x00,
    0x00, 0x00, 0xF3, 0xFF, 0x0D, 0x00, 0x00, 0x00, 0xFB, 0xEF, 0x00, 0x00,
    0x00, 0x00, 0x00, 0x00, 0xF9, 0xFF, 0x08, 0x00, 0x00, 0x00, 0xFB, 0xEF,
    0x45, 0x44, 0x44, 0x44, 0x34, 0x10, 0xFE, 0xEF, 0x02, 0x00, 0x00, 0x00,
    0xFB, 0xFF, 0xFF, 0xFF, 0xFF, 0xFF, 0xDF, 0x80, 0xFF, 0xAF, 0x00, 0x00,
    0x00, 0x00, 0xFB, 0xFF, 0xFF, 0xFF, 0xFF, 0xFF, 0xDF, 0xD1, 0xEE, 0x3E,
    0x00, 0x00, 0x00, 0x00, 0xEA, 0xEE, 0xEE, 0xEE, 0xEE, 0xEE, 0xCE, 0x10,
    0x11, 0x01, 0x00, 0x00, 0x00, 0x00, 0x11, 0x11, 0x11, 0x11, 0x11, 0x11,
    0x11, 0x00, 0x00, 0x00, 0x00, 0x42, 0x34, 0x01, 0x00, 0x00, 0x00, 0x00,
    0x00, 0x20, 0xD8, 0xFF, 0xFF, 0xBE, 0x05, 0x00, 0x00, 0x00, 0x00, 0xE7,
    0xFF, 0xFF, 0xFF, 0xFF, 0xCF, 0x02, 0x00, 0x00, 0x90, 0xFF, 0xFF, 0xFF,
    0xFF, 0xFF, 0xFF, 0x2E, 0x00, 0x00, 0xF7, 0xFF, 0xDF, 0x58, 0x64, 0xFA,
    0xFF, 0xCF, 0x01, 0x20, 0xFF, 0xFF, 0x19, 0x00, 0x00, 0x40, 0xFE, 0xFF,
    0x06, 0x90, 0xFF, 0xAF, 0x00, 0x00, 0x00, 0x00, 0xF4, 0xFF, 0x0C, 0xE1,
    0xFF, 0x2E, 0x00, 0x00, 0x00, 0x00, 0xB0, 0xEF, 0x2E, 0xF3, 0xFF, 0x0A,
    0x00, 0x00, 0x00, 0x00, 0x10, 0x22, 0x02, 0xF6, 0xFF, 0x06, 0x00, 0x00,
    0x00, 0x00, 0x00, 0x00, 0x00, 0xF7, 0xFF, 0x04, 0x00, 0x00, 0x00, 0x00,
    0x00, 0x00, 0x00, 0xF7, 0xFF, 0x04, 0x00, 0x00, 0x00, 0x00, 0x00, 0x00,
    0x00, 0xF7, 0xFF, 0x04, 0x00, 0x00, 0x00, 0x00, 0x00, 0x00, 0x00, 0xF6,
    0xFF, 0x06, 0x00, 0x00, 0x00, 0x00, 0x00, 0x00, 0x00, 0xF3, 0xFF, 0x0A,
    0x00, 0x00, 0x00, 0x00, 0x10, 0x22, 0x02, 0xE1, 0xFF, 0x1E, 0x00, 0x00,
    0x00, 0x00, 0xB0, 0xEF, 0x2E, 0x90, 0xFF, 0xAF, 0x00, 0x00, 0x00, 0x00,
    0xF4, 0xFF, 0x0C, 0x20, 0xFF, 0xFF, 0x19, 0x00, 0x00, 0x40, 0xFE, 0xFF,
    0x06, 0x00, 0xF7, 0xFF, 0xDF, 0x58, 0x64, 0xFA, 0xFF, 0xCF, 0x00, 0x00,
    0x90, 0xFF, 0xFF, 0xFF, 0xFF, 0xFF, 0xFF, 0x2D, 0x00, 0x00, 0x00, 0xE7,
    0xFF, 0xFF, 0xFF, 0xFF, 0xBF, 0x02, 0x00, 0x00, 0x00, 0x20, 0xD9, 0xFF,
    0xFF, 0xBE, 0x05, 0x00, 0x00, 0x00, 0x00, 0x00, 0x00, 0xC2, 0x2E, 0x00,
    0x00, 0x00, 0x00, 0x00, 0x00, 0x00, 0x00, 0xE0, 0x9F, 0x06, 0x00, 0x00,
    0x00, 0x00, 0x00, 0x00, 0x00, 0xA1, 0xFA, 0x7F, 0x00, 0x00, 0x00, 0x00,
    0x00, 0x00, 0x00, 0x00, 0x70, 0xBF, 0x00, 0x00, 0x00, 0x00, 0x00, 0x00,
    0x00, 0x85, 0xD8, 0x9F, 0x00, 0x00, 0x00, 0x00, 0x00, 0x00, 0x00, 0xF9,
    0xDF, 0x19, 0x00, 0x00, 0x00, 0x00, 0x00, 0x00, 0x00, 0x10, 0x01, 0x00,
    0x00, 0x00, 0x00, 0x00, 0x10, 0x44, 0x14, 0x00, 0x00, 0x00, 0x00, 0x00,
    0xC1, 0xFF, 0x09, 0x00, 0x00, 0x00, 0x00, 0x00, 0xE2, 0xEF, 0x02, 0x00,
    0x00, 0x00, 0x00, 0x00, 0xF7, 0x9F, 0x00, 0x00, 0x00, 0x00, 0x00, 0x00,
    0xEB, 0x1D, 0x00, 0x00, 0x00, 0x00, 0x00, 0x00, 0x11, 0x00, 0x00, 0x00,
    0x10, 0x11, 0x11, 0x11, 0x11, 0x11, 0x11, 0x11, 0xED, 0xEE, 0xEE, 0xEE,
    0xEE, 0xEE, 0xAE, 0xE1, 0xFF, 0xFF, 0xFF, 0xFF, 0xFF, 0xFF, 0x1B, 0xFE,
    0xFF, 0xFF, 0xFF, 0xFF, 0xFF, 0xCF, 0xE1, 0xFF, 0x4C, 0x44, 0x44, 0x44,
    0x44, 0x13, 0xFE, 0xBF, 0x00, 0x00, 0x00, 0x00, 0x00, 0xE1, 0xFF, 0x0B,
    0x00, 0x00, 0x00, 0x00, 0x10, 0xFE, 0xBF, 0x00, 0x00, 0x00, 0x00, 0x00,
    0xE1, 0xFF, 0x0B, 0x00, 0x00, 0x00, 0x00, 0x10, 0xFE, 0xCF, 0x44, 0x44,
    0x44, 0x44, 0x04, 0xE1, 0xFF, 0xFF, 0xFF, 0xFF, 0xFF, 0xFF, 0x11, 0xFE,
    0xFF, 0xFF, 0xFF, 0xFF, 0xFF, 0x1E, 0xE1, 0xFF, 0xEF, 0xEE, 0xEE, 0xEE,
    0xDE, 0x11, 0xFE, 0xBF, 0x11, 0x11, 0x11, 0x11, 0x01, 0xE1, 0xFF, 0x0B,
    0x00, 0x00, 0x00, 0x00, 0x10, 0xFE, 0xBF, 0x00, 0x00, 0x00, 0x00, 0x00,
    0xE1, 0xFF, 0x0B, 0x00, 0x00, 0x00, 0x00, 0x10, 0xFE, 0xBF, 0x00, 0x00,
    0x00, 0x00, 0x00, 0xE1, 0xFF, 0x4C, 0x44, 0x44, 0x44, 0x44, 0x13, 0xFE,
    0xFF, 0xFF, 0xFF, 0xFF, 0xFF, 0xCF, 0xE1, 0xFF, 0xFF, 0xFF, 0xFF, 0xFF,
    0xFF, 0x1B, 0xED, 0xEE, 0xEE, 0xEE, 0xEE, 0xEE, 0xAE, 0x10, 0x11, 0x11,
    0x11, 0x11, 0x11, 0x11, 0x01, 0x00, 0x00, 0x00, 0x00, 0x42, 0x44, 0x00,
    0x00, 0x00, 0x00, 0x00, 0xD0, 0xFF, 0x09, 0x00, 0x00, 0x00, 0x00, 0x50,
    0xFF, 0x0C, 0x00, 0x00, 0x00, 0x00, 0x00, 0xFC, 0x3F, 0x00, 0x00, 0x00,
    0x00, 0x00, 0xE4, 0x7E, 0x00, 0x00, 0x00, 0x00, 0x00, 0x00, 0x11, 0x00,
    0x00, 0x00, 0x10, 0x11, 0x11, 0x11, 0x11, 0x11, 0x11, 0x11, 0xED, 0xEE,
    0xEE, 0xEE, 0xEE, 0xEE, 0xAE, 0xE1, 0xFF, 0xFF, 0xFF, 0xFF, 0xFF, 0xFF,
    0x1B, 0xFE, 0xFF, 0xFF, 0xFF, 0xFF, 0xFF, 0xCF, 0xE1, 0xFF, 0x4C, 0x44,
    0x44, 0x44, 0x44, 0x13, 0xFE, 0xBF, 0x00, 0x00, 0x00, 0x00, 0x00, 0xE1,
    0xFF, 0x0B, 0x00, 0x00, 0x00, 0x00, 0x10, 0xFE, 0xBF, 0x00, 0x00, 0x00,
    0x00, 0x00, 0xE1, 0xFF, 0x0B, 0x00, 0x00, 0x00, 0x00, 0x10, 0xFE, 0xCF,
    0x44, 0x44, 0x44, 0x44, 0x04, 0xE1, 0xFF, 0xFF, 0xFF, 0xFF, 0xFF, 0xFF,
    0x11, 0xFE, 0xFF, 0xFF, 0xFF, 0xFF, 0xFF, 0x1E, 0xE1, 0xFF, 0xEF, 0xEE,
    0xEE, 0xEE, 0xDE, 0x11, 0xFE, 0xBF, 0x11, 0x11, 0x11, 0x11, 0x01, 0xE1,
    0xFF, 0x0B, 0x00, 0x00, 0x00, 0x00, 0x10, 0xFE, 0xBF, 0x00, 0x00, 0x00,
    0x00, 0x00, 0xE1, 0xFF, 0x0B, 0x00, 0x00, 0x00, 0x00, 0x10, 0xFE, 0xBF,
    0x00, 0x00, 0x00, 0x00, 0x00, 0xE1, 0xFF, 0x4C, 0x44, 0x44, 0x44, 0x44,
    0x13, 0xFE, 0xFF, 0xFF, 0xFF, 0xFF, 0xFF, 0xCF, 0xE1, 0xFF, 0xFF, 0xFF,
    0xFF, 0xFF, 0xFF, 0x1B, 0xED, 0xEE, 0xEE, 0xEE, 0xEE, 0xEE, 0xAE, 0x10,
    0x11, 0x11, 0x11, 0x11, 0x11, 0x11, 0x01, 0x00, 0x00, 0x00, 0x64, 0x36,
    0x00, 0x00, 0x00, 0x00, 0x00, 0xF7, 0xFF, 0x4E, 0x00, 0x00, 0x00, 0x00,
    0xF6, 0xBF, 0xFD, 0x3E, 0x00, 0x00, 0x00, 0xF7, 0xDF, 0x30, 0xFE, 0x3F,
    0x00, 0x00, 0xB2, 0xBB, 0x02, 0x50, 0xBB, 0x19, 0x00, 0x00, 0x00, 0x00,
    0x00, 0x00, 0x00, 0x00, 0x10, 0x11, 0x11, 0x11, 0x11, 0x11, 0x11, 0x11,
    0xED, 0xEE, 0xEE, 0xEE, 0xEE, 0xEE, 0xAE, 0xE1, 0xFF, 0xFF, 0xFF, 0xFF,
    0xFF, 0xFF, 0x1B, 0xFE, 0xFF, 0xFF, 0xFF, 0xFF, 0xFF, 0xCF, 0xE1, 0xFF,
    0x4C, 0x44, 0x44, 0x44, 0x44, 0x13, 0xFE, 0xBF, 0x00, 0x00, 0x00, 0x00,
    0x00, 0xE1, 0xFF, 0x0B, 0x00, 0x00, 0x00, 0x00, 0x10, 0xFE, 0xBF, 0x00,
    0x00, 0x00, 0x00, 0x00, 0xE1, 0xFF, 0x0B, 0x00, 0x00, 0x00, 0x00, 0x10,
    0xFE, 0xCF, 0x44, 0x44, 0x44, 0x44, 0x04, 0xE1, 0xFF, 0xFF, 0xFF, 0xFF,
    0xFF, 0xFF, 0x11, 0xFE, 0xFF, 0xFF, 0xFF, 0xFF, 0xFF, 0x1E, 0xE1, 0xFF,
    0xEF, 0xEE, 0xEE, 0xEE, 0xDE, 0x11, 0xFE, 0xBF, 0x11, 0x11, 0x11, 0x11,
    0x01, 0xE1, 0xFF, 0x0B, 0x00, 0x00, 0x00, 0x00, 0x10, 0xFE, 0xBF, 0x00,
    0x00, 0x00, 0x00, 0x00, 0xE1, 0xFF, 0x0B, 0x00, 0x00, 0x00, 0x00, 0x10,
    0xFE, 0xBF, 0x00, 0x00, 0x00, 0x00, 0x00, 0xE1, 0xFF, 0x4C, 0x44, 0x44,
    0x44, 0x44, 0x13, 0xFE, 0xFF, 0xFF, 0xFF, 0xFF, 0xFF, 0xCF, 0xE1, 0xFF,
    0xFF, 0xFF, 0xFF, 0xFF, 0xFF, 0x1B, 0xED, 0xEE, 0xEE, 0xEE, 0xEE, 0xEE,
    0xAE, 0x10, 0x11, 0x11, 0x11, 0x11, 0x11, 0x11, 0x01, 0x00, 0x00, 0x23,
    0x00, 0x00, 0x33, 0x00, 0x00, 0x10, 0xFB, 0x5E, 0x00, 0xF8, 0x8F, 0x00,
    0x00, 0xF4, 0xFE, 0x0B, 0xF1, 0xFF, 0x1F, 0x00, 0x10, 0xFD, 0x7F, 0x00,
    0xFB, 0xAF, 0x00, 0x00, 0x20, 0x57, 0x00, 0x10, 0x66, 0x01, 0x00, 0x00,
    0x00, 0x00, 0x00, 0x00, 0x00, 0x00, 0x10, 0x11, 0x11, 0x11, 0x11, 0x11,
    0x11, 0x11, 0xED, 0xEE, 0xEE, 0xEE, 0xEE, 0xEE, 0xAE, 0xE1, 0xFF, 0xFF,
    0xFF, 0xFF, 0xFF, 0xFF, 0x1B, 0xFE, 0xFF, 0xFF, 0xFF, 0xFF, 0xFF, 0xCF,
    0xE1, 0xFF, 0x4C, 0x44, 0x44, 0x44, 0x44, 0x13, 0xFE, 0xBF, 0x00, 0x00,
    0x00, 0x00, 0x00, 0xE1, 0xFF, 0x0B, 0x00, 0x00, 0x00, 0x00, 0x10, 0xFE,
    0xBF, 0x00, 0x00, 0x00, 0x00, 0x00, 0xE1, 0xFF, 0x0B, 0x00, 0x00, 0x00,
    0x00, 0x10, 0xFE, 0xCF, 0x44, 0x44, 0x44, 0x44, 0x04, 0xE1, 0xFF, 0xFF,
    0xFF, 0xFF, 0xFF, 0xFF, 0x11, 0xFE, 0xFF, 0xFF, 0xFF, 0xFF, 0xFF, 0x1E,
    0xE1, 0xFF, 0xEF, 0xEE, 0xEE, 0xEE, 0xDE, 0x11, 0xFE, 0xBF, 0x11, 0x11,
    0x11, 0x11, 0x01, 0xE1, 0xFF, 0x0B, 0x00, 0x00, 0x00, 0x00, 0x10, 0xFE,
    0xBF, 0x00, 0x00, 0x00, 0x00, 0x00, 0xE1, 0xFF, 0x0B, 0x00, 0x00, 0x00,
    0x00, 0x10, 0xFE, 0xBF, 0x00, 0x00, 0x00, 0x00, 0x00, 0xE1, 0xFF, 0x4C,
    0x44, 0x44, 0x44, 0x44, 0x13, 0xFE, 0xFF, 0xFF, 0xFF, 0xFF, 0xFF, 0xCF,
    0xE1, 0xFF, 0xFF, 0xFF, 0xFF, 0xFF, 0xFF, 0x1B, 0xED, 0xEE, 0xEE, 0xEE,
    0xEE, 0xEE, 0xAE, 0x10, 0x11, 0x11, 0x11, 0x11, 0x11, 0x11, 0x01, 0x41,
    0x44, 0x01, 0x10, 0xFC, 0xAF, 0x00, 0x20, 0xFE, 0x2E, 0x00, 0x60, 0xFF,
    0x09, 0x00, 0xA0, 0xDE, 0x01, 0x00, 0x10, 0x01, 0x00, 0x10, 0x11, 0x01,
    0x10, 0xED, 0xAE, 0x00, 0xE1, 0xFF, 0x0B, 0x10, 0xFE, 0xBF, 0x00, 0xE1,
    0xFF, 0x0B, 0x10, 0xFE, 0xBF, 0x00, 0xE1, 0xFF, 0x0B, 0x10, 0xFE, 0xBF,
    0x00, 0xE1, 0xFF, 0x0B, 0x10, 0xFE, 0xBF, 0x00, 0xE1, 0xFF, 0x0B, 0x10,
    0xFE, 0xBF, 0x00, 0xE1, 0xFF, 0x0B, 0x10, 0xFE, 0xBF, 0x00, 0xE1, 0xFF,
    0x0B, 0x10, 0xFE, 0xBF, 0x00, 0xE1, 0xFF, 0x0B, 0x10, 0xFE, 0xBF, 0x00,
    0xE1, 0xFF, 0x0B, 0x10, 0xFE, 0xBF, 0x00, 0xE1, 0xFF, 0x0B, 0x10, 0xED,
    0xAE, 0x00, 0x10, 0x11, 0x01, 0x00, 0x20, 0x44, 0x04, 0x00, 0xFD, 0x8F,
    0x00, 0xF5, 0xCF, 0x00, 0xC0, 0xFF, 0x03, 0x40, 0xEE, 0x07, 0x00, 0x10,
    0x01, 0x00, 0x10, 0x11, 0x01, 0x10, 0xED, 0xAE, 0x00, 0xE1, 0xFF, 0x0B,
    0x10, 0xFE, 0xBF, 0x00, 0xE1, 0xFF, 0x0B, 0x10, 0xFE, 0xBF, 0x00, 0xE1,
    0xFF, 0x0B, 0x10, 0xFE, 0xBF, 0x00, 0xE1, 0xFF, 0x0B, 0x10, 0xFE, 0xBF,
    0x00, 0xE1, 0xFF, 0x0B, 0x10, 0xFE, 0xBF, 0x00, 0xE1, 0xFF, 0x0B, 0x10,
    0xFE, 0xBF, 0x00, 0xE1, 0xFF, 0x0B, 0x10, 0xFE, 0xBF, 0x00, 0xE1, 0xFF,
    0x0B, 0x10, 0xFE, 0xBF, 0x00, 0xE1, 0xFF, 0x0B, 0x10, 0xFE, 0xBF, 0x00,
    0xE1, 0xFF, 0x0B, 0x10, 0xED, 0xAE, 0x00, 0x10, 0x11, 0x01, 0x00, 0x00,
    0x00, 0x64, 0x36, 0x00, 0x00, 0x00, 0xF7, 0xFF, 0x3E, 0x00, 0x00, 0xF6,
    0xBF, 0xFD, 0x2E, 0x00, 0xF6, 0xDF, 0x31, 0xFF, 0x3E, 0xB2, 0xBB, 0x02,
    0x50, 0xBB, 0x09, 0x00, 0x00, 0x00, 0x00, 0x00, 0x00, 0x00, 0x11, 0x11,
    0x00, 0x00, 0x00, 0xD1, 0xEE, 0x0A, 0x00, 0x00, 0x10, 0xFE, 0xBF, 0x00,
    0x00, 0x00, 0xE1, 0xFF, 0x0B, 0x00, 0x00, 0x10, 0xFE, 0xBF, 0x00, 0x00,
    0x00, 0xE1, 0xFF, 0x0B, 0x00, 0x00, 0x10, 0xFE, 0xBF, 0x00, 0x00, 0x00,
    0xE1, 0xFF, 0x0B, 0x00, 0x00, 0x10, 0xFE, 0xBF, 0x00, 0x00, 0x00, 0xE1,
    0xFF, 0x0B, 0x00, 0x00, 0x10, 0xFE, 0xBF, 0x00, 0x00, 0x00, 0xE1, 0xFF,
    0x0B, 0x00, 0x00, 0x10, 0xFE, 0xBF, 0x00, 0x00, 0x00, 0xE1, 0xFF, 0x0B,
    0x00, 0x00, 0x10, 0xFE, 0xBF, 0x00, 0x00, 0x00, 0xE1, 0xFF, 0x0B, 0x00,
    0x00, 0x10, 0xFE, 0xBF, 0x00, 0x00, 0x00, 0xE1, 0xFF, 0x0B, 0x00, 0x00,
    0x10, 0xFE, 0xBF, 0x00, 0x00, 0x00, 0xE1, 0xFF, 0x0B, 0x00, 0x00, 0x10,
    0xFE, 0xBF, 0x00, 0x00, 0x00, 0xD1, 0xEE, 0x0A, 0x00, 0x00, 0x00, 0x11,
    0x11, 0x00, 0x00, 0x00, 0x33, 0x00, 0x00, 0x32, 0x00, 0x80, 0xFF, 0x08,
    0x50, 0xFE, 0x1B, 0xE1, 0xFF, 0x1F, 0xC0, 0xEF, 0x4F, 0xA0, 0xFF, 0x0B,
    0x70, 0xFF, 0x1D, 0x10, 0x66, 0x01, 0x00, 0x75, 0x02, 0x00, 0x00, 0x00,
    0x00, 0x00, 0x00, 0x00, 0x00, 0x11, 0x11, 0x00, 0x00, 0x00, 0x00, 0xEA,
    0xDE, 0x01, 0x00, 0x00, 0x00, 0xFB, 0xEF, 0x01, 0x00, 0x00, 0x00, 0xFB,
    0xEF, 0x01, 0x00, 0x00, 0x00, 0xFB, 0xEF, 0x01, 0x00, 0x00, 0x00, 0xFB,
    0xEF, 0x01, 0x00, 0x00, 0x00, 0xFB, 0xEF, 0x01, 0x00, 0x00, 0x00, 0xFB,
    0xEF, 0x01, 0x00, 0x00, 0x00, 0xFB, 0xEF, 0x01, 0x00, 0x00, 0x00, 0xFB,
    0xEF, 0x01, 0x00, 0x00, 0x00, 0xFB, 0xEF, 0x01, 0x00, 0x00, 0x00, 0xFB,
    0xEF, 0x01, 0x00, 0x00, 0x00, 0xFB, 0xEF, 0x01, 0x00, 0x00, 0x00, 0xFB,
    0xEF, 0x01, 0x00, 0x00, 0x00, 0xFB, 0xEF, 0x01, 0x00, 0x00, 0x00, 0xFB,
    0xEF, 0x01, 0x00, 0x00, 0x00, 0xFB, 0xEF, 0x01, 0x00, 0x00, 0x00, 0xFB,
    0xEF, 0x01, 0x00, 0x00, 0x00, 0xFB, 0xEF, 0x01, 0x00, 0x00, 0x00, 0xFB,
    0xEF, 0x01, 0x00, 0x00, 0x00, 0xFB, 0xEF, 0x01, 0x00, 0x00, 0x00, 0xEA,
    0xDE, 0x01, 0x00, 0x00, 0x00, 0x11, 0x11, 0x00, 0x00, 0x00, 0x10, 0x11,
    0x11, 0x11, 0x11, 0x00, 0x00, 0x00, 0x00, 0x00, 0x10, 0xED, 0xEE, 0xEE,
    0xEE, 0xCD, 0x49, 0x00, 0x00, 0x00, 0x00, 0xE1, 0xFF, 0xFF, 0xFF, 0xFF,
    0xFF, 0xBF, 0x03, 0x00, 0x00, 0x10, 0xFE, 0xFF, 0xFF, 0xFF, 0xFF, 0xFF,
    0xFF, 0x05, 0x00, 0x00, 0xE1, 0xFF, 0x4C, 0x44, 0x64, 0xE9, 0xFF, 0xFF,
    0x03, 0x00, 0x10, 0xFE, 0xBF, 0x00, 0x00, 0x00, 0xB2, 0xFF, 0xCF, 0x00,
    0x00, 0xE1, 0xFF, 0x0B, 0x00, 0x00, 0x00, 0xC0, 0xFF, 0x5F, 0x00, 0x10,
    0xFE, 0xBF, 0x00, 0x00, 0x00, 0x00, 0xF4, 0xFF, 0x0A, 0x00, 0xE1, 0xFF,
    0x0B, 0x00, 0x00, 0x00, 0x00, 0xFD, 0xEF, 0x11, 0x21, 0xFE, 0xBF, 0x11,
    0x11, 0x01, 0x00, 0xA0, 0xFF, 0x2F, 0xE9, 0xFE, 0xFF, 0xEF, 0xEE, 0x8E,
    0x00, 0x00, 0xF8, 0xFF, 0xA3, 0xFF, 0xFF, 0xFF, 0xFF, 0xFF, 0x09, 0x00,
    0x70, 0xFF, 0x4F, 0xB7, 0xFB, 0xFF, 0xBE, 0xBB, 0x6B, 0x00, 0x00, 0xF8,
    0xFF, 0x03, 0x00, 0xFE, 0xBF, 0x00, 0x00, 0x00, 0x00, 0xA0, 0xFF, 0x2F,
    0x00, 0xE1, 0xFF, 0x0B, 0x00, 0x00, 0x00, 0x00, 0xFD, 0xDF, 0x01, 0x10,
    0xFE, 0xBF, 0x00, 0x00, 0x00, 0x00, 0xF4, 0xFF, 0x0A, 0x00, 0xE1, 0xFF,
    0x0B, 0x00, 0x00, 0x00, 0xC0, 0xFF, 0x5F, 0x00, 0x10, 0xFE, 0xBF, 0x00,
    0x00, 0x00, 0xB2, 0xFF, 0xCF, 0x00, 0x00, 0xE1, 0xFF, 0x4C, 0x44, 0x64,
    0xE9, 0xFF, 0xFF, 0x03, 0x00, 0x10, 0xFE, 0xFF, 0xFF, 0xFF, 0xFF, 0xFF,
    0xEF, 0x05, 0x00, 0x00, 0xE1, 0xFF, 0xFF, 0xFF, 0xFF, 0xFF, 0xBF, 0x03,
    0x00, 0x00, 0x10, 0xED, 0xEE, 0xEE, 0xEE, 0xCD, 0x48, 0x00, 0x00, 0x00,
    0x00, 0x10, 0x11, 0x11, 0x11, 0x11, 0x00, 0x00, 0x00, 0x00, 0x00, 0x00,
    0x00, 0x00, 0x10, 0x01, 0x00, 0x10, 0x00, 0x00, 0x00, 0x00, 0x00, 0x80,
    0xEE, 0x29, 0x90, 0x6E, 0x00, 0x00, 0x00, 0x00, 0x50, 0xFF, 0xFF, 0xBE,
    0xFE, 0x04, 0x00, 0x00, 0x00, 0x00, 0xFB, 0x3B, 0xF9, 0xFF, 0x0B, 0x00,
    0x00, 0x00, 0x00, 0x50, 0x37, 0x00, 0x73, 0x16, 0x00, 0x00, 0x00, 0x00,
    0x00, 0x00, 0x00, 0x00, 0x00, 0x00, 0x00, 0x00, 0x10, 0x11, 0x01, 0x00,
    0x00, 0x00, 0x00, 0x10, 0x11, 0x11, 0xED, 0xEE, 0x09, 0x00, 0x00, 0x00,
    0x10, 0xED, 0xAE, 0xE1, 0xFF, 0xFF, 0x04, 0x00, 0x00, 0x00, 0xE1, 0xFF,
    0x1B, 0xFE, 0xFF, 0xCF, 0x00, 0x00, 0x00, 0x10, 0xFE, 0xBF, 0xE1, 0xFF,
    0xFF, 0x7F, 0x00, 0x00, 0x00, 0xE1, 0xFF, 0x1B, 0xFE, 0xFF, 0xFF, 0x2E,
    0x00, 0x00, 0x10, 0xFE, 0xBF, 0xE1, 0xFF, 0xDA, 0xFF, 0x0B, 0x00, 0x00,
    0xE1, 0xFF, 0x1B, 0xFE, 0x9F, 0xF6, 0xFF, 0x05, 0x00, 0x10, 0xFE, 0xBF,
    0xE1, 0xFF, 0x0B, 0xFD, 0xEF, 0x01, 0x00, 0xE1, 0xFF, 0x1B, 0xFE, 0xCF,
    0x60, 0xFF, 0x9F, 0x00, 0x10, 0xFE, 0xBF, 0xE1, 0xFF, 0x0C, 0xC0, 0xFF,
    0x4F, 0x00, 0xE1, 0xFF, 0x1B, 0xFE, 0xCF, 0x00, 0xF3, 0xFF, 0x0C, 0x10,
    0xFE, 0xBF, 0xE1, 0xFF, 0x0C, 0x00, 0xF8, 0xFF, 0x07, 0xE1, 0xFF, 0x1B,
    0xFE, 0xCF, 0x00, 0x10, 0xFD, 0xEF, 0x02, 0xFE, 0xBF, 0xE1, 0xFF, 0x0C,
    0x00, 0x40, 0xFF, 0xAF, 0xE0, 0xFF, 0x1B, 0xFE, 0xCF, 0x00, 0x00, 0xA0,
    0xFF, 0x4F, 0xFD, 0xBF, 0xE1, 0xFF, 0x0C, 0x00, 0x00, 0xE1, 0xFF, 0xDB,
    0xFF, 0x1B, 0xFE, 0xCF, 0x00, 0x00, 0x00, 0xF6, 0xFF, 0xFF, 0xBF, 0xE1,
    0xFF, 0x0C, 0x00, 0x00, 0x00, 0xFB, 0xFF, 0xFF, 0x1B, 0xFE, 0xCF, 0x00,
    0x00, 0x00, 0x20, 0xFF, 0xFF, 0xBF, 0xE1, 0xFF, 0x0D, 0x00, 0x00, 0x00,
    0x70, 0xFF, 0xFF, 0x1B, 0xED, 0xCE, 0x00, 0x00, 0x00, 0x00, 0xC0, 0xEE,
    0xAE, 0x10, 0x11, 0x01, 0x00, 0x00, 0x00, 0x00, 0x10, 0x11, 0x01, 0x00,
    0x00, 0x00, 0x76, 0x57, 0x00, 0x00, 0x00, 0x00, 0x00, 0x00, 0x00, 0x00,
    0xF7, 0xFF, 0x01, 0x00, 0x00, 0x00, 0x00, 0x00, 0x00, 0x00, 0xA0, 0xFF,
    0x07, 0x00, 0x00, 0x00, 0x00, 0x00, 0x00, 0x00, 0x10, 0xFE, 0x1E, 0x00,
    0x00, 0x00, 0x00, 0x00, 0x00, 0x00, 0x00, 0xB5, 0x4C, 0x00, 0x00, 0x00,
    0x00, 0x00, 0x00, 0x00, 0x00, 0x00, 0x00, 0x00, 0x00, 0x00, 0x00, 0x00,
    0x00, 0x00, 0x30, 0x76, 0x68, 0x14, 0x00, 0x00, 0x00, 0x00, 0x00, 0x60,
    0xFC, 0xFF, 0xFF, 0xDF, 0x18, 0x00, 0x00, 0x00, 0x10, 0xFA, 0xFF, 0xFF,
    0xFF, 0xFF, 0xDF, 0x03, 0x00, 0x00, 0xC1, 0xFF, 0xFF, 0xEF, 0xFE, 0xFF,
    0xFF, 0x3E, 0x00, 0x00, 0xF9, 0xFF, 0xAF, 0x24, 0x31, 0xE8, 0xFF, 0xDF,
    0x01, 0x30, 0xFF, 0xFF, 0x05, 0x00, 0x00, 0x30, 0xFD, 0xFF, 0x07, 0xA0,
    0xFF, 0x7F, 0x00, 0x00, 0x00, 0x00, 0xF4, 0xFF, 0x1D, 0xE1, 0xFF, 0x1D,
    0x00, 0x00, 0x00, 0x00, 0xA0, 0xFF, 0x4F, 0xF4, 0xFF, 0x09, 0x00, 0x00,
    0x00, 0x00, 0x50, 0xFF, 0x7F, 0xF6, 0xFF, 0x06, 0x00, 0x00, 0x00, 0x00,
    0x20, 0xFF, 0xAF, 0xF7, 0xFF, 0x04, 0x00, 0x00, 0x00, 0x00, 0x10, 0xFE,
    0xBF, 0xF7, 0xFF, 0x04, 0x00, 0x00, 0x00, 0x00, 0x10, 0xFE, 0xBF, 0xF7,
    0xFF, 0x04, 0x00, 0x00, 0x00, 0x00, 0x10, 0xFE, 0xBF, 0xF6, 0xFF, 0x06,
    0x00, 0x00, 0x00, 0x00, 0x30, 0xFF, 0x9F, 0xF3, 0xFF, 0x0A, 0x00, 0x00,
    0x00, 0x00, 0x60, 0xFF, 0x7F, 0xD1, 0xFF, 0x2E, 0x00, 0x00, 0x00, 0x00,
    0xC0, 0xFF, 0x3F, 0x90, 0xFF, 0xAF, 0x00, 0x00, 0x00, 0x00, 0xF6, 0xFF,
    0x0C, 0x20, 0xFF, 0xFF, 0x09, 0x00, 0x00, 0x60, 0xFF, 0xFF, 0x05, 0x00,
    0xF7, 0xFF, 0xDF, 0x57, 0x64, 0xFB, 0xFF, 0xAF, 0x00, 0x00, 0x90, 0xFF,
    0xFF, 0xFF, 0xFF, 0xFF, 0xFF, 0x1C, 0x00, 0x00, 0x00, 0xF7, 0xFF, 0xFF,
    0xFF, 0xFF, 0xAF, 0x01, 0x00, 0x00, 0x00, 0x30, 0xD9, 0xFF, 0xFF, 0xAE,
    0x04, 0x00, 0x00, 0x00, 0x00, 0x00, 0x00, 0x42, 0x34, 0x01, 0x00, 0x00,
    0x00, 0x00, 0x00, 0x00, 0x00, 0x00, 0x73, 0x77, 0x01, 0x00, 0x00, 0x00,
    0x00, 0x00, 0x00, 0x00, 0xFB, 0xAF, 0x00, 0x00, 0x00, 0x00, 0x00, 0x00,
    0x00, 0x30, 0xFF, 0x1D, 0x00, 0x00, 0x00, 0x00, 0x00, 0x00, 0x00, 0xB0,
    0xFF, 0x04, 0x00, 0x00, 0x00, 0x00, 0x00, 0x00, 0x00, 0xB2, 0x8B, 0x00,
    0x00, 0x00, 0x00, 0x00, 0x00, 0x00, 0x00, 0x00, 0x00, 0x00, 0x00, 0x00,
    0x00, 0x00, 0x00, 0x00, 0x30, 0x76, 0x68, 0x14, 0x00, 0x00, 0x00, 0x00,
    0x00, 0x60, 0xFC, 0xFF, 0xFF, 0xDF, 0x18, 0x00, 0x00, 0x00, 0x10, 0xFA,
    0xFF, 0xFF, 0xFF, 0xFF, 0xDF, 0x03, 0x00, 0x00, 0xC1, 0xFF, 0xFF, 0xEF,
    0xFE, 0xFF, 0xFF, 0x3E, 0x00, 0x00, 0xF9, 0xFF, 0xAF, 0x24, 0x31, 0xE8,
    0xFF, 0xDF, 0x01, 0x30, 0xFF, 0xFF, 0x05, 0x00, 0x00, 0x30, 0xFD, 0xFF,
    0x07, 0xA0, 0xFF, 0x7F, 0x00, 0x00, 0x00, 0x00, 0xF4, 0xFF, 0x1D, 0xE1,
    0xFF, 0x1D, 0x00, 0x00, 0x00, 0x00, 0xA0, 0xFF, 0x4F, 0xF4, 0xFF, 0x09,
    0x00, 0x00, 0x00, 0x00, 0x50, 0xFF, 0x7F, 0xF6, 0xFF, 0x06, 0x00, 0x00,
    0x00, 0x00, 0x20, 0xFF, 0xAF, 0xF7, 0xFF, 0x04, 0x00, 0x00, 0x00, 0x00,
    0x10, 0xFE, 0xBF, 0xF7, 0xFF, 0x04, 0x00, 0x00, 0x00, 0x00, 0x10, 0xFE,
    0xBF, 0xF7, 0xFF, 0x04, 0x00, 0x00, 0x00, 0x00, 0x10, 0xFE, 0xBF, 0xF6,
    0xFF, 0x06, 0x00, 0x00, 0x00, 0x00, 0x30, 0xFF, 0x9F, 0xF3, 0xFF, 0x0A,
    0x00, 0x00, 0x00, 0x00, 0x60, 0xFF, 0x7F, 0xD1, 0xFF, 0x2E, 0x00, 0x00,
    0x00, 0x00, 0xC0, 0xFF, 0x3F, 0x90, 0xFF, 0xAF, 0x00, 0x00, 0x00, 0x00,
    0xF6, 0xFF, 0x0C, 0x20, 0xFF, 0xFF, 0x09, 0x00, 0x00, 0x60, 0xFF, 0xFF,
    0x05, 0x00, 0xF7, 0xFF, 0xDF, 0x57, 0x64, 0xFB, 0xFF, 0xAF, 0x00, 0x00,
    0x90, 0xFF, 0xFF, 0xFF, 0xFF, 0xFF, 0xFF, 0x1C, 0x00, 0x00, 0x00, 0xF7,
    0xFF, 0xFF, 0xFF, 0xFF, 0xAF, 0x01, 0x00, 0x00, 0x00, 0x30, 0xD9, 0xFF,
    0xFF, 0xAE, 0x04, 0x00, 0x00, 0x00, 0x00, 0x00, 0x00, 0x42, 0x34, 0x01,
    0x00, 0x00, 0x00, 0x00, 0x00, 0x00, 0x00, 0x63, 0x56, 0x00, 0x00, 0x00,
    0x00, 0x00, 0x00, 0x00, 0x40, 0xFE, 0xFF, 0x07, 0x00, 0x00, 0x00, 0x00,
    0x00, 0x00, 0xE3, 0xCF, 0xFA, 0x6F, 0x00, 0x00, 0x00, 0x00, 0x00, 0x40,
    0xFF, 0x3E, 0xC0, 0xFF, 0x07, 0x00, 0x00, 0x00, 0x00, 0xA1, 0xBB, 0x05,
    0x20, 0x99, 0x2A, 0x00, 0x00, 0x00, 0x00, 0x00, 0x00, 0x00, 0x00, 0x00,
    0x00, 0x00, 0x00, 0x00, 0x00, 0x00, 0x30, 0x76, 0x67, 0x14, 0x00, 0x00,
    0x00, 0x00, 0x00, 0x60, 0xFC, 0xFF, 0xFF, 0xDF, 0x18, 0x00, 0x00, 0x00,
    0x10, 0xFA, 0xFF, 0xFF, 0xFF, 0xFF, 0xDF, 0x03, 0x00, 0x00, 0xC1, 0xFF,
    0xFF, 0xEF, 0xFE, 0xFF, 0xFF, 0x3E, 0x00, 0x00, 0xF9, 0xFF, 0xAF, 0x24,
    0x31, 0xE8, 0xFF, 0xDF, 0x01, 0x30, 0xFF, 0xFF, 0x05, 0x00, 0x00, 0x30,
    0xFD, 0xFF, 0x07, 0xA0, 0xFF, 0x7F, 0x00, 0x00, 0x00, 0x00, 0xF4, 0xFF,
    0x1D, 0xE1, 0xFF, 0x1D, 0x00, 0x00, 0x00, 0x00, 0xA0, 0xFF, 0x4F, 0xF4,
    0xFF, 0x09, 0x00, 0x00, 0x00, 0x00, 0x50, 0xFF, 0x7F, 0xF6, 0xFF, 0x06,
    0x00, 0x00, 0x00, 0x00, 0x20, 0xFF, 0xAF, 0xF7, 0xFF, 0x04, 0x00, 0x00,
    0x00, 0x00, 0x10, 0xFE, 0xBF, 0xF7, 0xFF, 0x04, 0x00, 0x00, 0x00, 0x00,
    0x10, 0xFE, 0xBF, 0xF7, 0xFF, 0x04, 0x00, 0x00, 0x00, 0x00, 0x10, 0xFE,
    0xBF, 0xF6, 0xFF, 0x06, 0x00, 0x00, 0x00, 0x00, 0x30, 0xFF, 0x9F, 0xF3,
    0xFF, 0x0A, 0x00, 0x00, 0x00, 0x00, 0x60, 0xFF, 0x7F, 0xD1, 0xFF, 0x2E,
    0x00, 0x00, 0x00, 0x00, 0xC0, 0xFF, 0x3F, 0x90, 0xFF, 0xAF, 0x00, 0x00,
    0x00, 0x00, 0xF6, 0xFF, 0x0C, 0x20, 0xFF, 0xFF, 0x09, 0x00, 0x00, 0x60,
    0xFF, 0xFF, 0x05, 0x00, 0xF7, 0xFF, 0xDF, 0x57, 0x64, 0xFB, 0xFF, 0xAF,
    0x00, 0x00, 0x90, 0xFF, 0xFF, 0xFF, 0xFF, 0xFF, 0xFF, 0x1C, 0x00, 0x00,
    0x00, 0xF7, 0xFF, 0xFF, 0xFF, 0xFF, 0xAF, 0x01, 0x00, 0x00, 0x00, 0x30,
    0xD9, 0xFF, 0xFF, 0xAE, 0x04, 0x00, 0x00, 0x00, 0x00, 0x00, 0x00, 0x42,
    0x34, 0x01, 0x00, 0x00, 0x00, 0x00, 0x00, 0x00, 0x10, 0x01, 0x00, 0x10,
    0x01, 0x00, 0x00, 0x00, 0x00, 0x00, 0xD6, 0xBE, 0x04, 0xE5, 0x0A, 0x00,
    0x00, 0x00, 0x00, 0x20, 0xFF, 0xFF, 0xBF, 0xFD, 0x09, 0x00, 0x00, 0x00,
    0x00, 0x70, 0xEF, 0x73, 0xFE, 0xEF, 0x02, 0x00, 0x00, 0x00, 0x00, 0x30,
    0x57, 0x00, 0x62, 0x27, 0x00, 0x00, 0x00, 0x00, 0x00, 0x00, 0x00, 0x00,
    0x00, 0x00, 0x00, 0x00, 0x00, 0x00, 0x00, 0x00, 0x30, 0x76, 0x67, 0x14,
    0x00, 0x00, 0x00, 0x00, 0x00, 0x60, 0xFC, 0xFF, 0xFF, 0xDF, 0x18, 0x00,
    0x00, 0x00, 0x10, 0xFA, 0xFF, 0xFF, 0xFF, 0xFF, 0xDF, 0x03, 0x00, 0x00,
    0xC1, 0xFF, 0xFF, 0xEF, 0xFE, 0xFF, 0xFF, 0x3E, 0x00, 0x00, 0xF9, 0xFF,
    0xAF, 0x24, 0x31, 0xE8, 0xFF, 0xDF, 0x01, 0x30, 0xFF, 0xFF, 0x05, 0x00,
    0x00, 0x30, 0xFD, 0xFF, 0x07, 0xA0, 0xFF, 0x7F, 0x00, 0x00, 0x00, 0x00,
    0xF4, 0xFF, 0x1D, 0xE1, 0xFF, 0x1D, 0x00, 0x00, 0x00, 0x00, 0xA0, 0xFF,
    0x4F, 0xF4, 0xFF, 0x09, 0x00, 0x00, 0x00, 0x00, 0x50, 0xFF, 0x7F, 0xF6,
    0xFF, 0x06, 0x00, 0x00, 0x00, 0x00, 0x20, 0xFF, 0xAF, 0xF7, 0xFF, 0x04,
    0x00, 0x00, 0x00, 0x00, 0x10, 0xFE, 0xBF, 0xF7, 0xFF, 0x04, 0x00, 0x00,
    0x00, 0x00, 0x10, 0xFE, 0xBF, 0xF7, 0xFF, 0x04, 0x00, 0x00, 0x00, 0x00,
    0x10, 0xFE, 0xBF, 0xF6, 0xFF, 0x06, 0x00, 0x00, 0x00, 0x00, 0x30, 0xFF,
    0x9F, 0xF3, 0xFF, 0x0A, 0x00, 0x00, 0x00, 0x00, 0x60, 0xFF, 0x7F, 0xD1,
    0xFF, 0x2E, 0x00, 0x00, 0x00, 0x00, 0xC0, 0xFF, 0x3F, 0x90, 0xFF, 0xAF,
    0x00, 0x00, 0x00, 0x00, 0xF6, 0xFF, 0x0C, 0x20, 0xFF, 0xFF, 0x09, 0x00,
    0x00, 0x60, 0xFF, 0xFF, 0x05, 0x00, 0xF7, 0xFF, 0xDF, 0x57, 0x64, 0xFB,
    0xFF, 0xAF, 0x00, 0x00, 0x90, 0xFF, 0xFF, 0xFF, 0xFF, 0xFF, 0xFF, 0x1C,
    0x00, 0x00, 0x00, 0xF7, 0xFF, 0xFF, 0xFF, 0xFF, 0xAF, 0x01, 0x00, 0x00,
    0x00, 0x30, 0xD9, 0xFF, 0xFF, 0xAE, 0x04, 0x00, 0x00, 0x00, 0x00, 0x00,
    0x00, 0x42, 0x34, 0x01, 0x00, 0x00, 0x00, 0x00, 0x00, 0x00, 0x33, 0x00,
    0x00, 0x32, 0x00, 0x00, 0x00, 0x00, 0x00, 0x80, 0xFF, 0x08, 0x50, 0xFE,
    0x1B, 0x00, 0x00, 0x00, 0x00, 0xF1, 0xFF, 0x1F, 0xC0, 0xEF, 0x4F, 0x00,
    0x00, 0x00, 0x00, 0xB0, 0xFF, 0x0B, 0x70, 0xFF, 0x1D, 0x00, 0x00, 0x00,
    0x00, 0x10, 0x76, 0x01, 0x00, 0x75, 0x02, 0x00, 0x00, 0x00, 0x00, 0x00,
    0x00, 0x00, 0x00, 0x00, 0x00, 0x00, 0x00, 0x00, 0x00, 0x00, 0x30, 0x76,
    0x67, 0x14, 0x00, 0x00, 0x00, 0x00, 0x00, 0x60, 0xFC, 0xFF, 0xFF, 0xDF,
    0x18, 0x00, 0x00, 0x00, 0x10, 0xFA, 0xFF, 0xFF, 0xFF, 0xFF, 0xDF, 0x03,
    0x00, 0x00, 0xC1, 0xFF, 0xFF, 0xEF, 0xFE, 0xFF, 0xFF, 0x3E, 0x00, 0x00,
    0xF9, 0xFF, 0xAF, 0x24, 0x31, 0xE8, 0xFF, 0xDF, 0x01, 0x30, 0xFF, 0xFF,
    0x05, 0x00, 0x00, 0x30, 0xFD, 0xFF, 0x07, 0xA0, 0xFF, 0x7F, 0x00, 0x00,
    0x00, 0x00, 0xF4, 0xFF, 0x1D, 0xE1, 0xFF, 0x1D, 0x00, 0x00, 0x00, 0x00,
    0xA0, 0xFF, 0x4F, 0xF4, 0xFF, 0x09, 0x00, 0x00, 0x00, 0x00, 0x50, 0xFF,
    0x7F, 0xF6, 0xFF, 0x06, 0x00, 0x00, 0x00, 0x00, 0x20, 0xFF, 0xAF, 0xF7,
    0xFF, 0x04, 0x00, 0x00, 0x00, 0x00, 0x10, 0xFE, 0xBF, 0xF7, 0xFF, 0x04,
    0x00, 0x00, 0x00, 0x00, 0x10, 0xFE, 0xBF, 0xF7, 0xFF, 0x04, 0x00, 0x00,
    0x00, 0x00, 0x10, 0xFE, 0xBF, 0xF6, 0xFF, 0x06, 0x00, 0x00, 0x00, 0x00,
    0x30, 0xFF, 0x9F, 0xF3, 0xFF, 0x0A, 0x00, 0x00, 0x00, 0x00, 0x60, 0xFF,
    0x7F, 0xD1, 0xFF, 0x2E, 0x00, 0x00, 0x00, 0x00, 0xC0, 0xFF, 0x3F, 0x90,
    0xFF, 0xAF, 0x00, 0x00, 0x00, 0x00, 0xF6, 0xFF, 0x0C, 0x20, 0xFF, 0xFF,
    0x09, 0x00, 0x00, 0x60, 0xFF, 0xFF, 0x05, 0x00, 0xF7, 0xFF, 0xDF, 0x57,
    0x64, 0xFB, 0xFF, 0xAF, 0x00, 0x00, 0x90, 0xFF, 0xFF, 0xFF, 0xFF, 0xFF,
    0xFF, 0x1C, 0x00, 0x00, 0x00, 0xF7, 0xFF, 0xFF, 0xFF, 0xFF, 0xAF, 0x01,
    0x00, 0x00, 0x00, 0x30, 0xD9, 0xFF, 0xFF, 0xAE, 0x04, 0x00, 0x00, 0x00,
    0x00, 0x00, 0x00, 0x42, 0x34, 0x01, 0x00, 0x00, 0x00, 0x00, 0x23, 0x00,
    0x00, 0x00, 0x00, 0x14, 0x00, 0xE3, 0x2D, 0x00, 0x00, 0x00, 0xF6, 0x0A,
    0xE2, 0xFF, 0x2C, 0x00, 0x00, 0xF6, 0xFF, 0x19, 0xFA, 0xFF, 0x2C, 0x00,
    0xF6, 0xFF, 0x5F, 0x00, 0xFA, 0xFF, 0x1D, 0xF5, 0xFF, 0x5F, 0x00, 0x00,
    0xFA, 0xFF, 0xFD, 0xFF, 0x5F, 0x00, 0x00, 0x00, 0xFA, 0xFF, 0xFF, 0x5E,
    0x00, 0x00, 0x00, 0x00, 0xFC, 0xFF, 0x6F, 0x00, 0x00, 0x00, 0x00, 0xE6,
    0xFF, 0xFF, 0x2C, 0x00, 0x00, 0x00, 0xF6, 0xFF, 0xFF, 0xFF, 0x1C, 0x00,
    0x00, 0xF6, 0xFF, 0x5F, 0xF9, 0xFF, 0x1C, 0x00, 0xF6, 0xFF, 0x5F, 0x00,
    0xFA, 0xFF, 0x2C, 0xF3, 0xFF, 0x4F, 0x00, 0x00, 0xFA, 0xFE, 0x0B, 0xF7,
    0x4F, 0x00, 0x00, 0x00, 0xF9, 0x2D, 0x00, 0x57, 0x00, 0x00, 0x00, 0x00,
    0x28, 0x00, 0x00, 0x00, 0x00, 0x30, 0x76, 0x67, 0x14, 0x00, 0x6A, 0x00,
    0x00, 0x00, 0x60, 0xFC, 0xFF, 0xFF, 0xDF, 0x77, 0xFF, 0x05, 0x00, 0x10,
    0xFA, 0xFF, 0xFF, 0xFF, 0xFF, 0xFF, 0xBF, 0x01, 0x00, 0xC1, 0xFF, 0xFF,
    0xEF, 0xFE, 0xFF, 0xFF, 0x5F, 0x00, 0x00, 0xF9, 0xFF, 0xAF, 0x24, 0x31,
    0xE7, 0xFF, 0xCF, 0x01, 0x30, 0xFF, 0xFF, 0x05, 0x00, 0x00, 0xE3, 0xFF,
    0xFF, 0x07, 0xA0, 0xFF, 0x7F, 0x00, 0x00, 0x10, 0xFD, 0xFE, 0xFF, 0x1D,
    0xE1, 0xFF, 0x1D, 0x00, 0x00, 0x90, 0xFF, 0xA5, 0xFF, 0x4F, 0xF4, 0xFF,
    0x09, 0x00, 0x00, 0xF5, 0xAF, 0x50, 0xFF, 0x7F, 0xF6, 0xFF, 0x06, 0x00,
    0x20, 0xFE, 0x1D, 0x30, 0xFF, 0xAF, 0xF7, 0xFF, 0x04, 0x00, 0xB0, 0xFF,
    0x04, 0x10, 0xFE, 0xBF, 0xF7, 0xFF, 0x04, 0x00, 0xF6, 0x8F, 0x00, 0x10,
    0xFE, 0xBF, 0xF7, 0xFF, 0x04, 0x20, 0xFE, 0x0C, 0x00, 0x10, 0xFE, 0xBF,
    0xF6, 0xFF, 0x06, 0xC0, 0xFF, 0x03, 0x00, 0x30, 0xFF, 0x9F, 0xF3, 0xFF,
    0x0A, 0xF8, 0x7F, 0x00, 0x00, 0x60, 0xFF, 0x7F, 0xD1, 0xFF, 0x6E, 0xFF,
    0x0B, 0x00, 0x00, 0xC0, 0xFF, 0x3F, 0x90, 0xFF, 0xFF, 0xEF, 0x02, 0x00,
    0x00, 0xF6, 0xFF, 0x0C, 0x20, 0xFF, 0xFF, 0x6F, 0x00, 0x00, 0x60, 0xFF,
    0xFF, 0x05, 0x00, 0xF7, 0xFF, 0xCF, 0x57, 0x64, 0xFB, 0xFF, 0xAF, 0x00,
    0x00, 0xE1, 0xFF, 0xFF, 0xFF, 0xFF, 0xFF, 0xFF, 0x1C, 0x00, 0x10, 0xFB,
    0xFF, 0xFF, 0xFF, 0xFF, 0xFF, 0xAF, 0x01, 0x00, 0x20, 0xFD, 0x28, 0xD9,
    0xFF, 0xFF, 0xAE, 0x04, 0x00, 0x00, 0x00, 0x71, 0x01, 0x00, 0x42, 0x34,
    0x01, 0x00, 0x00, 0x00, 0x00, 0x00, 0x40, 0x78, 0x17, 0x00, 0x00, 0x00,
    0x00, 0x00, 0x00, 0x00, 0xF2, 0xFF, 0x06, 0x00, 0x00, 0x00, 0x00, 0x00,
    0x00, 0x00, 0xF4, 0xCF, 0x00, 0x00, 0x00, 0x00, 0x00, 0x00, 0x00, 0x00,
    0xFA, 0x5F, 0x00, 0x00, 0x00, 0x00, 0x00, 0x00, 0x00, 0x10, 0xBA, 0x08,
    0x00, 0x00, 0x00, 0x00, 0x00, 0x00, 0x00, 0x00, 0x00, 0x00, 0x00, 0x00,
    0x00, 0x30, 0x44, 0x03, 0x00, 0x00, 0x00, 0x00, 0x43, 0x34, 0x10, 0xFF,
    0xBF, 0x00, 0x00, 0x00, 0x00, 0xB0, 0xFF, 0x1F, 0xE1, 0xFF, 0x0B, 0x00,
    0x00, 0x00, 0x00, 0xFB, 0xEF, 0x11, 0xFE, 0xBF, 0x00, 0x00, 0x00, 0x00,
    0xB0, 0xFF, 0x1E, 0xE1, 0xFF, 0x0B, 0x00, 0x00, 0x00, 0x00, 0xFB, 0xEF,
    0x11, 0xFE, 0xBF, 0x00, 0x00, 0x00, 0x00, 0xB0, 0xFF, 0x1E, 0xE1, 0xFF,
    0x0B, 0x00, 0x00, 0x00, 0x00, 0xFB, 0xEF, 0x11, 0xFE, 0xBF, 0x00, 0x00,
    0x00, 0x00, 0xB0, 0xFF, 0x1E, 0xE1, 0xFF, 0x0B, 0x00, 0x00, 0x00, 0x00,
    0xFB, 0xEF, 0x11, 0xFE, 0xBF, 0x00, 0x00, 0x00, 0x00, 0xB0, 0xFF, 0x1E,
    0xE1, 0xFF, 0x0B, 0x00, 0x00, 0x00, 0x00, 0xFB, 0xEF, 0x11, 0xFE, 0xBF,
    0x00, 0x00, 0x00, 0x00, 0xB0, 0xFF, 0x1E, 0xE1, 0xFF, 0x0B, 0x00, 0x00,
    0x00, 0x00, 0xFB, 0xEF, 0x11, 0xFE, 0xBF, 0x00, 0x00, 0x00, 0x00, 0xB0,
    0xFF, 0x1E, 0xE1, 0xFF, 0x0B, 0x00, 0x00, 0x00, 0x00, 0xFB, 0xEF, 0x11,
    0xFD, 0xDF, 0x00, 0x00, 0x00, 0x00, 0xD0, 0xFF, 0x1D, 0xC0, 0xFF, 0x5F,
    0x00, 0x00, 0x00, 0x50, 0xFF, 0xCF, 0x00, 0xF7, 0xFF, 0x3E, 0x00, 0x00,
    0x30, 0xFE, 0xFF, 0x07, 0x10, 0xFE, 0xFF, 0x9F, 0x45, 0x95, 0xFF, 0xFF,
    0x1E, 0x00, 0x40, 0xFF, 0xFF, 0xFF, 0xFF, 0xFF, 0xFF, 0x4F, 0x00, 0x00,
    0x40, 0xFD, 0xFF, 0xFF, 0xFF, 0xFF, 0x4D, 0x00, 0x00, 0x00, 0x10, 0xC7,
    0xFE, 0xFF, 0xCE, 0x17, 0x00, 0x00, 0x00, 0x00, 0x00, 0x20, 0x43, 0x23,
    0x00, 0x00, 0x00, 0x00, 0x00, 0x00, 0x00, 0x00, 0x10, 0x77, 0x38, 0x00,
    0x00, 0x00, 0x00, 0x00, 0x00, 0x00, 0xF6, 0xEF, 0x02, 0x00, 0x00, 0x00,
    0x00, 0x00, 0x00, 0xC0, 0xFF, 0x04, 0x00, 0x00, 0x00, 0x00, 0x00, 0x00,
    0x60, 0xFF, 0x09, 0x00, 0x00, 0x00, 0x00, 0x00, 0x00, 0x00, 0xB8, 0x1A,
    0x00, 0x00, 0x00, 0x00, 0x00, 0x00, 0x00, 0x00, 0x00, 0x00, 0x00, 0x00,
    0x00, 0x30, 0x44, 0x03, 0x00, 0x00, 0x00, 0x00, 0x43, 0x34, 0x10, 0xFF,
    0xBF, 0x00, 0x00, 0x00, 0x00, 0xB0, 0xFF, 0x1F, 0xE1, 0xFF, 0x0B, 0x00,
    0x00, 0x00, 0x00, 0xFB, 0xEF, 0x11, 0xFE, 0xBF, 0x00, 0x00, 0x00, 0x00,
    0xB0, 0xFF, 0x1E, 0xE1, 0xFF, 0x0B, 0x00, 0x00, 0x00, 0x00, 0xFB, 0xEF,
    0x11, 0xFE, 0xBF, 0x00, 0x00, 0x00, 0x00, 0xB0, 0xFF, 0x1E, 0xE1, 0xFF,
    0x0B, 0x00, 0x00, 0x00, 0x00, 0xFB, 0xEF, 0x11, 0xFE, 0xBF, 0x00, 0x00,
    0x00, 0x00, 0xB0, 0xFF, 0x1E, 0xE1, 0xFF, 0x0B, 0x00, 0x00, 0x00, 0x00,
    0xFB, 0xEF, 0x11, 0xFE, 0xBF, 0x00, 0x00, 0x00, 0x00, 0xB0, 0xFF, 0x1E,
    0xE1, 0xFF, 0x0B, 0x00, 0x00, 0x00, 0x00, 0xFB, 0xEF, 0x11, 0xFE, 0xBF,
    0x00, 0x00, 0x00, 0x00, 0xB0, 0xFF, 0x1E, 0xE1, 0xFF, 0x0B, 0x00, 0x00,
    0x00, 0x00, 0xFB, 0xEF, 0x11, 0xFE, 0xBF, 0x00, 0x00, 0x00, 0x00, 0xB0,
    0xFF, 0x1E, 0xE1, 0xFF, 0x0B, 0x00, 0x00, 0x00, 0x00, 0xFB, 0xEF, 0x11,
    0xFD, 0xDF, 0x00, 0x00, 0x00, 0x00, 0xD0, 0xFF, 0x1D, 0xC0, 0xFF, 0x5F,
    0x00, 0x00, 0x00, 0x50, 0xFF, 0xCF, 0x00, 0xF7, 0xFF, 0x3E, 0x00, 0x00,
    0x30, 0xFE, 0xFF, 0x07, 0x10, 0xFE, 0xFF, 0x9F, 0x45, 0x95, 0xFF, 0xFF,
    0x1E, 0x00, 0x40, 0xFF, 0xFF, 0xFF, 0xFF, 0xFF, 0xFF, 0x4F, 0x00, 0x00,
    0x40, 0xFD, 0xFF, 0xFF, 0xFF, 0xFF, 0x4D, 0x00, 0x00, 0x00, 0x10, 0xC7,
    0xFE, 0xFF, 0xCE, 0x17, 0x00, 0x00, 0x00, 0x00, 0x00, 0x20, 0x43, 0x23,
    0x00, 0x00, 0x00, 0x00, 0x00, 0x00, 0x00, 0x20, 0x77, 0x27, 0x00, 0x00,
    0x00, 0x00, 0x00, 0x00, 0x10, 0xFD, 0xFF, 0x1C, 0x00, 0x00, 0x00, 0x00,
    0x00, 0x10, 0xFC, 0x8E, 0xFF, 0x0B, 0x00, 0x00, 0x00, 0x00, 0x20, 0xFD,
    0x7F, 0x70, 0xFF, 0x1C, 0x00, 0x00, 0x00, 0x00, 0xA6, 0x79, 0x00, 0x70,
    0xA9, 0x05, 0x00, 0x00, 0x00, 0x00, 0x00, 0x00, 0x00, 0x00, 0x00, 0x00,
    0x00, 0x20, 0x22, 0x02, 0x00, 0x00, 0x00, 0x00, 0x22, 0x22, 0x10, 0xFE,
    0xBF, 0x00, 0x00, 0x00, 0x00, 0xB0, 0xFF, 0x1E, 0xE1, 0xFF, 0x0B, 0x00,
    0x00, 0x00, 0x00, 0xFB, 0xEF, 0x11, 0xFE, 0xBF, 0x00, 0x00, 0x00, 0x00,
    0xB0, 0xFF, 0x1E, 0xE1, 0xFF, 0x0B, 0x00, 0x00, 0x00, 0x00, 0xFB, 0xEF,
    0x11, 0xFE, 0xBF, 0x00, 0x00, 0x00, 0x00, 0xB0, 0xFF, 0x1E, 0xE1, 0xFF,
    0x0B, 0x00, 0x00, 0x00, 0x00, 0xFB, 0xEF, 0x11, 0xFE, 0xBF, 0x00, 0x00,
    0x00, 0x00, 0xB0, 0xFF, 0x1E, 0xE1, 0xFF, 0x0B, 0x00, 0x00, 0x00, 0x00,
    0xFB, 0xEF, 0x11, 0xFE, 0xBF, 0x00, 0x00, 0x00, 0x00, 0xB0, 0xFF, 0x1E,
    0xE1, 0xFF, 0x0B, 0x00, 0x00, 0x00, 0x00, 0xFB, 0xEF, 0x11, 0xFE, 0xBF,
    0x00, 0x00, 0x00, 0x00, 0xB0, 0xFF, 0x1E, 0xE1, 0xFF, 0x0B, 0x00, 0x00,
    0x00, 0x00, 0xFB, 0xEF, 0x11, 0xFE, 0xBF, 0x00, 0x00, 0x00, 0x00, 0xB0,
    0xFF, 0x1E, 0xE1, 0xFF, 0x0B, 0x00, 0x00, 0x00, 0x00, 0xFB, 0xEF, 0x11,
    0xFE, 0xDF, 0x00, 0x00, 0x00, 0x00, 0xD0, 0xFF, 0x1D, 0xC0, 0xFF, 0x5F,
    0x00, 0x00, 0x00, 0x50, 0xFF, 0xCF, 0x00, 0xF7, 0xFF, 0x3E, 0x00, 0x00,
    0x30, 0xFE, 0xFF, 0x07, 0x10, 0xFE, 0xFF, 0x9F, 0x45, 0x95, 0xFF, 0xFF,
    0x1E, 0x00, 0x40, 0xFF, 0xFF, 0xFF, 0xFF, 0xFF, 0xFF, 0x4F, 0x00, 0x00,
    0x40, 0xFD, 0xFF, 0xFF, 0xFF, 0xFF, 0x4D, 0x00, 0x00, 0x00, 0x10, 0xC7,
    0xFE, 0xFF, 0xCE, 0x17, 0x00, 0x00, 0x00, 0x00, 0x00, 0x20, 0x43, 0x23,
    0x00, 0x00, 0x00, 0x00, 0x00, 0x00, 0x10, 0x14, 0x00, 0x00, 0x23, 0x00,
    0x00, 0x00, 0x00, 0x20, 0xFD, 0x2D, 0x10, 0xFB, 0x5E, 0x00, 0x00, 0x00,
    0x00, 0xF8, 0xFE, 0x08, 0xF4, 0xFE, 0x0B, 0x00, 0x00, 0x00, 0x40, 0xFF,
    0x4F, 0x20, 0xFD, 0x7F, 0x00, 0x00, 0x00, 0x00, 0x40, 0x47, 0x00, 0x20,
    0x57, 0x00, 0x00, 0x00, 0x00, 0x00, 0x00, 0x00, 0x00, 0x00, 0x00, 0x00,
    0x00, 0x30, 0x33, 0x02, 0x00, 0x00, 0x00, 0x00, 0x32, 0x33, 0x10, 0xFE,
    0xBF, 0x00, 0x00, 0x00, 0x00, 0xB0, 0xFF, 0x1E, 0xE1, 0xFF, 0x0B, 0x00,
    0x00, 0x00, 0x00, 0xFB, 0xEF, 0x11, 0xFE, 0xBF, 0x00, 0x00, 0x00, 0x00,
    0xB0, 0xFF, 0x1E, 0xE1, 0xFF, 0x0B, 0x00, 0x00, 0x00, 0x00, 0xFB, 0xEF,
    0x11, 0xFE, 0xBF, 0x00, 0x00, 0x00, 0x00, 0xB0, 0xFF, 0x1E, 0xE1, 0xFF,
    0x0B, 0x00, 0x00, 0x00, 0x00, 0xFB, 0xEF, 0x11, 0xFE, 0xBF, 0x00, 0x00,
    0x00, 0x00, 0xB0, 0xFF, 0x1E, 0xE1, 0xFF, 0x0B, 0x00, 0x00, 0x00, 0x00,
    0xFB, 0xEF, 0x11, 0xFE, 0xBF, 0x00, 0x00, 0x00, 0x00, 0xB0, 0xFF, 0x1E,
    0xE1, 0xFF, 0x0B, 0x00, 0x00, 0x00, 0x00, 0xFB, 0xEF, 0x11, 0xFE, 0xBF,
    0x00, 0x00, 0x00, 0x00, 0xB0, 0xFF, 0x1E, 0xE1, 0xFF, 0x0B, 0x00, 0x00,
    0x00, 0x00, 0xFB, 0xEF, 0x11, 0xFE, 0xBF, 0x00, 0x00, 0x00, 0x00, 0xB0,
    0xFF, 0x1E, 0xE1, 0xFF, 0x0B, 0x00, 0x00, 0x00, 0x00, 0xFB, 0xEF, 0x11,
    0xFE, 0xDF, 0x00, 0x00, 0x00, 0x00, 0xD0, 0xFF, 0x1D, 0xC0, 0xFF, 0x5F,
    0x00, 0x00, 0x00, 0x50, 0xFF, 0xCF, 0x00, 0xF7, 0xFF, 0x3E, 0x00, 0x00,
    0x30, 0xFE, 0xFF, 0x07, 0x10, 0xFE, 0xFF, 0x9F, 0x45, 0x95, 0xFF, 0xFF,
    0x1E, 0x00, 0x40, 0xFF, 0xFF, 0xFF, 0xFF, 0xFF, 0xFF, 0x4F, 0x00, 0x00,
    0x40, 0xFD, 0xFF, 0xFF, 0xFF, 0xFF, 0x4D, 0x00, 0x00, 0x00, 0x10, 0xC7,
    0xFE, 0xFF, 0xCE, 0x17, 0x00, 0x00, 0x00, 0x00, 0x00, 0x20, 0x43, 0x23,
    0x00, 0x00, 0x00, 0x00, 0x00, 0x00, 0x00, 0x00, 0x00, 0x41, 0x44, 0x01,
    0x00, 0x00, 0x00, 0x00, 0x00, 0x00, 0x00, 0xF7, 0xEF, 0x02, 0x00, 0x00,
    0x00, 0x00, 0x00, 0x00, 0x00, 0xFD, 0x4F, 0x00, 0x00, 0x00, 0x00, 0x00,
    0x00, 0x00, 0x60, 0xFF, 0x09, 0x00, 0x00, 0x00, 0x00, 0x00, 0x00, 0x00,
    0xB0, 0xCE, 0x01, 0x00, 0x00, 0x00, 0x00, 0x00, 0x00, 0x00, 0x10, 0x01,
    0x00, 0x00, 0x00, 0x00, 0x10, 0x11, 0x01, 0x00, 0x00, 0x00, 0x00, 0x00,
    0x11, 0x11, 0xD1, 0xDE, 0x6E, 0x00, 0x00, 0x00, 0x00, 0xA0, 0xDE, 0x9E,
    0x60, 0xFF, 0xEF, 0x01, 0x00, 0x00, 0x00, 0xF4, 0xFF, 0x2F, 0x00, 0xFC,
    0xFF, 0x08, 0x00, 0x00, 0x00, 0xFC, 0xFF, 0x07, 0x00, 0xF3, 0xFF, 0x2E,
    0x00, 0x00, 0x50, 0xFF, 0xDF, 0x00, 0x00, 0x90, 0xFF, 0xAF, 0x00, 0x00,
    0xD1, 0xFF, 0x4F, 0x00, 0x00, 0x10, 0xFE, 0xFF, 0x03, 0x00, 0xF7, 0xFF,
    0x0A, 0x00, 0x00, 0x00, 0xF6, 0xFF, 0x0B, 0x10, 0xFE, 0xEF, 0x02, 0x00,
    0x00, 0x00, 0xC0, 0xFF, 0x5F, 0x90, 0xFF, 0x7F, 0x00, 0x00, 0x00, 0x00,
    0x30, 0xFF, 0xCF, 0xE2, 0xFF, 0x1D, 0x00, 0x00, 0x00, 0x00, 0x00, 0xF9,
    0xFF, 0xFC, 0xFF, 0x04, 0x00, 0x00, 0x00, 0x00, 0x00, 0xE1, 0xFF, 0xFF,
    0xAF, 0x00, 0x00, 0x00, 0x00, 0x00, 0x00, 0x60, 0xFF, 0xFF, 0x2E, 0x00,
    0x00, 0x00, 0x00, 0x00, 0x00, 0x00, 0xFB, 0xFF, 0x08, 0x00, 0x00, 0x00,
    0x00, 0x00, 0x00, 0x00, 0xF7, 0xFF, 0x03, 0x00, 0x00, 0x00, 0x00, 0x00,
    0x00, 0x00, 0xF8, 0xFF, 0x04, 0x00, 0x00, 0x00, 0x00, 0x00, 0x00, 0x00,
    0xF8, 0xFF, 0x04, 0x00, 0x00, 0x00, 0x00, 0x00, 0x00, 0x00, 0xF8, 0xFF,
    0x04, 0x00, 0x00, 0x00, 0x00, 0x00, 0x00, 0x00, 0xF8, 0xFF, 0x04, 0x00,
    0x00, 0x00, 0x00, 0x00, 0x00, 0x00, 0xF8, 0xFF, 0x04, 0x00, 0x00, 0x00,
    0x00, 0x00, 0x00, 0x00, 0xF8, 0xFF, 0x04, 0x00, 0x00, 0x00, 0x00, 0x00,
    0x00, 0x00, 0xF7, 0xFF, 0x04, 0x00, 0x00, 0x00, 0x00, 0x00, 0x00, 0x00,
    0x31, 0x22, 0x01, 0x00, 0x00, 0x00, 0x20, 0x22, 0x02, 0x00, 0x00, 0x00,
    0x00, 0x00, 0xE1, 0xFF, 0x0B, 0x00, 0x00, 0x00, 0x00, 0x00, 0xE1, 0xFF,
    0x0B, 0x00, 0x00, 0x00, 0x00, 0x00, 0xE1, 0xFF, 0x0B, 0x00, 0x00, 0x00,
    0x00, 0x00, 0xE1, 0xFF, 0x1B, 0x11, 0x01, 0x00, 0x00, 0x00, 0xE1, 0xFF,
    0xEF, 0xEE, 0xDE, 0x7B, 0x02, 0x00, 0xE1, 0xFF, 0xFF, 0xFF, 0xFF, 0xFF,
    0x6E, 0x00, 0xE1, 0xFF, 0xEF, 0xEE, 0xFE, 0xFF, 0xFF, 0x07, 0xE1, 0xFF,
    0x1B, 0x11, 0x31, 0xF8, 0xFF, 0x2F, 0xE1, 0xFF, 0x0B, 0x00, 0x00, 0x80,
    0xFF, 0x7F, 0xE1, 0xFF, 0x0B, 0x00, 0x00, 0x20, 0xFF, 0xAF, 0xE1, 0xFF,
    0x0B, 0x00, 0x00, 0x10, 0xFE, 0xBF, 0xE1, 0xFF, 0x0B, 0x00, 0x00, 0x30,
    0xFF, 0x9F, 0xE1, 0xFF, 0x0B, 0x00, 0x00, 0xC2, 0xFF, 0x5F, 0xE1, 0xFF,
    0x7D, 0x77, 0x97, 0xFE, 0xFF, 0x0C, 0xE1, 0xFF, 0xFF, 0xFF, 0xFF, 0xFF,
    0xDF, 0x02, 0xE1, 0xFF, 0xFF, 0xFF, 0xFF, 0xEF, 0x18, 0x00, 0xE1, 0xFF,
    0x7D, 0x78, 0x67, 0x14, 0x00, 0x00, 0xE1, 0xFF, 0x0B, 0x00, 0x00, 0x00,
    0x00, 0x00, 0xE1, 0xFF, 0x0B, 0x00, 0x00, 0x00, 0x00, 0x00, 0xE1, 0xFF,
    0x0B, 0x00, 0x00, 0x00, 0x00, 0x00, 0xC1, 0xDD, 0x09, 0x00, 0x00, 0x00,
    0x00, 0x00, 0x00, 0x00, 0x30, 0x76, 0x67, 0x03, 0x00, 0x00, 0x00, 0x00,
    0xD6, 0xFF, 0xFF, 0xFF, 0x5C, 0x00, 0x00, 0x00, 0xF8, 0xFF, 0xFF, 0xFF,
    0xFF, 0x7F, 0x00, 0x00, 0xF4, 0xFF, 0xEF, 0xCC, 0xFE, 0xFF, 0x4F, 0x00,
    0xB0, 0xFF, 0xBF, 0x02, 0x20, 0xFB, 0xFF, 0x0B, 0x10, 0xFD, 0xEF, 0x01,
    0x00, 0x10, 0xFE, 0xDF, 0x01, 0xE1, 0xFF, 0x0B, 0x00, 0x00, 0xB0, 0xFF,
    0x1E, 0x10, 0xFE, 0xBF, 0x00, 0x00, 0x00, 0xFC, 0xCF, 0x00, 0xE1, 0xFF,
    0x0B, 0x00, 0x00, 0xF4, 0xFF, 0x06, 0x10, 0xFE, 0xBF, 0x00, 0x43, 0xE7,
    0xFF, 0x0A, 0x00, 0xE1, 0xFF, 0x0B, 0xC0, 0xFF, 0xEF, 0x07, 0x00, 0x10,
    0xFE, 0xBF, 0x00, 0xFC, 0xFF, 0xDE, 0x29, 0x00, 0xE1, 0xFF, 0x0B, 0x80,
    0xCB, 0xFE, 0xFF, 0x2D, 0x10, 0xFE, 0xBF, 0x00, 0x00, 0x20, 0xFA, 0xFF,
    0x0A, 0xE1, 0xFF, 0x0B, 0x00, 0x00, 0x00, 0xFC, 0xEF, 0x11, 0xFE, 0xBF,
    0x00, 0x00, 0x00, 0x80, 0xFF, 0x3F, 0xE1, 0xFF, 0x0B, 0x00, 0x00, 0x00,
    0xF8, 0xFF, 0x14, 0xFE, 0xBF, 0x00, 0x00, 0x00, 0xD0, 0xFF, 0x2F, 0xE1,
    0xFF, 0x0B, 0x10, 0x11, 0xB3, 0xFF, 0xCF, 0x10, 0xFE, 0xBF, 0x00, 0xEB,
    0xFE, 0xFF, 0xFF, 0x04, 0xE1, 0xFF, 0x0B, 0xD0, 0xFF, 0xFF, 0xEF, 0x06,
    0x10, 0xED, 0xAE, 0x00, 0xEB, 0xEE, 0x8C, 0x02, 0x00, 0x10, 0x11, 0x01,
    0x10, 0x11, 0x01, 0x00, 0x00, 0x00, 0x00, 0x00, 0x44, 0x24, 0x00, 0x00,
    0x00, 0x00, 0x00, 0xA0, 0xFF, 0x0D, 0x00, 0x00, 0x00, 0x00, 0x00, 0xD1,
    0xFF, 0x05, 0x00, 0x00, 0x00, 0x00, 0x00, 0xF4, 0xCF, 0x00, 0x00, 0x00,
    0x00, 0x00, 0x00, 0xE8, 0x4E, 0x00, 0x00, 0x00, 0x00, 0x00, 0x00, 0x00,
    0x00, 0x00, 0x00, 0x00, 0x00, 0x00, 0x32, 0x23, 0x01, 0x00, 0x00, 0x00,
    0x70, 0xEC, 0xFF, 0xDF, 0x39, 0x00, 0x00, 0xC1, 0xFF, 0xFF, 0xFF, 0xFF,
    0x5E, 0x00, 0xB0, 0xEF, 0xEF, 0xBC, 0xFE, 0xFF, 0x2E, 0x50, 0xFF, 0xBF,
    0x02, 0x10, 0xFA, 0xFF, 0x08, 0x41, 0x97, 0x01, 0x00, 0x10, 0xFF, 0xAF,
    0x00, 0x00, 0x00, 0x00, 0x00, 0xE2, 0xFF, 0x0B, 0x00, 0x00, 0x42, 0x75,
    0xD9, 0xFF, 0xBF, 0x00, 0x71, 0xEC, 0xFF, 0xFF, 0xFF, 0xFF, 0x0B, 0xC1,
    0xFF, 0xFF, 0xEF, 0x9C, 0xFE, 0xBF, 0x90, 0xFF, 0xBF, 0x35, 0x01, 0xE0,
    0xFF, 0x0B, 0xFD, 0xBF, 0x00, 0x00, 0x10, 0xFE, 0xBF, 0xE1, 0xFF, 0x07,
    0x01, 0x00, 0xF5, 0xFF, 0x0B, 0xFD, 0xCF, 0x01, 0x00, 0xD3, 0xFF, 0xBF,
    0x90, 0xFF, 0xDF, 0x89, 0xEA, 0xEF, 0xFF, 0x0B, 0xD2, 0xFF, 0xFF, 0xFF,
    0x7F, 0xFC, 0xBF, 0x00, 0x92, 0xFE, 0xFF, 0x6C, 0xB0, 0xDD, 0x0A, 0x00,
    0x10, 0x43, 0x03, 0x00, 0x00, 0x01, 0x00, 0x00, 0x00, 0x00, 0x41, 0x44,
    0x01, 0x00, 0x00, 0x00, 0x00, 0xA0, 0xFF, 0x1D, 0x00, 0x00, 0x00, 0x00,
    0x20, 0xFF, 0x2E, 0x00, 0x00, 0x00, 0x00, 0x00, 0xF9, 0x7F, 0x00, 0x00,
    0x00, 0x00, 0x00, 0xD2, 0xBE, 0x00, 0x00, 0x00, 0x00, 0x00, 0x00, 0x00,
    0x00, 0x00, 0x00, 0x00, 0x00, 0x00, 0x32, 0x33, 0x01, 0x00, 0x00, 0x00,
    0x70, 0xEC, 0xFF, 0xDF, 0x39, 0x00, 0x00, 0xC1, 0xFF, 0xFF, 0xFF, 0xFF,
    0x5E, 0x00, 0xB0, 0xEF, 0xEF, 0xBC, 0xFE, 0xFF, 0x2E, 0x50, 0xFF, 0xBF,
    0x02, 0x10, 0xFA, 0xFF, 0x08, 0x41, 0x97, 0x01, 0x00, 0x10, 0xFF, 0xAF,
    0x00, 0x00, 0x00, 0x00, 0x00, 0xE2, 0xFF, 0x0B, 0x00, 0x00, 0x42, 0x75,
    0xD9, 0xFF, 0xBF, 0x00, 0x71, 0xEC, 0xFF, 0xFF, 0xFF, 0xFF, 0x0B, 0xC1,
    0xFF, 0xFF, 0xEF, 0x9C, 0xFE, 0xBF, 0x90, 0xFF, 0xBF, 0x35, 0x01, 0xE0,
    0xFF, 0x0B, 0xFD, 0xBF, 0x00, 0x00, 0x10, 0xFE, 0xBF, 0xE1, 0xFF, 0x07,
    0x01, 0x00, 0xF5, 0xFF, 0x0B, 0xFD, 0xCF, 0x01, 0x00, 0xD3, 0xFF, 0xBF,
    0x90, 0xFF, 0xDF, 0x89, 0xEA, 0xEF, 0xFF, 0x0B, 0xD2, 0xFF, 0xFF, 0xFF,
    0x7F, 0xFC, 0xBF, 0x00, 0x92, 0xFE, 0xFF, 0x6C, 0xB0, 0xDD, 0x0A, 0x00,
    0x10, 0x43, 0x03, 0x00, 0x00, 0x01, 0x00, 0x00, 0x00, 0x42, 0x34, 0x00,
    0x00, 0x00, 0x00, 0x00, 0xE3, 0xFF, 0x6F, 0x00, 0x00, 0x00, 0x00, 0xE2,
    0xEF, 0xFC, 0x5F, 0x00, 0x00, 0x00, 0xE3, 0xFF, 0x14, 0xFD, 0x5F, 0x00,
    0x00, 0xB1, 0xDD, 0x06, 0x30, 0xDC, 0x2C, 0x00, 0x00, 0x01, 0x00, 0x00,
    0x00, 0x00, 0x01, 0x00, 0x00, 0x00, 0x32, 0x34, 0x01, 0x00, 0x00, 0x00,
    0x70, 0xEC, 0xFF, 0xDF, 0x39, 0x00, 0x00, 0xC1, 0xFF, 0xFF, 0xFF, 0xFF,
    0x5E, 0x00, 0xB0, 0xEF, 0xEF, 0xBC, 0xFE, 0xFF, 0x2E, 0x50, 0xFF, 0xBF,
    0x02, 0x10, 0xFA, 0xFF, 0x08, 0x41, 0x97, 0x01, 0x00, 0x10, 0xFF, 0xAF,
    0x00, 0x00, 0x00, 0x00, 0x00, 0xE2, 0xFF, 0x0B, 0x00, 0x00, 0x42, 0x75,
    0xD9, 0xFF, 0xBF, 0x00, 0x71, 0xEC, 0xFF, 0xFF, 0xFF, 0xFF, 0x0B, 0xC1,
    0xFF, 0xFF, 0xEF, 0x9C, 0xFE, 0xBF, 0x90, 0xFF, 0xBF, 0x35, 0x01, 0xE0,
    0xFF, 0x0B, 0xFD, 0xBF, 0x00, 0x00, 0x10, 0xFE, 0xBF, 0xE1, 0xFF, 0x07,
    0x01, 0x00, 0xF5, 0xFF, 0x0B, 0xFD, 0xCF, 0x01, 0x00, 0xD3, 0xFF, 0xBF,
    0x90, 0xFF, 0xDF, 0x89, 0xEA, 0xEF, 0xFF, 0x0B, 0xD2, 0xFF, 0xFF, 0xFF,
    0x7F, 0xFC, 0xBF, 0x00, 0x92, 0xFE, 0xFF, 0x6C, 0xB0, 0xDD, 0x0A, 0x00,
    0x10, 0x43, 0x03, 0x00, 0x00, 0x01, 0x00, 0x00, 0xA3, 0x8B, 0x01, 0xB3,
    0x09, 0x00, 0x00, 0xD1, 0xFF, 0xEF, 0xB8, 0xBF, 0x00, 0x00, 0x60, 0xFF,
    0xA7, 0xFF, 0xFF, 0x04, 0x00, 0x00, 0xA5, 0x08, 0x50, 0xBA, 0x05, 0x00,
    0x00, 0x00, 0x00, 0x00, 0x00, 0x00, 0x00, 0x00, 0x00, 0x00, 0x20, 0x43,
    0x13, 0x00, 0x00, 0x00, 0x00, 0xC7, 0xFE, 0xFF, 0x9D, 0x03, 0x00, 0x10,
    0xFC, 0xFF, 0xFF, 0xFF, 0xEF, 0x05, 0x00, 0xFB, 0xFE, 0xCF, 0xDB, 0xFF,
    0xEF, 0x02, 0xF5, 0xFF, 0x2B, 0x00, 0xA1, 0xFF, 0x8F, 0x10, 0x74, 0x19,
    0x00, 0x00, 0xF1, 0xFF, 0x0A, 0x00, 0x00, 0x00, 0x00, 0x20, 0xFE, 0xBF,
    0x00, 0x00, 0x20, 0x54, 0x97, 0xFD, 0xFF, 0x0B, 0x10, 0xC7, 0xFE, 0xFF,
    0xFF, 0xFF, 0xBF, 0x10, 0xFC, 0xFF, 0xFF, 0xCE, 0xE9, 0xFF, 0x0B, 0xF9,
    0xFF, 0x5B, 0x13, 0x00, 0xFE, 0xBF, 0xD0, 0xFF, 0x0B, 0x00, 0x00, 0xE1,
    0xFF, 0x1B, 0xFE, 0x7F, 0x10, 0x00, 0x50, 0xFF, 0xBF, 0xD0, 0xFF, 0x1C,
    0x00, 0x30, 0xFD, 0xFF, 0x0B, 0xF9, 0xFF, 0x9D, 0xA8, 0xFE, 0xFE, 0xBF,
    0x20, 0xFD, 0xFF, 0xFF, 0xFF, 0xC7, 0xFF, 0x0B, 0x20, 0xE9, 0xFF, 0xCF,
    0x06, 0xDB, 0xAD, 0x00, 0x00, 0x31, 0x34, 0x00, 0x00, 0x10, 0x00, 0x00,
    0x00, 0x00, 0x00, 0x00, 0x10, 0x00, 0x00, 0x00, 0xD5, 0x5D, 0x00, 0xC3,
    0x8E, 0x00, 0x00, 0xE1, 0xFF, 0x1E, 0xB0, 0xFF, 0x3F, 0x00, 0x00, 0xFD,
    0xDF, 0x00, 0xF9, 0xFF, 0x02, 0x00, 0x30, 0xAA, 0x03, 0x10, 0xB9, 0x05,
    0x00, 0x00, 0x00, 0x00, 0x00, 0x00, 0x00, 0x00, 0x00, 0x00, 0x00, 0x32,
    0x34, 0x01, 0x00, 0x00, 0x00, 0x70, 0xEC, 0xFF, 0xDF, 0x39, 0x00, 0x00,
    0xC2, 0xFF, 0xFF, 0xFF, 0xFF, 0x5E, 0x00, 0xB0, 0xEF, 0xEF, 0xBC, 0xFE,
    0xFF, 0x2E, 0x50, 0xFF, 0xBF, 0x02, 0x10, 0xFA, 0xFF, 0x08, 0x41, 0x97,
    0x01, 0x00, 0x10, 0xFF, 0xAF, 0x00, 0x00, 0x00, 0x00, 0x00, 0xE2, 0xFF,
    0x0B, 0x00, 0x00, 0x42, 0x75, 0xD9, 0xFF, 0xBF, 0x00, 0x71, 0xEC, 0xFF,
    0xFF, 0xFF, 0xFF, 0x0B, 0xC1, 0xFF, 0xFF, 0xEF, 0x9C, 0xFE, 0xBF, 0x90,
    0xFF, 0xBF, 0x35, 0x01, 0xE0, 0xFF, 0x0B, 0xFD, 0xBF, 0x00, 0x00, 0x10,
    0xFE, 0xBF, 0xE1, 0xFF, 0x07, 0x01, 0x00, 0xF5, 0xFF, 0x0B, 0xFD, 0xCF,
    0x01, 0x00, 0xD3, 0xFF, 0xBF, 0x90, 0xFF, 0xDF, 0x89, 0xEA, 0xEF, 0xFF,
    0x0B, 0xD2, 0xFF, 0xFF, 0xFF, 0x7F, 0xFC, 0xBF, 0x00, 0x92, 0xFE, 0xFF,
    0x6C, 0xB0, 0xDD, 0x0A, 0x00, 0x10, 0x43, 0x03, 0x00, 0x00, 0x01, 0x00,
    0x00, 0x00, 0x30, 0x13, 0x00, 0x00, 0x00, 0x00, 0x00, 0xC4, 0xFF, 0x6E,
    0x00, 0x00, 0x00, 0x00, 0xF3, 0xCF, 0xFC, 0x6F, 0x00, 0x00, 0x00, 0x90,
    0x9F, 0x00, 0xF6, 0x0C, 0x00, 0x00, 0x00, 0xFB, 0x03, 0x00, 0xEF, 0x01,
    0x00, 0x00, 0x90, 0x9F, 0x00, 0xF6, 0x0C, 0x00, 0x00, 0x00, 0xF3, 0xDF,
    0xFC, 0x6F, 0x00, 0x00, 0x00, 0x00, 0xC4, 0xFF, 0x6D, 0x00, 0x00, 0x00,
    0x00, 0x00, 0x62, 0x47, 0x00, 0x00, 0x00, 0x00, 0x70, 0xEC, 0xFE, 0xEF,
    0x39, 0x00, 0x00, 0xC1, 0xFF, 0xFF, 0xFF, 0xFF, 0x5E, 0x00, 0xB0, 0xEF,
    0xEF, 0xBC, 0xFE, 0xFF, 0x2E, 0x50, 0xFF, 0xAF, 0x02, 0x10, 0xFA, 0xFF,
    0x08, 0x41, 0x97, 0x01, 0x00, 0x10, 0xFF, 0xAF, 0x00, 0x00, 0x00, 0x00,
    0x00, 0xE2, 0xFF, 0x0B, 0x00, 0x00, 0x42, 0x75, 0xD9, 0xFF, 0xBF, 0x00,
    0x71, 0xEC, 0xFF, 0xFF, 0xFF, 0xFF, 0x0B, 0xC1, 0xFF, 0xFF, 0xEF, 0x9C,
    0xFE, 0xBF, 0x90, 0xFF, 0xBF, 0x35, 0x01, 0xE0, 0xFF, 0x0B, 0xFD, 0xBF,
    0x00, 0x00, 0x10, 0xFE, 0xBF, 0xE1, 0xFF, 0x07, 0x01, 0x00, 0xF5, 0xFF,
    0x0B, 0xFD, 0xCF, 0x01, 0x00, 0xD3, 0xFF, 0xBF, 0x90, 0xFF, 0xDF, 0x89,
    0xEA, 0xEF, 0xFF, 0x0B, 0xD2, 0xFF, 0xFF, 0xFF, 0x7F, 0xFC, 0xBF, 0x00,
    0x92, 0xFE, 0xFF, 0x6C, 0xB0, 0xDD, 0x0A, 0x00, 0x10, 0x43, 0x03, 0x00,
    0x00, 0x01, 0x00, 0x00, 0x00, 0x32, 0x24, 0x00, 0x00, 0x00, 0x32, 0x23,
    0x00, 0x00, 0x00, 0x00, 0x10, 0xC7, 0xFE, 0xFF, 0x6C, 0x00, 0xC5, 0xFE,
    0xEF, 0x6C, 0x00, 0x00, 0x00, 0xC2, 0xFF, 0xFF, 0xFF, 0xFF, 0x98, 0xFF,
    0xFF, 0xFF, 0xFF, 0x0A, 0x00, 0x00, 0xFC, 0xFE, 0xCE, 0xEB, 0xFF, 0xFF,
    0xFF, 0xBE, 0xEC, 0xFF, 0x9F, 0x00, 0x50, 0xFF, 0xAF, 0x02, 0x10, 0xFA,
    0xFF, 0x9F, 0x01, 0x20, 0xFB, 0xFF, 0x04, 0x10, 0x63, 0x19, 0x00, 0x01,
    0xF2, 0xFF, 0x0C, 0x00, 0x00, 0xE1, 0xFF, 0x0A, 0x00, 0x00, 0x00, 0x00,
    0x00, 0xE0, 0xFF, 0x04, 0x00, 0x00, 0x80, 0xFF, 0x0D, 0x00, 0x00, 0x41,
    0x76, 0x77, 0xF8, 0xFF, 0x79, 0x78, 0x87, 0xB7, 0xFF, 0x2E, 0x00, 0x81,
    0xFD, 0xFF, 0xFF, 0xFF, 0xFF, 0xFF, 0xFF, 0xFF, 0xFF, 0xFF, 0x2F, 0x10,
    0xFC, 0xFF, 0xEF, 0xEE, 0xFE, 0xFF, 0xEE, 0xEE, 0xEE, 0xEE, 0xEE, 0x2E,
    0x90, 0xFF, 0xAF, 0x14, 0x11, 0xE2, 0xFF, 0x14, 0x11, 0x11, 0x11, 0x11,
    0x01, 0xD0, 0xFF, 0x0B, 0x00, 0x00, 0xE1, 0xFF, 0x05, 0x00, 0x00, 0x00,
    0x00, 0x00, 0xE1, 0xFF, 0x07, 0x01, 0x00, 0xF4, 0xFF, 0x0C, 0x00, 0x00,
    0x80, 0x8A, 0x06, 0xD0, 0xFF, 0x1C, 0x00, 0x30, 0xFD, 0xFF, 0xAF, 0x02,
    0x10, 0xF7, 0xFF, 0x0B, 0x90, 0xFF, 0xDF, 0x89, 0xEA, 0xFF, 0xFC, 0xFF,
    0xCE, 0xDB, 0xFF, 0xEF, 0x02, 0x10, 0xFD, 0xFF, 0xFF, 0xFF, 0x7F, 0xB1,
    0xFF, 0xFF, 0xFF, 0xFF, 0x4E, 0x00, 0x00, 0x91, 0xFE, 0xFF, 0xAE, 0x04,
    0x00, 0xC6, 0xFE, 0xFF, 0x9D, 0x02, 0x00, 0x00, 0x00, 0x31, 0x34, 0x01,
    0x00, 0x00, 0x00, 0x42, 0x34, 0x01, 0x00, 0x00, 0x00, 0x00, 0x00, 0x10,
    0x01, 0x00, 0x00, 0x00, 0x00, 0x50, 0xDA, 0xDE, 0x8C, 0x02, 0x00, 0x00,
    0xB1, 0xFF, 0xFF, 0xFF, 0xEF, 0x07, 0x00, 0xC1, 0xFF, 0xFF, 0xEE, 0xFF,
    0xFF, 0x06, 0x90, 0xFF, 0xCF, 0x14, 0x72, 0xFF, 0xEF, 0x22, 0xFE, 0xDF,
    0x01, 0x00, 0x60, 0xFF, 0x7F, 0xF6, 0xFF, 0x07, 0x00, 0x00, 0x90, 0x47,
    0x91, 0xFF, 0x3F, 0x00, 0x00, 0x00, 0x00, 0x00, 0xFB, 0xEF, 0x01, 0x00,
    0x00, 0x00, 0x00, 0xB0, 0xFF, 0x1E, 0x00, 0x00, 0x00, 0x00, 0x00, 0xFA,
    0xFF, 0x02, 0x00, 0x00, 0x00, 0x00, 0x80, 0xFF, 0x4F, 0x00, 0x00, 0x00,
    0x23, 0x00, 0xF4, 0xFF, 0x0A, 0x00, 0x00, 0xF2, 0xCE, 0x06, 0xFC, 0xFF,
    0x06, 0x00, 0xB1, 0xFF, 0x5F, 0x40, 0xFF, 0xFF, 0x8B, 0xD9, 0xFF, 0xBF,
    0x00, 0x60, 0xFF, 0xFF, 0xFF, 0xFF, 0xDF, 0x02, 0x00, 0x40, 0xFC, 0xFF,
    0xFF, 0x9E, 0x01, 0x00, 0x00, 0x00, 0x73, 0xAF, 0x14, 0x00, 0x00, 0x00,
    0x00, 0x00, 0xF4, 0x6B, 0x02, 0x00, 0x00, 0x00, 0x00, 0x50, 0xDB, 0xDF,
    0x01, 0x00, 0x00, 0x00, 0x00, 0x00, 0xE0, 0x4F, 0x00, 0x00, 0x00, 0x00,
    0x70, 0xA8, 0xFF, 0x02, 0x00, 0x00, 0x00, 0x10, 0xFE, 0xCE, 0x05, 0x00,
    0x00, 0x00, 0x00, 0x10, 0x11, 0x00, 0x00, 0x00, 0x00, 0x20, 0x44, 0x14,
    0x00, 0x00, 0x00, 0x00, 0x00, 0x20, 0xFE, 0x7F, 0x00, 0x00, 0x00, 0x00,
    0x00, 0x00, 0xF4, 0xDF, 0x01, 0x00, 0x00, 0x00, 0x00, 0x00, 0x90, 0xFF,
    0x06, 0x00, 0x00, 0x00, 0x00, 0x00, 0x10, 0xEC, 0x1C, 0x00, 0x00, 0x00,
    0x00, 0x00, 0x00, 0x00, 0x00, 0x00, 0x00, 0x00, 0x00, 0x00, 0x10, 0x32,
    0x13, 0x00, 0x00, 0x00, 0x00, 0x10, 0xD8, 0xFF, 0xEF, 0x4B, 0x00, 0x00,
    0x00, 0xD3, 0xFF, 0xFF, 0xFF, 0xFF, 0x08, 0x00, 0x20, 0xFE, 0xFF, 0xBE,
    0xFC, 0xFF, 0x7F, 0x00, 0xA0, 0xFF, 0x8F, 0x01, 0x30, 0xFC, 0xFF, 0x02,
    0xF3, 0xFF, 0x0A, 0x00, 0x00, 0xF3, 0xFF, 0x08, 0xF7, 0xFF, 0x02, 0x00,
    0x00, 0xA0, 0xFF, 0x0C, 0xFA, 0xFF, 0x78, 0x77, 0x87, 0xC8, 0xFF, 0x0D,
    0xFB, 0xFF, 0xFF, 0xFF, 0xFF, 0xFF, 0xFF, 0x1E, 0xFB, 0xFF, 0xEE, 0xEE,
    0xEE, 0xEE, 0xEE, 0x1D, 0xFA, 0xEF, 0x12, 0x11, 0x11, 0x11, 0x11, 0x01,
    0xF7, 0xFF, 0x03, 0x00, 0x00, 0x00, 0x00, 0x00, 0xF3, 0xFF, 0x0A, 0x00,
    0x00, 0x80, 0x59, 0x02, 0xB0, 0xFF, 0x9F, 0x01, 0x10, 0xF8, 0xFF, 0x08,
    0x20, 0xFE, 0xFF, 0xBE, 0xEB, 0xFF, 0xDF, 0x01, 0x00, 0xD4, 0xFF, 0xFF,
    0xFF, 0xFF, 0x3D, 0x00, 0x00, 0x10, 0xD8, 0xFF, 0xFF, 0x8D, 0x01, 0x00,
    0x00, 0x00, 0x00, 0x42, 0x24, 0x00, 0x00, 0x00, 0x00, 0x00, 0x00, 0x00,
    0x43, 0x34, 0x00, 0x00, 0x00, 0x00, 0x00, 0x20, 0xFE, 0x6F, 0x00, 0x00,
    0x00, 0x00, 0x00, 0x80, 0xFF, 0x0A, 0x00, 0x00, 0x00, 0x00, 0x00, 0xE1,
    0xEF, 0x01, 0x00, 0x00, 0x00, 0x00, 0x00, 0xE6, 0x5E, 0x00, 0x00, 0x00,
    0x00, 0x00, 0x00, 0x00, 0x00, 0x00, 0x00, 0x00, 0x00, 0x00, 0x10, 0x32,
    0x13, 0x00, 0x00, 0x00, 0x00, 0x10, 0xD8, 0xFF, 0xEF, 0x4B, 0x00, 0x00,
    0x00, 0xD3, 0xFF, 0xFF, 0xFF, 0xFF, 0x08, 0x00, 0x20, 0xFE, 0xFF, 0xBE,
    0xFC, 0xFF, 0x7F, 0x00, 0xA0, 0xFF, 0x8F, 0x01, 0x30, 0xFC, 0xFF, 0x02,
    0xF3, 0xFF, 0x0A, 0x00, 0x00, 0xF3, 0xFF, 0x08, 0xF7, 0xFF, 0x02, 0x00,
    0x00, 0xA0, 0xFF, 0x0C, 0xFA, 0xFF, 0x78, 0x77, 0x87, 0xC8, 0xFF, 0x0D,
    0xFB, 0xFF, 0xFF, 0xFF, 0xFF, 0xFF, 0xFF, 0x1E, 0xFB, 0xFF, 0xEE, 0xEE,
    0xEE, 0xEE, 0xEE, 0x1D, 0xFA, 0xEF, 0x12, 0x11, 0x11, 0x11, 0x11, 0x01,
    0xF7, 0xFF, 0x03, 0x00, 0x00, 0x00, 0x00, 0x00, 0xF3, 0xFF, 0x0A, 0x00,
    0x00, 0x80, 0x59, 0x02, 0xB0, 0xFF, 0x9F, 0x01, 0x10, 0xF8, 0xFF, 0x08,
    0x20, 0xFE, 0xFF, 0xBE, 0xEB, 0xFF, 0xDF, 0x01, 0x00, 0xD4, 0xFF, 0xFF,
    0xFF, 0xFF, 0x3D, 0x00, 0x00, 0x10, 0xD8, 0xFF, 0xFF, 0x8D, 0x01, 0x00,
    0x00, 0x00, 0x00, 0x42, 0x24, 0x00, 0x00, 0x00, 0x00, 0x00, 0x00, 0x43,
    0x14, 0x00, 0x00, 0x00, 0x00, 0x00, 0x70, 0xFF, 0xCF, 0x01, 0x00, 0x00,
    0x00, 0x00, 0xF7, 0xCF, 0xFE, 0x1C, 0x00, 0x00, 0x00, 0x70, 0xFF, 0x0C,
    0xF6, 0xBF, 0x01, 0x00, 0x00, 0xD4, 0xCD, 0x02, 0x80, 0xDD, 0x08, 0x00,
    0x00, 0x01, 0x00, 0x00, 0x00, 0x00, 0x01, 0x00, 0x00, 0x00, 0x10, 0x43,
    0x23, 0x00, 0x00, 0x00, 0x00, 0x10, 0xD8, 0xFF, 0xEF, 0x4B, 0x00, 0x00,
    0x00, 0xD3, 0xFF, 0xFF, 0xFF, 0xFF, 0x08, 0x00, 0x20, 0xFE, 0xFF, 0xBE,
    0xFC, 0xFF, 0x7F, 0x00, 0xA0, 0xFF, 0x8F, 0x01, 0x30, 0xFC, 0xFF, 0x02,
    0xF3, 0xFF, 0x0A, 0x00, 0x00, 0xF3, 0xFF, 0x08, 0xF7, 0xFF, 0x02, 0x00,
    0x00, 0xA0, 0xFF, 0x0C, 0xFA, 0xFF, 0x78, 0x77, 0x87, 0xC8, 0xFF, 0x0D,
    0xFB, 0xFF, 0xFF, 0xFF, 0xFF, 0xFF, 0xFF, 0x1E, 0xFB, 0xFF, 0xEE, 0xEE,
    0xEE, 0xEE, 0xEE, 0x1D, 0xFA, 0xEF, 0x12, 0x11, 0x11, 0x11, 0x11, 0x01,
    0xF7, 0xFF, 0x03, 0x00, 0x00, 0x00, 0x00, 0x00, 0xF3, 0xFF, 0x0A, 0x00,
    0x00, 0x80, 0x59, 0x02, 0xB0, 0xFF, 0x9F, 0x01, 0x10, 0xF8, 0xFF, 0x08,
    0x20, 0xFE, 0xFF, 0xBE, 0xEB, 0xFF, 0xDF, 0x01, 0x00, 0xD4, 0xFF, 0xFF,
    0xFF, 0xFF, 0x3D, 0x00, 0x00, 0x10, 0xD8, 0xFF, 0xFF, 0x8D, 0x01, 0x00,
    0x00, 0x00, 0x00, 0x42, 0x24, 0x00, 0x00, 0x00, 0x00, 0x00, 0x01, 0x00,
    0x00, 0x01, 0x00, 0x00, 0x00, 0xA1, 0xAE, 0x01, 0x80, 0xCE, 0x03, 0x00,
    0x00, 0xF7, 0xFF, 0x07, 0xF3, 0xFF, 0x0B, 0x00, 0x00, 0xF5, 0xFF, 0x06,
    0xF3, 0xFF, 0x09, 0x00, 0x00, 0x70, 0x7B, 0x00, 0x50, 0x9B, 0x01, 0x00,
    0x00, 0x00, 0x00, 0x00, 0x00, 0x00, 0x00, 0x00, 0x00, 0x00, 0x10, 0x43,
    0x23, 0x00, 0x00, 0x00, 0x00, 0x10, 0xD8, 0xFF, 0xEF, 0x4B, 0x00, 0x00,
    0x00, 0xD3, 0xFF, 0xFF, 0xFF, 0xFF, 0x08, 0x00, 0x20, 0xFE, 0xFF, 0xBE,
    0xFC, 0xFF, 0x7F, 0x00, 0xA0, 0xFF, 0x8F, 0x01, 0x30, 0xFC, 0xFF, 0x02,
    0xF3, 0xFF, 0x0A, 0x00, 0x00, 0xF3, 0xFF, 0x08, 0xF7, 0xFF, 0x02, 0x00,
    0x00, 0xA0, 0xFF, 0x0C, 0xFA, 0xFF, 0x78, 0x77, 0x87, 0xC8, 0xFF, 0x0D,
    0xFB, 0xFF, 0xFF, 0xFF, 0xFF, 0xFF, 0xFF, 0x1E, 0xFB, 0xFF, 0xEE, 0xEE,
    0xEE, 0xEE, 0xEE, 0x1D, 0xFA, 0xEF, 0x12, 0x11, 0x11, 0x11, 0x11, 0x01,
    0xF7, 0xFF, 0x03, 0x00, 0x00, 0x00, 0x00, 0x00, 0xF3, 0xFF, 0x0A, 0x00,
    0x00, 0x80, 0x58, 0x02, 0xB0, 0xFF, 0x9F, 0x01, 0x10, 0xF8, 0xFF, 0x08,
    0x20, 0xFE, 0xFF, 0xBE, 0xEB, 0xFF, 0xDF, 0x01, 0x00, 0xD4, 0xFF, 0xFF,
    0xFF, 0xFF, 0x3D, 0x00, 0x00, 0x10, 0xD8, 0xFF, 0xFF, 0x8D, 0x01, 0x00,
    0x00, 0x00, 0x00, 0x42, 0x24, 0x00, 0x00, 0x00, 0x10, 0x11, 0x00, 0x10,
    0xED, 0x7E, 0x00, 0x50, 0xFF, 0x1E, 0x00, 0x90, 0xFF, 0x07, 0x00, 0xD1,
    0xEF, 0x01, 0x00, 0x42, 0x14, 0x00, 0x00, 0x00, 0x00, 0x10, 0xBB, 0x8B,
    0x00, 0xF1, 0xFF, 0x0C, 0x10, 0xFE, 0xBF, 0x00, 0xE1, 0xFF, 0x0B, 0x10,
    0xFE, 0xBF, 0x00, 0xE1, 0xFF, 0x0B, 0x10, 0xFE, 0xBF, 0x00, 0xE1, 0xFF,
    0x0B, 0x10, 0xFE, 0xBF, 0x00, 0xE1, 0xFF, 0x0B, 0x10, 0xFE, 0xBF, 0x00,
    0xE1, 0xFF, 0x0B, 0x10, 0xFE, 0xBF, 0x00, 0xE1, 0xFF, 0x0B, 0x10, 0xFE,
    0xBF, 0x00, 0xD1, 0xEE, 0x0A, 0x00, 0x11, 0x11, 0x00, 0x00, 0x11, 0x01,
    0x00, 0xEB, 0xAE, 0x00, 0xF4, 0xEF, 0x02, 0xB0, 0xFF, 0x05, 0x40, 0xFF,
    0x0A, 0x00, 0x42, 0x14, 0x00, 0x00, 0x00, 0x00, 0x10, 0xBA, 0x8B, 0x00,
    0xF1, 0xFF, 0x0C, 0x10, 0xFE, 0xBF, 0x00, 0xE1, 0xFF, 0x0B, 0x10, 0xFE,
    0xBF, 0x00, 0xE1, 0xFF, 0x0B, 0x10, 0xFE, 0xBF, 0x00, 0xE1, 0xFF, 0x0B,
    0x10, 0xFE, 0xBF, 0x00, 0xE1, 0xFF, 0x0B, 0x10, 0xFE, 0xBF, 0x00, 0xE1,
    0xFF, 0x0B, 0x10, 0xFE, 0xBF, 0x00, 0xE1, 0xFF, 0x0B, 0x10, 0xFE, 0xBF,
    0x00, 0xD1, 0xEE, 0x0A, 0x00, 0x11, 0x11, 0x00, 0x00, 0x00, 0x22, 0x12,
    0x00, 0x00, 0x00, 0xE4, 0xFF, 0x2C, 0x00, 0x00, 0xE4, 0xEF, 0xFE, 0x1C,
    0x00, 0xE4, 0xEF, 0x52, 0xFF, 0x1C, 0xD3, 0xEE, 0x04, 0x80, 0xFE, 0x1A,
    0x11, 0x01, 0x00, 0x10, 0x11, 0x00, 0x00, 0x00, 0x00, 0x00, 0x00, 0x00,
    0xA1, 0xBB, 0x08, 0x00, 0x00, 0x10, 0xFF, 0xCF, 0x00, 0x00, 0x00, 0xE1,
    0xFF, 0x0B, 0x00, 0x00, 0x10, 0xFE, 0xBF, 0x00, 0x00, 0x00, 0xE1, 0xFF,
    0x0B, 0x00, 0x00, 0x10, 0xFE, 0xBF, 0x00, 0x00, 0x00, 0xE1, 0xFF, 0x0B,
    0x00, 0x00, 0x10, 0xFE, 0xBF, 0x00, 0x00, 0x00, 0xE1, 0xFF, 0x0B, 0x00,
    0x00, 0x10, 0xFE, 0xBF, 0x00, 0x00, 0x00, 0xE1, 0xFF, 0x0B, 0x00, 0x00,
    0x10, 0xFE, 0xBF, 0x00, 0x00, 0x00, 0xE1, 0xFF, 0x0B, 0x00, 0x00, 0x10,
    0xFE, 0xBF, 0x00, 0x00, 0x00, 0xE1, 0xFF, 0x0B, 0x00, 0x00, 0x10, 0xED,
    0xAE, 0x00, 0x00, 0x00, 0x10, 0x11, 0x01, 0x00, 0x00, 0x01, 0x00, 0x00,
    0x00, 0x00, 0x80, 0xCE, 0x03, 0x50, 0xDD, 0x05, 0xF3, 0xFF, 0x0B, 0xE1,
    0xFF, 0x1E, 0xF3, 0xFF, 0x09, 0xD0, 0xFF, 0x0D, 0x50, 0x9B, 0x01, 0x30,
    0xAA, 0x03, 0x00, 0x00, 0x00, 0x00, 0x00, 0x00, 0x00, 0x00, 0x00, 0x00,
    0x00, 0x00, 0x00, 0x10, 0xBA, 0x8B, 0x00, 0x00, 0x00, 0x10, 0xFF, 0xCF,
    0x00, 0x00, 0x00, 0x10, 0xFE, 0xBF, 0x00, 0x00, 0x00, 0x10, 0xFE, 0xBF,
    0x00, 0x00, 0x00, 0x10, 0xFE, 0xBF, 0x00, 0x00, 0x00, 0x10, 0xFE, 0xBF,
    0x00, 0x00, 0x00, 0x10, 0xFE, 0xBF, 0x00, 0x00, 0x00, 0x10, 0xFE, 0xBF,
    0x00, 0x00, 0x00, 0x10, 0xFE, 0xBF, 0x00, 0x00, 0x00, 0x10, 0xFE, 0xBF,
    0x00, 0x00, 0x00, 0x10, 0xFE, 0xBF, 0x00, 0x00, 0x00, 0x10, 0xFE, 0xBF,
    0x00, 0x00, 0x00, 0x10, 0xFE, 0xBF, 0x00, 0x00, 0x00, 0x10, 0xFE, 0xBF,
    0x00, 0x00, 0x00, 0x10, 0xFE, 0xBF, 0x00, 0x00, 0x00, 0x10, 0xED, 0xAE,
    0x00, 0x00, 0x00, 0x00, 0x11, 0x11, 0x00, 0x00, 0x00, 0x20, 0x02, 0x00,
    0x00, 0x00, 0x00, 0x00, 0x00, 0xA0, 0x9E, 0x02, 0x00, 0x71, 0x03, 0x00,
    0x00, 0xD0, 0xFF, 0x8E, 0x72, 0xFE, 0x07, 0x00, 0x00, 0x20, 0xE8, 0xFF,
    0xFF, 0x9E, 0x02, 0x00, 0x00, 0x00, 0xA0, 0xFF, 0xFF, 0x06, 0x00, 0x00,
    0x00, 0x71, 0xFE, 0xCE, 0xFF, 0x4E, 0x00, 0x00, 0x00, 0xF1, 0x8F, 0x02,
    0xF9, 0xEF, 0x02, 0x00, 0x00, 0x60, 0x01, 0x00, 0xA0, 0xFF, 0x0C, 0x00,
    0x00, 0x00, 0xA5, 0xAB, 0x16, 0xFD, 0x6F, 0x00, 0x00, 0xC3, 0xFF, 0xFF,
    0xCF, 0xF7, 0xDF, 0x00, 0x20, 0xFE, 0xFF, 0xBD, 0xFC, 0xEE, 0xFF, 0x04,
    0xB0, 0xFF, 0x6F, 0x00, 0x40, 0xFE, 0xFF, 0x09, 0xF3, 0xFF, 0x07, 0x00,
    0x00, 0xF4, 0xFF, 0x0C, 0xF7, 0xEF, 0x01, 0x00, 0x00, 0xC0, 0xFF, 0x0D,
    0xFA, 0xCF, 0x00, 0x00, 0x00, 0x90, 0xFF, 0x1E, 0xFB, 0xBF, 0x00, 0x00,
    0x00, 0x80, 0xFF, 0x1E, 0xFB, 0xCF, 0x00, 0x00, 0x00, 0x80, 0xFF, 0x0D,
    0xF9, 0xEF, 0x01, 0x00, 0x00, 0xB0, 0xFF, 0x0B, 0xF5, 0xFF, 0x07, 0x00,
    0x00, 0xF4, 0xFF, 0x07, 0xD0, 0xFF, 0x6F, 0x00, 0x40, 0xFD, 0xEF, 0x01,
    0x40, 0xFF, 0xFF, 0xBD, 0xFC, 0xFF, 0x6F, 0x00, 0x00, 0xF6, 0xFF, 0xFF,
    0xFF, 0xFF, 0x07, 0x00, 0x00, 0x30, 0xEA, 0xFF, 0xEF, 0x4B, 0x00, 0x00,
    0x00, 0x00, 0x10, 0x43, 0x13, 0x00, 0x00, 0x00, 0x00, 0x00, 0xB5, 0x5B,
    0x00, 0xB8, 0x04, 0x00, 0x00, 0xF4, 0xFF, 0xBF, 0xE7, 0x5F, 0x00, 0x00,
    0xA0, 0xDF, 0xD7, 0xFF, 0xCF, 0x01, 0x00, 0x00, 0xA7, 0x05, 0x71, 0x9B,
    0x02, 0x00, 0x00, 0x00, 0x00, 0x00, 0x00, 0x00, 0x00, 0x00, 0x11, 0x11,
    0x00, 0x10, 0x01, 0x00, 0x00, 0xD1, 0xEE, 0x08, 0xA3, 0xED, 0x9D, 0x03,
    0x10, 0xFE, 0x8F, 0xF4, 0xFF, 0xFF, 0xEF, 0x04, 0xE1, 0xFF, 0xEA, 0xEF,
    0xFE, 0xFF, 0xEF, 0x11, 0xFE, 0xFF, 0x5E, 0x11, 0xE6, 0xFF, 0x6F, 0xE1,
    0xFF, 0x4F, 0x00, 0x00, 0xF6, 0xFF, 0x1A, 0xFE, 0xDF, 0x00, 0x00, 0x20,
    0xFF, 0xBF, 0xE1, 0xFF, 0x0B, 0x00, 0x00, 0xE1, 0xFF, 0x1B, 0xFE, 0xBF,
    0x00, 0x00, 0x10, 0xFE, 0xBF, 0xE1, 0xFF, 0x0B, 0x00, 0x00, 0xE1, 0xFF,
    0x1B, 0xFE, 0xBF, 0x00, 0x00, 0x10, 0xFE, 0xBF, 0xE1, 0xFF, 0x0B, 0x00,
    0x00, 0xE1, 0xFF, 0x1B, 0xFE, 0xBF, 0x00, 0x00, 0x10, 0xFE, 0xBF, 0xE1,
    0xFF, 0x0B, 0x00, 0x00, 0xE1, 0xFF, 0x1B, 0xFE, 0xBF, 0x00, 0x00, 0x10,
    0xFE, 0xBF, 0xE1, 0xFF, 0x0B, 0x00, 0x00, 0xE1, 0xFF, 0x1C, 0xDC, 0x9D,
    0x00, 0x00, 0x10, 0xDC, 0x9D, 0x00, 0x10, 0x44, 0x14, 0x00, 0x00, 0x00,
    0x00, 0x00, 0x10, 0xFD, 0x9F, 0x00, 0x00, 0x00, 0x00, 0x00, 0x00, 0xF3,
    0xEF, 0x02, 0x00, 0x00, 0x00, 0x00, 0x00, 0x80, 0xFF, 0x08, 0x00, 0x00,
    0x00, 0x00, 0x00, 0x00, 0xEB, 0x1D, 0x00, 0x00, 0x00, 0x00, 0x00, 0x00,
    0x10, 0x01, 0x00, 0x00, 0x00, 0x00, 0x00, 0x00, 0x10, 0x01, 0x00, 0x00,
    0x00, 0x00, 0x00, 0xA5, 0xED, 0xCE, 0x39, 0x00, 0x00, 0x00, 0xB1, 0xFF,
    0xFF, 0xFF, 0xFF, 0x08, 0x00, 0x10, 0xFC, 0xFF, 0xEF, 0xFE, 0xFF, 0x9F,
    0x00, 0x90, 0xFF, 0xCF, 0x14, 0x62, 0xFE, 0xFF, 0x05, 0xF2, 0xFF, 0x1D,
    0x00, 0x00, 0xF4, 0xFF, 0x0C, 0xF6, 0xFF, 0x06, 0x00, 0x00, 0xA0, 0xFF,
    0x3F, 0xF9, 0xFF, 0x03, 0x00, 0x00, 0x60, 0xFF, 0x5F, 0xFB, 0xEF, 0x01,
    0x00, 0x00, 0x40, 0xFF, 0x7F, 0xFB, 0xEF, 0x01, 0x00, 0x00, 0x40, 0xFF,
    0x7F, 0xFA, 0xFF, 0x02, 0x00, 0x00, 0x50, 0xFF, 0x6F, 0xF7, 0xFF, 0x05,
    0x00, 0x00, 0x90, 0xFF, 0x4F, 0xF3, 0xFF, 0x0C, 0x00, 0x00, 0xE2, 0xFF,
    0x1D, 0xB0, 0xFF, 0x9F, 0x01, 0x30, 0xFC, 0xFF, 0x07, 0x20, 0xFE, 0xFF,
    0xBE, 0xFC, 0xFF, 0xCF, 0x01, 0x00, 0xD4, 0xFF, 0xFF, 0xFF, 0xFF, 0x1B,
    0x00, 0x00, 0x20, 0xD8, 0xFF, 0xFF, 0x7C, 0x00, 0x00, 0x00, 0x00, 0x10,
    0x43, 0x24, 0x00, 0x00, 0x00, 0x00, 0x00, 0x00, 0x00, 0x42, 0x44, 0x00,
    0x00, 0x00, 0x00, 0x00, 0x10, 0xFD, 0x9F, 0x00, 0x00, 0x00, 0x00, 0x00,
    0x60, 0xFF, 0x0C, 0x00, 0x00, 0x00, 0x00, 0x00, 0xD0, 0xFF, 0x03, 0x00,
    0x00, 0x00, 0x00, 0x00, 0xE5, 0x7E, 0x00, 0x00, 0x00, 0x00, 0x00, 0x00,
    0x11, 0x01, 0x00, 0x00, 0x00, 0x00, 0x00, 0x00, 0x10, 0x01, 0x00, 0x00,
    0x00, 0x00, 0x00, 0xA5, 0xED, 0xCE, 0x39, 0x00, 0x00, 0x00, 0xB1, 0xFF,
    0xFF, 0xFF, 0xFF, 0x08, 0x00, 0x10, 0xFC, 0xFF, 0xEF, 0xFE, 0xFF, 0x9F,
    0x00, 0x90, 0xFF, 0xCF, 0x14, 0x62, 0xFE, 0xFF, 0x05, 0xF2, 0xFF, 0x1D,
    0x00, 0x00, 0xF4, 0xFF, 0x0C, 0xF6, 0xFF, 0x06, 0x00, 0x00, 0xA0, 0xFF,
    0x3F, 0xF9, 0xFF, 0x03, 0x00, 0x00, 0x60, 0xFF, 0x5F, 0xFB, 0xEF, 0x01,
    0x00, 0x00, 0x40, 0xFF, 0x7F, 0xFB, 0xEF, 0x01, 0x00, 0x00, 0x40, 0xFF,
    0x7F, 0xFA, 0xFF, 0x02, 0x00, 0x00, 0x50, 0xFF, 0x6F, 0xF7, 0xFF, 0x05,
    0x00, 0x00, 0x90, 0xFF, 0x4F, 0xF3, 0xFF, 0x0C, 0x00, 0x00, 0xE2, 0xFF,
    0x1D, 0xB0, 0xFF, 0x9F, 0x01, 0x30, 0xFC, 0xFF, 0x07, 0x20, 0xFE, 0xFF,
    0xBE, 0xFC, 0xFF, 0xCF, 0x01, 0x00, 0xD4, 0xFF, 0xFF, 0xFF, 0xFF, 0x1B,
    0x00, 0x00, 0x20, 0xD8, 0xFF, 0xFF, 0x7C, 0x00, 0x00, 0x00, 0x00, 0x10,
    0x43, 0x24, 0x00, 0x00, 0x00, 0x00, 0x00, 0x00, 0x43, 0x24, 0x00, 0x00,
    0x00, 0x00, 0x00, 0x60, 0xFF, 0xEF, 0x02, 0x00, 0x00, 0x00, 0x00, 0xF5,
    0xCF, 0xFE, 0x2D, 0x00, 0x00, 0x00, 0x60, 0xFF, 0x1D, 0xF4, 0xDF, 0x02,
    0x00, 0x00, 0xD3, 0xCD, 0x03, 0x60, 0xDD, 0x1A, 0x00, 0x00, 0x01, 0x00,
    0x00, 0x00, 0x00, 0x01, 0x00, 0x00, 0x00, 0x00, 0x10, 0x01, 0x00, 0x00,
    0x00, 0x00, 0x00, 0xA5, 0xED, 0xCE, 0x39, 0x00, 0x00, 0x00, 0xB1, 0xFF,
    0xFF, 0xFF, 0xFF, 0x08, 0x00, 0x10, 0xFC, 0xFF, 0xEF, 0xFE, 0xFF, 0x9F,
    0x00, 0x90, 0xFF, 0xCF, 0x14, 0x62, 0xFE, 0xFF, 0x05, 0xF2, 0xFF, 0x1D,
    0x00, 0x00, 0xF4, 0xFF, 0x0C, 0xF6, 0xFF, 0x06, 0x00, 0x00, 0xA0, 0xFF,
    0x3F, 0xF9, 0xFF, 0x03, 0x00, 0x00, 0x60, 0xFF, 0x5F, 0xFB, 0xEF, 0x01,
    0x00, 0x00, 0x40, 0xFF, 0x7F, 0xFB, 0xEF, 0x01, 0x00, 0x00, 0x40, 0xFF,
    0x7F, 0xFA, 0xFF, 0x02, 0x00, 0x00, 0x50, 0xFF, 0x6F, 0xF7, 0xFF, 0x05,
    0x00, 0x00, 0x90, 0xFF, 0x4F, 0xF3, 0xFF, 0x0C, 0x00, 0x00, 0xE2, 0xFF,
    0x1D, 0xB0, 0xFF, 0x9F, 0x01, 0x30, 0xFC, 0xFF, 0x07, 0x20, 0xFE, 0xFF,
    0xBE, 0xFC, 0xFF, 0xCF, 0x01, 0x00, 0xD4, 0xFF, 0xFF, 0xFF, 0xFF, 0x1B,
    0x00, 0x00, 0x20, 0xD8, 0xFF, 0xFF, 0x7C, 0x00, 0x00, 0x00, 0x00, 0x10,
    0x43, 0x24, 0x00, 0x00, 0x00, 0x00, 0x00, 0xB7, 0x5A, 0x00, 0xB7, 0x06,
    0x00, 0x00, 0x70, 0xFF, 0xFF, 0x7B, 0xFE, 0x06, 0x00, 0x00, 0xE0, 0xBF,
    0xD7, 0xFF, 0xDF, 0x01, 0x00, 0x00, 0x91, 0x3A, 0x10, 0xB7, 0x29, 0x00,
    0x00, 0x00, 0x00, 0x00, 0x00, 0x00, 0x00, 0x00, 0x00, 0x00, 0x00, 0x00,
    0x10, 0x01, 0x00, 0x00, 0x00, 0x00, 0x00, 0xA5, 0xED, 0xCE, 0x39, 0x00,
    0x00, 0x00, 0xB1, 0xFF, 0xFF, 0xFF, 0xFF, 0x08, 0x00, 0x10, 0xFC, 0xFF,
    0xEF, 0xFE, 0xFF, 0x9F, 0x00, 0x90, 0xFF, 0xCF, 0x14, 0x62, 0xFE, 0xFF,
    0x05, 0xF2, 0xFF, 0x1D, 0x00, 0x00, 0xF4, 0xFF, 0x0C, 0xF6, 0xFF, 0x06,
    0x00, 0x00, 0xA0, 0xFF, 0x3F, 0xF9, 0xFF, 0x03, 0x00, 0x00, 0x60, 0xFF,
    0x5F, 0xFB, 0xEF, 0x01, 0x00, 0x00, 0x40, 0xFF, 0x7F, 0xFB, 0xEF, 0x01,
    0x00, 0x00, 0x40, 0xFF, 0x7F, 0xFA, 0xFF, 0x02, 0x00, 0x00, 0x50, 0xFF,
    0x6F, 0xF7, 0xFF, 0x05, 0x00, 0x00, 0x90, 0xFF, 0x4F, 0xF3, 0xFF, 0x0C,
    0x00, 0x00, 0xE2, 0xFF, 0x1D, 0xB0, 0xFF, 0x9F, 0x01, 0x30, 0xFC, 0xFF,
    0x07, 0x20, 0xFE, 0xFF, 0xBE, 0xFC, 0xFF, 0xCF, 0x01, 0x00, 0xD4, 0xFF,
    0xFF, 0xFF, 0xFF, 0x1B, 0x00, 0x00, 0x20, 0xD8, 0xFF, 0xFF, 0x7C, 0x00,
    0x00, 0x00, 0x00, 0x10, 0x43, 0x24, 0x00, 0x00, 0x00, 0x00, 0x00, 0x01,
    0x00, 0x00, 0x00, 0x00, 0x00, 0x00, 0x80, 0xCE, 0x03, 0x50, 0xDD, 0x05,
    0x00, 0x00, 0xF3, 0xFF, 0x0B, 0xE1, 0xFF, 0x1E, 0x00, 0x00, 0xF2, 0xFF,
    0x09, 0xD0, 0xFF, 0x0D, 0x00, 0x00, 0x50, 0x9B, 0x01, 0x30, 0xAA, 0x03,
    0x00, 0x00, 0x00, 0x00, 0x00, 0x00, 0x00, 0x00, 0x00, 0x00, 0x00, 0x00,
    0x10, 0x01, 0x00, 0x00, 0x00, 0x00, 0x00, 0xA5, 0xED, 0xCE, 0x39, 0x00,
    0x00, 0x00, 0xB1, 0xFF, 0xFF, 0xFF, 0xFF, 0x08, 0x00, 0x10, 0xFC, 0xFF,
    0xEF, 0xFE, 0xFF, 0x9F, 0x00, 0x90, 0xFF, 0xCF, 0x14, 0x62, 0xFE, 0xFF,
    0x05, 0xF2, 0xFF, 0x1D, 0x00, 0x00, 0xF4, 0xFF, 0x0C, 0xF6, 0xFF, 0x06,
    0x00, 0x00, 0xA0, 0xFF, 0x3F, 0xF9, 0xFF, 0x03, 0x00, 0x00, 0x60, 0xFF,
    0x5F, 0xFB, 0xEF, 0x01, 0x00, 0x00, 0x40, 0xFF, 0x7F, 0xFB, 0xEF, 0x01,
    0x00, 0x00, 0x40, 0xFF, 0x7F, 0xFA, 0xFF, 0x02, 0x00, 0x00, 0x50, 0xFF,
    0x6F, 0xF7, 0xFF, 0x05, 0x00, 0x00, 0x90, 0xFF, 0x4F, 0xF3, 0xFF, 0x0C,
    0x00, 0x00, 0xE2, 0xFF, 0x1D, 0xB0, 0xFF, 0x9F, 0x01, 0x30, 0xFC, 0xFF,
    0x07, 0x20, 0xFE, 0xFF, 0xBE, 0xFC, 0xFF, 0xCF, 0x01, 0x00, 0xD4, 0xFF,
    0xFF, 0xFF, 0xFF, 0x1B, 0x00, 0x00, 0x20, 0xD8, 0xFF, 0xFF, 0x7C, 0x00,
    0x00, 0x00, 0x00, 0x10, 0x43, 0x24, 0x00, 0x00, 0x00, 0x00, 0x00, 0x00,
    0x40, 0x02, 0x00, 0x00, 0x00, 0x00, 0x00, 0xC1, 0xFF, 0x06, 0x00, 0x00,
    0x00, 0x00, 0x70, 0xFF, 0xEF, 0x01, 0x00, 0x00, 0x00, 0x00, 0xF7, 0xFF,
    0x1E, 0x00, 0x00, 0x00, 0x00, 0x10, 0xFC, 0x6F, 0x00, 0x00, 0x00, 0x00,
    0x00, 0x00, 0x24, 0x00, 0x00, 0x00, 0x00, 0x00, 0x00, 0x00, 0x00, 0x00,
    0x00, 0x30, 0xBB, 0xBB, 0xBB, 0xBB, 0xBB, 0xBB, 0x8B, 0xF4, 0xFF, 0xFF,
    0xFF, 0xFF, 0xFF, 0xFF, 0x4C, 0xFF, 0xFF, 0xFF, 0xFF, 0xFF, 0xFF, 0xBF,
    0x41, 0x44, 0x44, 0x34, 0x44, 0x44, 0x44, 0x03, 0x00, 0x00, 0x00, 0x00,
    0x00, 0x00, 0x00, 0x00, 0x00, 0x00, 0xE9, 0x4C, 0x00, 0x00, 0x00, 0x00,
    0x00, 0xF5, 0xFF, 0x0D, 0x00, 0x00, 0x00, 0x00, 0x70, 0xEF, 0xEF, 0x01,
    0x00, 0x00, 0x00, 0x00, 0xE2, 0xFF, 0x08, 0x00, 0x00, 0x00, 0x00, 0x00,
    0x72, 0x05, 0x00, 0x00, 0x00, 0x00, 0x00, 0x00, 0x10, 0x01, 0x00, 0x10,
    0x02, 0x00, 0x00, 0xA5, 0xED, 0xCE, 0x39, 0xB0, 0x3F, 0x00, 0xB1, 0xFF,
    0xFF, 0xFF, 0xFF, 0xFC, 0x2D, 0x10, 0xFC, 0xFF, 0xEF, 0xFE, 0xFF, 0xEF,
    0x03, 0x90, 0xFF, 0xCF, 0x14, 0x52, 0xFE, 0xFF, 0x05, 0xF2, 0xFF, 0x1D,
    0x00, 0x30, 0xFE, 0xFF, 0x0C, 0xF6, 0xFF, 0x06, 0x01, 0xE3, 0xEF, 0xFF,
    0x3F, 0xF9, 0xFF, 0x03, 0x20, 0xFD, 0x68, 0xFF, 0x5F, 0xFB, 0xEF, 0x01,
    0xC1, 0xBF, 0x40, 0xFF, 0x7F, 0xFB, 0xEF, 0x01, 0xFB, 0x1C, 0x40, 0xFF,
    0x7F, 0xFA, 0xFF, 0x91, 0xDF, 0x02, 0x50, 0xFF, 0x6F, 0xF7, 0xFF, 0xFC,
    0x3E, 0x10, 0x90, 0xFF, 0x4F, 0xF3, 0xFF, 0xEF, 0x04, 0x00, 0xE2, 0xFF,
    0x1D, 0xB0, 0xFF, 0xBF, 0x01, 0x30, 0xFC, 0xFF, 0x07, 0x50, 0xFF, 0xFF,
    0xBE, 0xFC, 0xFF, 0xCF, 0x01, 0xD3, 0xFF, 0xFF, 0xFF, 0xFF, 0xFF, 0x1B,
    0x00, 0xF7, 0x2B, 0xD8, 0xFF, 0xFF, 0x7C, 0x00, 0x00, 0x50, 0x01, 0x10,
    0x43, 0x24, 0x00, 0x00, 0x00, 0x00, 0x00, 0x11, 0x01, 0x00, 0x00, 0x00,
    0x00, 0x00, 0x10, 0xEB, 0x9E, 0x00, 0x00, 0x00, 0x00, 0x00, 0x00, 0xF3,
    0xFF, 0x02, 0x00, 0x00, 0x00, 0x00, 0x00, 0x70, 0xFF, 0x09, 0x00, 0x00,
    0x00, 0x00, 0x00, 0x00, 0xFC, 0x2F, 0x00, 0x00, 0x00, 0x00, 0x00, 0x00,
    0x41, 0x14, 0x00, 0x00, 0x00, 0x00, 0x00, 0x00, 0x00, 0x00, 0x00, 0x00,
    0x00, 0xA1, 0xBB, 0x08, 0x00, 0x00, 0x80, 0xBB, 0x1A, 0xF1, 0xFF, 0x0C,
    0x00, 0x00, 0xC0, 0xFF, 0x1F, 0xE1, 0xFF, 0x0B, 0x00, 0x00, 0xB0, 0xFF,
    0x1E, 0xE1, 0xFF, 0x0B, 0x00, 0x00, 0xB0, 0xFF, 0x1E, 0xE1, 0xFF, 0x0B,
    0x00, 0x00, 0xB0, 0xFF, 0x1E, 0xE1, 0xFF, 0x0B, 0x00, 0x00, 0xB0, 0xFF,
    0x1E, 0xE1, 0xFF, 0x0B, 0x00, 0x00, 0xB0, 0xFF, 0x1E, 0xE1, 0xFF, 0x0B,
    0x00, 0x00, 0xB0, 0xFF, 0x1E, 0xE1, 0xFF, 0x0B, 0x00, 0x00, 0xB0, 0xFF,
    0x1E, 0xE1, 0xFF, 0x0B, 0x00, 0x00, 0xB0, 0xFF, 0x1E, 0xE1, 0xFF, 0x0C,
    0x00, 0x00, 0xC0, 0xFF, 0x1E, 0xD0, 0xFF, 0x1E, 0x00, 0x00, 0xF3, 0xFF,
    0x1E, 0xB0, 0xFF, 0xBF, 0x01, 0x30, 0xFC, 0xFF, 0x1E, 0x50, 0xFF, 0xFF,
    0xBE, 0xFB, 0xAE, 0xFF, 0x1E, 0x00, 0xF9, 0xFF, 0xFF, 0xFF, 0x85, 0xFF,
    0x1E, 0x00, 0x70, 0xFD, 0xFF, 0x5C, 0x80, 0xEE, 0x1D, 0x00, 0x00, 0x31,
    0x34, 0x00, 0x10, 0x11, 0x01, 0x00, 0x00, 0x00, 0x00, 0x10, 0x11, 0x00,
    0x00, 0x00, 0x00, 0x00, 0x00, 0xE9, 0xBE, 0x00, 0x00, 0x00, 0x00, 0x00,
    0x20, 0xFF, 0x3F, 0x00, 0x00, 0x00, 0x00, 0x00, 0x90, 0xFF, 0x07, 0x00,
    0x00, 0x00, 0x00, 0x00, 0xF2, 0xBF, 0x00, 0x00, 0x00, 0x00, 0x00, 0x00,
    0x41, 0x14, 0x00, 0x00, 0x00, 0x00, 0x00, 0x00, 0x00, 0x00, 0x00, 0x00,
    0x00, 0xA1, 0xBB, 0x08, 0x00, 0x00, 0x80, 0xBB, 0x1A, 0xF1, 0xFF, 0x0C,
    0x00, 0x00, 0xC0, 0xFF, 0x1F, 0xE1, 0xFF, 0x0B, 0x00, 0x00, 0xB0, 0xFF,
    0x1E, 0xE1, 0xFF, 0x0B, 0x00, 0x00, 0xB0, 0xFF, 0x1E, 0xE1, 0xFF, 0x0B,
    0x00, 0x00, 0xB0, 0xFF, 0x1E, 0xE1, 0xFF, 0x0B, 0x00, 0x00, 0xB0, 0xFF,
    0x1E, 0xE1, 0xFF, 0x0B, 0x00, 0x00, 0xB0, 0xFF, 0x1E, 0xE1, 0xFF, 0x0B,
    0x00, 0x00, 0xB0, 0xFF, 0x1E, 0xE1, 0xFF, 0x0B, 0x00, 0x00, 0xB0, 0xFF,
    0x1E, 0xE1, 0xFF, 0x0B, 0x00, 0x00, 0xB0, 0xFF, 0x1E, 0xE1, 0xFF, 0x0C,
    0x00, 0x00, 0xC0, 0xFF, 0x1E, 0xD0, 0xFF, 0x1E, 0x00, 0x00, 0xF3, 0xFF,
    0x1E, 0xB0, 0xFF, 0xBF, 0x01, 0x30, 0xFC, 0xFF, 0x1E, 0x50, 0xFF, 0xFF,
    0xBE, 0xFB, 0xAE, 0xFF, 0x1E, 0x00, 0xF9, 0xFF, 0xFF, 0xFF, 0x85, 0xFF,
    0x1E, 0x00, 0x70, 0xFD, 0xFF, 0x5C, 0x80, 0xEE, 0x1D, 0x00, 0x00, 0x31,
    0x34, 0x00, 0x10, 0x11, 0x01, 0x00, 0x00, 0x00, 0x21, 0x12, 0x00, 0x00,
    0x00, 0x00, 0x00, 0x30, 0xFD, 0xDF, 0x03, 0x00, 0x00, 0x00, 0x00, 0xE2,
    0xEF, 0xFE, 0x2D, 0x00, 0x00, 0x00, 0x20, 0xFE, 0x4F, 0xF4, 0xDF, 0x02,
    0x00, 0x00, 0xC2, 0xEE, 0x06, 0x60, 0xEE, 0x1B, 0x00, 0x00, 0x11, 0x11,
    0x00, 0x00, 0x11, 0x12, 0x00, 0x00, 0x00, 0x00, 0x00, 0x00, 0x00, 0x00,
    0x00, 0xA1, 0xBB, 0x08, 0x00, 0x00, 0x80, 0xBB, 0x1A, 0xF1, 0xFF, 0x0C,
    0x00, 0x00, 0xC0, 0xFF, 0x1F, 0xE1, 0xFF, 0x0B, 0x00, 0x00, 0xB0, 0xFF,
    0x1E, 0xE1, 0xFF, 0x0B, 0x00, 0x00, 0xB0, 0xFF, 0x1E, 0xE1, 0xFF, 0x0B,
    0x00, 0x00, 0xB0, 0xFF, 0x1E, 0xE1, 0xFF, 0x0B, 0x00, 0x00, 0xB0, 0xFF,
    0x1E, 0xE1, 0xFF, 0x0B, 0x00, 0x00, 0xB0, 0xFF, 0x1E, 0xE1, 0xFF, 0x0B,
    0x00, 0x00, 0xB0, 0xFF, 0x1E, 0xE1, 0xFF, 0x0B, 0x00, 0x00, 0xB0, 0xFF,
    0x1E, 0xE1, 0xFF, 0x0B, 0x00, 0x00, 0xB0, 0xFF, 0x1E, 0xE1, 0xFF, 0x0C,
    0x00, 0x00, 0xC0, 0xFF, 0x1E, 0xD0, 0xFF, 0x1E, 0x00, 0x00, 0xF3, 0xFF,
    0x1E, 0xB0, 0xFF, 0xBF, 0x01, 0x30, 0xFC, 0xFF, 0x1E, 0x50, 0xFF, 0xFF,
    0xBE, 0xFB, 0xAE, 0xFF, 0x1E, 0x00, 0xF9, 0xFF, 0xFF, 0xFF, 0x85, 0xFF,
    0x1E, 0x00, 0x70, 0xFD, 0xFF, 0x5C, 0x80, 0xEE, 0x1D, 0x00, 0x00, 0x31,
    0x34, 0x00, 0x10, 0x11, 0x01, 0x00, 0x50, 0x9B, 0x01, 0x30, 0xAA, 0x03,
    0x00, 0x00, 0xF2, 0xFF, 0x09, 0xD0, 0xFF, 0x0D, 0x00, 0x00, 0xF3, 0xFF,
    0x0B, 0xE1, 0xFF, 0x1E, 0x00, 0x00, 0x80, 0xCE, 0x03, 0x50, 0xDD, 0x05,
    0x00, 0x00, 0x00, 0x01, 0x00, 0x00, 0x10, 0x00, 0x00, 0x00, 0x00, 0x00,
    0x00, 0x00, 0x00, 0x00, 0x00, 0xA1, 0xBB, 0x08, 0x00, 0x00, 0x80, 0xBB,
    0x1A, 0xF1, 0xFF, 0x0C, 0x00, 0x00, 0xC0, 0xFF, 0x1F, 0xE1, 0xFF, 0x0B,
    0x00, 0x00, 0xB0, 0xFF, 0x1E, 0xE1, 0xFF, 0x0B, 0x00, 0x00, 0xB0, 0xFF,
    0x1E, 0xE1, 0xFF, 0x0B, 0x00, 0x00, 0xB0, 0xFF, 0x1E, 0xE1, 0xFF, 0x0B,
    0x00, 0x00, 0xB0, 0xFF, 0x1E, 0xE1, 0xFF, 0x0B, 0x00, 0x00, 0xB0, 0xFF,
    0x1E, 0xE1, 0xFF, 0x0B, 0x00, 0x00, 0xB0, 0xFF, 0x1E, 0xE1, 0xFF, 0x0B,
    0x00, 0x00, 0xB0, 0xFF, 0x1E, 0xE1, 0xFF, 0x0B, 0x00, 0x00, 0xB0, 0xFF,
    0x1E, 0xE1, 0xFF, 0x0C, 0x00, 0x00, 0xC0, 0xFF, 0x1E, 0xD0, 0xFF, 0x1E,
    0x00, 0x00, 0xF3, 0xFF, 0x1E, 0xB0, 0xFF, 0xBF, 0x01, 0x30, 0xFC, 0xFF,
    0x1E, 0x50, 0xFF, 0xFF, 0xBE, 0xFB, 0xAE, 0xFF, 0x1E, 0x00, 0xF9, 0xFF,
    0xFF, 0xFF, 0x85, 0xFF, 0x1E, 0x00, 0x70, 0xFD, 0xFF, 0x5C, 0x80, 0xEE,
    0x1D, 0x00, 0x00, 0x31, 0x34, 0x00, 0x10, 0x11, 0x01, 0x00, 0x00, 0x00,
    0x00, 0x30, 0x44, 0x03, 0x00, 0x00, 0x00, 0x00, 0x00, 0x30, 0xFF, 0x4F,
    0x00, 0x00, 0x00, 0x00, 0x00, 0x00, 0xFA, 0x8F, 0x00, 0x00, 0x00, 0x00,
    0x00, 0x00, 0xF3, 0xCF, 0x00, 0x00, 0x00, 0x00, 0x00, 0x00, 0x80, 0xEE,
    0x03, 0x00, 0x00, 0x00, 0x00, 0x00, 0x00, 0x11, 0x01, 0x00, 0x00, 0x00,
    0x00, 0x00, 0x00, 0x00, 0x00, 0x00, 0x00, 0x00, 0x40, 0xBB, 0x7B, 0x00,
    0x00, 0x00, 0x60, 0xBB, 0x4B, 0xF1, 0xFF, 0x0D, 0x00, 0x00, 0x00, 0xFC,
    0xFF, 0x02, 0xF9, 0xFE, 0x04, 0x00, 0x00, 0xF3, 0xFF, 0x0A, 0x30, 0xFF,
    0x9F, 0x00, 0x00, 0x80, 0xFF, 0x4F, 0x00, 0xC0, 0xFF, 0x1D, 0x00, 0x00,
    0xFD, 0xDF, 0x00, 0x00, 0xF7, 0xFF, 0x04, 0x00, 0xF3, 0xFF, 0x08, 0x00,
    0x20, 0xFF, 0x9F, 0x00, 0x80, 0xFF, 0x2F, 0x00, 0x00, 0xB0, 0xFF, 0x1D,
    0x00, 0xFD, 0xBF, 0x00, 0x00, 0x00, 0xF5, 0xFF, 0x04, 0xF4, 0xFF, 0x05,
    0x00, 0x00, 0x10, 0xFD, 0x9F, 0x90, 0xFF, 0x1E, 0x00, 0x00, 0x00, 0x90,
    0xFF, 0x1D, 0xFD, 0x9F, 0x00, 0x00, 0x00, 0x00, 0xF3, 0xEF, 0xF5, 0xFF,
    0x03, 0x00, 0x00, 0x00, 0x00, 0xFC, 0xCF, 0xFF, 0x0C, 0x00, 0x00, 0x00,
    0x00, 0x70, 0xFF, 0xFF, 0x7F, 0x00, 0x00, 0x00, 0x00, 0x00, 0xE2, 0xFF,
    0xEF, 0x02, 0x00, 0x00, 0x00, 0x00, 0x00, 0xFA, 0xFF, 0x0A, 0x00, 0x00,
    0x00, 0x00, 0x00, 0x80, 0xFF, 0x5F, 0x00, 0x00, 0x00, 0x00, 0x00, 0x00,
    0xFC, 0xDF, 0x01, 0x00, 0x00, 0x00, 0x10, 0x12, 0xF7, 0xFF, 0x08, 0x00,
    0x00, 0x00, 0x00, 0xE8, 0xFE, 0xFF, 0x1E, 0x00, 0x00, 0x00, 0x00, 0xD0,
    0xFF, 0xFF, 0x4E, 0x00, 0x00, 0x00, 0x00, 0x20, 0xDC, 0xCE, 0x29, 0x00,
    0x00, 0x00, 0x00, 0x00, 0x00, 0x11, 0x00, 0x00, 0x00, 0x00, 0x00, 0x00,
    0x10, 0x11, 0x01, 0x00, 0x00, 0x00, 0x00, 0x00, 0x10, 0xED, 0x9E, 0x00,
    0x00, 0x00, 0x00, 0x00, 0x00, 0xE1, 0xFF, 0x0A, 0x00, 0x00, 0x00, 0x00,
    0x00, 0x10, 0xFE, 0xAF, 0x00, 0x00, 0x00, 0x00, 0x00, 0x00, 0xE1, 0xFF,
    0x0A, 0x00, 0x00, 0x00, 0x00, 0x00, 0x10, 0xFE, 0xAF, 0x00, 0x00, 0x01,
    0x00, 0x00, 0x00, 0xE1, 0xFF, 0x0A, 0xA3, 0xED, 0x9D, 0x03, 0x00, 0x10,
    0xFE, 0x9F, 0xE4, 0xFF, 0xFF, 0xFF, 0x07, 0x00, 0xE1, 0xFF, 0xDC, 0xFF,
    0xFE, 0xFF, 0xFF, 0x06, 0x10, 0xFE, 0xFF, 0x8F, 0x12, 0xA3, 0xFF, 0xEF,
    0x01, 0xE1, 0xFF, 0x8F, 0x00, 0x00, 0xA0, 0xFF, 0x7F, 0x10, 0xFE, 0xEF,
    0x01, 0x00, 0x00, 0xF3, 0xFF, 0x0B, 0xE1, 0xFF, 0x0B, 0x00, 0x00, 0x00,
    0xFD, 0xDF, 0x10, 0xFE, 0x9F, 0x00, 0x00, 0x00, 0xB0, 0xFF, 0x1E, 0xE1,
    0xFF, 0x09, 0x00, 0x00, 0x00, 0xFB, 0xEF, 0x11, 0xFE, 0xAF, 0x00, 0x00,
    0x00, 0xC0, 0xFF, 0x0D, 0xE1, 0xFF, 0x0D, 0x00, 0x00, 0x20, 0xFF, 0xBF,
    0x10, 0xFE, 0xFF, 0x05, 0x00, 0x00, 0xF8, 0xFF, 0x08, 0xE1, 0xFF, 0xEF,
    0x05, 0x00, 0xF6, 0xFF, 0x2F, 0x10, 0xFE, 0xEF, 0xFF, 0xBC, 0xFD, 0xFF,
    0x8F, 0x00, 0xE1, 0xFF, 0x8A, 0xFF, 0xFF, 0xFF, 0xAF, 0x00, 0x10, 0xFE,
    0xBF, 0x70, 0xFD, 0xFF, 0x7D, 0x00, 0x00, 0xE1, 0xFF, 0x0B, 0x10, 0x43,
    0x03, 0x00, 0x00, 0x10, 0xFE, 0xBF, 0x00, 0x00, 0x00, 0x00, 0x00, 0x00,
    0xE1, 0xFF, 0x0B, 0x00, 0x00, 0x00, 0x00, 0x00, 0x10, 0xFE, 0xBF, 0x00,
    0x00, 0x00, 0x00, 0x00, 0x00, 0xE1, 0xFF, 0x0B, 0x00, 0x00, 0x00, 0x00,
    0x00, 0x10, 0xED, 0xAE, 0x00, 0x00, 0x00, 0x00, 0x00, 0x00, 0x10, 0x11,
    0x01, 0x00, 0x00, 0x00, 0x00, 0x00, 0x00, 0x00, 0x00, 0x10, 0x00, 0x00,
    0x10, 0x00, 0x00, 0x00, 0x00, 0xA1, 0xAE, 0x01, 0x80, 0xCE, 0x03, 0x00,
    0x00, 0x70, 0xFF, 0x7F, 0x30, 0xFF, 0xBF, 0x00, 0x00, 0x00, 0xF5, 0xFF,
    0x06, 0xF3, 0xFF, 0x09, 0x00, 0x00, 0x00, 0xB7, 0x07, 0x00, 0xB5, 0x19,
    0x00, 0x00, 0x00, 0x00, 0x00, 0x00, 0x00, 0x00, 0x00, 0x00, 0x00, 0x00,
    0x00, 0x00, 0x00, 0x00, 0x00, 0x00, 0x40, 0xBB, 0x7B, 0x00, 0x00, 0x00,
    0x40, 0xBB, 0x6B, 0xF1, 0xFF, 0x1E, 0x00, 0x00, 0x00, 0xFB, 0xFF, 0x03,
    0xF9, 0xFE, 0x04, 0x00, 0x00, 0xE2, 0xFF, 0x0B, 0x30, 0xFF, 0x9F, 0x00,
    0x00, 0x60, 0xFF, 0x6F, 0x00, 0xC0, 0xFF, 0x1D, 0x00, 0x00, 0xFB, 0xEF,
    0x01, 0x00, 0xF7, 0xFF, 0x04, 0x00, 0xF2, 0xFF, 0x09, 0x00, 0x20, 0xFE,
    0x9F, 0x00, 0x70, 0xFF, 0x4F, 0x00, 0x00, 0xA0, 0xFF, 0x1E, 0x00, 0xFC,
    0xCF, 0x00, 0x00, 0x00, 0xF5, 0xFF, 0x05, 0xF3, 0xFF, 0x07, 0x00, 0x00,
    0x10, 0xFD, 0xAF, 0x80, 0xFF, 0x2E, 0x00, 0x00, 0x00, 0x80, 0xFF, 0x1D,
    0xFC, 0xAF, 0x00, 0x00, 0x00, 0x00, 0xF3, 0xFF, 0xE5, 0xFF, 0x05, 0x00,
    0x00, 0x00, 0x00, 0xFC, 0xCF, 0xFF, 0x0D, 0x00, 0x00, 0x00, 0x00, 0x60,
    0xFF, 0xFF, 0x8F, 0x00, 0x00, 0x00, 0x00, 0x00, 0xE1, 0xFF, 0xFF, 0x02,
    0x00, 0x00, 0x00, 0x00, 0x00, 0xF9, 0xFF, 0x0B, 0x00, 0x00, 0x00, 0x00,
    0x00, 0x80, 0xFF, 0x5F, 0x00, 0x00, 0x00, 0x00, 0x00, 0x00, 0xFC, 0xEF,
    0x01, 0x00, 0x00, 0x00, 0x10, 0x12, 0xF7, 0xFF, 0x09, 0x00, 0x00, 0x00,
    0x00, 0xE8, 0xFE, 0xFF, 0x2E, 0x00, 0x00, 0x00, 0x00, 0xD0, 0xFF, 0xFF,
    0x4E, 0x00, 0x00, 0x00, 0x00, 0x20, 0xDC, 0xCE, 0x39, 0x00, 0x00, 0x00,
    0x00, 0x00, 0x00, 0x11, 0x00, 0x00, 0x00, 0x00, 0x00, 0x00, 0x00, 0x00,
    0x00, 0x74, 0x77, 0x77, 0x77, 0x04, 0x00, 0x00, 0x00, 0x00, 0x00, 0x80,
    0xFF, 0xFF, 0xFF, 0x8F, 0x00, 0x00, 0x00, 0x00, 0x00, 0x00, 0xE7, 0xEE,
    0xEE, 0xEE, 0x07, 0x00, 0x00, 0x00, 0x00, 0x00, 0x00, 0x11, 0x11, 0x11,
    0x01, 0x00, 0x00, 0x00, 0x00, 0x00, 0x00, 0x00, 0x00, 0x00, 0x00, 0x00,
    0x00, 0x00, 0x00, 0x00, 0x00, 0x00, 0x10, 0x11, 0x11, 0x00, 0x00, 0x00,
    0x00, 0x00, 0x00, 0x00, 0x20, 0xEE, 0xEE, 0x1D, 0x00, 0x00, 0x00, 0x00,
    0x00, 0x00, 0x00, 0xF7, 0xFF, 0xFF, 0x05, 0x00, 0x00, 0x00, 0x00, 0x00,
    0x00, 0xC0, 0xFF, 0xFF, 0xBF, 0x00, 0x00, 0x00, 0x00, 0x00, 0x00, 0x30,
    0xFF, 0xBF, 0xFF, 0x2E, 0x00, 0x00, 0x00, 0x00, 0x00, 0x00, 0xF8, 0xDF,
    0xF4, 0xFF, 0x06, 0x00, 0x00, 0x00, 0x00, 0x00, 0xD0, 0xFF, 0x0B, 0xFD,
    0xBF, 0x00, 0x00, 0x00, 0x00, 0x00, 0x30, 0xFF, 0x7F, 0xA0, 0xFF, 0x2F,
    0x00, 0x00, 0x00, 0x00, 0x00, 0xF8, 0xFF, 0x03, 0xF5, 0xFF, 0x07, 0x00,
    0x00, 0x00, 0x00, 0xD0, 0xFF, 0x1D, 0x20, 0xFE, 0xCF, 0x00, 0x00, 0x00,
    0x00, 0x40, 0xFF, 0x9F, 0x00, 0xB0, 0xFF, 0x3F, 0x00, 0x00, 0x00, 0x00,
    0xF9, 0xFF, 0x05, 0x01, 0xF6, 0xFF, 0x08, 0x00, 0x00, 0x00, 0xE1, 0xFF,
    0x0D, 0x00, 0x10, 0xFE, 0xDF, 0x00, 0x00, 0x00, 0x50, 0xFF, 0xBF, 0x44,
    0x44, 0xC4, 0xFF, 0x4F, 0x00, 0x00, 0x00, 0xFA, 0xFF, 0xFF, 0xFF, 0xFF,
    0xFF, 0xFF, 0x09, 0x00, 0x00, 0xE1, 0xFF, 0xFF, 0xFF, 0xFF, 0xFF, 0xFF,
    0xEF, 0x01, 0x00, 0x60, 0xFF, 0xDF, 0xBB, 0xBB, 0xBB, 0xEB, 0xFF, 0x5F,
    0x00, 0x00, 0xFB, 0xFF, 0x05, 0x00, 0x00, 0x00, 0xF6, 0xFF, 0x0A, 0x00,
    0xE2, 0xFF, 0x1E, 0x00, 0x00, 0x00, 0x10, 0xFE, 0xEF, 0x01, 0x60, 0xFF,
    0xAF, 0x00, 0x00, 0x00, 0x00, 0xA0, 0xFF, 0x6F, 0x00, 0xFC, 0xFF, 0x05,
    0x00, 0x00, 0x00, 0x00, 0xF5, 0xFF, 0x0C, 0xE2, 0xEE, 0x1D, 0x00, 0x00,
    0x00, 0x00, 0x10, 0xED, 0xEE, 0x02, 0x11, 0x11, 0x00, 0x00, 0x00, 0x00,
    0x00, 0x10, 0x11, 0x01, 0x00, 0x00, 0x44, 0x44, 0x44, 0x44, 0x00, 0x00,
    0x00, 0xE1, 0xFF, 0xFF, 0xFF, 0x1E, 0x00, 0x00, 0x10, 0xFE, 0xFF, 0xFF,
    0xEF, 0x01, 0x00, 0x00, 0x40, 0x44, 0x44, 0x44, 0x04, 0x00, 0x00, 0x00,
    0x00, 0x00, 0x00, 0x00, 0x00, 0x00, 0x00, 0x00, 0x20, 0x43, 0x13, 0x00,
    0x00, 0x00, 0x00, 0xC7, 0xFE, 0xFF, 0x9D, 0x03, 0x00, 0x10, 0xFC, 0xFF,
    0xFF, 0xFF, 0xEF, 0x05, 0x00, 0xFB, 0xFE, 0xCE, 0xEB, 0xFF, 0xEF, 0x02,
    0xF5, 0xFF, 0x2B, 0x00, 0xA1, 0xFF, 0x8F, 0x10, 0x74, 0x19, 0x00, 0x00,
    0xF1, 0xFF, 0x0A, 0x00, 0x00, 0x00, 0x00, 0x20, 0xFE, 0xBF, 0x00, 0x00,
    0x20, 0x54, 0x97, 0xFD, 0xFF, 0x0B, 0x10, 0xC7, 0xFE, 0xFF, 0xFF, 0xFF,
    0xBF, 0x10, 0xFC, 0xFF, 0xFF, 0xCE, 0xE9, 0xFF, 0x0B, 0xF9, 0xFF, 0x5B,
    0x13, 0x00, 0xFE, 0xBF, 0xD0, 0xFF, 0x0B, 0x00, 0x00, 0xE1, 0xFF, 0x1B,
    0xFE, 0x7F, 0x10, 0x00, 0x50, 0xFF, 0xBF, 0xD0, 0xFF, 0x1C, 0x00, 0x30,
    0xFD, 0xFF, 0x0B, 0xF9, 0xFF, 0x9D, 0xA8, 0xFE, 0xFE, 0xBF, 0x20, 0xFD,
    0xFF, 0xFF, 0xFF, 0xC7, 0xFF, 0x0B, 0x20, 0xE9, 0xFF, 0xCF, 0x06, 0xDB,
    0xAD, 0x00, 0x00, 0x31, 0x34, 0x00, 0x00, 0x10, 0x00, 0x00, 0x00, 0x00,
    0x65, 0x01, 0x00, 0x50, 0x16, 0x00, 0x00, 0x00, 0x00, 0x00, 0xE0, 0x7F,
    0x00, 0x40, 0xFF, 0x03, 0x00, 0x00, 0x00, 0x00, 0x00, 0xF8, 0x8E, 0x64,
    0xFD, 0x0C, 0x00, 0x00, 0x00, 0x00, 0x00, 0x10, 0xFC, 0xFF, 0xFF, 0x3E,
    0x00, 0x00, 0x00, 0x00, 0x00, 0x00, 0x10, 0xC8, 0xDE, 0x29, 0x00, 0x00,
    0x00, 0x00, 0x00, 0x00, 0x00, 0x00, 0x10, 0x00, 0x00, 0x00, 0x00, 0x00,
    0x00, 0x00, 0x00, 0x00, 0x11, 0x11, 0x01, 0x00, 0x00, 0x00, 0x00, 0x00,
    0x00, 0x00, 0xD1, 0xEE, 0xEE, 0x03, 0x00, 0x00, 0x00, 0x00, 0x00, 0x00,
    0x60, 0xFF, 0xFF, 0x8F, 0x00, 0x00, 0x00, 0x00, 0x00, 0x00, 0x00, 0xFB,
    0xFF, 0xFF, 0x0D, 0x00, 0x00, 0x00, 0x00, 0x00, 0x00, 0xF2, 0xFF, 0xFB,
    0xFF, 0x03, 0x00, 0x00, 0x00, 0x00, 0x00, 0x70, 0xFF, 0x4E, 0xFE, 0x8F,
    0x00, 0x00, 0x00, 0x00, 0x00, 0x00, 0xFC, 0xCF, 0xC0, 0xFF, 0x0D, 0x00,
    0x00, 0x00, 0x00, 0x00, 0xF3, 0xFF, 0x09, 0xF8, 0xFF, 0x04, 0x00, 0x00,
    0x00, 0x00, 0x80, 0xFF, 0x5F, 0x40, 0xFF, 0x9F, 0x00, 0x00, 0x00, 0x00,
    0x00, 0xFD, 0xEF, 0x01, 0xE1, 0xFF, 0x1D, 0x00, 0x00, 0x00, 0x00, 0xF3,
    0xFF, 0x0B, 0x00, 0xFA, 0xFF, 0x04, 0x00, 0x00, 0x00, 0x90, 0xFF, 0x6F,
    0x10, 0x60, 0xFF, 0xAF, 0x00, 0x00, 0x00, 0x10, 0xFD, 0xEF, 0x01, 0x00,
    0xE0, 0xFF, 0x1E, 0x00, 0x00, 0x00, 0xF4, 0xFF, 0x4C, 0x44, 0x44, 0xFC,
    0xFF, 0x05, 0x00, 0x00, 0xA0, 0xFF, 0xFF, 0xFF, 0xFF, 0xFF, 0xFF, 0xAF,
    0x00, 0x00, 0x10, 0xFE, 0xFF, 0xFF, 0xFF, 0xFF, 0xFF, 0xFF, 0x1E, 0x00,
    0x00, 0xF5, 0xFF, 0xBD, 0xBB, 0xBB, 0xBB, 0xFD, 0xFF, 0x06, 0x00, 0xA0,
    0xFF, 0x5F, 0x00, 0x00, 0x00, 0x50, 0xFF, 0xBF, 0x00, 0x20, 0xFE, 0xEF,
    0x01, 0x00, 0x00, 0x00, 0xE1, 0xFF, 0x2E, 0x00, 0xF6, 0xFF, 0x0A, 0x00,
    0x00, 0x00, 0x00, 0xFA, 0xFF, 0x06, 0xC0, 0xFF, 0x5F, 0x00, 0x00, 0x00,
    0x00, 0x50, 0xFF, 0xCF, 0x20, 0xEE, 0xDE, 0x01, 0x00, 0x00, 0x00, 0x00,
    0xD1, 0xEE, 0x2E, 0x10, 0x11, 0x01, 0x00, 0x00, 0x00, 0x00, 0x00, 0x11,
    0x11, 0x00, 0x00, 0x20, 0x34, 0x00, 0x00, 0x42, 0x03, 0x00, 0x00, 0xF7,
    0x0D, 0x00, 0xA0, 0xBF, 0x00, 0x00, 0x20, 0xFF, 0x29, 0x71, 0xFE, 0x06,
    0x00, 0x00, 0x80, 0xFF, 0xEF, 0xFF, 0x0B, 0x00, 0x00, 0x00, 0x70, 0xFD,
    0xEF, 0x19, 0x00, 0x00, 0x00, 0x00, 0x00, 0x33, 0x01, 0x00, 0x00, 0x00,
    0x00, 0x00, 0x32, 0x23, 0x01, 0x00, 0x00, 0x00, 0x70, 0xEC, 0xFF, 0xDF,
    0x3A, 0x00, 0x00, 0xC1, 0xFF, 0xFF, 0xFF, 0xFF, 0x5F, 0x00, 0xB0, 0xEF,
    0xEF, 0xBC, 0xFE, 0xFF, 0x2F, 0x50, 0xFF, 0xBF, 0x02, 0x10, 0xFA, 0xFF,
    0x08, 0x41, 0x97, 0x01, 0x00, 0x10, 0xFF, 0xAF, 0x00, 0x00, 0x00, 0x00,
    0x00, 0xE2, 0xFF, 0x0B, 0x00, 0x00, 0x42, 0x75, 0xD9, 0xFF, 0xBF, 0x00,
    0x71, 0xEC, 0xFF, 0xFF, 0xFF, 0xFF, 0x0B, 0xC1, 0xFF, 0xFF, 0xEF, 0x9C,
    0xFE, 0xBF, 0x90, 0xFF, 0xBF, 0x35, 0x01, 0xE0, 0xFF, 0x0B, 0xFD, 0xBF,
    0x00, 0x00, 0x10, 0xFE, 0xBF, 0xE1, 0xFF, 0x07, 0x01, 0x00, 0xF5, 0xFF,
    0x0B, 0xFD, 0xCF, 0x01, 0x00, 0xD3, 0xFF, 0xBF, 0x90, 0xFF, 0xDF, 0x89,
    0xEA, 0xEF, 0xFF, 0x0B, 0xD2, 0xFF, 0xFF, 0xFF, 0x7F, 0xFC, 0xCF, 0x00,
    0x92, 0xFE, 0xFF, 0x6C, 0x90, 0xBB, 0x08, 0x00, 0x10, 0x43, 0x03, 0x00,
    0x00, 0x00, 0x00, 0x00, 0x00, 0x00, 0x22, 0x22, 0x02, 0x00, 0x00, 0x00,
    0x00, 0x00, 0x00, 0x00, 0x30, 0xFF, 0xFF, 0x2E, 0x00, 0x00, 0x00, 0x00,
    0x00, 0x00, 0x00, 0x80, 0xFF, 0xFF, 0x6F, 0x00, 0x00, 0x00, 0x00, 0x00,
    0x00, 0x00, 0xC0, 0xFF, 0xFF, 0xBF, 0x00, 0x00, 0x00, 0x00, 0x00, 0x00,
    0x00, 0xF3, 0xEF, 0xFA, 0xFF, 0x02, 0x00, 0x00, 0x00, 0x00, 0x00, 0x00,
    0xF8, 0xDF, 0xF3, 0xFF, 0x07, 0x00, 0x00, 0x00, 0x00, 0x00, 0x00, 0xFD,
    0xBF, 0xD0, 0xFF, 0x0C, 0x00, 0x00, 0x00, 0x00, 0x00, 0x40, 0xFF, 0x7F,
    0x90, 0xFF, 0x3F, 0x00, 0x00, 0x00, 0x00, 0x00, 0x90, 0xFF, 0x3F, 0x50,
    0xFF, 0x8F, 0x00, 0x00, 0x00, 0x00, 0x00, 0xD1, 0xFF, 0x0D, 0x10, 0xFE,
    0xDF, 0x00, 0x00, 0x00, 0x00, 0x00, 0xF4, 0xFF, 0x09, 0x00, 0xFB, 0xFF,
    0x04, 0x00, 0x00, 0x00, 0x00, 0xFA, 0xFF, 0x05, 0x01, 0xF6, 0xFF, 0x09,
    0x00, 0x00, 0x00, 0x10, 0xFE, 0xDF, 0x00, 0x00, 0xE1, 0xFF, 0x1E, 0x00,
    0x00, 0x00, 0x50, 0xFF, 0xBF, 0x44, 0x44, 0xC4, 0xFF, 0x5F, 0x00, 0x00,
    0x00, 0xA0, 0xFF, 0xFF, 0xFF, 0xFF, 0xFF, 0xFF, 0xAF, 0x00, 0x00, 0x00,
    0xE1, 0xFF, 0xFF, 0xFF, 0xFF, 0xFF, 0xFF, 0xEF, 0x01, 0x00, 0x00, 0xF6,
    0xFF, 0xBD, 0xBB, 0xBB, 0xBB, 0xFD, 0xFF, 0x06, 0x00, 0x00, 0xFB, 0xFF,
    0x05, 0x00, 0x00, 0x00, 0xF5, 0xFF, 0x0B, 0x00, 0x20, 0xFE, 0xEF, 0x01,
    0x00, 0x00, 0x00, 0xE1, 0xFF, 0x2F, 0x00, 0x60, 0xEF, 0xAF, 0x00, 0x00,
    0x00, 0x00, 0xA0, 0xFF, 0x7F, 0x00, 0xC0, 0xFF, 0x5F, 0x00, 0x00, 0x00,
    0x00, 0x50, 0xFF, 0xCF, 0x00, 0xE2, 0xEE, 0x1D, 0x00, 0x00, 0x00, 0x00,
    0x10, 0xFE, 0xFF, 0x03, 0x10, 0x11, 0x01, 0x00, 0x00, 0x00, 0x00, 0x50,
    0xFE, 0x5E, 0x01, 0x00, 0x00, 0x00, 0x00, 0x00, 0x00, 0x00, 0xE2, 0xFF,
    0x05, 0x00, 0x00, 0x00, 0x00, 0x00, 0x00, 0x00, 0x00, 0xF7, 0xEF, 0x00,
    0x00, 0x00, 0x00, 0x00, 0x00, 0x00, 0x00, 0x00, 0xF7, 0xFE, 0x8A, 0x05,
    0x00, 0x00, 0x00, 0x00, 0x00, 0x00, 0x00, 0xE2, 0xFF, 0xFF, 0x0D, 0x00,
    0x00, 0x00, 0x00, 0x00, 0x00, 0x00, 0x30, 0xDA, 0xCD, 0x18, 0x00, 0x00,
    0x00, 0x00, 0x00, 0x00, 0x00, 0x00, 0x10, 0x01, 0x00, 0x00, 0x00, 0x00,
    0x10, 0x01, 0x00, 0x00, 0x00, 0x00, 0x00, 0x94, 0xEC, 0xDE, 0x6B, 0x01,
    0x00, 0x00, 0x90, 0xFF, 0xFF, 0xFF, 0xFF, 0x3D, 0x00, 0x00, 0xF9, 0xFF,
    0xEF, 0xFE, 0xFF, 0xDF, 0x01, 0x40, 0xFF, 0xDF, 0x15, 0x31, 0xFC, 0xFF,
    0x07, 0x30, 0xA7, 0x2C, 0x00, 0x00, 0xF3, 0xFF, 0x0A, 0x00, 0x00, 0x00,
    0x00, 0x00, 0xE1, 0xFF, 0x0B, 0x00, 0x00, 0x00, 0x32, 0x65, 0xFB, 0xFF,
    0x0B, 0x00, 0x50, 0xDA, 0xFE, 0xFF, 0xFF, 0xFF, 0x0B, 0x10, 0xFA, 0xFF,
    0xFF, 0xDF, 0xEB, 0xFF, 0x0B, 0x80, 0xFF, 0xCF, 0x47, 0x12, 0xE0, 0xFF,
    0x0B, 0xD0, 0xFF, 0x0B, 0x00, 0x00, 0xE1, 0xFF, 0x0B, 0xE1, 0xFF, 0x07,
    0x01, 0x00, 0xF4, 0xFF, 0x0B, 0xD0, 0xFF, 0x1C, 0x00, 0x30, 0xFD, 0xFF,
    0x0B, 0x90, 0xFF, 0xDF, 0x89, 0xEA, 0xEF, 0xFF, 0x0B, 0x20, 0xFD, 0xFF,
    0xFF, 0xFF, 0xB7, 0xFF, 0x0B, 0x00, 0xA2, 0xFE, 0xFF, 0x6C, 0xD0, 0xFF,
    0x0B, 0x00, 0x00, 0x31, 0x34, 0x00, 0xFA, 0x8F, 0x01, 0x00, 0x00, 0x00,
    0x00, 0x80, 0xFF, 0x08, 0x00, 0x00, 0x00, 0x00, 0x00, 0xD1, 0xFF, 0x04,
    0x00, 0x00, 0x00, 0x00, 0x00, 0xE1, 0xFF, 0x8C, 0x08, 0x00, 0x00, 0x00,
    0x00, 0x90, 0xFF, 0xFF, 0x4F, 0x00, 0x00, 0x00, 0x00, 0x00, 0xC7, 0xDE,
    0x3A, 0x00, 0x00, 0x00, 0x00, 0x00, 0x00, 0x11, 0x00, 0x00, 0x00, 0x00,
    0x00, 0x00, 0x73, 0x77, 0x01, 0x00, 0x00, 0x00, 0x00, 0x00, 0x00, 0xC0,
    0xFF, 0x0A, 0x00, 0x00, 0x00, 0x00, 0x00, 0x00, 0x40, 0xFF, 0x0C, 0x00,
    0x00, 0x00, 0x00, 0x00, 0x00, 0x00, 0xFC, 0x4F, 0x00, 0x00, 0x00, 0x00,
    0x00, 0x00, 0x00, 0xB2, 0x7B, 0x00, 0x00, 0x00, 0x00, 0x00, 0x00, 0x00,
    0x00, 0x00, 0x00, 0x00, 0x00, 0x00, 0x00, 0x00, 0x00, 0x30, 0x76, 0x67,
    0x14, 0x00, 0x00, 0x00, 0x00, 0x00, 0xC6, 0xFF, 0xFF, 0xFF, 0x8D, 0x01,
    0x00, 0x00, 0x10, 0xFA, 0xFF, 0xFF, 0xFF, 0xFF, 0xDF, 0x03, 0x00, 0x10,
    0xFC, 0xFF, 0xFF, 0xEE, 0xFF, 0xFF, 0xEF, 0x02, 0x00, 0xF9, 0xFF, 0xAF,
    0x24, 0x31, 0xE7, 0xFF, 0xCF, 0x00, 0xF3, 0xFF, 0x6F, 0x00, 0x00, 0x00,
    0xE3, 0xFF, 0x5F, 0xA0, 0xFF, 0x8F, 0x00, 0x00, 0x00, 0x00, 0xF5, 0xFF,
    0x1B, 0xFE, 0xDF, 0x01, 0x00, 0x00, 0x00, 0x00, 0xDB, 0xBD, 0xF4, 0xFF,
    0x09, 0x00, 0x00, 0x00, 0x00, 0x00, 0x00, 0x60, 0xFF, 0x6F, 0x00, 0x00,
    0x00, 0x00, 0x00, 0x00, 0x00, 0xF7, 0xFF, 0x04, 0x00, 0x00, 0x00, 0x00,
    0x00, 0x00, 0x70, 0xFF, 0x4F, 0x00, 0x00, 0x00, 0x00, 0x00, 0x00, 0x00,
    0xF7, 0xFF, 0x04, 0x00, 0x00, 0x00, 0x00, 0x00, 0x00, 0x60, 0xFF, 0x6F,
    0x00, 0x00, 0x00, 0x00, 0x00, 0x00, 0x00, 0xF3, 0xFF, 0x0A, 0x00, 0x00,
    0x00, 0x00, 0x20, 0x33, 0x12, 0xFD, 0xEF, 0x01, 0x00, 0x00, 0x00, 0x10,
    0xFE, 0xDF, 0x90, 0xFF, 0xAF, 0x00, 0x00, 0x00, 0x00, 0xF7, 0xFF, 0x09,
    0xF2, 0xFF, 0x8F, 0x00, 0x00, 0x00, 0xF6, 0xFF, 0x3F, 0x00, 0xF7, 0xFF,
    0xDF, 0x57, 0x64, 0xFB, 0xFF, 0x9F, 0x00, 0x00, 0xF9, 0xFF, 0xFF, 0xFF,
    0xFF, 0xFF, 0xBF, 0x01, 0x00, 0x00, 0xF7, 0xFF, 0xFF, 0xFF, 0xFF, 0x9F,
    0x01, 0x00, 0x00, 0x00, 0x93, 0xFD, 0xFF, 0xEF, 0x4A, 0x00, 0x00, 0x00,
    0x00, 0x00, 0x00, 0x42, 0x34, 0x01, 0x00, 0x00, 0x00, 0x00, 0x00, 0x00,
    0x00, 0x43, 0x34, 0x00, 0x00, 0x00, 0x00, 0x00, 0xE1, 0xFF, 0x07, 0x00,
    0x00, 0x00, 0x00, 0x70, 0xFF, 0x0B, 0x00, 0x00, 0x00, 0x00, 0x10, 0xFD,
    0x2E, 0x00, 0x00, 0x00, 0x00, 0x00, 0xE5, 0x6E, 0x00, 0x00, 0x00, 0x00,
    0x00, 0x10, 0x11, 0x00, 0x00, 0x00, 0x00, 0x00, 0x00, 0x10, 0x01, 0x00,
    0x00, 0x00, 0x00, 0x50, 0xDA, 0xEE, 0x9C, 0x03, 0x00, 0x00, 0xB2, 0xFF,
    0xFF, 0xFF, 0xFF, 0x07, 0x00, 0xC1, 0xFF, 0xFF, 0xEE, 0xFF, 0xFF, 0x07,
    0x90, 0xFF, 0xCF, 0x14, 0x62, 0xFE, 0xFF, 0x22, 0xFF, 0xDF, 0x01, 0x00,
    0x50, 0xFF, 0x7F, 0xF6, 0xFF, 0x06, 0x00, 0x00, 0x80, 0x36, 0x91, 0xFF,
    0x3F, 0x00, 0x00, 0x00, 0x00, 0x00, 0xFB, 0xEF, 0x01, 0x00, 0x00, 0x00,
    0x00, 0xB0, 0xFF, 0x1E, 0x00, 0x00, 0x00, 0x00, 0x00, 0xFA, 0xFF, 0x02,
    0x00, 0x00, 0x00, 0x00, 0x70, 0xFF, 0x5F, 0x00, 0x00, 0x00, 0x46, 0x02,
    0xF3, 0xFF, 0x0C, 0x00, 0x00, 0xF3, 0xEF, 0x07, 0xFB, 0xFF, 0x19, 0x00,
    0xD3, 0xEF, 0x4F, 0x20, 0xFE, 0xFF, 0xBE, 0xFC, 0xFF, 0xAF, 0x00, 0x40,
    0xFE, 0xFF, 0xFF, 0xFF, 0xAF, 0x01, 0x00, 0x20, 0xD9, 0xFF, 0xEF, 0x6C,
    0x00, 0x00, 0x00, 0x00, 0x31, 0x44, 0x02, 0x00, 0x00, 0x00, 0x00, 0x00,
    0x00, 0x63, 0x46, 0x00, 0x00, 0x00, 0x00, 0x00, 0x00, 0x00, 0xF4, 0xFF,
    0x7F, 0x00, 0x00, 0x00, 0x00, 0x00, 0x00, 0xE3, 0xCF, 0xFB, 0x6F, 0x00,
    0x00, 0x00, 0x00, 0x00, 0xF4, 0xEF, 0x02, 0xFC, 0x7F, 0x00, 0x00, 0x00,
    0x00, 0xA1, 0xBB, 0x05, 0x20, 0x99, 0x29, 0x00, 0x00, 0x00, 0x00, 0x00,
    0x00, 0x00, 0x00, 0x00, 0x00, 0x00, 0x00, 0x00, 0x00, 0x30, 0x76, 0x67,
    0x14, 0x00, 0x00, 0x00, 0x00, 0x00, 0xC6, 0xFF, 0xFF, 0xFF, 0x8D, 0x01,
    0x00, 0x00, 0x10, 0xFA, 0xFF, 0xFF, 0xFF, 0xFF, 0xDF, 0x03, 0x00, 0x10,
    0xFC, 0xFF, 0xFF, 0xEE, 0xFF, 0xFF, 0xEF, 0x02, 0x00, 0xF9, 0xFF, 0xAF,
    0x24, 0x31, 0xE7, 0xFF, 0xCF, 0x00, 0xF3, 0xFF, 0x6F, 0x00, 0x00, 0x00,
    0xE3, 0xFF, 0x5F, 0xA0, 0xFF, 0x8F, 0x00, 0x00, 0x00, 0x00, 0xF5, 0xFF,
    0x1B, 0xFE, 0xDF, 0x01, 0x00, 0x00, 0x00, 0x00, 0xDB, 0xBD, 0xF4, 0xFF,
    0x09, 0x00, 0x00, 0x00, 0x00, 0x00, 0x00, 0x60, 0xFF, 0x6F, 0x00, 0x00,
    0x00, 0x00, 0x00, 0x00, 0x00, 0xF7, 0xFF, 0x04, 0x00, 0x00, 0x00, 0x00,
    0x00, 0x00, 0x70, 0xFF, 0x4F, 0x00, 0x00, 0x00, 0x00, 0x00, 0x00, 0x00,
    0xF7, 0xFF, 0x04, 0x00, 0x00, 0x00, 0x00, 0x00, 0x00, 0x60, 0xFF, 0x6F,
    0x00, 0x00, 0x00, 0x00, 0x00, 0x00, 0x00, 0xF3, 0xFF, 0x0A, 0x00, 0x00,
    0x00, 0x00, 0x20, 0x33, 0x12, 0xFD, 0xEF, 0x01, 0x00, 0x00, 0x00, 0x10,
    0xFE, 0xDF, 0x90, 0xFF, 0xAF, 0x00, 0x00, 0x00, 0x00, 0xF7, 0xFF, 0x09,
    0xF2, 0xFF, 0x8F, 0x00, 0x00, 0x00, 0xF6, 0xFF, 0x3F, 0x00, 0xF7, 0xFF,
    0xDF, 0x57, 0x64, 0xFB, 0xFF, 0x9F, 0x00, 0x00, 0xF9, 0xFF, 0xFF, 0xFF,
    0xFF, 0xFF, 0xBF, 0x01, 0x00, 0x00, 0xF7, 0xFF, 0xFF, 0xFF, 0xFF, 0x9F,
    0x01, 0x00, 0x00, 0x00, 0x93, 0xFD, 0xFF, 0xEF, 0x4A, 0x00, 0x00, 0x00,
    0x00, 0x00, 0x00, 0x42, 0x34, 0x01, 0x00, 0x00, 0x00, 0x00, 0x00, 0x00,
    0x43, 0x14, 0x00, 0x00, 0x00, 0x00, 0x00, 0xF6, 0xFF, 0x2D, 0x00, 0x00,
    0x00, 0x00, 0xF6, 0xCF, 0xFE, 0x1C, 0x00, 0x00, 0x00, 0xF6, 0xDF, 0x51,
    0xFF, 0x1C, 0x00, 0x00, 0xD3, 0xCD, 0x03, 0x70, 0xDD, 0x08, 0x00, 0x10,
    0x00, 0x00, 0x00, 0x00, 0x10, 0x00, 0x00, 0x00, 0x00, 0x10, 0x01, 0x00,
    0x00, 0x00, 0x00, 0x50, 0xDA, 0xEE, 0x9C, 0x03, 0x00, 0x00, 0xB2, 0xFF,
    0xFF, 0xFF, 0xFF, 0x07, 0x00, 0xC1, 0xFF, 0xFF, 0xEE, 0xFF, 0xFF, 0x07,
    0x90, 0xFF, 0xCF, 0x14, 0x62, 0xFE, 0xFF, 0x22, 0xFF, 0xDF, 0x01, 0x00,
    0x50, 0xFF, 0x7F, 0xF6, 0xFF, 0x06, 0x00, 0x00, 0x80, 0x36, 0x91, 0xFF,
    0x3F, 0x00, 0x00, 0x00, 0x00, 0x00, 0xFB, 0xEF, 0x01, 0x00, 0x00, 0x00,
    0x00, 0xB0, 0xFF, 0x1E, 0x00, 0x00, 0x00, 0x00, 0x00, 0xFA, 0xFF, 0x02,
    0x00, 0x00, 0x00, 0x00, 0x70, 0xFF, 0x5F, 0x00, 0x00, 0x00, 0x46, 0x02,
    0xF3, 0xFF, 0x0C, 0x00, 0x00, 0xF3, 0xEF, 0x07, 0xFB, 0xFF, 0x19, 0x00,
    0xD3, 0xEF, 0x4F, 0x20, 0xFE, 0xFF, 0xBE, 0xFC, 0xFF, 0xAF, 0x00, 0x40,
    0xFE, 0xFF, 0xFF, 0xFF, 0xAF, 0x01, 0x00, 0x20, 0xD9, 0xFF, 0xEF, 0x6C,
    0x00, 0x00, 0x00, 0x00, 0x31, 0x44, 0x02, 0x00, 0x00, 0x00, 0x00, 0x00,
    0x00, 0x30, 0x03, 0x00, 0x00, 0x00, 0x00, 0x00, 0x00, 0x00, 0x70, 0xFF,
    0x0A, 0x00, 0x00, 0x00, 0x00, 0x00, 0x00, 0x10, 0xFE, 0xFF, 0x04, 0x00,
    0x00, 0x00, 0x00, 0x00, 0x00, 0xC0, 0xFF, 0x2E, 0x00, 0x00, 0x00, 0x00,
    0x00, 0x00, 0x00, 0xA2, 0x4B, 0x00, 0x00, 0x00, 0x00, 0x00, 0x00, 0x00,
    0x00, 0x00, 0x00, 0x00, 0x00, 0x00, 0x00, 0x00, 0x00, 0x30, 0x76, 0x68,
    0x14, 0x00, 0x00, 0x00, 0x00, 0x00, 0xC6, 0xFF, 0xFF, 0xFF, 0x8D, 0x01,
    0x00, 0x00, 0x10, 0xFA, 0xFF, 0xFF, 0xFF, 0xFF, 0xDF, 0x03, 0x00, 0x10,
    0xFC, 0xFF, 0xFF, 0xEE, 0xFF, 0xFF, 0xEF, 0x03, 0x00, 0xF9, 0xFF, 0xAF,
    0x24, 0x31, 0xE7, 0xFF, 0xCF, 0x00, 0xF3, 0xFF, 0x6F, 0x00, 0x00, 0x00,
    0xD3, 0xFF, 0x5F, 0xA0, 0xFF, 0x8F, 0x00, 0x00, 0x00, 0x00, 0xF5, 0xFF,
    0x1B, 0xFE, 0xDF, 0x01, 0x00, 0x00, 0x00, 0x00, 0xDB, 0xBD, 0xF4, 0xFF,
    0x09, 0x00, 0x00, 0x00, 0x00, 0x00, 0x00, 0x60, 0xFF, 0x6F, 0x00, 0x00,
    0x00, 0x00, 0x00, 0x00, 0x00, 0xF7, 0xFF, 0x04, 0x00, 0x00, 0x00, 0x00,
    0x00, 0x00, 0x70, 0xFF, 0x4F, 0x00, 0x00, 0x00, 0x00, 0x00, 0x00, 0x00,
    0xF7, 0xFF, 0x04, 0x00, 0x00, 0x00, 0x00, 0x00, 0x00, 0x60, 0xFF, 0x6F,
    0x00, 0x00, 0x00, 0x00, 0x00, 0x00, 0x00, 0xF3, 0xFF, 0x0A, 0x00, 0x00,
    0x00, 0x00, 0x20, 0x33, 0x12, 0xFD, 0xEF, 0x01, 0x00, 0x00, 0x00, 0x10,
    0xFE, 0xDF, 0x90, 0xFF, 0xAF, 0x00, 0x00, 0x00, 0x00, 0xF7, 0xFF, 0x09,
    0xF2, 0xFF, 0x8F, 0x00, 0x00, 0x00, 0xF5, 0xFF, 0x3F, 0x00, 0xF7, 0xFF,
    0xDF, 0x57, 0x64, 0xFB, 0xFF, 0x9F, 0x00, 0x00, 0xF9, 0xFF, 0xFF, 0xFF,
    0xFF, 0xFF, 0xBF, 0x01, 0x00, 0x00, 0xF7, 0xFF, 0xFF, 0xFF, 0xFF, 0x9F,
    0x01, 0x00, 0x00, 0x00, 0x93, 0xFD, 0xFF, 0xEF, 0x4A, 0x00, 0x00, 0x00,
    0x00, 0x00, 0x00, 0x42, 0x34, 0x01, 0x00, 0x00, 0x00, 0x00, 0x00, 0x00,
    0x10, 0x00, 0x00, 0x00, 0x00, 0x00, 0x00, 0x70, 0xDD, 0x04, 0x00, 0x00,
    0x00, 0x00, 0x30, 0xFF, 0xDF, 0x01, 0x00, 0x00, 0x00, 0x00, 0xF3, 0xFF,
    0x1D, 0x00, 0x00, 0x00, 0x00, 0x00, 0xE7, 0x4D, 0x00, 0x00, 0x00, 0x00,
    0x00, 0x00, 0x00, 0x00, 0x00, 0x00, 0x00, 0x00, 0x00, 0x10, 0x01, 0x00,
    0x00, 0x00, 0x00, 0x50, 0xDA, 0xEE, 0x9C, 0x03, 0x00, 0x00, 0xB1, 0xFF,
    0xFF, 0xFF, 0xFF, 0x08, 0x00, 0xC1, 0xFF, 0xFF, 0xEE, 0xFF, 0xFF, 0x08,
    0x90, 0xFF, 0xCF, 0x14, 0x62, 0xFE, 0xFE, 0x23, 0xFF, 0xDF, 0x01, 0x00,
    0x40, 0xFF, 0x8F, 0xF6, 0xFF, 0x06, 0x00, 0x00, 0x70, 0x36, 0x91, 0xFF,
    0x3F, 0x00, 0x00, 0x00, 0x00, 0x00, 0xFB, 0xEF, 0x01, 0x00, 0x00, 0x00,
    0x00, 0xB0, 0xFF, 0x1E, 0x00, 0x00, 0x00, 0x00, 0x00, 0xFA, 0xFF, 0x02,
    0x00, 0x00, 0x00, 0x00, 0x70, 0xFF, 0x5F, 0x00, 0x00, 0x00, 0x55, 0x02,
    0xF3, 0xFF, 0x0C, 0x00, 0x00, 0xF2, 0xEF, 0x08, 0xFB, 0xFF, 0x19, 0x00,
    0xC3, 0xEF, 0x5F, 0x20, 0xFE, 0xFF, 0xBE, 0xFC, 0xFF, 0xAF, 0x00, 0x40,
    0xFE, 0xFF, 0xFF, 0xFF, 0xBF, 0x01, 0x00, 0x20, 0xD9, 0xFF, 0xEF, 0x6C,
    0x00, 0x00, 0x00, 0x00, 0x31, 0x44, 0x02, 0x00, 0x00, 0x00, 0x00, 0x61,
    0x77, 0x02, 0x10, 0x77, 0x28, 0x00, 0x00, 0x00, 0x00, 0xF6, 0xCF, 0x01,
    0xFB, 0xAF, 0x01, 0x00, 0x00, 0x00, 0x00, 0xF6, 0xAF, 0xF8, 0x9F, 0x00,
    0x00, 0x00, 0x00, 0x00, 0x00, 0xF7, 0xFF, 0x9F, 0x00, 0x00, 0x00, 0x00,
    0x00, 0x00, 0x00, 0x96, 0x89, 0x00, 0x00, 0x00, 0x00, 0x00, 0x00, 0x00,
    0x00, 0x00, 0x00, 0x00, 0x00, 0x00, 0x00, 0x00, 0x00, 0x30, 0x76, 0x68,
    0x14, 0x00, 0x00, 0x00, 0x00, 0x00, 0xC6, 0xFF, 0xFF, 0xFF, 0x8D, 0x01,
    0x00, 0x00, 0x10, 0xFA, 0xFF, 0xFF, 0xFF, 0xFF, 0xDF, 0x04, 0x00, 0x10,
    0xFC, 0xFF, 0xFF, 0xEE, 0xFF, 0xFF, 0xEF, 0x03, 0x00, 0xF9, 0xFF, 0xAF,
    0x24, 0x31, 0xE7, 0xFF, 0xCF, 0x00, 0xF3, 0xFF, 0x6F, 0x00, 0x00, 0x00,
    0xD2, 0xEF, 0x5F, 0xA0, 0xFF, 0x8F, 0x00, 0x00, 0x00, 0x00, 0xF4, 0xFF,
    0x1B, 0xFE, 0xDF, 0x01, 0x00, 0x00, 0x00, 0x00, 0xBA, 0xAB, 0xF4, 0xFF,
    0x09, 0x00, 0x00, 0x00, 0x00, 0x00, 0x00, 0x60, 0xFF, 0x6F, 0x00, 0x00,
    0x00, 0x00, 0x00, 0x00, 0x00, 0xF7, 0xFF, 0x04, 0x00, 0x00, 0x00, 0x00,
    0x00, 0x00, 0x70, 0xFF, 0x4F, 0x00, 0x00, 0x00, 0x00, 0x00, 0x00, 0x00,
    0xF7, 0xFF, 0x04, 0x00, 0x00, 0x00, 0x00, 0x00, 0x00, 0x60, 0xFF, 0x6F,
    0x00, 0x00, 0x00, 0x00, 0x00, 0x00, 0x00, 0xF3, 0xFF, 0x0A, 0x00, 0x00,
    0x00, 0x00, 0x20, 0x33, 0x13, 0xFD, 0xEF, 0x01, 0x00, 0x00, 0x00, 0x10,
    0xFE, 0xDF, 0x90, 0xFF, 0xAF, 0x00, 0x00, 0x00, 0x00, 0xF7, 0xFF, 0x09,
    0xF2, 0xFF, 0x8F, 0x00, 0x00, 0x00, 0xF6, 0xFF, 0x3F, 0x00, 0xF7, 0xFF,
    0xDF, 0x57, 0x64, 0xFB, 0xFF, 0x9F, 0x00, 0x00, 0xF9, 0xFF, 0xFF, 0xFF,
    0xFF, 0xFF, 0xBF, 0x00, 0x00, 0x00, 0xF7, 0xFF, 0xFF, 0xFF, 0xFF, 0x9F,
    0x00, 0x00, 0x00, 0x00, 0x93, 0xFD, 0xFF, 0xEF, 0x4A, 0x00, 0x00, 0x00,
    0x00, 0x00, 0x00, 0x42, 0x34, 0x01, 0x00, 0x00, 0x00, 0x00, 0x31, 0x22,
    0x00, 0x10, 0x44, 0x04, 0x00, 0x20, 0xFC, 0x5E, 0x10, 0xFB, 0x8F, 0x00,
    0x00, 0x20, 0xFD, 0x3F, 0xF9, 0x8F, 0x00, 0x00, 0x00, 0x20, 0xFD, 0xFF,
    0x9F, 0x00, 0x00, 0x00, 0x00, 0x20, 0xDC, 0x9D, 0x00, 0x00, 0x00, 0x00,
    0x00, 0x00, 0x00, 0x00, 0x00, 0x00, 0x00, 0x00, 0x00, 0x10, 0x01, 0x00,
    0x00, 0x00, 0x00, 0x50, 0xDA, 0xEE, 0x9C, 0x03, 0x00, 0x00, 0xB2, 0xFF,
    0xFF, 0xFF, 0xFF, 0x07, 0x00, 0xC1, 0xFF, 0xFF, 0xEE, 0xFF, 0xFF, 0x07,
    0x90, 0xFF, 0xCF, 0x14, 0x62, 0xFE, 0xFF, 0x22, 0xFF, 0xDF, 0x01, 0x00,
    0x50, 0xFF, 0x7F, 0xF6, 0xFF, 0x06, 0x00, 0x00, 0x80, 0x36, 0x91, 0xFF,
    0x3F, 0x00, 0x00, 0x00, 0x00, 0x00, 0xFB, 0xEF, 0x01, 0x00, 0x00, 0x00,
    0x00, 0xB0, 0xFF, 0x1E, 0x00, 0x00, 0x00, 0x00, 0x00, 0xFA, 0xFF, 0x02,
    0x00, 0x00, 0x00, 0x00, 0x70, 0xFF, 0x5F, 0x00, 0x00, 0x00, 0x46, 0x02,
    0xF3, 0xFF, 0x0C, 0x00, 0x00, 0xF3, 0xEF, 0x07, 0xFB, 0xFF, 0x19, 0x00,
    0xD3, 0xEF, 0x4F, 0x20, 0xFE, 0xFF, 0xBE, 0xFC, 0xFF, 0xAF, 0x00, 0x40,
    0xFE, 0xFF, 0xFF, 0xFF, 0xAF, 0x01, 0x00, 0x20, 0xD9, 0xFF, 0xEF, 0x6C,
    0x00, 0x00, 0x00, 0x00, 0x31, 0x44, 0x02, 0x00, 0x00, 0x00, 0x64, 0x36,
    0x00, 0x40, 0x66, 0x04, 0x00, 0x00, 0x00, 0x30, 0xFE, 0x4F, 0x50, 0xFF,
    0x3E, 0x00, 0x00, 0x00, 0x00, 0x30, 0xFE, 0x5D, 0xFE, 0x2D, 0x00, 0x00,
    0x00, 0x00, 0x00, 0x40, 0xFE, 0xFF, 0x3E, 0x00, 0x00, 0x00, 0x00, 0x00,
    0x00, 0x40, 0xBB, 0x4B, 0x00, 0x00, 0x00, 0x00, 0x00, 0x00, 0x00, 0x00,
    0x00, 0x00, 0x00, 0x00, 0x00, 0x00, 0x10, 0x11, 0x11, 0x11, 0x11, 0x00,
    0x00, 0x00, 0x00, 0x10, 0xED, 0xEE, 0xEE, 0xEE, 0xCD, 0x49, 0x00, 0x00,
    0x00, 0xE1, 0xFF, 0xFF, 0xFF, 0xFF, 0xFF, 0xBF, 0x03, 0x00, 0x10, 0xFE,
    0xFF, 0xFF, 0xFF, 0xFF, 0xFF, 0xFF, 0x05, 0x00, 0xE1, 0xFF, 0x4C, 0x44,
    0x64, 0xE9, 0xFF, 0xFF, 0x03, 0x10, 0xFE, 0xBF, 0x00, 0x00, 0x00, 0xB2,
    0xFF, 0xCF, 0x00, 0xE1, 0xFF, 0x0B, 0x00, 0x00, 0x00, 0xC0, 0xFF, 0x5F,
    0x10, 0xFE, 0xBF, 0x00, 0x00, 0x00, 0x00, 0xF4, 0xFF, 0x0A, 0xE1, 0xFF,
    0x0B, 0x00, 0x00, 0x00, 0x00, 0xFD, 0xEF, 0x11, 0xFE, 0xBF, 0x00, 0x00,
    0x00, 0x00, 0xA0, 0xFF, 0x2F, 0xE1, 0xFF, 0x0B, 0x00, 0x00, 0x00, 0x00,
    0xF8, 0xFF, 0x13, 0xFE, 0xBF, 0x00, 0x00, 0x00, 0x00, 0x70, 0xFF, 0x4F,
    0xE1, 0xFF, 0x0B, 0x00, 0x00, 0x00, 0x00, 0xF8, 0xFF, 0x13, 0xFE, 0xBF,
    0x00, 0x00, 0x00, 0x00, 0xA0, 0xFF, 0x2F, 0xE1, 0xFF, 0x0B, 0x00, 0x00,
    0x00, 0x00, 0xFD, 0xDF, 0x11, 0xFE, 0xBF, 0x00, 0x00, 0x00, 0x00, 0xF4,
    0xFF, 0x0A, 0xE1, 0xFF, 0x0B, 0x00, 0x00, 0x00, 0xC0, 0xFF, 0x5F, 0x10,
    0xFE, 0xBF, 0x00, 0x00, 0x00, 0xB2, 0xFF, 0xCF, 0x00, 0xE1, 0xFF, 0x4C,
    0x44, 0x64, 0xE9, 0xFF, 0xFF, 0x03, 0x10, 0xFE, 0xFF, 0xFF, 0xFF, 0xFF,
    0xFF, 0xEF, 0x05, 0x00, 0xE1, 0xFF, 0xFF, 0xFF, 0xFF, 0xFF, 0xBF, 0x03,
    0x00, 0x10, 0xED, 0xEE, 0xEE, 0xEE, 0xCD, 0x49, 0x00, 0x00, 0x00, 0x10,
    0x11, 0x11, 0x11, 0x11, 0x00, 0x00, 0x00, 0x00, 0x00, 0x00, 0x00, 0x00,
    0x00, 0x00, 0x00, 0x00, 0x00, 0x40, 0x44, 0x00, 0x00, 0x00, 0x00, 0x00,
    0x00, 0x11, 0x01, 0xF1, 0xEF, 0x00, 0x00, 0x00, 0x00, 0x00, 0x70, 0xEE,
    0x3E, 0xE0, 0xBF, 0x00, 0x00, 0x00, 0x00, 0x00, 0x80, 0xFF, 0x4F, 0xE0,
    0x9F, 0x00, 0x00, 0x00, 0x00, 0x00, 0x70, 0xFF, 0x3F, 0xE0, 0x7F, 0x00,
    0x00, 0x00, 0x00, 0x00, 0x80, 0xFF, 0x3F, 0xF0, 0x6F, 0x00, 0x00, 0x00,
    0x11, 0x00, 0x80, 0xFF, 0x4F, 0x40, 0x14, 0x00, 0x20, 0xC8, 0xEE, 0x6B,
    0x70, 0xFF, 0x4F, 0x00, 0x00, 0x00, 0xE4, 0xFF, 0xFF, 0xFF, 0x77, 0xFF,
    0x4F, 0x00, 0x00, 0x30, 0xFE, 0xFF, 0xEF, 0xFE, 0xCF, 0xFF, 0x4F, 0x00,
    0x00, 0xB0, 0xFF, 0xCF, 0x14, 0x62, 0xFE, 0xFF, 0x4F, 0x00, 0x00, 0xF3,
    0xFF, 0x1D, 0x00, 0x00, 0xF4, 0xFF, 0x4F, 0x00, 0x00, 0xF7, 0xFF, 0x06,
    0x00, 0x00, 0xB0, 0xFF, 0x4F, 0x00, 0x00, 0xFA, 0xFF, 0x02, 0x00, 0x00,
    0x70, 0xFF, 0x4F, 0x00, 0x00, 0xFB, 0xEF, 0x01, 0x00, 0x00, 0x60, 0xFF,
    0x4F, 0x00, 0x00, 0xFB, 0xEF, 0x01, 0x00, 0x00, 0x50, 0xFF, 0x4F, 0x00,
    0x00, 0xFA, 0xFF, 0x02, 0x00, 0x00, 0x70, 0xFF, 0x4F, 0x00, 0x00, 0xF8,
    0xFF, 0x05, 0x00, 0x00, 0xA0, 0xFF, 0x4F, 0x00, 0x00, 0xF4, 0xFF, 0x0C,
    0x00, 0x00, 0xE3, 0xFF, 0x4F, 0x00, 0x00, 0xD0, 0xFF, 0x9F, 0x01, 0x30,
    0xFD, 0xFF, 0x4F, 0x00, 0x00, 0x50, 0xFF, 0xFF, 0xBE, 0xFC, 0xCF, 0xFF,
    0x4F, 0x00, 0x00, 0x00, 0xF7, 0xFF, 0xFF, 0xFF, 0x5A, 0xFF, 0x4F, 0x00,
    0x00, 0x00, 0x50, 0xFC, 0xFF, 0x9E, 0x50, 0xEE, 0x3E, 0x00, 0x00, 0x00,
    0x00, 0x20, 0x34, 0x01, 0x00, 0x11, 0x01, 0x00, 0x00, 0x00, 0x10, 0x11,
    0x11, 0x11, 0x11, 0x00, 0x00, 0x00, 0x00, 0x00, 0x10, 0xED, 0xEE, 0xEE,
    0xEE, 0xCD, 0x49, 0x00, 0x00, 0x00, 0x00, 0xE1, 0xFF, 0xFF, 0xFF, 0xFF,
    0xFF, 0xBF, 0x03, 0x00, 0x00, 0x10, 0xFE, 0xFF, 0xFF, 0xFF, 0xFF, 0xFF,
    0xFF, 0x05, 0x00, 0x00, 0xE1, 0xFF, 0x4C, 0x44, 0x64, 0xE9, 0xFF, 0xFF,
    0x03, 0x00, 0x10, 0xFE, 0xBF, 0x00, 0x00, 0x00, 0xB2, 0xFF, 0xCF, 0x00,
    0x00, 0xE1, 0xFF, 0x0B, 0x00, 0x00, 0x00, 0xC0, 0xFF, 0x5F, 0x00, 0x10,
    0xFE, 0xBF, 0x00, 0x00, 0x00, 0x00, 0xF4, 0xFF, 0x0A, 0x00, 0xE1, 0xFF,
    0x0B, 0x00, 0x00, 0x00, 0x00, 0xFD, 0xEF, 0x11, 0x21, 0xFE, 0xBF, 0x11,
    0x11, 0x01, 0x00, 0xA0, 0xFF, 0x2F, 0xE9, 0xFE, 0xFF, 0xEF, 0xEE, 0x8E,
    0x00, 0x00, 0xF8, 0xFF, 0xA3, 0xFF, 0xFF, 0xFF, 0xFF, 0xFF, 0x09, 0x00,
    0x70, 0xFF, 0x4F, 0xB7, 0xFB, 0xFF, 0xBE, 0xBB, 0x6B, 0x00, 0x00, 0xF8,
    0xFF, 0x03, 0x00, 0xFE, 0xBF, 0x00, 0x00, 0x00, 0x00, 0xA0, 0xFF, 0x2F,
    0x00, 0xE1, 0xFF, 0x0B, 0x00, 0x00, 0x00, 0x00, 0xFD, 0xDF, 0x01, 0x10,
    0xFE, 0xBF, 0x00, 0x00, 0x00, 0x00, 0xF4, 0xFF, 0x0A, 0x00, 0xE1, 0xFF,
    0x0B, 0x00, 0x00, 0x00, 0xC0, 0xFF, 0x5F, 0x00, 0x10, 0xFE, 0xBF, 0x00,
    0x00, 0x00, 0xB2, 0xFF, 0xCF, 0x00, 0x00, 0xE1, 0xFF, 0x4C, 0x44, 0x64,
    0xE9, 0xFF, 0xFF, 0x03, 0x00, 0x10, 0xFE, 0xFF, 0xFF, 0xFF, 0xFF, 0xFF,
    0xEF, 0x05, 0x00, 0x00, 0xE1, 0xFF, 0xFF, 0xFF, 0xFF, 0xFF, 0xBF, 0x03,
    0x00, 0x00, 0x10, 0xED, 0xEE, 0xEE, 0xEE, 0xCD, 0x48, 0x00, 0x00, 0x00,
    0x00, 0x10, 0x11, 0x11, 0x11, 0x11, 0x00, 0x00, 0x00, 0x00, 0x00, 0x00,
    0x00, 0x00, 0x00, 0x00, 0x10, 0x23, 0x12, 0x00, 0x00, 0x00, 0x00, 0x00,
    0x00, 0x70, 0xEF, 0x3F, 0x00, 0x00, 0x00, 0x00, 0x60, 0x77, 0xB7, 0xFF,
    0x9F, 0x17, 0x00, 0x00, 0x00, 0xD0, 0xFF, 0xFF, 0xFF, 0xFF, 0x1F, 0x00,
    0x00, 0x00, 0x80, 0xBB, 0xDB, 0xFF, 0xCF, 0x1A, 0x00, 0x00, 0x00, 0x01,
    0x00, 0x70, 0xFF, 0x3F, 0x00, 0x00, 0x20, 0xC8, 0xEE, 0x6C, 0x80, 0xFF,
    0x4F, 0x00, 0x00, 0xE4, 0xFF, 0xFF, 0xFF, 0x77, 0xFF, 0x4F, 0x00, 0x30,
    0xFE, 0xFF, 0xEF, 0xFE, 0xCF, 0xFF, 0x4F, 0x00, 0xB0, 0xFF, 0xCF, 0x14,
    0x62, 0xFE, 0xFF, 0x4F, 0x00, 0xF3, 0xFF, 0x1D, 0x00, 0x00, 0xF4, 0xFF,
    0x4F, 0x00, 0xF7, 0xFF, 0x06, 0x00, 0x00, 0xB0, 0xFF, 0x4F, 0x00, 0xFA,
    0xFF, 0x02, 0x00, 0x00, 0x70, 0xFF, 0x4F, 0x00, 0xFB, 0xEF, 0x01, 0x00,
    0x00, 0x60, 0xFF, 0x4F, 0x00, 0xFB, 0xEF, 0x01, 0x00, 0x00, 0x50, 0xFF,
    0x4F, 0x00, 0xFA, 0xFF, 0x02, 0x00, 0x00, 0x70, 0xFF, 0x4F, 0x00, 0xF8,
    0xFF, 0x05, 0x00, 0x00, 0xA0, 0xFF, 0x4F, 0x00, 0xF4, 0xFF, 0x0C, 0x00,
    0x00, 0xE3, 0xFF, 0x4F, 0x00, 0xD0, 0xFF, 0x9F, 0x01, 0x30, 0xFD, 0xFF,
    0x4F, 0x00, 0x50, 0xFF, 0xFF, 0xBE, 0xFC, 0xCF, 0xFF, 0x4F, 0x00, 0x00,
    0xF7, 0xFF, 0xFF, 0xFF, 0x5A, 0xFF, 0x4F, 0x00, 0x00, 0x50, 0xFC, 0xFF,
    0x9E, 0x50, 0xDE, 0x3E, 0x00, 0x00, 0x00, 0x20, 0x34, 0x01, 0x00, 0x11,
    0x01, 0x00, 0x00, 0x00, 0x77, 0x77, 0x77, 0x77, 0x00, 0x00, 0x00, 0xF1,
    0xFF, 0xFF, 0xFF, 0x1F, 0x00, 0x00, 0x10, 0xED, 0xEE, 0xEE, 0xDE, 0x01,
    0x00, 0x00, 0x10, 0x11, 0x11, 0x11, 0x01, 0x00, 0x00, 0x00, 0x00, 0x00,
    0x00, 0x00, 0x00, 0x00, 0x11, 0x11, 0x11, 0x11, 0x11, 0x11, 0x11, 0xD1,
    0xEE, 0xEE, 0xEE, 0xEE, 0xEE, 0xEE, 0x1A, 0xFE, 0xFF, 0xFF, 0xFF, 0xFF,
    0xFF, 0xBF, 0xE1, 0xFF, 0xFF, 0xFF, 0xFF, 0xFF, 0xFF, 0x1C, 0xFE, 0xCF,
    0x44, 0x44, 0x44, 0x44, 0x34, 0xE1, 0xFF, 0x0B, 0x00, 0x00, 0x00, 0x00,
    0x10, 0xFE, 0xBF, 0x00, 0x00, 0x00, 0x00, 0x00, 0xE1, 0xFF, 0x0B, 0x00,
    0x00, 0x00, 0x00, 0x10, 0xFE, 0xBF, 0x00, 0x00, 0x00, 0x00, 0x00, 0xE1,
    0xFF, 0x4C, 0x44, 0x44, 0x44, 0x44, 0x10, 0xFE, 0xFF, 0xFF, 0xFF, 0xFF,
    0xFF, 0x1F, 0xE1, 0xFF, 0xFF, 0xFF, 0xFF, 0xFF, 0xEF, 0x11, 0xFE, 0xFF,
    0xEE, 0xEE, 0xEE, 0xEE, 0x1D, 0xE1, 0xFF, 0x1B, 0x11, 0x11, 0x11, 0x11,
    0x10, 0xFE, 0xBF, 0x00, 0x00, 0x00, 0x00, 0x00, 0xE1, 0xFF, 0x0B, 0x00,
    0x00, 0x00, 0x00, 0x10, 0xFE, 0xBF, 0x00, 0x00, 0x00, 0x00, 0x00, 0xE1,
    0xFF, 0x0B, 0x00, 0x00, 0x00, 0x00, 0x10, 0xFE, 0xCF, 0x44, 0x44, 0x44,
    0x44, 0x34, 0xE1, 0xFF, 0xFF, 0xFF, 0xFF, 0xFF, 0xFF, 0x1C, 0xFE, 0xFF,
    0xFF, 0xFF, 0xFF, 0xFF, 0xBF, 0xD1, 0xEE, 0xEE, 0xEE, 0xEE, 0xEE, 0xEE,
    0x0A, 0x11, 0x11, 0x11, 0x11, 0x11, 0x11, 0x11, 0x00, 0x20, 0x44, 0x44,
    0x44, 0x24, 0x00, 0x00, 0x00, 0x80, 0xFF, 0xFF, 0xFF, 0x8F, 0x00, 0x00,
    0x00, 0x80, 0xFF, 0xFF, 0xFF, 0x8F, 0x00, 0x00, 0x00, 0x20, 0x44, 0x44,
    0x44, 0x24, 0x00, 0x00, 0x00, 0x00, 0x00, 0x00, 0x00, 0x00, 0x00, 0x00,
    0x00, 0x00, 0x10, 0x43, 0x23, 0x00, 0x00, 0x00, 0x00, 0x10, 0xD8, 0xFF,
    0xEF, 0x4B, 0x00, 0x00, 0x00, 0xD3, 0xFF, 0xFF, 0xFF, 0xFF, 0x08, 0x00,
    0x20, 0xFE, 0xFF, 0xBE, 0xFC, 0xFF, 0x7F, 0x00, 0xA0, 0xFF, 0x8F, 0x01,
    0x30, 0xFC, 0xFF, 0x02, 0xF3, 0xFF, 0x0A, 0x00, 0x00, 0xF3, 0xFF, 0x08,
    0xF7, 0xFF, 0x02, 0x00, 0x00, 0xA0, 0xFF, 0x0C, 0xFA, 0xFF, 0x78, 0x77,
    0x87, 0xC8, 0xFF, 0x0D, 0xFB, 0xFF, 0xFF, 0xFF, 0xFF, 0xFF, 0xFF, 0x1E,
    0xFB, 0xFF, 0xEE, 0xEE, 0xEE, 0xEE, 0xEE, 0x1D, 0xFA, 0xEF, 0x12, 0x11,
    0x11, 0x11, 0x11, 0x01, 0xF7, 0xFF, 0x03, 0x00, 0x00, 0x00, 0x00, 0x00,
    0xF3, 0xFF, 0x0A, 0x00, 0x00, 0x80, 0x58, 0x02, 0xB0, 0xFF, 0x9F, 0x01,
    0x10, 0xF8, 0xFF, 0x08, 0x20, 0xFE, 0xFF, 0xBE, 0xEB, 0xFF, 0xDF, 0x01,
    0x00, 0xD4, 0xFF, 0xFF, 0xFF, 0xFF, 0x3D, 0x00, 0x00, 0x10, 0xD8, 0xFF,
    0xFF, 0x8D, 0x01, 0x00, 0x00, 0x00, 0x00, 0x42, 0x24, 0x00, 0x00, 0x00,
    0x00, 0x40, 0x36, 0x00, 0x00, 0x64, 0x03, 0x00, 0x00, 0xFA, 0x0B, 0x00,
    0xE1, 0x7F, 0x00, 0x00, 0x40, 0xFF, 0x49, 0xB5, 0xEF, 0x02, 0x00, 0x00,
    0x90, 0xFF, 0xFF, 0xFF, 0x06, 0x00, 0x00, 0x00, 0x60, 0xEC, 0xBD, 0x04,
    0x00, 0x00, 0x00, 0x00, 0x00, 0x01, 0x00, 0x00, 0x00, 0x10, 0x11, 0x11,
    0x11, 0x11, 0x11, 0x11, 0x11, 0xED, 0xEE, 0xEE, 0xEE, 0xEE, 0xEE, 0xAE,
    0xE1, 0xFF, 0xFF, 0xFF, 0xFF, 0xFF, 0xFF, 0x1B, 0xFE, 0xFF, 0xFF, 0xFF,
    0xFF, 0xFF, 0xCF, 0xE1, 0xFF, 0x4C, 0x44, 0x44, 0x44, 0x44, 0x13, 0xFE,
    0xBF, 0x00, 0x00, 0x00, 0x00, 0x00, 0xE1, 0xFF, 0x0B, 0x00, 0x00, 0x00,
    0x00, 0x10, 0xFE, 0xBF, 0x00, 0x00, 0x00, 0x00, 0x00, 0xE1, 0xFF, 0x0B,
    0x00, 0x00, 0x00, 0x00, 0x10, 0xFE, 0xCF, 0x44, 0x44, 0x44, 0x44, 0x04,
    0xE1, 0xFF, 0xFF, 0xFF, 0xFF, 0xFF, 0xFF, 0x11, 0xFE, 0xFF, 0xFF, 0xFF,
    0xFF, 0xFF, 0x1E, 0xE1, 0xFF, 0xEF, 0xEE, 0xEE, 0xEE, 0xDE, 0x11, 0xFE,
    0xBF, 0x11, 0x11, 0x11, 0x11, 0x01, 0xE1, 0xFF, 0x0B, 0x00, 0x00, 0x00,
    0x00, 0x10, 0xFE, 0xBF, 0x00, 0x00, 0x00, 0x00, 0x00, 0xE1, 0xFF, 0x0B,
    0x00, 0x00, 0x00, 0x00, 0x10, 0xFE, 0xBF, 0x00, 0x00, 0x00, 0x00, 0x00,
    0xE1, 0xFF, 0x4C, 0x44, 0x44, 0x44, 0x44, 0x13, 0xFE, 0xFF, 0xFF, 0xFF,
    0xFF, 0xFF, 0xCF, 0xE1, 0xFF, 0xFF, 0xFF, 0xFF, 0xFF, 0xFF, 0x1B, 0xED,
    0xEE, 0xEE, 0xEE, 0xEE, 0xEE, 0xAE, 0x10, 0x11, 0x11, 0x11, 0x11, 0x11,
    0x11, 0x01, 0x00, 0x20, 0x03, 0x00, 0x00, 0x22, 0x01, 0x00, 0x00, 0xD1,
    0x5F, 0x00, 0x20, 0xFE, 0x03, 0x00, 0x00, 0xA0, 0xDF, 0x14, 0xB3, 0xDF,
    0x01, 0x00, 0x00, 0x20, 0xFE, 0xEF, 0xFF, 0x5F, 0x00, 0x00, 0x00, 0x00,
    0xB3, 0xFF, 0xCF, 0x05, 0x00, 0x00, 0x00, 0x00, 0x00, 0x32, 0x02, 0x00,
    0x00, 0x00, 0x00, 0x00, 0x10, 0x32, 0x13, 0x00, 0x00, 0x00, 0x00, 0x10,
    0xD8, 0xFF, 0xEF, 0x4B, 0x00, 0x00, 0x00, 0xD3, 0xFF, 0xFF, 0xFF, 0xFF,
    0x08, 0x00, 0x20, 0xFE, 0xFF, 0xBE, 0xFC, 0xFF, 0x7F, 0x00, 0xA0, 0xFF,
    0x8F, 0x01, 0x30, 0xFC, 0xFF, 0x02, 0xF3, 0xFF, 0x0A, 0x00, 0x00, 0xF3,
    0xFF, 0x08, 0xF7, 0xFF, 0x02, 0x00, 0x00, 0xA0, 0xFF, 0x0C, 0xFA, 0xFF,
    0x78, 0x77, 0x87, 0xC8, 0xFF, 0x0D, 0xFB, 0xFF, 0xFF, 0xFF, 0xFF, 0xFF,
    0xFF, 0x1E, 0xFB, 0xFF, 0xEE, 0xEE, 0xEE, 0xEE, 0xEE, 0x1D, 0xFA, 0xEF,
    0x12, 0x11, 0x11, 0x11, 0x11, 0x01, 0xF7, 0xFF, 0x03, 0x00, 0x00, 0x00,
    0x00, 0x00, 0xF3, 0xFF, 0x0A, 0x00, 0x00, 0x80, 0x58, 0x02, 0xB0, 0xFF,
    0x9F, 0x01, 0x10, 0xF8, 0xFF, 0x08, 0x20, 0xFE, 0xFF, 0xBE, 0xEB, 0xFF,
    0xDF, 0x01, 0x00, 0xD4, 0xFF, 0xFF, 0xFF, 0xFF, 0x3D, 0x00, 0x00, 0x10,
    0xD8, 0xFF, 0xFF, 0x8D, 0x01, 0x00, 0x00, 0x00, 0x00, 0x42, 0x24, 0x00,
    0x00, 0x00, 0x00, 0x00, 0x00, 0x30, 0x03, 0x00, 0x00, 0x00, 0x00, 0x00,
    0xA0, 0xFF, 0x07, 0x00, 0x00, 0x00, 0x00, 0x40, 0xFF, 0xEF, 0x01, 0x00,
    0x00, 0x00, 0x00, 0xE2, 0xFF, 0x0C, 0x00, 0x00, 0x00, 0x00, 0x00, 0xB4,
    0x2A, 0x00, 0x00, 0x00, 0x00, 0x00, 0x00, 0x00, 0x00, 0x00, 0x00, 0x10,
    0x11, 0x11, 0x11, 0x11, 0x11, 0x11, 0x11, 0xED, 0xEE, 0xEE, 0xEE, 0xEE,
    0xEE, 0xAE, 0xE1, 0xFF, 0xFF, 0xFF, 0xFF, 0xFF, 0xFF, 0x1B, 0xFE, 0xFF,
    0xFF, 0xFF, 0xFF, 0xFF, 0xCF, 0xE1, 0xFF, 0x4C, 0x44, 0x44, 0x44, 0x44,
    0x13, 0xFE, 0xBF, 0x00, 0x00, 0x00, 0x00, 0x00, 0xE1, 0xFF, 0x0B, 0x00,
    0x00, 0x00, 0x00, 0x10, 0xFE, 0xBF, 0x00, 0x00, 0x00, 0x00, 0x00, 0xE1,
    0xFF, 0x0B, 0x00, 0x00, 0x00, 0x00, 0x10, 0xFE, 0xCF, 0x44, 0x44, 0x44,
    0x44, 0x04, 0xE1, 0xFF, 0xFF, 0xFF, 0xFF, 0xFF, 0xFF, 0x11, 0xFE, 0xFF,
    0xFF, 0xFF, 0xFF, 0xFF, 0x1E, 0xE1, 0xFF, 0xEF, 0xEE, 0xEE, 0xEE, 0xDE,
    0x11, 0xFE, 0xBF, 0x11, 0x11, 0x11, 0x11, 0x01, 0xE1, 0xFF, 0x0B, 0x00,
    0x00, 0x00, 0x00, 0x10, 0xFE, 0xBF, 0x00, 0x00, 0x00, 0x00, 0x00, 0xE1,
    0xFF, 0x0B, 0x00, 0x00, 0x00, 0x00, 0x10, 0xFE, 0xBF, 0x00, 0x00, 0x00,
    0x00, 0x00, 0xE1, 0xFF, 0x4C, 0x44, 0x44, 0x44, 0x44, 0x13, 0xFE, 0xFF,
    0xFF, 0xFF, 0xFF, 0xFF, 0xCF, 0xE1, 0xFF, 0xFF, 0xFF, 0xFF, 0xFF, 0xFF,
    0x1B, 0xED, 0xEE, 0xEE, 0xEE, 0xEE, 0xEE, 0xAE, 0x10, 0x11, 0x11, 0x11,
    0x11, 0x11, 0x11, 0x01, 0x00, 0x00, 0x00, 0x10, 0x00, 0x00, 0x00, 0x00,
    0x00, 0x00, 0x10, 0xEA, 0x2B, 0x00, 0x00, 0x00, 0x00, 0x00, 0x60, 0xFF,
    0xAF, 0x00, 0x00, 0x00, 0x00, 0x00, 0x60, 0xFF, 0xAF, 0x00, 0x00, 0x00,
    0x00, 0x00, 0x10, 0xEA, 0x2C, 0x00, 0x00, 0x00, 0x00, 0x00, 0x00, 0x00,
    0x00, 0x00, 0x00, 0x00, 0x00, 0x00, 0x10, 0x33, 0x23, 0x00, 0x00, 0x00,
    0x00, 0x10, 0xD8, 0xFF, 0xEF, 0x4B, 0x00, 0x00, 0x00, 0xD3, 0xFF, 0xFF,
    0xFF, 0xFF, 0x08, 0x00, 0x20, 0xFE, 0xFF, 0xBE, 0xFC, 0xFF, 0x7F, 0x00,
    0xA0, 0xFF, 0x8F, 0x01, 0x30, 0xFC, 0xFF, 0x02, 0xF3, 0xFF, 0x0A, 0x00,
    0x00, 0xF3, 0xFF, 0x08, 0xF7, 0xFF, 0x02, 0x00, 0x00, 0xA0, 0xFF, 0x0C,
    0xFA, 0xFF, 0x78, 0x77, 0x87, 0xC8, 0xFF, 0x0D, 0xFB, 0xFF, 0xFF, 0xFF,
    0xFF, 0xFF, 0xFF, 0x1E, 0xFB, 0xFF, 0xEE, 0xEE, 0xEE, 0xEE, 0xEE, 0x1D,
    0xFA, 0xEF, 0x12, 0x11, 0x11, 0x11, 0x11, 0x01, 0xF7, 0xFF, 0x03, 0x00,
    0x00, 0x00, 0x00, 0x00, 0xF3, 0xFF, 0x0A, 0x00, 0x00, 0x80, 0x58, 0x02,
    0xB0, 0xFF, 0x9F, 0x01, 0x10, 0xF8, 0xFF, 0x08, 0x20, 0xFE, 0xFF, 0xBE,
    0xEB, 0xFF, 0xDF, 0x01, 0x00, 0xD4, 0xFF, 0xFF, 0xFF, 0xFF, 0x3D, 0x00,
    0x00, 0x10, 0xD8, 0xFF, 0xFF, 0x8D, 0x01, 0x00, 0x00, 0x00, 0x00, 0x42,
    0x24, 0x00, 0x00, 0x00, 0x40, 0x44, 0x44, 0x44, 0x44, 0x44, 0x44, 0x03,
    0xF1, 0xFF, 0xFF, 0xFF, 0xFF, 0xFF, 0xFF, 0x0C, 0xE1, 0xFF, 0xFF, 0xFF,
    0xFF, 0xFF, 0xFF, 0x0B, 0xE1, 0xFF, 0xEF, 0xEE, 0xEE, 0xEE, 0xEE, 0x0A,
    0xE1, 0xFF, 0x1B, 0x11, 0x11, 0x11, 0x11, 0x01, 0xE1, 0xFF, 0x0B, 0x00,
    0x00, 0x00, 0x00, 0x00, 0xE1, 0xFF, 0x0B, 0x00, 0x00, 0x00, 0x00, 0x00,
    0xE1, 0xFF, 0x0B, 0x00, 0x00, 0x00, 0x00, 0x00, 0xE1, 0xFF, 0x0B, 0x00,
    0x00, 0x00, 0x00, 0x00, 0xE1, 0xFF, 0x4C, 0x44, 0x44, 0x44, 0x44, 0x00,
    0xE1, 0xFF, 0xFF, 0xFF, 0xFF, 0xFF, 0xFF, 0x01, 0xE1, 0xFF, 0xFF, 0xFF,
    0xFF, 0xFF, 0xEF, 0x01, 0xE1, 0xFF, 0xEF, 0xEE, 0xEE, 0xEE, 0xDE, 0x01,
    0xE1, 0xFF, 0x1B, 0x11, 0x11, 0x11, 0x11, 0x00, 0xE1, 0xFF, 0x0B, 0x00,
    0x00, 0x00, 0x00, 0x00, 0xE1, 0xFF, 0x0B, 0x00, 0x00, 0x00, 0x00, 0x00,
    0xE1, 0xFF, 0x0B, 0x00, 0x00, 0x00, 0x00, 0x00, 0xE1, 0xFF, 0x0B, 0x00,
    0x00, 0x00, 0x00, 0x00, 0xE1, 0xFF, 0x4C, 0x44, 0x44, 0x44, 0x44, 0x03,
    0xE1, 0xFF, 0xFF, 0xFF, 0xFF, 0xFF, 0xFF, 0x0C, 0xE1, 0xFF, 0xFF, 0xFF,
    0xFF, 0xFF, 0xFF, 0x0B, 0xD1, 0xEE, 0xEE, 0xEE, 0xEE, 0xFE, 0xFF, 0x0B,
    0x10, 0x11, 0x11, 0x11, 0x11, 0xF9, 0xCF, 0x03, 0x00, 0x00, 0x00, 0x00,
    0x40, 0xFF, 0x1C, 0x00, 0x00, 0x00, 0x00, 0x00, 0xA0, 0xFF, 0x08, 0x00,
    0x00, 0x00, 0x00, 0x00, 0xB0, 0xFF, 0x8D, 0x09, 0x00, 0x00, 0x00, 0x00,
    0x60, 0xFF, 0xFF, 0x4F, 0x00, 0x00, 0x00, 0x00, 0x00, 0xC6, 0xDE, 0x3A,
    0x00, 0x00, 0x00, 0x00, 0x00, 0x00, 0x11, 0x00, 0x00, 0x00, 0x10, 0x43,
    0x13, 0x00, 0x00, 0x00, 0x00, 0x10, 0xD8, 0xFF, 0xEF, 0x4B, 0x00, 0x00,
    0x00, 0xD3, 0xFF, 0xFF, 0xFF, 0xFF, 0x08, 0x00, 0x20, 0xFE, 0xFF, 0xBE,
    0xFC, 0xFF, 0x7F, 0x00, 0xA0, 0xFF, 0x8F, 0x01, 0x30, 0xFC, 0xFF, 0x02,
    0xF3, 0xFF, 0x0A, 0x00, 0x00, 0xF3, 0xFF, 0x08, 0xF7, 0xFF, 0x02, 0x00,
    0x00, 0xA0, 0xFF, 0x0C, 0xFA, 0xFF, 0x78, 0x77, 0x87, 0xC8, 0xFF, 0x0D,
    0xFB, 0xFF, 0xFF, 0xFF, 0xFF, 0xFF, 0xFF, 0x1E, 0xFB, 0xFF, 0xEE, 0xEE,
    0xEE, 0xEE, 0xEE, 0x1D, 0xFA, 0xEF, 0x12, 0x11, 0x11, 0x11, 0x11, 0x01,
    0xF7, 0xFF, 0x03, 0x00, 0x00, 0x00, 0x00, 0x00, 0xF3, 0xFF, 0x0A, 0x00,
    0x00, 0x80, 0x59, 0x02, 0xB0, 0xFF, 0x9F, 0x01, 0x10, 0xF8, 0xFF, 0x09,
    0x20, 0xFE, 0xFF, 0xBE, 0xEB, 0xFF, 0xFF, 0x03, 0x00, 0xD4, 0xFF, 0xFF,
    0xFF, 0xFF, 0x9F, 0x00, 0x00, 0x10, 0xD8, 0xFF, 0xFF, 0xFF, 0x1D, 0x00,
    0x00, 0x00, 0x00, 0x42, 0xD4, 0xFF, 0x05, 0x00, 0x00, 0x00, 0x00, 0x00,
    0xF5, 0xBF, 0x00, 0x00, 0x00, 0x00, 0x00, 0x00, 0xFB, 0x8F, 0x00, 0x00,
    0x00, 0x00, 0x00, 0x00, 0xFB, 0xDF, 0x98, 0x01, 0x00, 0x00, 0x00, 0x00,
    0xF6, 0xFF, 0xFF, 0x06, 0x00, 0x00, 0x00, 0x00, 0x60, 0xDC, 0xBD, 0x04,
    0x00, 0x00, 0x00, 0x00, 0x00, 0x10, 0x01, 0x00, 0x00, 0x61, 0x56, 0x00,
    0x10, 0x56, 0x16, 0x00, 0x10, 0xFA, 0x9F, 0x10, 0xFC, 0x9F, 0x00, 0x00,
    0x00, 0xFA, 0x6F, 0xF9, 0x8F, 0x00, 0x00, 0x00, 0x00, 0xFB, 0xFF, 0x9F,
    0x00, 0x00, 0x00, 0x00, 0x10, 0xBA, 0x8B, 0x00, 0x00, 0x00, 0x00, 0x00,
    0x00, 0x00, 0x00, 0x00, 0x00, 0x10, 0x11, 0x11, 0x11, 0x11, 0x11, 0x11,
    0x11, 0xED, 0xEE, 0xEE, 0xEE, 0xEE, 0xEE, 0xAE, 0xE1, 0xFF, 0xFF, 0xFF,
    0xFF, 0xFF, 0xFF, 0x1B, 0xFE, 0xFF, 0xFF, 0xFF, 0xFF, 0xFF, 0xCF, 0xE1,
    0xFF, 0x4C, 0x44, 0x44, 0x44, 0x44, 0x13, 0xFE, 0xBF, 0x00, 0x00, 0x00,
    0x00, 0x00, 0xE1, 0xFF, 0x0B, 0x00, 0x00, 0x00, 0x00, 0x10, 0xFE, 0xBF,
    0x00, 0x00, 0x00, 0x00, 0x00, 0xE1, 0xFF, 0x0B, 0x00, 0x00, 0x00, 0x00,
    0x10, 0xFE, 0xCF, 0x44, 0x44, 0x44, 0x44, 0x04, 0xE1, 0xFF, 0xFF, 0xFF,
    0xFF, 0xFF, 0xFF, 0x11, 0xFE, 0xFF, 0xFF, 0xFF, 0xFF, 0xFF, 0x1E, 0xE1,
    0xFF, 0xEF, 0xEE, 0xEE, 0xEE, 0xDE, 0x11, 0xFE, 0xBF, 0x11, 0x11, 0x11,
    0x11, 0x01, 0xE1, 0xFF, 0x0B, 0x00, 0x00, 0x00, 0x00, 0x10, 0xFE, 0xBF,
    0x00, 0x00, 0x00, 0x00, 0x00, 0xE1, 0xFF, 0x0B, 0x00, 0x00, 0x00, 0x00,
    0x10, 0xFE, 0xBF, 0x00, 0x00, 0x00, 0x00, 0x00, 0xE1, 0xFF, 0x4C, 0x44,
    0x44, 0x44, 0x44, 0x13, 0xFE, 0xFF, 0xFF, 0xFF, 0xFF, 0xFF, 0xCF, 0xE1,
    0xFF, 0xFF, 0xFF, 0xFF, 0xFF, 0xFF, 0x1B, 0xED, 0xEE, 0xEE, 0xEE, 0xEE,
    0xEE, 0xAE, 0x10, 0x11, 0x11, 0x11, 0x11, 0x11, 0x11, 0x01, 0x00, 0x32,
    0x22, 0x00, 0x10, 0x44, 0x04, 0x00, 0x00, 0xD2, 0xEF, 0x04, 0xC1, 0xFF,
    0x07, 0x00, 0x00, 0x30, 0xFE, 0x3E, 0xFA, 0x7F, 0x00, 0x00, 0x00, 0x00,
    0xE3, 0xFF, 0xFF, 0x08, 0x00, 0x00, 0x00, 0x00, 0x30, 0xDC, 0x8D, 0x00,
    0x00, 0x00, 0x00, 0x00, 0x00, 0x00, 0x00, 0x00, 0x00, 0x00, 0x00, 0x00,
    0x10, 0x43, 0x23, 0x00, 0x00, 0x00, 0x00, 0x10, 0xD8, 0xFF, 0xEF, 0x4B,
    0x00, 0x00, 0x00, 0xD3, 0xFF, 0xFF, 0xFF, 0xFF, 0x08, 0x00, 0x20, 0xFE,
    0xFF, 0xBE, 0xFC, 0xFF, 0x7F, 0x00, 0xA0, 0xFF, 0x8F, 0x01, 0x30, 0xFC,
    0xFF, 0x02, 0xF3, 0xFF, 0x0A, 0x00, 0x00, 0xF3, 0xFF, 0x08, 0xF7, 0xFF,
    0x02, 0x00, 0x00, 0xA0, 0xFF, 0x0C, 0xFA, 0xFF, 0x78, 0x77, 0x87, 0xC8,
    0xFF, 0x0D, 0xFB, 0xFF, 0xFF, 0xFF, 0xFF, 0xFF, 0xFF, 0x1E, 0xFB, 0xFF,
    0xEE, 0xEE, 0xEE, 0xEE, 0xEE, 0x1D, 0xFA, 0xEF, 0x12, 0x11, 0x11, 0x11,
    0x11, 0x01, 0xF7, 0xFF, 0x03, 0x00, 0x00, 0x00, 0x00, 0x00, 0xF3, 0xFF,
    0x0A, 0x00, 0x00, 0x80, 0x59, 0x02, 0xB0, 0xFF, 0x9F, 0x01, 0x10, 0xF8,
    0xFF, 0x08, 0x20, 0xFE, 0xFF, 0xBE, 0xEB, 0xFF, 0xDF, 0x01, 0x00, 0xD4,
    0xFF, 0xFF, 0xFF, 0xFF, 0x3D, 0x00, 0x00, 0x10, 0xD8, 0xFF, 0xFF, 0x8D,
    0x01, 0x00, 0x00, 0x00, 0x00, 0x42, 0x24, 0x00, 0x00, 0x00, 0x00, 0x00,
    0x00, 0x00, 0x64, 0x46, 0x00, 0x00, 0x00, 0x00, 0x00, 0x00, 0x00, 0x50,
    0xFF, 0xFF, 0x06, 0x00, 0x00, 0x00, 0x00, 0x00, 0x00, 0xF4, 0xCF, 0xFB,
    0x5F, 0x00, 0x00, 0x00, 0x00, 0x00, 0x50, 0xFF, 0x2E, 0xD1, 0xFF, 0x06,
    0x00, 0x00, 0x00, 0x00, 0xA1, 0xBB, 0x04, 0x20, 0x99, 0x19, 0x00, 0x00,
    0x00, 0x00, 0x00, 0x00, 0x00, 0x00, 0x00, 0x00, 0x00, 0x00, 0x00, 0x00,
    0x00, 0x30, 0x76, 0x67, 0x14, 0x00, 0x00, 0x00, 0x00, 0x00, 0x50, 0xFC,
    0xFF, 0xFF, 0xDF, 0x18, 0x00, 0x00, 0x00, 0x10, 0xFA, 0xFF, 0xFF, 0xFF,
    0xFF, 0xDF, 0x03, 0x00, 0x00, 0xB1, 0xFF, 0xFF, 0xEF, 0xFE, 0xFF, 0xFF,
    0x3E, 0x00, 0x00, 0xF9, 0xFF, 0xAF, 0x24, 0x31, 0xE7, 0xFF, 0xDF, 0x01,
    0x30, 0xFF, 0xFF, 0x06, 0x00, 0x00, 0x30, 0xFE, 0xFE, 0x06, 0xA0, 0xFF,
    0x8F, 0x00, 0x00, 0x00, 0x00, 0xF6, 0xFF, 0x0D, 0xE1, 0xFF, 0x1D, 0x00,
    0x00, 0x00, 0x00, 0x90, 0xAA, 0x19, 0xF4, 0xFF, 0x09, 0x00, 0x00, 0x00,
    0x00, 0x00, 0x00, 0x00, 0xF6, 0xFF, 0x06, 0x00, 0x00, 0x00, 0x00, 0x00,
    0x00, 0x00, 0xF7, 0xFF, 0x04, 0x00, 0x00, 0x10, 0x11, 0x11, 0x11, 0x01,
    0xF7, 0xFF, 0x04, 0x00, 0x00, 0xE5, 0xEE, 0xEE, 0xEE, 0x4E, 0xF7, 0xFF,
    0x04, 0x00, 0x00, 0xF6, 0xFF, 0xFF, 0xFF, 0x4F, 0xF6, 0xFF, 0x06, 0x00,
    0x00, 0xE5, 0xEE, 0xEE, 0xFF, 0x4F, 0xF3, 0xFF, 0x0A, 0x00, 0x00, 0x10,
    0x11, 0x81, 0xFF, 0x3F, 0xD1, 0xFF, 0x2E, 0x00, 0x00, 0x00, 0x00, 0xB0,
    0xFF, 0x2F, 0x90, 0xFF, 0xAF, 0x00, 0x00, 0x00, 0x00, 0xF3, 0xFF, 0x0C,
    0x20, 0xFF, 0xFF, 0x19, 0x00, 0x00, 0x30, 0xFD, 0xFF, 0x07, 0x00, 0xF7,
    0xFF, 0xDF, 0x58, 0x64, 0xF9, 0xFF, 0xCF, 0x01, 0x00, 0x90, 0xFF, 0xFF,
    0xFF, 0xFF, 0xFF, 0xFF, 0x3E, 0x00, 0x00, 0x00, 0xE7, 0xFF, 0xFF, 0xFF,
    0xFF, 0xCF, 0x03, 0x00, 0x00, 0x00, 0x20, 0xD9, 0xFF, 0xFF, 0xBE, 0x06,
    0x00, 0x00, 0x00, 0x00, 0x00, 0x00, 0x42, 0x34, 0x01, 0x00, 0x00, 0x00,
    0x00, 0x00, 0x00, 0x22, 0x02, 0x00, 0x00, 0x00, 0x00, 0x00, 0x50, 0xFE,
    0xBF, 0x01, 0x00, 0x00, 0x00, 0x00, 0xF5, 0xDF, 0xFF, 0x0B, 0x00, 0x00,
    0x00, 0x40, 0xFF, 0x2E, 0xF7, 0xAF, 0x00, 0x00, 0x00, 0xD3, 0xDE, 0x03,
    0x90, 0xFE, 0x09, 0x00, 0x00, 0x11, 0x11, 0x00, 0x00, 0x11, 0x02, 0x00,
    0x00, 0x00, 0x00, 0x11, 0x00, 0x00, 0x00, 0x00, 0x00, 0x20, 0xC8, 0xDE,
    0x4B, 0x60, 0xBC, 0x3C, 0x00, 0xE4, 0xFF, 0xFF, 0xFF, 0x65, 0xFF, 0x4F,
    0x30, 0xFF, 0xFF, 0xEF, 0xFE, 0xAE, 0xFF, 0x4F, 0xB0, 0xFF, 0xCF, 0x14,
    0x72, 0xFF, 0xFF, 0x4F, 0xF3, 0xFF, 0x1D, 0x00, 0x00, 0xF6, 0xFF, 0x4F,
    0xF7, 0xFF, 0x06, 0x00, 0x00, 0xD0, 0xFF, 0x4F, 0xFA, 0xFF, 0x02, 0x00,
    0x00, 0x90, 0xFF, 0x4F, 0xFB, 0xEF, 0x01, 0x00, 0x00, 0x80, 0xFF, 0x4F,
    0xFB, 0xEF, 0x01, 0x00, 0x00, 0x80, 0xFF, 0x4F, 0xFA, 0xFF, 0x02, 0x00,
    0x00, 0xA0, 0xFF, 0x4F, 0xF8, 0xFF, 0x06, 0x00, 0x00, 0xD0, 0xFF, 0x4F,
    0xF4, 0xFF, 0x2D, 0x00, 0x00, 0xF8, 0xFF, 0x4F, 0xC0, 0xFF, 0xDF, 0x47,
    0xA5, 0xFF, 0xFF, 0x4F, 0x30, 0xFE, 0xFF, 0xFF, 0xFF, 0x9C, 0xFF, 0x4F,
    0x00, 0xD3, 0xFF, 0xFF, 0xEF, 0x73, 0xFF, 0x4F, 0x00, 0x10, 0x96, 0xAB,
    0x27, 0x80, 0xFF, 0x4F, 0x00, 0x00, 0x00, 0x00, 0x00, 0x80, 0xFF, 0x3F,
    0x00, 0x51, 0x01, 0x00, 0x00, 0xB0, 0xFF, 0x2F, 0x91, 0xFD, 0x1B, 0x00,
    0x00, 0xF6, 0xFF, 0x0C, 0xB0, 0xEF, 0xDF, 0x89, 0xC8, 0xFF, 0xFF, 0x04,
    0x10, 0xFB, 0xFF, 0xFF, 0xFF, 0xFF, 0x6F, 0x00, 0x00, 0x50, 0xEB, 0xFF,
    0xEF, 0x9D, 0x03, 0x00, 0x00, 0x00, 0x20, 0x43, 0x34, 0x01, 0x00, 0x00,
    0x00, 0x00, 0x30, 0x46, 0x00, 0x00, 0x63, 0x04, 0x00, 0x00, 0x00, 0x00,
    0x70, 0xEF, 0x01, 0x00, 0xFB, 0x0A, 0x00, 0x00, 0x00, 0x00, 0x20, 0xFE,
    0x5B, 0x94, 0xFF, 0x04, 0x00, 0x00, 0x00, 0x00, 0x00, 0xF6, 0xFF, 0xFF,
    0x9F, 0x00, 0x00, 0x00, 0x00, 0x00, 0x00, 0x40, 0xDB, 0xCE, 0x06, 0x00,
    0x00, 0x00, 0x00, 0x00, 0x00, 0x00, 0x00, 0x00, 0x00, 0x00, 0x00, 0x00,
    0x00, 0x00, 0x00, 0x30, 0x76, 0x67, 0x14, 0x00, 0x00, 0x00, 0x00, 0x00,
    0x50, 0xFC, 0xFF, 0xFF, 0xDF, 0x18, 0x00, 0x00, 0x00, 0x10, 0xFA, 0xFF,
    0xFF, 0xFF, 0xFF, 0xDF, 0x03, 0x00, 0x00, 0xB1, 0xFF, 0xFF, 0xEF, 0xFE,
    0xFF, 0xFF, 0x3E, 0x00, 0x00, 0xF9, 0xFF, 0xAF, 0x24, 0x31, 0xE7, 0xFF,
    0xDF, 0x01, 0x30, 0xFF, 0xFF, 0x06, 0x00, 0x00, 0x30, 0xFE, 0xFE, 0x06,
    0xA0, 0xFF, 0x8F, 0x00, 0x00, 0x00, 0x00, 0xF5, 0xFF, 0x0D, 0xE1, 0xFF,
    0x1D, 0x00, 0x00, 0x00, 0x00, 0x90, 0xAA, 0x19, 0xF4, 0xFF, 0x09, 0x00,
    0x00, 0x00, 0x00, 0x00, 0x00, 0x00, 0xF6, 0xFF, 0x06, 0x00, 0x00, 0x00,
    0x00, 0x00, 0x00, 0x00, 0xF7, 0xFF, 0x04, 0x00, 0x00, 0x10, 0x11, 0x11,
    0x11, 0x01, 0xF7, 0xFF, 0x04, 0x00, 0x00, 0xE4, 0xEE, 0xEE, 0xEE, 0x4E,
    0xF7, 0xFF, 0x04, 0x00, 0x00, 0xF4, 0xFF, 0xFF, 0xFF, 0x4F, 0xF6, 0xFF,
    0x06, 0x00, 0x00, 0xE4, 0xEE, 0xEE, 0xFF, 0x4F, 0xF3, 0xFF, 0x0A, 0x00,
    0x00, 0x10, 0x11, 0x81, 0xFF, 0x3F, 0xD1, 0xFF, 0x2E, 0x00, 0x00, 0x00,
    0x00, 0xB0, 0xFF, 0x2F, 0x90, 0xFF, 0xAF, 0x00, 0x00, 0x00, 0x00, 0xF3,
    0xFF, 0x0C, 0x20, 0xFF, 0xFF, 0x19, 0x00, 0x00, 0x30, 0xFD, 0xFF, 0x07,
    0x00, 0xF7, 0xFF, 0xDF, 0x58, 0x64, 0xF9, 0xFF, 0xCF, 0x01, 0x00, 0x90,
    0xFF, 0xFF, 0xFF, 0xFF, 0xFF, 0xFF, 0x3E, 0x00, 0x00, 0x00, 0xE7, 0xFF,
    0xFF, 0xFF, 0xFF, 0xCF, 0x03, 0x00, 0x00, 0x00, 0x20, 0xD9, 0xFF, 0xFF,
    0xBE, 0x06, 0x00, 0x00, 0x00, 0x00, 0x00, 0x00, 0x42, 0x34, 0x01, 0x00,
    0x00, 0x00, 0x00, 0x10, 0x01, 0x00, 0x00, 0x11, 0x01, 0x00, 0x00, 0xA0,
    0x8E, 0x00, 0x00, 0xEB, 0x06, 0x00, 0x00, 0x70, 0xEF, 0x16, 0x82, 0xFF,
    0x03, 0x00, 0x00, 0x10, 0xFC, 0xEF, 0xFE, 0x9F, 0x00, 0x00, 0x00, 0x00,
    0xA1, 0xFE, 0xDF, 0x07, 0x00, 0x00, 0x00, 0x00, 0x00, 0x31, 0x13, 0x00,
    0x00, 0x00, 0x00, 0x00, 0x00, 0x00, 0x00, 0x00, 0x00, 0x00, 0x00, 0x20,
    0xC8, 0xDE, 0x5B, 0x60, 0xBC, 0x3C, 0x00, 0xE4, 0xFF, 0xFF, 0xFF, 0x65,
    0xFF, 0x4F, 0x30, 0xFF, 0xFF, 0xEF, 0xFE, 0xAE, 0xFF, 0x4F, 0xB0, 0xFF,
    0xCF, 0x14, 0x72, 0xFF, 0xFF, 0x4F, 0xF3, 0xFF, 0x1D, 0x00, 0x00, 0xF6,
    0xFF, 0x4F, 0xF7, 0xFF, 0x06, 0x00, 0x00, 0xD0, 0xFF, 0x4F, 0xFA, 0xFF,
    0x02, 0x00, 0x00, 0x90, 0xFF, 0x4F, 0xFB, 0xEF, 0x01, 0x00, 0x00, 0x80,
    0xFF, 0x4F, 0xFB, 0xEF, 0x01, 0x00, 0x00, 0x80, 0xFF, 0x4F, 0xFA, 0xFF,
    0x02, 0x00, 0x00, 0xA0, 0xFF, 0x4F, 0xF8, 0xFF, 0x06, 0x00, 0x00, 0xD0,
    0xFF, 0x4F, 0xF3, 0xFF, 0x2D, 0x00, 0x00, 0xF8, 0xFF, 0x4F, 0xB0, 0xFF,
    0xDF, 0x47, 0xA5, 0xFF, 0xFF, 0x4F, 0x30, 0xFE, 0xFF, 0xFF, 0xFF, 0xAD,
    0xFF, 0x4F, 0x00, 0xD3, 0xFF, 0xFF, 0xEF, 0x74, 0xFF, 0x4F, 0x00, 0x10,
    0x95, 0xBB, 0x28, 0x80, 0xFF, 0x4F, 0x00, 0x00, 0x00, 0x00, 0x00, 0x80,
    0xFF, 0x3F, 0x00, 0x51, 0x01, 0x00, 0x00, 0xB0, 0xFF, 0x2F, 0x91, 0xFD,
    0x1B, 0x00, 0x00, 0xF6, 0xFF, 0x0C, 0xB0, 0xEF, 0xDF, 0x89, 0xC8, 0xFF,
    0xFF, 0x04, 0x00, 0xFA, 0xFF, 0xFF, 0xFF, 0xFF, 0x6F, 0x00, 0x00, 0x50,
    0xEB, 0xFF, 0xEF, 0x9D, 0x03, 0x00, 0x00, 0x00, 0x10, 0x43, 0x34, 0x01,
    0x00, 0x00, 0x00, 0x00, 0x00, 0x00, 0x30, 0x03, 0x00, 0x00, 0x00, 0x00,
    0x00, 0x00, 0x00, 0x00, 0xF7, 0xAF, 0x00, 0x00, 0x00, 0x00, 0x00, 0x00,
    0x00, 0x10, 0xFE, 0xFF, 0x04, 0x00, 0x00, 0x00, 0x00, 0x00, 0x00, 0x00,
    0xFC, 0xEF, 0x02, 0x00, 0x00, 0x00, 0x00, 0x00, 0x00, 0x00, 0xA2, 0x4B,
    0x00, 0x00, 0x00, 0x00, 0x00, 0x00, 0x00, 0x00, 0x00, 0x00, 0x00, 0x00,
    0x00, 0x00, 0x00, 0x00, 0x00, 0x30, 0x76, 0x68, 0x14, 0x00, 0x00, 0x00,
    0x00, 0x00, 0x50, 0xFC, 0xFF, 0xFF, 0xDF, 0x18, 0x00, 0x00, 0x00, 0x10,
    0xFA, 0xFF, 0xFF, 0xFF, 0xFF, 0xDF, 0x03, 0x00, 0x00, 0xB1, 0xFF, 0xFF,
    0xEF, 0xFE, 0xFF, 0xFF, 0x3E, 0x00, 0x00, 0xF9, 0xFF, 0xAF, 0x24, 0x31,
    0xE7, 0xFF, 0xDF, 0x01, 0x30, 0xFF, 0xFF, 0x06, 0x00, 0x00, 0x30, 0xFE,
    0xFE, 0x06, 0xA0, 0xFF, 0x8F, 0x00, 0x00, 0x00, 0x00, 0xF6, 0xFF, 0x0D,
    0xE1, 0xFF, 0x1D, 0x00, 0x00, 0x00, 0x00, 0x90, 0xAA, 0x19, 0xF4, 0xFF,
    0x09, 0x00, 0x00, 0x00, 0x00, 0x00, 0x00, 0x00, 0xF6, 0xFF, 0x06, 0x00,
    0x00, 0x00, 0x00, 0x00, 0x00, 0x00, 0xF7, 0xFF, 0x04, 0x00, 0x00, 0x10,
    0x11, 0x11, 0x11, 0x01, 0xF7, 0xFF, 0x04, 0x00, 0x00, 0xE4, 0xEE, 0xEE,
    0xEE, 0x4E, 0xF7, 0xFF, 0x04, 0x00, 0x00, 0xF5, 0xFF, 0xFF, 0xFF, 0x4F,
    0xF6, 0xFF, 0x06, 0x00, 0x00, 0xE4, 0xEE, 0xEE, 0xFF, 0x4F, 0xF3, 0xFF,
    0x0A, 0x00, 0x00, 0x10, 0x11, 0x81, 0xFF, 0x3F, 0xD1, 0xFF, 0x2E, 0x00,
    0x00, 0x00, 0x00, 0xB0, 0xFF, 0x2F, 0x90, 0xFF, 0xAF, 0x00, 0x00, 0x00,
    0x00, 0xF3, 0xFF, 0x0C, 0x20, 0xFF, 0xFF, 0x19, 0x00, 0x00, 0x30, 0xFD,
    0xFF, 0x07, 0x00, 0xF7, 0xFF, 0xDF, 0x58, 0x64, 0xF9, 0xFF, 0xCF, 0x01,
    0x00, 0x90, 0xFF, 0xFF, 0xFF, 0xFF, 0xFF, 0xFF, 0x3E, 0x00, 0x00, 0x00,
    0xE7, 0xFF, 0xFF, 0xFF, 0xFF, 0xCF, 0x03, 0x00, 0x00, 0x00, 0x20, 0xD9,
    0xFF, 0xFF, 0xBE, 0x06, 0x00, 0x00, 0x00, 0x00, 0x00, 0x00, 0x42, 0x34,
    0x01, 0x00, 0x00, 0x00, 0x00, 0x00, 0x00, 0x10, 0x00, 0x00, 0x00, 0x00,
    0x00, 0x00, 0x00, 0xD7, 0x4D, 0x00, 0x00, 0x00, 0x00, 0x00, 0x30, 0xFF,
    0xDF, 0x01, 0x00, 0x00, 0x00, 0x00, 0x30, 0xFF, 0xDF, 0x01, 0x00, 0x00,
    0x00, 0x00, 0x00, 0xE7, 0x4D, 0x00, 0x00, 0x00, 0x00, 0x00, 0x00, 0x10,
    0x00, 0x00, 0x00, 0x00, 0x00, 0x00, 0x00, 0x01, 0x00, 0x00, 0x00, 0x00,
    0x00, 0x20, 0xC8, 0xDE, 0x4B, 0x60, 0xBC, 0x3C, 0x00, 0xE4, 0xFF, 0xFF,
    0xFF, 0x65, 0xFF, 0x4F, 0x30, 0xFF, 0xFF, 0xEF, 0xFE, 0xAE, 0xFF, 0x4F,
    0xB0, 0xFF, 0xCF, 0x14, 0x72, 0xFF, 0xFF, 0x4F, 0xF3, 0xFF, 0x1D, 0x00,
    0x00, 0xF6, 0xFF, 0x4F, 0xF7, 0xFF, 0x06, 0x00, 0x00, 0xD0, 0xFF, 0x4F,
    0xFA, 0xFF, 0x02, 0x00, 0x00, 0x90, 0xFF, 0x4F, 0xFB, 0xEF, 0x01, 0x00,
    0x00, 0x80, 0xFF, 0x4F, 0xFB, 0xEF, 0x01, 0x00, 0x00, 0x80, 0xFF, 0x4F,
    0xFA, 0xFF, 0x02, 0x00, 0x00, 0xA0, 0xFF, 0x4F, 0xF8, 0xFF, 0x06, 0x00,
    0x00, 0xD0, 0xFF, 0x4F, 0xF4, 0xFF, 0x2D, 0x00, 0x00, 0xF8, 0xFF, 0x4F,
    0xC0, 0xFF, 0xDF, 0x47, 0xA5, 0xFF, 0xFF, 0x4F, 0x30, 0xFE, 0xFF, 0xFF,
    0xFF, 0x9D, 0xFF, 0x4F, 0x00, 0xD3, 0xFF, 0xFF, 0xEF, 0x73, 0xFF, 0x4F,
    0x00, 0x10, 0x96, 0xBB, 0x28, 0x80, 0xFF, 0x4F, 0x00, 0x00, 0x00, 0x00,
    0x00, 0x80, 0xFF, 0x3F, 0x00, 0x51, 0x01, 0x00, 0x00, 0xB0, 0xFF, 0x2F,
    0x91, 0xFD, 0x1B, 0x00, 0x00, 0xF6, 0xFF, 0x0C, 0xB0, 0xEF, 0xDF, 0x89,
    0xC8, 0xFF, 0xFF, 0x04, 0x10, 0xFB, 0xFF, 0xFF, 0xFF, 0xFF, 0x6F, 0x00,
    0x00, 0x50, 0xEB, 0xFF, 0xEF, 0x9D, 0x03, 0x00, 0x00, 0x00, 0x20, 0x43,
    0x34, 0x01, 0x00, 0x00, 0x00, 0x00, 0x00, 0x30, 0x75, 0x67, 0x14, 0x00,
    0x00, 0x00, 0x00, 0x00, 0x50, 0xFC, 0xFF, 0xFF, 0xDF, 0x18, 0x00, 0x00,
    0x00, 0x10, 0xFA, 0xFF, 0xFF, 0xFF, 0xFF, 0xDF, 0x03, 0x00, 0x00, 0xB1,
    0xFF, 0xFF, 0xEF, 0xFE, 0xFF, 0xFF, 0x3E, 0x00, 0x00, 0xF9, 0xFF, 0xAF,
    0x24, 0x31, 0xE7, 0xFF, 0xDF, 0x01, 0x30, 0xFF, 0xFF, 0x06, 0x00, 0x00,
    0x30, 0xFE, 0xFE, 0x06, 0xA0, 0xFF, 0x8F, 0x00, 0x00, 0x00, 0x00, 0xF6,
    0xFF, 0x0D, 0xE1, 0xFF, 0x1D, 0x00, 0x00, 0x00, 0x00, 0x90, 0xAA, 0x19,
    0xF4, 0xFF, 0x09, 0x00, 0x00, 0x00, 0x00, 0x00, 0x00, 0x00, 0xF6, 0xFF,
    0x06, 0x00, 0x00, 0x00, 0x00, 0x00, 0x00, 0x00, 0xF7, 0xFF, 0x04, 0x00,
    0x00, 0x10, 0x11, 0x11, 0x11, 0x01, 0xF7, 0xFF, 0x04, 0x00, 0x00, 0xE5,
    0xEE, 0xEE, 0xEE, 0x4E, 0xF7, 0xFF, 0x04, 0x00, 0x00, 0xF6, 0xFF, 0xFF,
    0xFF, 0x4F, 0xF6, 0xFF, 0x06, 0x00, 0x00, 0xE5, 0xEE, 0xEE, 0xFF, 0x4F,
    0xF3, 0xFF, 0x0A, 0x00, 0x00, 0x10, 0x11, 0x81, 0xFF, 0x3F, 0xD1, 0xFF,
    0x2E, 0x00, 0x00, 0x00, 0x00, 0xB0, 0xFF, 0x2F, 0x90, 0xFF, 0xAF, 0x00,
    0x00, 0x00, 0x00, 0xF3, 0xFF, 0x0C, 0x20, 0xFF, 0xFF, 0x19, 0x00, 0x00,
    0x30, 0xFD, 0xFF, 0x07, 0x00, 0xF7, 0xFF, 0xDF, 0x58, 0x64, 0xF9, 0xFF,
    0xCF, 0x01, 0x00, 0x90, 0xFF, 0xFF, 0xFF, 0xFF, 0xFF, 0xFF, 0x3E, 0x00,
    0x00, 0x00, 0xE7, 0xFF, 0xFF, 0xFF, 0xFF, 0xCF, 0x03, 0x00, 0x00, 0x00,
    0x20, 0xD9, 0xFF, 0xFF, 0xBE, 0x06, 0x00, 0x00, 0x00, 0x00, 0x00, 0x00,
    0x21, 0x23, 0x01, 0x00, 0x00, 0x00, 0x00, 0x00, 0x00, 0x00, 0x75, 0x47,
    0x00, 0x00, 0x00, 0x00, 0x00, 0x00, 0x00, 0x10, 0xFF, 0x6F, 0x00, 0x00,
    0x00, 0x00, 0x00, 0x00, 0x00, 0x40, 0xFF, 0x0D, 0x00, 0x00, 0x00, 0x00,
    0x00, 0x00, 0x00, 0x70, 0xFF, 0x08, 0x00, 0x00, 0x00, 0x00, 0x00, 0x00,
    0x00, 0xB0, 0xFF, 0x03, 0x00, 0x00, 0x00, 0x00, 0x00, 0x00, 0x00, 0xA0,
    0x9C, 0x00, 0x00, 0x00, 0x00, 0x00, 0x00, 0x00, 0x00, 0x00, 0x37, 0x00,
    0x00, 0x00, 0x00, 0x00, 0x00, 0x80, 0xEF, 0x02, 0x00, 0x00, 0x00, 0x00,
    0x00, 0xE2, 0xBF, 0x00, 0x00, 0x00, 0x00, 0x00, 0x00, 0xF6, 0x6F, 0x00,
    0x00, 0x00, 0x00, 0x00, 0x00, 0xF7, 0x4F, 0x00, 0x00, 0x00, 0x00, 0x00,
    0x00, 0xF8, 0x4F, 0x00, 0x00, 0x00, 0x00, 0x00, 0x00, 0x94, 0x3A, 0x00,
    0x00, 0x00, 0x00, 0x00, 0x00, 0x00, 0x00, 0x00, 0x00, 0x00, 0x00, 0x20,
    0xC8, 0xDE, 0x4B, 0x60, 0xBC, 0x3C, 0x00, 0xE4, 0xFF, 0xFF, 0xFF, 0x65,
    0xFF, 0x4F, 0x30, 0xFF, 0xFF, 0xEF, 0xFE, 0xAE, 0xFF, 0x4F, 0xB0, 0xFF,
    0xCF, 0x14, 0x72, 0xFF, 0xFF, 0x4F, 0xF3, 0xFF, 0x1D, 0x00, 0x00, 0xF6,
    0xFF, 0x4F, 0xF7, 0xFF, 0x06, 0x00, 0x00, 0xD0, 0xFF, 0x4F, 0xFA, 0xFF,
    0x02, 0x00, 0x00, 0x90, 0xFF, 0x4F, 0xFB, 0xEF, 0x01, 0x00, 0x00, 0x80,
    0xFF, 0x4F, 0xFB, 0xEF, 0x01, 0x00, 0x00, 0x80, 0xFF, 0x4F, 0xFA, 0xFF,
    0x02, 0x00, 0x00, 0xA0, 0xFF, 0x4F, 0xF8, 0xFF, 0x06, 0x00, 0x00, 0xD0,
    0xFF, 0x4F, 0xF4, 0xFF, 0x2D, 0x00, 0x00, 0xF8, 0xFF, 0x4F, 0xC0, 0xFF,
    0xDF, 0x47, 0xA5, 0xFF, 0xFF, 0x4F, 0x30, 0xFE, 0xFF, 0xFF, 0xFF, 0x9D,
    0xFF, 0x4F, 0x00, 0xD3, 0xFF, 0xFF, 0xEF, 0x73, 0xFF, 0x4F, 0x00, 0x10,
    0x96, 0xBB, 0x28, 0x80, 0xFF, 0x4F, 0x00, 0x00, 0x00, 0x00, 0x00, 0x80,
    0xFF, 0x3F, 0x00, 0x51, 0x01, 0x00, 0x00, 0xB0, 0xFF, 0x2F, 0x91, 0xFD,
    0x1B, 0x00, 0x00, 0xF6, 0xFF, 0x0C, 0xB0, 0xEF, 0xDF, 0x89, 0xC8, 0xFF,
    0xFF, 0x04, 0x10, 0xFB, 0xFF, 0xFF, 0xFF, 0xFF, 0x6F, 0x00, 0x00, 0x50,
    0xEB, 0xFF, 0xEF, 0x9D, 0x03, 0x00, 0x00, 0x00, 0x20, 0x43, 0x34, 0x01,
    0x00, 0x00, 0x00, 0x00, 0x00, 0x00, 0x55, 0x16, 0x00, 0x00, 0x00, 0x00,
    0x00, 0x00, 0x00, 0xFA, 0xFF, 0x1C, 0x00, 0x00, 0x00, 0x00, 0x00, 0x00,
    0xF9, 0xAF, 0xFE, 0x0B, 0x00, 0x00, 0x00, 0x00, 0x00, 0xFA, 0xAF, 0x70,
    0xFF, 0x1B, 0x00, 0x00, 0x00, 0x00, 0xC5, 0xAB, 0x00, 0x80, 0xCB, 0x06,
    0x00, 0x00, 0x00, 0x00, 0x00, 0x00, 0x00, 0x00, 0x00, 0x00, 0x00, 0x10,
    0x11, 0x01, 0x00, 0x00, 0x00, 0x00, 0x10, 0x11, 0x10, 0xED, 0xAE, 0x00,
    0x00, 0x00, 0x00, 0x70, 0xEE, 0x3E, 0xE1, 0xFF, 0x0B, 0x00, 0x00, 0x00,
    0x00, 0xF8, 0xFF, 0x14, 0xFE, 0xBF, 0x00, 0x00, 0x00, 0x00, 0x70, 0xFF,
    0x4F, 0xE1, 0xFF, 0x0B, 0x00, 0x00, 0x00, 0x00, 0xF8, 0xFF, 0x14, 0xFE,
    0xBF, 0x00, 0x00, 0x00, 0x00, 0x80, 0xFF, 0x4F, 0xE1, 0xFF, 0x0B, 0x00,
    0x00, 0x00, 0x00, 0xF8, 0xFF, 0x14, 0xFE, 0xBF, 0x00, 0x00, 0x00, 0x00,
    0x80, 0xFF, 0x4F, 0xE1, 0xFF, 0x0B, 0x00, 0x00, 0x00, 0x00, 0xF7, 0xFF,
    0x14, 0xFE, 0xDF, 0x88, 0x88, 0x88, 0x88, 0xB8, 0xFF, 0x4F, 0xE1, 0xFF,
    0xFF, 0xFF, 0xFF, 0xFF, 0xFF, 0xFF, 0xFF, 0x14, 0xFE, 0xFF, 0xFF, 0xFF,
    0xFF, 0xFF, 0xFF, 0xFF, 0x4F, 0xE1, 0xFF, 0xBE, 0xBB, 0xBB, 0xBB, 0xBB,
    0xFD, 0xFF, 0x14, 0xFE, 0xBF, 0x00, 0x00, 0x00, 0x00, 0x70, 0xFF, 0x4F,
    0xE1, 0xFF, 0x0B, 0x00, 0x00, 0x00, 0x00, 0xF8, 0xFF, 0x14, 0xFE, 0xBF,
    0x00, 0x00, 0x00, 0x00, 0x80, 0xFF, 0x4F, 0xE1, 0xFF, 0x0B, 0x00, 0x00,
    0x00, 0x00, 0xF8, 0xFF, 0x14, 0xFE, 0xBF, 0x00, 0x00, 0x00, 0x00, 0x80,
    0xFF, 0x4F, 0xE1, 0xFF, 0x0B, 0x00, 0x00, 0x00, 0x00, 0xF8, 0xFF, 0x14,
    0xFE, 0xBF, 0x00, 0x00, 0x00, 0x00, 0x70, 0xFF, 0x4F, 0xE1, 0xFF, 0x0B,
    0x00, 0x00, 0x00, 0x00, 0xF8, 0xFF, 0x14, 0xED, 0xAE, 0x00, 0x00, 0x00,
    0x00, 0x70, 0xEE, 0x3E, 0x10, 0x11, 0x01, 0x00, 0x00, 0x00, 0x00, 0x10,
    0x11, 0x00, 0x00, 0x00, 0x76, 0x47, 0x00, 0x00, 0x00, 0x00, 0x00, 0x00,
    0x00, 0xF9, 0xFF, 0x5F, 0x00, 0x00, 0x00, 0x00, 0x00, 0x00, 0xF9, 0x9F,
    0xFC, 0x4E, 0x00, 0x00, 0x00, 0x00, 0x00, 0xF9, 0xBF, 0x20, 0xFE, 0x4F,
    0x00, 0x00, 0x00, 0x00, 0xA3, 0x99, 0x01, 0x40, 0x99, 0x18, 0x00, 0x00,
    0x00, 0x00, 0x00, 0x00, 0x00, 0x00, 0x00, 0x00, 0x00, 0x00, 0x00, 0x00,
    0x00, 0x44, 0x34, 0x00, 0x00, 0x00, 0x00, 0x00, 0x00, 0x00, 0xF1, 0xFF,
    0x0B, 0x00, 0x00, 0x00, 0x00, 0x00, 0x00, 0x10, 0xFE, 0xAF, 0x00, 0x00,
    0x00, 0x00, 0x00, 0x00, 0x00, 0xE1, 0xFF, 0x0A, 0x00, 0x00, 0x00, 0x00,
    0x00, 0x00, 0x10, 0xFE, 0xAF, 0x00, 0x00, 0x00, 0x00, 0x00, 0x00, 0x00,
    0xE1, 0xFF, 0x0A, 0x00, 0x10, 0x00, 0x00, 0x00, 0x00, 0x10, 0xFE, 0xAF,
    0x30, 0xDA, 0xDE, 0x4A, 0x00, 0x00, 0x00, 0xE1, 0xFF, 0x49, 0xFE, 0xFF,
    0xFF, 0x6F, 0x00, 0x00, 0x10, 0xFE, 0xCF, 0xFD, 0xEE, 0xFF, 0xFF, 0x3F,
    0x00, 0x00, 0xE1, 0xFF, 0xEF, 0x26, 0x41, 0xFD, 0xFF, 0x09, 0x00, 0x10,
    0xFE, 0xFF, 0x05, 0x00, 0x30, 0xFF, 0xDF, 0x00, 0x00, 0xE1, 0xFF, 0x0D,
    0x00, 0x00, 0xC0, 0xFF, 0x1E, 0x00, 0x10, 0xFE, 0xBF, 0x00, 0x00, 0x00,
    0xFB, 0xEF, 0x01, 0x00, 0xE1, 0xFF, 0x0B, 0x00, 0x00, 0xB0, 0xFF, 0x1E,
    0x00, 0x10, 0xFE, 0xBF, 0x00, 0x00, 0x00, 0xFB, 0xEF, 0x01, 0x00, 0xE1,
    0xFF, 0x0B, 0x00, 0x00, 0xB0, 0xFF, 0x1E, 0x00, 0x10, 0xFE, 0xBF, 0x00,
    0x00, 0x00, 0xFB, 0xEF, 0x01, 0x00, 0xE1, 0xFF, 0x0B, 0x00, 0x00, 0xB0,
    0xFF, 0x1E, 0x00, 0x10, 0xFE, 0xBF, 0x00, 0x00, 0x00, 0xFB, 0xEF, 0x01,
    0x00, 0xE1, 0xFF, 0x0B, 0x00, 0x00, 0xB0, 0xFF, 0x1E, 0x00, 0x10, 0xFE,
    0xBF, 0x00, 0x00, 0x00, 0xFC, 0xEF, 0x01, 0x00, 0xC1, 0xDD, 0x09, 0x00,
    0x00, 0x90, 0xDD, 0x1C, 0x00, 0x11, 0x00, 0x00, 0x11, 0x60, 0xED, 0x4B,
    0x60, 0xAE, 0xF2, 0xFF, 0xFF, 0xDB, 0x8F, 0xF7, 0x3E, 0xE7, 0xFF, 0x2D,
    0x73, 0x04, 0x20, 0x76, 0x02, 0x00, 0x00, 0x00, 0x00, 0x00, 0x00, 0x10,
    0x11, 0x01, 0x00, 0x00, 0xA0, 0xEE, 0x1D, 0x00, 0x00, 0xB0, 0xFF, 0x1E,
    0x00, 0x00, 0xB0, 0xFF, 0x1E, 0x00, 0x00, 0xB0, 0xFF, 0x1E, 0x00, 0x00,
    0xB0, 0xFF, 0x1E, 0x00, 0x00, 0xB0, 0xFF, 0x1E, 0x00, 0x00, 0xB0, 0xFF,
    0x1E, 0x00, 0x00, 0xB0, 0xFF, 0x1E, 0x00, 0x00, 0xB0, 0xFF, 0x1E, 0x00,
    0x00, 0xB0, 0xFF, 0x1E, 0x00, 0x00, 0xB0, 0xFF, 0x1E, 0x00, 0x00, 0xB0,
    0xFF, 0x1E, 0x00, 0x00, 0xB0, 0xFF, 0x1E, 0x00, 0x00, 0xB0, 0xFF, 0x1E,
    0x00, 0x00, 0xB0, 0xFF, 0x1E, 0x00, 0x00, 0xB0, 0xFF, 0x1E, 0x00, 0x00,
    0xB0, 0xFF, 0x1E, 0x00, 0x00, 0xB0, 0xFF, 0x1E, 0x00, 0x00, 0xB0, 0xFF,
    0x1E, 0x00, 0x00, 0xB0, 0xFF, 0x1E, 0x00, 0x00, 0xA0, 0xEE, 0x1D, 0x00,
    0x00, 0x10, 0x11, 0x01, 0x00, 0x50, 0xBB, 0x06, 0x60, 0x5B, 0xF4, 0xFF,
    0xCF, 0xE7, 0x6F, 0xFA, 0x7D, 0xFC, 0xFF, 0x1D, 0xA7, 0x05, 0x61, 0xAA,
    0x02, 0x00, 0x00, 0x00, 0x00, 0x00, 0x00, 0x00, 0x00, 0x00, 0x00, 0x00,
    0xA1, 0xBB, 0x08, 0x00, 0x00, 0xF1, 0xFF, 0x0C, 0x00, 0x00, 0xE1, 0xFF,
    0x0B, 0x00, 0x00, 0xE1, 0xFF, 0x0B, 0x00, 0x00, 0xE1, 0xFF, 0x0B, 0x00,
    0x00, 0xE1, 0xFF, 0x0B, 0x00, 0x00, 0xE1, 0xFF, 0x0B, 0x00, 0x00, 0xE1,
    0xFF, 0x0B, 0x00, 0x00, 0xE1, 0xFF, 0x0B, 0x00, 0x00, 0xE1, 0xFF, 0x0B,
    0x00, 0x00, 0xE1, 0xFF, 0x0B, 0x00, 0x00, 0xE1, 0xFF, 0x0B, 0x00, 0x00,
    0xE1, 0xFF, 0x0B, 0x00, 0x00, 0xE1, 0xFF, 0x0B, 0x00, 0x00, 0xE1, 0xFF,
    0x0B, 0x00, 0x00, 0xD1, 0xEE, 0x0A, 0x00, 0x00, 0x10, 0x11, 0x01, 0x00,
    0x70, 0x77, 0x77, 0x77, 0x07, 0xF1, 0xFF, 0xFF, 0xFF, 0x1F, 0xD1, 0xEE,
    0xEE, 0xEE, 0x1D, 0x10, 0x11, 0x11, 0x11, 0x01, 0x00, 0x00, 0x00, 0x00,
    0x00, 0x00, 0x10, 0x11, 0x01, 0x00, 0x00, 0xA0, 0xEE, 0x1D, 0x00, 0x00,
    0xB0, 0xFF, 0x1E, 0x00, 0x00, 0xB0, 0xFF, 0x1E, 0x00, 0x00, 0xB0, 0xFF,
    0x1E, 0x00, 0x00, 0xB0, 0xFF, 0x1E, 0x00, 0x00, 0xB0, 0xFF, 0x1E, 0x00,
    0x00, 0xB0, 0xFF, 0x1E, 0x00, 0x00, 0xB0, 0xFF, 0x1E, 0x00, 0x00, 0xB0,
    0xFF, 0x1E, 0x00, 0x00, 0xB0, 0xFF, 0x1E, 0x00, 0x00, 0xB0, 0xFF, 0x1E,
    0x00, 0x00, 0xB0, 0xFF, 0x1E, 0x00, 0x00, 0xB0, 0xFF, 0x1E, 0x00, 0x00,
    0xB0, 0xFF, 0x1E, 0x00, 0x00, 0xB0, 0xFF, 0x1E, 0x00, 0x00, 0xB0, 0xFF,
    0x1E, 0x00, 0x00, 0xB0, 0xFF, 0x1E, 0x00, 0x00, 0xB0, 0xFF, 0x1E, 0x00,
    0x00, 0xB0, 0xFF, 0x1E, 0x00, 0x00, 0xB0, 0xFF, 0x1E, 0x00, 0x00, 0xA0,
    0xEE, 0x1D, 0x00, 0x00, 0x10, 0x11, 0x01, 0x00, 0x41, 0x44, 0x44, 0x44,
    0x43, 0xFF, 0xFF, 0xFF, 0xCF, 0xF4, 0xFF, 0xFF, 0xFF, 0x1C, 0x44, 0x44,
    0x44, 0x34, 0x00, 0x00, 0x00, 0x00, 0x00, 0x00, 0x00, 0x00, 0x00, 0x00,
    0xA1, 0xBB, 0x08, 0x00, 0x10, 0xFF, 0xCF, 0x00, 0x00, 0xE1, 0xFF, 0x0B,
    0x00, 0x10, 0xFE, 0xBF, 0x00, 0x00, 0xE1, 0xFF, 0x0B, 0x00, 0x10, 0xFE,
    0xBF, 0x00, 0x00, 0xE1, 0xFF, 0x0B, 0x00, 0x10, 0xFE, 0xBF, 0x00, 0x00,
    0xE1, 0xFF, 0x0B, 0x00, 0x10, 0xFE, 0xBF, 0x00, 0x00, 0xE1, 0xFF, 0x0B,
    0x00, 0x10, 0xFE, 0xBF, 0x00, 0x00, 0xE1, 0xFF, 0x0B, 0x00, 0x10, 0xFE,
    0xBF, 0x00, 0x00, 0xE1, 0xFF, 0x0B, 0x00, 0x10, 0xED, 0xAE, 0x00, 0x00,
    0x10, 0x11, 0x01, 0x00, 0x63, 0x04, 0x00, 0x30, 0x46, 0xF6, 0x1E, 0x00,
    0xB0, 0xAF, 0xE2, 0xBF, 0x45, 0xF9, 0x4F, 0x60, 0xFF, 0xFF, 0xFF, 0x09,
    0x00, 0xA4, 0xED, 0x6C, 0x00, 0x00, 0x00, 0x10, 0x00, 0x00, 0x00, 0x10,
    0x11, 0x01, 0x00, 0x00, 0xA0, 0xEE, 0x1D, 0x00, 0x00, 0xB0, 0xFF, 0x1E,
    0x00, 0x00, 0xB0, 0xFF, 0x1E, 0x00, 0x00, 0xB0, 0xFF, 0x1E, 0x00, 0x00,
    0xB0, 0xFF, 0x1E, 0x00, 0x00, 0xB0, 0xFF, 0x1E, 0x00, 0x00, 0xB0, 0xFF,
    0x1E, 0x00, 0x00, 0xB0, 0xFF, 0x1E, 0x00, 0x00, 0xB0, 0xFF, 0x1E, 0x00,
    0x00, 0xB0, 0xFF, 0x1E, 0x00, 0x00, 0xB0, 0xFF, 0x1E, 0x00, 0x00, 0xB0,
    0xFF, 0x1E, 0x00, 0x00, 0xB0, 0xFF, 0x1E, 0x00, 0x00, 0xB0, 0xFF, 0x1E,
    0x00, 0x00, 0xB0, 0xFF, 0x1E, 0x00, 0x00, 0xB0, 0xFF, 0x1E, 0x00, 0x00,
    0xB0, 0xFF, 0x1E, 0x00, 0x00, 0xB0, 0xFF, 0x1E, 0x00, 0x00, 0xB0, 0xFF,
    0x1E, 0x00, 0x00, 0xB0, 0xFF, 0x1E, 0x00, 0x00, 0xA0, 0xEE, 0x1D, 0x00,
    0x00, 0x10, 0x11, 0x01, 0x00, 0x32, 0x01, 0x00, 0x20, 0x13, 0xFA, 0x09,
    0x00, 0xC0, 0x7F, 0xF6, 0x6E, 0x21, 0xF9, 0x3F, 0xC1, 0xFF, 0xEE, 0xFF,
    0x08, 0x10, 0xE9, 0xFF, 0x7D, 0x00, 0x00, 0x20, 0x34, 0x01, 0x00, 0x00,
    0x00, 0x00, 0x00, 0x00, 0x00, 0xA1, 0xBB, 0x08, 0x00, 0x00, 0xF1, 0xFF,
    0x0C, 0x00, 0x00, 0xE1, 0xFF, 0x0B, 0x00, 0x00, 0xE1, 0xFF, 0x0B, 0x00,
    0x00, 0xE1, 0xFF, 0x0B, 0x00, 0x00, 0xE1, 0xFF, 0x0B, 0x00, 0x00, 0xE1,
    0xFF, 0x0B, 0x00, 0x00, 0xE1, 0xFF, 0x0B, 0x00, 0x00, 0xE1, 0xFF, 0x0B,
    0x00, 0x00, 0xE1, 0xFF, 0x0B, 0x00, 0x00, 0xE1, 0xFF, 0x0B, 0x00, 0x00,
    0xE1, 0xFF, 0x0B, 0x00, 0x00, 0xE1, 0xFF, 0x0B, 0x00, 0x00, 0xE1, 0xFF,
    0x0B, 0x00, 0x00, 0xE1, 0xFF, 0x0B, 0x00, 0x00, 0xD1, 0xEE, 0x0A, 0x00,
    0x00, 0x10, 0x11, 0x01, 0x00, 0x00, 0x43, 0x44, 0x00, 0xC0, 0xFF, 0x1F,
    0x00, 0xFB, 0xEF, 0x01, 0xB0, 0xFF, 0x1E, 0x00, 0xFB, 0xEF, 0x01, 0xB0,
    0xFF, 0x1E, 0x00, 0xFB, 0xEF, 0x01, 0xB0, 0xFF, 0x1E, 0x00, 0xFB, 0xEF,
    0x01, 0xB0, 0xFF, 0x1E, 0x00, 0xFB, 0xEF, 0x01, 0xB0, 0xFF, 0x1E, 0x00,
    0xFB, 0xEF, 0x01, 0xB0, 0xFF, 0x1E, 0x00, 0xFB, 0xEF, 0x01, 0xB0, 0xFF,
    0x1E, 0x00, 0xFB, 0xEF, 0x01, 0xB0, 0xFF, 0x1E, 0x00, 0xFB, 0xEF, 0x01,
    0xB0, 0xFF, 0x1E, 0x00, 0xFB, 0xEF, 0x01, 0xC0, 0xFF, 0x1D, 0xA0, 0xFF,
    0x2A, 0x60, 0xFF, 0x0B, 0x00, 0xFB, 0x8F, 0x00, 0xB0, 0xFF, 0x8E, 0x19,
    0xF5, 0xFF, 0xFF, 0x08, 0xB5, 0xDD, 0x5B, 0x00, 0x10, 0x01, 0x00, 0x00,
    0x00, 0x33, 0x00, 0x00, 0xA0, 0xFF, 0x07, 0x00, 0xF3, 0xFF, 0x1E, 0x00,
    0xE2, 0xFF, 0x0C, 0x00, 0x40, 0xAB, 0x02, 0x00, 0x00, 0x00, 0x00, 0x00,
    0x10, 0x11, 0x01, 0x00, 0xD1, 0xEE, 0x0A, 0x00, 0xE1, 0xFF, 0x0B, 0x00,
    0xE1, 0xFF, 0x0B, 0x00, 0xE1, 0xFF, 0x0B, 0x00, 0xE1, 0xFF, 0x0B, 0x00,
    0xE1, 0xFF, 0x0B, 0x00, 0xE1, 0xFF, 0x0B, 0x00, 0xE1, 0xFF, 0x0B, 0x00,
    0xE1, 0xFF, 0x0B, 0x00, 0xE1, 0xFF, 0x0B, 0x00, 0xE1, 0xFF, 0x0B, 0x00,
    0xE1, 0xFF, 0x0B, 0x00, 0xE1, 0xFF, 0x0B, 0x00, 0xE1, 0xFF, 0x0B, 0x00,
    0xE1, 0xFF, 0x0B, 0x00, 0xE2, 0xFF, 0x0A, 0x20, 0xFD, 0x8F, 0x01, 0xA0,
    0xFF, 0x08, 0x00, 0xE1, 0xFF, 0x04, 0x00, 0xE1, 0xFF, 0x8C, 0x08, 0x90,
    0xFF, 0xFF, 0x3F, 0x00, 0xC7, 0xDE, 0x3A, 0x00, 0x00, 0x11, 0x00, 0x00,
    0x33, 0x00, 0x70, 0xFF, 0x0A, 0xE1, 0xFF, 0x4F, 0xC0, 0xFF, 0x2E, 0x20,
    0xBA, 0x04, 0x00, 0x00, 0x00, 0x10, 0x11, 0x01, 0xA0, 0xEE, 0x1D, 0xB0,
    0xFF, 0x1E, 0xB0, 0xFF, 0x1E, 0xB0, 0xFF, 0x1E, 0xB0, 0xFF, 0x1E, 0xB0,
    0xFF, 0x1E, 0xB0, 0xFF, 0x1E, 0xB0, 0xFF, 0x1E, 0xB0, 0xFF, 0x1E, 0xB0,
    0xFF, 0x1E, 0xB0, 0xFF, 0x1E, 0xB0, 0xFF, 0x1E, 0xB0, 0xFF, 0x1E, 0xB0,
    0xFF, 0x1E, 0xB0, 0xFF, 0x1E, 0xB0, 0xFF, 0x1E, 0xB0, 0xFF, 0x1E, 0xB0,
    0xFF, 0x1E, 0xB0, 0xFF, 0x1E, 0xB0, 0xFF, 0x1E, 0xA0, 0xEE, 0x1D, 0x10,
    0x11, 0x01, 0xA1, 0xBB, 0x18, 0xFF, 0xCF, 0xE1, 0xFF, 0x1B, 0xFE, 0xBF,
    0xE1, 0xFF, 0x1B, 0xFE, 0xBF, 0xE1, 0xFF, 0x1B, 0xFE, 0xBF, 0xE1, 0xFF,
    0x1B, 0xFE, 0xBF, 0xE1, 0xFF, 0x1B, 0xFE, 0xBF, 0xE1, 0xFF, 0x1B, 0xFE,
    0xBF, 0xE1, 0xFF, 0x1B, 0xED, 0xAE, 0x10, 0x11, 0x01, 0x00, 0x00, 0x00,
    0x00, 0x00, 0x50, 0x65, 0x02, 0x00, 0x00, 0x00, 0x00, 0x00, 0x00, 0xFA,
    0xFF, 0x1D, 0x00, 0x00, 0x00, 0x00, 0x00, 0x90, 0xFF, 0xE9, 0xCF, 0x01,
    0x00, 0x00, 0x00, 0x00, 0xF9, 0xAF, 0x60, 0xFF, 0x2D, 0x00, 0x00, 0x00,
    0x50, 0xBC, 0x1A, 0x00, 0x96, 0x6A, 0x00, 0x00, 0x00, 0x00, 0x00, 0x00,
    0x00, 0x00, 0x00, 0x00, 0x00, 0x00, 0x00, 0x00, 0x31, 0x32, 0x01, 0x00,
    0x00, 0x00, 0x00, 0x00, 0x00, 0xF4, 0xFF, 0x07, 0x00, 0x00, 0x00, 0x00,
    0x00, 0x00, 0xF4, 0xFF, 0x08, 0x00, 0x00, 0x00, 0x00, 0x00, 0x00, 0xF4,
    0xFF, 0x08, 0x00, 0x00, 0x00, 0x00, 0x00, 0x00, 0xF4, 0xFF, 0x08, 0x00,
    0x00, 0x00, 0x00, 0x00, 0x00, 0xF4, 0xFF, 0x08, 0x00, 0x00, 0x00, 0x00,
    0x00, 0x00, 0xF4, 0xFF, 0x08, 0x00, 0x00, 0x00, 0x00, 0x00, 0x00, 0xF4,
    0xFF, 0x08, 0x00, 0x00, 0x00, 0x00, 0x00, 0x00, 0xF4, 0xFF, 0x08, 0x00,
    0x00, 0x00, 0x00, 0x00, 0x00, 0xF4, 0xFF, 0x08, 0x00, 0x00, 0x00, 0x00,
    0x00, 0x00, 0xF4, 0xFF, 0x08, 0x00, 0x00, 0x00, 0x00, 0x00, 0x00, 0xF4,
    0xFF, 0x08, 0x00, 0x00, 0x00, 0x00, 0x00, 0x00, 0xF4, 0xFF, 0x08, 0x00,
    0x00, 0x00, 0x00, 0x00, 0x00, 0xF4, 0xFF, 0x08, 0x00, 0x70, 0x88, 0x06,
    0x00, 0x00, 0xF4, 0xFF, 0x08, 0x00, 0xF1, 0xFF, 0x0C, 0x00, 0x00, 0xF4,
    0xFF, 0x08, 0x00, 0xD1, 0xFF, 0x0B, 0x00, 0x00, 0xF4, 0xFF, 0x07, 0x00,
    0xC0, 0xFF, 0x1E, 0x00, 0x00, 0xF8, 0xFF, 0x05, 0x00, 0x80, 0xFF, 0xAF,
    0x01, 0x40, 0xFE, 0xEF, 0x01, 0x00, 0x20, 0xFE, 0xFF, 0xBE, 0xFC, 0xFF,
    0x8F, 0x00, 0x00, 0x00, 0xE4, 0xFF, 0xFF, 0xFF, 0xFF, 0x0A, 0x00, 0x00,
    0x00, 0x20, 0xD9, 0xFF, 0xEF, 0x6C, 0x00, 0x00, 0x00, 0x00, 0x00, 0x10,
    0x43, 0x24, 0x00, 0x00, 0x00, 0x00, 0x00, 0x00, 0x11, 0x01, 0x00, 0x00,
    0x00, 0xD3, 0xEE, 0x1B, 0x00, 0x00, 0xE2, 0xEF, 0xFF, 0x1B, 0x00, 0xD2,
    0xFF, 0x63, 0xFF, 0x1B, 0xC2, 0xEF, 0x06, 0x80, 0xFE, 0x1A, 0x23, 0x02,
    0x00, 0x10, 0x21, 0x00, 0x00, 0x00, 0x00, 0x00, 0x00, 0x00, 0xA1, 0xBB,
    0x08, 0x00, 0x00, 0x10, 0xFF, 0xCF, 0x00, 0x00, 0x00, 0xE1, 0xFF, 0x0B,
    0x00, 0x00, 0x10, 0xFE, 0xBF, 0x00, 0x00, 0x00, 0xE1, 0xFF, 0x0B, 0x00,
    0x00, 0x10, 0xFE, 0xBF, 0x00, 0x00, 0x00, 0xE1, 0xFF, 0x0B, 0x00, 0x00,
    0x10, 0xFE, 0xBF, 0x00, 0x00, 0x00, 0xE1, 0xFF, 0x0B, 0x00, 0x00, 0x10,
    0xFE, 0xBF, 0x00, 0x00, 0x00, 0xE1, 0xFF, 0x0B, 0x00, 0x00, 0x10, 0xFE,
    0xBF, 0x00, 0x00, 0x00, 0xE1, 0xFF, 0x0B, 0x00, 0x00, 0x10, 0xFE, 0xBF,
    0x00, 0x00, 0x00, 0xE1, 0xFF, 0x0B, 0x00, 0x00, 0x10, 0xFE, 0xBF, 0x00,
    0x00, 0x00, 0xE1, 0xFF, 0x0B, 0x00, 0x00, 0x10, 0xFE, 0xBF, 0x00, 0x00,
    0x11, 0xF8, 0xFF, 0x09, 0x00, 0x70, 0xFE, 0xFF, 0x4F, 0x00, 0x00, 0xF8,
    0xFF, 0x8F, 0x00, 0x00, 0x70, 0xDE, 0x5A, 0x00, 0x00, 0x00, 0x11, 0x00,
    0x00, 0x00, 0x00, 0x10, 0x11, 0x01, 0x00, 0x00, 0x00, 0x00, 0x11, 0x11,
    0x10, 0xED, 0xAE, 0x00, 0x00, 0x00, 0x00, 0xEB, 0xEE, 0x1C, 0xE1, 0xFF,
    0x0B, 0x00, 0x00, 0x00, 0xF9, 0xFF, 0x2E, 0x10, 0xFE, 0xBF, 0x00, 0x00,
    0x00, 0xF8, 0xFF, 0x3E, 0x00, 0xE1, 0xFF, 0x0B, 0x00, 0x00, 0xF6, 0xFF,
    0x4F, 0x00, 0x10, 0xFE, 0xBF, 0x00, 0x00, 0xF5, 0xFF, 0x6F, 0x00, 0x00,
    0xE1, 0xFF, 0x0B, 0x00, 0xE3, 0xFF, 0x7F, 0x00, 0x00, 0x10, 0xFE, 0xBF,
    0x00, 0xE2, 0xFF, 0x9F, 0x00, 0x00, 0x00, 0xE1, 0xFF, 0x0B, 0xC1, 0xFF,
    0xAF, 0x00, 0x00, 0x00, 0x10, 0xFE, 0xBF, 0xA0, 0xFF, 0xBF, 0x01, 0x00,
    0x00, 0x00, 0xE1, 0xFF, 0x6A, 0xFF, 0xFF, 0x08, 0x00, 0x00, 0x00, 0x10,
    0xFE, 0xDF, 0xFE, 0xFF, 0xFF, 0x04, 0x00, 0x00, 0x00, 0xE1, 0xFF, 0xFF,
    0xDF, 0xFF, 0xDF, 0x01, 0x00, 0x00, 0x10, 0xFE, 0xFF, 0xBF, 0xB1, 0xFF,
    0x9F, 0x00, 0x00, 0x00, 0xE1, 0xFF, 0xCF, 0x01, 0xE2, 0xFF, 0x5F, 0x00,
    0x00, 0x10, 0xFE, 0xDF, 0x01, 0x00, 0xF5, 0xFF, 0x1E, 0x00, 0x00, 0xE1,
    0xFF, 0x0B, 0x00, 0x00, 0xFA, 0xFF, 0x0B, 0x00, 0x10, 0xFE, 0xBF, 0x00,
    0x00, 0x10, 0xFE, 0xFF, 0x06, 0x00, 0xE1, 0xFF, 0x0B, 0x00, 0x00, 0x50,
    0xFF, 0xEF, 0x02, 0x10, 0xFE, 0xBF, 0x00, 0x00, 0x00, 0xA0, 0xFF, 0xBF,
    0x00, 0xE1, 0xFF, 0x0B, 0x00, 0x00, 0x00, 0xD1, 0xFF, 0x7F, 0x10, 0xED,
    0xAE, 0x00, 0x00, 0x00, 0x00, 0xE4, 0xEE, 0x3E, 0x10, 0x11, 0x01, 0x00,
    0x00, 0x00, 0x00, 0x11, 0x11, 0x01, 0x00, 0x00, 0x00, 0x85, 0x67, 0x00,
    0x00, 0x00, 0x00, 0x00, 0x00, 0x00, 0xE0, 0xFF, 0x07, 0x00, 0x00, 0x00,
    0x00, 0x00, 0x00, 0x30, 0xFF, 0x1E, 0x00, 0x00, 0x00, 0x00, 0x00, 0x00,
    0x00, 0xF6, 0xAF, 0x00, 0x00, 0x00, 0x00, 0x00, 0x00, 0x00, 0xA0, 0xFF,
    0x04, 0x00, 0x00, 0x00, 0x00, 0x00, 0x00, 0x00, 0xC9, 0x0A, 0x00, 0x00,
    0x00, 0x00, 0x00, 0x20, 0x22, 0x02, 0x00, 0x00, 0x00, 0x00, 0x00, 0xE1,
    0xFF, 0x0B, 0x00, 0x00, 0x00, 0x00, 0x00, 0xE1, 0xFF, 0x0B, 0x00, 0x00,
    0x00, 0x00, 0x00, 0xE1, 0xFF, 0x0B, 0x00, 0x00, 0x00, 0x00, 0x00, 0xE1,
    0xFF, 0x0B, 0x00, 0x00, 0x00, 0x00, 0x00, 0xE1, 0xFF, 0x0B, 0x00, 0x00,
    0x00, 0x00, 0x00, 0xE1, 0xFF, 0x0B, 0x00, 0x00, 0xB7, 0xCB, 0x07, 0xE1,
    0xFF, 0x0B, 0x00, 0x70, 0xFF, 0xDF, 0x02, 0xE1, 0xFF, 0x0B, 0x00, 0xF5,
    0xFF, 0x1D, 0x00, 0xE1, 0xFF, 0x0B, 0x40, 0xFF, 0xEF, 0x02, 0x00, 0xE1,
    0xFF, 0x0B, 0xE3, 0xFF, 0x3E, 0x00, 0x00, 0xE1, 0xFF, 0x2A, 0xFE, 0xFF,
    0x04, 0x00, 0x00, 0xE1, 0xFF, 0xDD, 0xFF, 0x5F, 0x00, 0x00, 0x00, 0xE1,
    0xFF, 0xFF, 0xFF, 0x4F, 0x00, 0x00, 0x00, 0xE1, 0xFF, 0xFF, 0xFF, 0xEF,
    0x01, 0x00, 0x00, 0xE1, 0xFF, 0xBF, 0xFA, 0xFF, 0x0B, 0x00, 0x00, 0xE1,
    0xFF, 0x1D, 0xD1, 0xFF, 0x7F, 0x00, 0x00, 0xE1, 0xFF, 0x0B, 0x40, 0xFF,
    0xFF, 0x03, 0x00, 0xE1, 0xFF, 0x0B, 0x00, 0xF8, 0xFF, 0x1C, 0x00, 0xE1,
    0xFF, 0x0B, 0x00, 0xC0, 0xFF, 0x9F, 0x00, 0xE1, 0xFF, 0x0B, 0x00, 0x20,
    0xFE, 0xFF, 0x05, 0xD1, 0xEE, 0x0A, 0x00, 0x00, 0xE6, 0xEE, 0x2D, 0x10,
    0x11, 0x01, 0x00, 0x00, 0x10, 0x11, 0x11, 0x00, 0x00, 0x20, 0x77, 0x28,
    0x00, 0x00, 0x00, 0x00, 0x00, 0x60, 0xFF, 0x1E, 0x00, 0x00, 0x00, 0x00,
    0x00, 0xA0, 0xFF, 0x08, 0x00, 0x00, 0x00, 0x00, 0x00, 0xD0, 0xFF, 0x02,
    0x00, 0x00, 0x00, 0x00, 0x00, 0xF2, 0xBF, 0x00, 0x00, 0x00, 0x00, 0x00,
    0x00, 0xC4, 0x5C, 0x00, 0x00, 0x00, 0x00, 0x00, 0x20, 0x44, 0x04, 0x00,
    0x00, 0x00, 0x00, 0x10, 0xFE, 0x8F, 0x00, 0x00, 0x00, 0x00, 0x00, 0xF6,
    0xBF, 0x00, 0x00, 0x00, 0x00, 0x00, 0xD0, 0xEF, 0x02, 0x00, 0x00, 0x00,
    0x00, 0x40, 0xEE, 0x07, 0x00, 0x00, 0x00, 0x00, 0x00, 0x11, 0x01, 0x00,
    0x00, 0x00, 0x00, 0x00, 0x10, 0x11, 0x01, 0x00, 0x00, 0x00, 0x00, 0x10,
    0xED, 0xAE, 0x00, 0x00, 0x00, 0x00, 0x00, 0xE1, 0xFF, 0x0B, 0x00, 0x00,
    0x00, 0x00, 0x10, 0xFE, 0xBF, 0x00, 0x00, 0x00, 0x00, 0x00, 0xE1, 0xFF,
    0x0B, 0x00, 0x00, 0x00, 0x00, 0x10, 0xFE, 0xBF, 0x00, 0x00, 0x00, 0x00,
    0x00, 0xE1, 0xFF, 0x0B, 0x00, 0x00, 0x00, 0x00, 0x10, 0xFE, 0xBF, 0x00,
    0x00, 0x00, 0x00, 0x00, 0xE1, 0xFF, 0x0B, 0x00, 0x00, 0x00, 0x00, 0x10,
    0xFE, 0xBF, 0x00, 0x00, 0x00, 0x00, 0x00, 0xE1, 0xFF, 0x0B, 0x00, 0x00,
    0x00, 0x00, 0x10, 0xFE, 0xBF, 0x00, 0x00, 0x00, 0x00, 0x00, 0xE1, 0xFF,
    0x0B, 0x00, 0x00, 0x00, 0x00, 0x10, 0xFE, 0xBF, 0x00, 0x00, 0x00, 0x00,
    0x00, 0xE1, 0xFF, 0x0B, 0x00, 0x00, 0x00, 0x00, 0x10, 0xFE, 0xBF, 0x00,
    0x00, 0x00, 0x00, 0x00, 0xE1, 0xFF, 0x0B, 0x00, 0x00, 0x00, 0x00, 0x10,
    0xFE, 0xBF, 0x00, 0x00, 0x00, 0x00, 0x00, 0xE1, 0xFF, 0x4C, 0x44, 0x44,
    0x44, 0x44, 0x11, 0xFE, 0xFF, 0xFF, 0xFF, 0xFF, 0xFF, 0x3F, 0xE1, 0xFF,
    0xFF, 0xFF, 0xFF, 0xFF, 0xFF, 0x12, 0xED, 0xEE, 0xEE, 0xEE, 0xEE, 0xEE,
    0x2E, 0x10, 0x11, 0x11, 0x11, 0x11, 0x11, 0x11, 0x00, 0x00, 0x20, 0x44,
    0x04, 0x10, 0xFD, 0x9F, 0x00, 0xF6, 0xCF, 0x00, 0xD0, 0xFF, 0x03, 0x50,
    0xEE, 0x07, 0x00, 0x11, 0x01, 0x00, 0x10, 0x11, 0x01, 0x10, 0xED, 0xAE,
    0x00, 0xE1, 0xFF, 0x0B, 0x10, 0xFE, 0xBF, 0x00, 0xE1, 0xFF, 0x0B, 0x10,
    0xFE, 0xBF, 0x00, 0xE1, 0xFF, 0x0B, 0x10, 0xFE, 0xBF, 0x00, 0xE1, 0xFF,
    0x0B, 0x10, 0xFE, 0xBF, 0x00, 0xE1, 0xFF, 0x0B, 0x10, 0xFE, 0xBF, 0x00,
    0xE1, 0xFF, 0x0B, 0x10, 0xFE, 0xBF, 0x00, 0xE1, 0xFF, 0x0B, 0x10, 0xFE,
    0xBF, 0x00, 0xE1, 0xFF, 0x0B, 0x10, 0xFE, 0xBF, 0x00, 0xE1, 0xFF, 0x0B,
    0x10, 0xFE, 0xBF, 0x00, 0xE1, 0xFF, 0x0B, 0x10, 0xED, 0xAE, 0x00, 0x10,
    0x11, 0x01, 0x00, 0x20, 0x22, 0x02, 0x00, 0x00, 0x00, 0x00, 0x10, 0xFE,
    0xBF, 0x00, 0x00, 0x00, 0x00, 0x00, 0xE1, 0xFF, 0x0B, 0x00, 0x00, 0x00,
    0x00, 0x10, 0xFE, 0xBF, 0x00, 0x00, 0x00, 0x00, 0x00, 0xE1, 0xFF, 0x0B,
    0x00, 0x00, 0x00, 0x00, 0x10, 0xFE, 0xBF, 0x00, 0x00, 0x00, 0x00, 0x00,
    0xE1, 0xFF, 0x0B, 0x00, 0x00, 0x00, 0x00, 0x10, 0xFE, 0xBF, 0x00, 0x00,
    0x00, 0x00, 0x00, 0xE1, 0xFF, 0x0B, 0x00, 0x00, 0x00, 0x00, 0x10, 0xFE,
    0xBF, 0x00, 0x00, 0x00, 0x00, 0x00, 0xE1, 0xFF, 0x0B, 0x00, 0x00, 0x00,
    0x00, 0x10, 0xFE, 0xBF, 0x00, 0x00, 0x00, 0x00, 0x00, 0xE1, 0xFF, 0x0B,
    0x00, 0x00, 0x00, 0x00, 0x10, 0xFE, 0xBF, 0x00, 0x00, 0x00, 0x00, 0x00,
    0xE1, 0xFF, 0x0B, 0x00, 0x00, 0x00, 0x00, 0x10, 0xFE, 0xBF, 0x00, 0x00,
    0x00, 0x00, 0x00, 0xE1, 0xFF, 0x0B, 0x00, 0x00, 0x00, 0x00, 0x10, 0xFE,
    0xBF, 0x00, 0x00, 0x00, 0x00, 0x00, 0xE1, 0xFF, 0x4C, 0x44, 0x44, 0x44,
    0x44, 0x11, 0xFE, 0xFF, 0xFF, 0xFF, 0xFF, 0xFF, 0x3F, 0xE1, 0xFF, 0xFF,
    0xFF, 0xFF, 0xFF, 0xFF, 0x12, 0xED, 0xEE, 0xEE, 0xEE, 0xEE, 0xEE, 0x2E,
    0x10, 0x11, 0x11, 0x00, 0x10, 0x11, 0x11, 0x00, 0x00, 0x00, 0x72, 0x77,
    0x01, 0x00, 0x00, 0x00, 0x00, 0x70, 0xFF, 0x1E, 0x00, 0x00, 0x00, 0x00,
    0x00, 0xFA, 0x7F, 0x00, 0x00, 0x00, 0x00, 0x00, 0xD0, 0xFF, 0x02, 0x00,
    0x00, 0x00, 0x00, 0x30, 0xFF, 0x0A, 0x00, 0x00, 0x00, 0x00, 0x00, 0xC5,
    0x4C, 0x00, 0x00, 0x00, 0x00, 0x00, 0x11, 0x11, 0x10, 0xED, 0xAE, 0x10,
    0xFE, 0xBF, 0x10, 0xFE, 0xBF, 0x10, 0xFE, 0xBF, 0x10, 0xFE, 0xBF, 0x10,
    0xFE, 0xBF, 0x10, 0xFE, 0xBF, 0x10, 0xFE, 0xBF, 0x10, 0xFE, 0xBF, 0x10,
    0xFE, 0xBF, 0x10, 0xFE, 0xBF, 0x10, 0xFE, 0xBF, 0x10, 0xFE, 0xBF, 0x10,
    0xFE, 0xBF, 0x10, 0xFE, 0xBF, 0x10, 0xFE, 0xBF, 0x10, 0xFE, 0xBF, 0x10,
    0xFE, 0xBF, 0x10, 0xFE, 0xBF, 0x10, 0xFE, 0xBF, 0x10, 0xED, 0xAE, 0x00,
    0x00, 0x00, 0x00, 0x77, 0x47, 0x30, 0xFF, 0x5F, 0x60, 0xFF, 0x0C, 0x90,
    0xFF, 0x06, 0xD0, 0xEF, 0x01, 0xB1, 0x8C, 0x00, 0x00, 0x00, 0x00, 0x00,
    0x43, 0x14, 0x00, 0x00, 0x33, 0x23, 0x00, 0xD0, 0xFF, 0x02, 0x00, 0xE1,
    0xFF, 0x0B, 0x00, 0xFC, 0x0D, 0x00, 0x10, 0xFE, 0xBF, 0x00, 0xC0, 0xBF,
    0x00, 0x00, 0xE1, 0xFF, 0x0B, 0x00, 0xFC, 0x09, 0x00, 0x10, 0xFE, 0xBF,
    0x00, 0xD0, 0x7F, 0x00, 0x00, 0xE1, 0xFF, 0x0B, 0x00, 0x43, 0x02, 0x00,
    0x10, 0xFE, 0xBF, 0x00, 0x00, 0x00, 0x00, 0x00, 0xE1, 0xFF, 0x0B, 0x00,
    0x00, 0x00, 0x00, 0x10, 0xFE, 0xBF, 0x00, 0x00, 0x00, 0x00, 0x00, 0xE1,
    0xFF, 0x0B, 0x00, 0x00, 0x00, 0x00, 0x10, 0xFE, 0xBF, 0x00, 0x00, 0x00,
    0x00, 0x00, 0xE1, 0xFF, 0x0B, 0x00, 0x00, 0x00, 0x00, 0x10, 0xFE, 0xBF,
    0x00, 0x00, 0x00, 0x00, 0x00, 0xE1, 0xFF, 0x0B, 0x00, 0x00, 0x00, 0x00,
    0x10, 0xFE, 0xBF, 0x00, 0x00, 0x00, 0x00, 0x00, 0xE1, 0xFF, 0x0B, 0x00,
    0x00, 0x00, 0x00, 0x10, 0xFE, 0xBF, 0x00, 0x00, 0x00, 0x00, 0x00, 0xE1,
    0xFF, 0x0B, 0x00, 0x00, 0x00, 0x00, 0x10, 0xFE, 0xCF, 0x44, 0x44, 0x44,
    0x44, 0x14, 0xE1, 0xFF, 0xFF, 0xFF, 0xFF, 0xFF, 0xFF, 0x13, 0xFE, 0xFF,
    0xFF, 0xFF, 0xFF, 0xFF, 0x2F, 0xD1, 0xEE, 0xEE, 0xEE, 0xEE, 0xEE, 0xEE,
    0x02, 0x11, 0x11, 0x11, 0x11, 0x11, 0x11, 0x01, 0x00, 0x00, 0x00, 0x41,
    0x24, 0x10, 0x11, 0x01, 0xF6, 0x9F, 0xD1, 0xEE, 0x0B, 0xF6, 0x6F, 0xE1,
    0xFF, 0x0B, 0xF6, 0x4F, 0xE1, 0xFF, 0x0B, 0xF6, 0x2F, 0xE1, 0xFF, 0x0B,
    0xF6, 0x1E, 0xE1, 0xFF, 0x0B, 0x42, 0x03, 0xE1, 0xFF, 0x0B, 0x00, 0x00,
    0xE1, 0xFF, 0x0B, 0x00, 0x00, 0xE1, 0xFF, 0x0B, 0x00, 0x00, 0xE1, 0xFF,
    0x0B, 0x00, 0x00, 0xE1, 0xFF, 0x0B, 0x00, 0x00, 0xE1, 0xFF, 0x0B, 0x00,
    0x00, 0xE1, 0xFF, 0x0B, 0x00, 0x00, 0xE1, 0xFF, 0x0B, 0x00, 0x00, 0xE1,
    0xFF, 0x0B, 0x00, 0x00, 0xE1, 0xFF, 0x0B, 0x00, 0x00, 0xE1, 0xFF, 0x0B,
    0x00, 0x00, 0xE1, 0xFF, 0x0B, 0x00, 0x00, 0xE1, 0xFF, 0x0B, 0x00, 0x00,
    0xE1, 0xFF, 0x0B, 0x00, 0x00, 0xE1, 0xFF, 0x0B, 0x00, 0x00, 0xD1, 0xEE,
    0x0A, 0x00, 0x00, 0x10, 0x11, 0x01, 0x00, 0x00, 0x00, 0x10, 0x11, 0x01,
    0x00, 0x00, 0x00, 0x00, 0x00, 0x00, 0xEA, 0xDE, 0x01, 0x00, 0x00, 0x00,
    0x00, 0x00, 0xB0, 0xFF, 0x1E, 0x00, 0x00, 0x00, 0x00, 0x00, 0x00, 0xFB,
    0xEF, 0x01, 0x00, 0x00, 0x00, 0x00, 0x00, 0xB0, 0xFF, 0x1E, 0x00, 0x00,
    0x00, 0x00, 0x00, 0x00, 0xFB, 0xEF, 0x01, 0x00, 0x01, 0x00, 0x00, 0x00,
    0xB0, 0xFF, 0x1E, 0x10, 0xD7, 0x01, 0x00, 0x00, 0x00, 0xFB, 0xEF, 0x50,
    0xFC, 0x1E, 0x00, 0x00, 0x00, 0xB0, 0xFF, 0xBE, 0xFF, 0xEF, 0x01, 0x00,
    0x00, 0x00, 0xFB, 0xFF, 0xFF, 0xCF, 0x05, 0x00, 0x00, 0x00, 0xC0, 0xFF,
    0xFF, 0x7E, 0x01, 0x00, 0x00, 0x00, 0xC5, 0xFF, 0xFF, 0x29, 0x00, 0x00,
    0x00, 0x00, 0xF6, 0xFF, 0xFF, 0x0E, 0x00, 0x00, 0x00, 0x00, 0x80, 0xFF,
    0xFF, 0xEF, 0x01, 0x00, 0x00, 0x00, 0x00, 0xE8, 0xC7, 0xFF, 0x1E, 0x00,
    0x00, 0x00, 0x00, 0x40, 0x03, 0xFB, 0xEF, 0x01, 0x00, 0x00, 0x00, 0x00,
    0x00, 0xB0, 0xFF, 0x1E, 0x00, 0x00, 0x00, 0x00, 0x00, 0x00, 0xFB, 0xEF,
    0x00, 0x00, 0x00, 0x00, 0x00, 0x00, 0xB0, 0xFF, 0x5E, 0x44, 0x44, 0x44,
    0x44, 0x01, 0x00, 0xFB, 0xFF, 0xFF, 0xFF, 0xFF, 0xFF, 0x6F, 0x00, 0xB0,
    0xFF, 0xFF, 0xFF, 0xFF, 0xFF, 0xFF, 0x06, 0x00, 0xEA, 0xEE, 0xEE, 0xEE,
    0xEE, 0xEE, 0x5E, 0x00, 0x10, 0x11, 0x11, 0x11, 0x11, 0x11, 0x11, 0x00,
    0x00, 0x10, 0x11, 0x01, 0x00, 0x10, 0xED, 0xAE, 0x00, 0x00, 0xE1, 0xFF,
    0x0B, 0x00, 0x10, 0xFE, 0xBF, 0x00, 0x00, 0xE1, 0xFF, 0x0B, 0x00, 0x10,
    0xFE, 0xBF, 0x00, 0x00, 0xE1, 0xFF, 0x2B, 0x08, 0x10, 0xFE, 0xEF, 0xEE,
    0x00, 0xE0, 0xFF, 0xFF, 0x0D, 0x40, 0xFE, 0xFF, 0x4C, 0x91, 0xFF, 0xFF,
    0x0C, 0x20, 0xFF, 0xFF, 0xBF, 0x00, 0xF3, 0xEB, 0xFF, 0x0B, 0x20, 0x04,
    0xFE, 0xBF, 0x00, 0x00, 0xE1, 0xFF, 0x0B, 0x00, 0x10, 0xFE, 0xBF, 0x00,
    0x00, 0xE1, 0xFF, 0x0B, 0x00, 0x10, 0xFE, 0xBF, 0x00, 0x00, 0xE1, 0xFF,
    0x0B, 0x00, 0x10, 0xFE, 0xBF, 0x00, 0x00, 0xE1, 0xFF, 0x0B, 0x00, 0x10,
    0xED, 0xAE, 0x00, 0x00, 0x10, 0x11, 0x01, 0x00, 0x00, 0x00, 0x00, 0x00,
    0x00, 0x42, 0x44, 0x00, 0x00, 0x00, 0x00, 0x00, 0x00, 0x00, 0xD1, 0xFF,
    0x08, 0x00, 0x00, 0x00, 0x00, 0x00, 0x00, 0x60, 0xFF, 0x0C, 0x00, 0x00,
    0x00, 0x00, 0x00, 0x00, 0x00, 0xFD, 0x3F, 0x00, 0x00, 0x00, 0x00, 0x00,
    0x00, 0x00, 0xE4, 0x7E, 0x00, 0x00, 0x00, 0x00, 0x00, 0x00, 0x00, 0x10,
    0x11, 0x00, 0x00, 0x00, 0x00, 0x10, 0x11, 0x01, 0x00, 0x00, 0x00, 0x00,
    0x10, 0x11, 0x11, 0xED, 0xEE, 0x08, 0x00, 0x00, 0x00, 0x10, 0xED, 0xAE,
    0xE1, 0xFF, 0xFF, 0x03, 0x00, 0x00, 0x00, 0xE1, 0xFF, 0x1B, 0xFE, 0xFF,
    0xCF, 0x00, 0x00, 0x00, 0x10, 0xFE, 0xBF, 0xE1, 0xFF, 0xFF, 0x7F, 0x00,
    0x00, 0x00, 0xE1, 0xFF, 0x1B, 0xFE, 0xFF, 0xFF, 0x2E, 0x00, 0x00, 0x10,
    0xFE, 0xBF, 0xE1, 0xFF, 0xDA, 0xFF, 0x0B, 0x00, 0x00, 0xE1, 0xFF, 0x1B,
    0xFE, 0x9F, 0xF6, 0xFF, 0x05, 0x00, 0x10, 0xFE, 0xBF, 0xE1, 0xFF, 0x0B,
    0xFD, 0xDF, 0x01, 0x00, 0xE1, 0xFF, 0x1B, 0xFE, 0xCF, 0x60, 0xFF, 0x9F,
    0x00, 0x10, 0xFE, 0xBF, 0xE1, 0xFF, 0x0C, 0xC0, 0xFF, 0x3F, 0x00, 0xE1,
    0xFF, 0x1B, 0xFE, 0xCF, 0x00, 0xF3, 0xFF, 0x0C, 0x10, 0xFE, 0xBF, 0xE1,
    0xFF, 0x0C, 0x00, 0xF9, 0xFF, 0x07, 0xE1, 0xFF, 0x1B, 0xFE, 0xCF, 0x00,
    0x10, 0xFD, 0xEF, 0x12, 0xFE, 0xBF, 0xE1, 0xFF, 0x0C, 0x00, 0x50, 0xFF,
    0x9F, 0xE0, 0xFF, 0x1B, 0xFE, 0xCF, 0x00, 0x00, 0xA0, 0xFF, 0x4F, 0xFD,
    0xBF, 0xE1, 0xFF, 0x0C, 0x00, 0x00, 0xE2, 0xFF, 0xDB, 0xFF, 0x1B, 0xFE,
    0xCF, 0x00, 0x00, 0x00, 0xF6, 0xFF, 0xFF, 0xBF, 0xE1, 0xFF, 0x0C, 0x00,
    0x00, 0x00, 0xFB, 0xFF, 0xFF, 0x1B, 0xFE, 0xCF, 0x00, 0x00, 0x00, 0x30,
    0xFF, 0xFF, 0xBF, 0xE1, 0xFF, 0x0C, 0x00, 0x00, 0x00, 0x80, 0xFF, 0xFF,
    0x1B, 0xED, 0xBE, 0x00, 0x00, 0x00, 0x00, 0xC1, 0xEE, 0xAE, 0x10, 0x11,
    0x01, 0x00, 0x00, 0x00, 0x00, 0x10, 0x11, 0x01, 0x00, 0x00, 0x00, 0x00,
    0x42, 0x34, 0x00, 0x00, 0x00, 0x00, 0x00, 0xD0, 0xFF, 0x07, 0x00, 0x00,
    0x00, 0x00, 0x50, 0xFF, 0x0B, 0x00, 0x00, 0x00, 0x00, 0x00, 0xFC, 0x2E,
    0x00, 0x00, 0x00, 0x00, 0x00, 0xE4, 0x7E, 0x00, 0x00, 0x00, 0x00, 0x00,
    0x10, 0x11, 0x00, 0x00, 0x00, 0x10, 0x11, 0x01, 0x00, 0x10, 0x00, 0x00,
    0x10, 0xED, 0x8E, 0x30, 0xDA, 0xDE, 0x39, 0x00, 0xE1, 0xFF, 0x48, 0xFF,
    0xFF, 0xFF, 0x4E, 0x10, 0xFE, 0xAF, 0xFD, 0xEE, 0xFF, 0xFF, 0x1E, 0xE1,
    0xFF, 0xEF, 0x15, 0x61, 0xFE, 0xFF, 0x16, 0xFE, 0xFF, 0x04, 0x00, 0x60,
    0xFF, 0xAF, 0xE1, 0xFF, 0x0D, 0x00, 0x00, 0xF2, 0xFF, 0x1B, 0xFE, 0xBF,
    0x00, 0x00, 0x10, 0xFE, 0xBF, 0xE1, 0xFF, 0x0B, 0x00, 0x00, 0xE1, 0xFF,
    0x1B, 0xFE, 0xBF, 0x00, 0x00, 0x10, 0xFE, 0xBF, 0xE1, 0xFF, 0x0B, 0x00,
    0x00, 0xE1, 0xFF, 0x1B, 0xFE, 0xBF, 0x00, 0x00, 0x10, 0xFE, 0xBF, 0xE1,
    0xFF, 0x0B, 0x00, 0x00, 0xE1, 0xFF, 0x1B, 0xFE, 0xBF, 0x00, 0x00, 0x10,
    0xFE, 0xBF, 0xE1, 0xFF, 0x0B, 0x00, 0x00, 0xE1, 0xFF, 0x1B, 0xFE, 0xBF,
    0x00, 0x00, 0x10, 0xFE, 0xCF, 0xC1, 0xDD, 0x09, 0x00, 0x00, 0xC1, 0xDD,
    0x09, 0x40, 0x44, 0x14, 0x00, 0x00, 0x00, 0x00, 0x40, 0x44, 0x13, 0xFF,
    0xFF, 0x0B, 0x00, 0x00, 0x00, 0x10, 0xFF, 0xBF, 0xE1, 0xFF, 0xFF, 0x05,
    0x00, 0x00, 0x00, 0xE1, 0xFF, 0x1B, 0xFE, 0xFF, 0xEF, 0x01, 0x00, 0x00,
    0x10, 0xFE, 0xBF, 0xE1, 0xFF, 0xFF, 0x9F, 0x00, 0x00, 0x00, 0xE1, 0xFF,
    0x1B, 0xFE, 0xFF, 0xFF, 0x4F, 0x00, 0x00, 0x10, 0xFE, 0xBF, 0xE1, 0xFF,
    0xDA, 0xFF, 0x0C, 0x00, 0x00, 0xE1, 0xFF, 0x1B, 0xFE, 0x9F, 0xF6, 0xFF,
    0x07, 0x00, 0x10, 0xFE, 0xBF, 0xE1, 0xFF, 0x0B, 0xFD, 0xFF, 0x02, 0x00,
    0xE1, 0xFF, 0x1B, 0xFE, 0xCF, 0x60, 0xFF, 0xBF, 0x00, 0x10, 0xFE, 0xBF,
    0xE1, 0xFF, 0x0C, 0xC0, 0xFF, 0x6F, 0x00, 0xE1, 0xFF, 0x1B, 0xFE, 0xCF,
    0x00, 0xF3, 0xFF, 0x1E, 0x10, 0xFE, 0xBF, 0xE1, 0xFF, 0x0C, 0x00, 0xF9,
    0xFF, 0x09, 0xE1, 0xFF, 0x1B, 0xFE, 0xCF, 0x00, 0x10, 0xFD, 0xFF, 0x03,
    0xFE, 0xBF, 0xE1, 0xFF, 0x0C, 0x00, 0x50, 0xFF, 0xBF, 0xE1, 0xFF, 0x1B,
    0xFE, 0xCF, 0x00, 0x00, 0xA0, 0xFF, 0x5F, 0xFD, 0xBF, 0xE1, 0xFF, 0x0C,
    0x00, 0x00, 0xE2, 0xFF, 0xEC, 0xFF, 0x1B, 0xFE, 0xCF, 0x00, 0x00, 0x00,
    0xF6, 0xFF, 0xFF, 0xBF, 0xE1, 0xFF, 0x0C, 0x00, 0x00, 0x00, 0xFB, 0xFF,
    0xFF, 0x1B, 0xFE, 0xCF, 0x00, 0x00, 0x00, 0x30, 0xFF, 0xFF, 0xBF, 0xE1,
    0xFF, 0x0C, 0x00, 0x00, 0x00, 0x80, 0xFF, 0xFF, 0x1B, 0xED, 0xBE, 0x00,
    0x00, 0x00, 0x00, 0xC1, 0xEE, 0xAE, 0x10, 0x11, 0x01, 0x00, 0x00, 0x00,
    0x00, 0x10, 0x11, 0x01, 0x00, 0x00, 0x00, 0x70, 0x78, 0x04, 0x00, 0x00,
    0x00, 0x00, 0x00, 0x00, 0x20, 0xFF, 0x4F, 0x00, 0x00, 0x00, 0x00, 0x00,
    0x00, 0x00, 0xF5, 0xCF, 0x00, 0x00, 0x00, 0x00, 0x00, 0x00, 0x00, 0x80,
    0xFF, 0x06, 0x00, 0x00, 0x00, 0x00, 0x00, 0x00, 0x00, 0xFC, 0x1E, 0x00,
    0x00, 0x00, 0x00, 0x00, 0x00, 0x00, 0xB1, 0x8C, 0x00, 0x00, 0x00, 0x00,
    0x00, 0x10, 0x11, 0x01, 0x00, 0x10, 0x00, 0x00, 0x10, 0xED, 0x8E, 0x30,
    0xDA, 0xDE, 0x39, 0x00, 0xE1, 0xFF, 0x48, 0xFF, 0xFF, 0xFF, 0x4E, 0x10,
    0xFE, 0xAF, 0xFD, 0xEE, 0xFF, 0xFF, 0x1E, 0xE1, 0xFF, 0xEF, 0x15, 0x61,
    0xFE, 0xFF, 0x16, 0xFE, 0xFF, 0x04, 0x00, 0x60, 0xFF, 0xAF, 0xE1, 0xFF,
    0x0D, 0x00, 0x00, 0xF2, 0xFF, 0x1B, 0xFE, 0xBF, 0x00, 0x00, 0x10, 0xFE,
    0xBF, 0xE1, 0xFF, 0x0B, 0x00, 0x00, 0xE1, 0xFF, 0x1B, 0xFE, 0xBF, 0x00,
    0x00, 0x10, 0xFE, 0xBF, 0xE1, 0xFF, 0x0B, 0x00, 0x00, 0xE1, 0xFF, 0x1B,
    0xFE, 0xBF, 0x00, 0x00, 0x10, 0xFE, 0xBF, 0xE1, 0xFF, 0x0B, 0x00, 0x00,
    0xE1, 0xFF, 0x1B, 0xFE, 0xBF, 0x00, 0x00, 0x10, 0xFE, 0xBF, 0xE1, 0xFF,
    0x0B, 0x00, 0x00, 0xE1, 0xFF, 0x1B, 0xFF, 0xBF, 0x00, 0x00, 0x10, 0xFE,
    0xCF, 0xB1, 0xCC, 0x09, 0x00, 0x00, 0xB1, 0xCC, 0x09, 0x00, 0x00, 0x00,
    0x00, 0x00, 0x00, 0x00, 0x00, 0x00, 0x00, 0x86, 0x48, 0x00, 0x00, 0x00,
    0x00, 0x00, 0xF1, 0xFF, 0x04, 0x00, 0x00, 0x00, 0x00, 0x40, 0xFF, 0x0C,
    0x00, 0x00, 0x00, 0x00, 0x00, 0xF7, 0x6F, 0x00, 0x00, 0x00, 0x00, 0x00,
    0xB0, 0xEF, 0x01, 0x00, 0x00, 0x00, 0x00, 0x00, 0xCA, 0x08, 0x00, 0x00,
    0x00, 0x00, 0x00, 0x61, 0x55, 0x00, 0x10, 0x66, 0x16, 0x00, 0x00, 0x00,
    0x10, 0xFA, 0x9F, 0x10, 0xFC, 0x8F, 0x00, 0x00, 0x00, 0x00, 0x00, 0xFA,
    0x6F, 0xF9, 0x7F, 0x00, 0x00, 0x00, 0x00, 0x00, 0x00, 0xFB, 0xFF, 0x8F,
    0x00, 0x00, 0x00, 0x00, 0x00, 0x00, 0x10, 0xBA, 0x8B, 0x00, 0x00, 0x00,
    0x00, 0x00, 0x00, 0x00, 0x00, 0x00, 0x00, 0x00, 0x00, 0x00, 0x10, 0x11,
    0x01, 0x00, 0x00, 0x00, 0x00, 0x10, 0x11, 0x11, 0xED, 0xEE, 0x08, 0x00,
    0x00, 0x00, 0x10, 0xED, 0xAE, 0xE1, 0xFF, 0xFF, 0x03, 0x00, 0x00, 0x00,
    0xE1, 0xFF, 0x1B, 0xFE, 0xFF, 0xCF, 0x00, 0x00, 0x00, 0x10, 0xFE, 0xBF,
    0xE1, 0xFF, 0xFF, 0x7F, 0x00, 0x00, 0x00, 0xE1, 0xFF, 0x1B, 0xFE, 0xFF,
    0xFF, 0x2E, 0x00, 0x00, 0x10, 0xFE, 0xBF, 0xE1, 0xFF, 0xDA, 0xFF, 0x0B,
    0x00, 0x00, 0xE1, 0xFF, 0x1B, 0xFE, 0x9F, 0xF6, 0xFF, 0x05, 0x00, 0x10,
    0xFE, 0xBF, 0xE1, 0xFF, 0x0B, 0xFD, 0xDF, 0x01, 0x00, 0xE1, 0xFF, 0x1B,
    0xFE, 0xCF, 0x60, 0xFF, 0x9F, 0x00, 0x10, 0xFE, 0xBF, 0xE1, 0xFF, 0x0C,
    0xC0, 0xFF, 0x3F, 0x00, 0xE1, 0xFF, 0x1B, 0xFE, 0xCF, 0x00, 0xF3, 0xFF,
    0x0C, 0x10, 0xFE, 0xBF, 0xE1, 0xFF, 0x0C, 0x00, 0xF9, 0xFF, 0x07, 0xE1,
    0xFF, 0x1B, 0xFE, 0xCF, 0x00, 0x10, 0xFD, 0xEF, 0x12, 0xFE, 0xBF, 0xE1,
    0xFF, 0x0C, 0x00, 0x50, 0xFF, 0x9F, 0xE0, 0xFF, 0x1B, 0xFE, 0xCF, 0x00,
    0x00, 0xA0, 0xFF, 0x4F, 0xFD, 0xBF, 0xE1, 0xFF, 0x0C, 0x00, 0x00, 0xE2,
    0xFF, 0xDB, 0xFF, 0x1B, 0xFE, 0xCF, 0x00, 0x00, 0x00, 0xF6, 0xFF, 0xFF,
    0xBF, 0xE1, 0xFF, 0x0C, 0x00, 0x00, 0x00, 0xFB, 0xFF, 0xFF, 0x1B, 0xFE,
    0xCF, 0x00, 0x00, 0x00, 0x30, 0xFF, 0xFF, 0xBF, 0xE1, 0xFF, 0x0C, 0x00,
    0x00, 0x00, 0x80, 0xFF, 0xFF, 0x1B, 0xED, 0xBE, 0x00, 0x00, 0x00, 0x00,
    0xC1, 0xEE, 0xAE, 0x10, 0x11, 0x01, 0x00, 0x00, 0x00, 0x00, 0x10, 0x11,
    0x01, 0x00, 0x41, 0x33, 0x00, 0x10, 0x44, 0x04, 0x00, 0x10, 0xFB, 0x7F,
    0x00, 0xFB, 0x9F, 0x00, 0x00, 0x10, 0xFC, 0x4F, 0xF8, 0x9F, 0x00, 0x00,
    0x00, 0x10, 0xFD, 0xFF, 0xAF, 0x00, 0x00, 0x00, 0x00, 0x20, 0xEC, 0xAE,
    0x00, 0x00, 0x00, 0x00, 0x00, 0x00, 0x11, 0x00, 0x00, 0x00, 0x00, 0x00,
    0x00, 0x00, 0x10, 0x00, 0x00, 0x10, 0xBA, 0x6B, 0x30, 0xDA, 0xCE, 0x29,
    0x00, 0xF1, 0xFF, 0x38, 0xFE, 0xFF, 0xFF, 0x4E, 0x10, 0xFE, 0x9F, 0xFD,
    0xEE, 0xFF, 0xFF, 0x1D, 0xE1, 0xFF, 0xEE, 0x26, 0x62, 0xFE, 0xFF, 0x16,
    0xFE, 0xFF, 0x05, 0x00, 0x60, 0xFF, 0x9F, 0xE1, 0xFF, 0x0D, 0x00, 0x00,
    0xF2, 0xFF, 0x1B, 0xFE, 0xBF, 0x00, 0x00, 0x10, 0xFE, 0xBF, 0xE1, 0xFF,
    0x0B, 0x00, 0x00, 0xE1, 0xFF, 0x1B, 0xFE, 0xBF, 0x00, 0x00, 0x10, 0xFE,
    0xBF, 0xE1, 0xFF, 0x0B, 0x00, 0x00, 0xE1, 0xFF, 0x1B, 0xFE, 0xBF, 0x00,
    0x00, 0x10, 0xFE, 0xBF, 0xE1, 0xFF, 0x0B, 0x00, 0x00, 0xE1, 0xFF, 0x1B,
    0xFE, 0xBF, 0x00, 0x00, 0x10, 0xFE, 0xBF, 0xE1, 0xFF, 0x0B, 0x00, 0x00,
    0xE1, 0xFF, 0x1B, 0xFE, 0xBF, 0x00, 0x00, 0x10, 0xFE, 0xBF, 0xD1, 0xEE,
    0x0A, 0x00, 0x00, 0xD1, 0xEE, 0x0A, 0x11, 0x11, 0x00, 0x00, 0x00, 0x11,
    0x11, 0x00, 0x00, 0x00, 0x76, 0x77, 0x77, 0x77, 0x02, 0x00, 0x00, 0x00,
    0x00, 0x00, 0xFC, 0xFF, 0xFF, 0xFF, 0x04, 0x00, 0x00, 0x00, 0x00, 0x00,
    0xEA, 0xEE, 0xEE, 0xEE, 0x04, 0x00, 0x00, 0x00, 0x00, 0x00, 0x11, 0x11,
    0x11, 0x11, 0x00, 0x00, 0x00, 0x00, 0x00, 0x00, 0x00, 0x00, 0x00, 0x00,
    0x00, 0x00, 0x00, 0x00, 0x00, 0x00, 0x30, 0x76, 0x67, 0x14, 0x00, 0x00,
    0x00, 0x00, 0x00, 0x60, 0xFC, 0xFF, 0xFF, 0xDF, 0x18, 0x00, 0x00, 0x00,
    0x10, 0xFA, 0xFF, 0xFF, 0xFF, 0xFF, 0xDF, 0x03, 0x00, 0x00, 0xC1, 0xFF,
    0xFF, 0xEF, 0xFE, 0xFF, 0xFF, 0x3E, 0x00, 0x00, 0xF9, 0xFF, 0xAF, 0x24,
    0x31, 0xE8, 0xFF, 0xDF, 0x01, 0x30, 0xFF, 0xFF, 0x05, 0x00, 0x00, 0x30,
    0xFD, 0xFF, 0x07, 0xA0, 0xFF, 0x7F, 0x00, 0x00, 0x00, 0x00, 0xF4, 0xFF,
    0x1D, 0xE1, 0xFF, 0x1D, 0x00, 0x00, 0x00, 0x00, 0xA0, 0xFF, 0x4F, 0xF4,
    0xFF, 0x09, 0x00, 0x00, 0x00, 0x00, 0x50, 0xFF, 0x7F, 0xF6, 0xFF, 0x06,
    0x00, 0x00, 0x00, 0x00, 0x20, 0xFF, 0xAF, 0xF7, 0xFF, 0x04, 0x00, 0x00,
    0x00, 0x00, 0x10, 0xFE, 0xBF, 0xF7, 0xFF, 0x04, 0x00, 0x00, 0x00, 0x00,
    0x10, 0xFE, 0xBF, 0xF7, 0xFF, 0x04, 0x00, 0x00, 0x00, 0x00, 0x10, 0xFE,
    0xBF, 0xF6, 0xFF, 0x06, 0x00, 0x00, 0x00, 0x00, 0x30, 0xFF, 0x9F, 0xF3,
    0xFF, 0x0A, 0x00, 0x00, 0x00, 0x00, 0x60, 0xFF, 0x7F, 0xD1, 0xFF, 0x2E,
    0x00, 0x00, 0x00, 0x00, 0xC0, 0xFF, 0x3F, 0x90, 0xFF, 0xAF, 0x00, 0x00,
    0x00, 0x00, 0xF6, 0xFF, 0x0C, 0x20, 0xFF, 0xFF, 0x09, 0x00, 0x00, 0x60,
    0xFF, 0xFF, 0x05, 0x00, 0xF7, 0xFF, 0xDF, 0x57, 0x64, 0xFB, 0xFF, 0xAF,
    0x00, 0x00, 0x90, 0xFF, 0xFF, 0xFF, 0xFF, 0xFF, 0xFF, 0x1C, 0x00, 0x00,
    0x00, 0xF7, 0xFF, 0xFF, 0xFF, 0xFF, 0xAF, 0x01, 0x00, 0x00, 0x00, 0x30,
    0xD9, 0xFF, 0xFF, 0xAE, 0x04, 0x00, 0x00, 0x00, 0x00, 0x00, 0x00, 0x42,
    0x34, 0x01, 0x00, 0x00, 0x00, 0x00, 0x10, 0x44, 0x44, 0x44, 0x34, 0x00,
    0x00, 0x00, 0x40, 0xFF, 0xFF, 0xFF, 0xCF, 0x00, 0x00, 0x00, 0x40, 0xFF,
    0xFF, 0xFF, 0xCF, 0x00, 0x00, 0x00, 0x10, 0x44, 0x44, 0x44, 0x34, 0x00,
    0x00, 0x00, 0x00, 0x00, 0x00, 0x00, 0x00, 0x00, 0x00, 0x00, 0x00, 0x00,
    0x10, 0x01, 0x00, 0x00, 0x00, 0x00, 0x00, 0xA5, 0xED, 0xCE, 0x39, 0x00,
    0x00, 0x00, 0xB1, 0xFF, 0xFF, 0xFF, 0xFF, 0x08, 0x00, 0x10, 0xFC, 0xFF,
    0xEF, 0xFE, 0xFF, 0x9F, 0x00, 0x90, 0xFF, 0xCF, 0x14, 0x62, 0xFE, 0xFF,
    0x05, 0xF2, 0xFF, 0x1D, 0x00, 0x00, 0xF4, 0xFF, 0x0C, 0xF6, 0xFF, 0x06,
    0x00, 0x00, 0xA0, 0xFF, 0x3F, 0xF9, 0xFF, 0x03, 0x00, 0x00, 0x60, 0xFF,
    0x5F, 0xFB, 0xEF, 0x01, 0x00, 0x00, 0x40, 0xFF, 0x7F, 0xFB, 0xEF, 0x01,
    0x00, 0x00, 0x40, 0xFF, 0x7F, 0xFA, 0xFF, 0x02, 0x00, 0x00, 0x50, 0xFF,
    0x6F, 0xF7, 0xFF, 0x05, 0x00, 0x00, 0x90, 0xFF, 0x4F, 0xF3, 0xFF, 0x0C,
    0x00, 0x00, 0xE2, 0xFF, 0x1D, 0xB0, 0xFF, 0x9F, 0x01, 0x30, 0xFC, 0xFF,
    0x07, 0x20, 0xFE, 0xFF, 0xBE, 0xFC, 0xFF, 0xCF, 0x01, 0x00, 0xD4, 0xFF,
    0xFF, 0xFF, 0xFF, 0x1B, 0x00, 0x00, 0x20, 0xD8, 0xFF, 0xFF, 0x7C, 0x00,
    0x00, 0x00, 0x00, 0x10, 0x43, 0x24, 0x00, 0x00, 0x00, 0x00, 0x00, 0x30,
    0x46, 0x00, 0x00, 0x63, 0x04, 0x00, 0x00, 0x00, 0x00, 0x70, 0xEF, 0x01,
    0x00, 0xFB, 0x0A, 0x00, 0x00, 0x00, 0x00, 0x20, 0xFE, 0x5B, 0x94, 0xFF,
    0x04, 0x00, 0x00, 0x00, 0x00, 0x00, 0xF6, 0xFF, 0xFF, 0x9F, 0x00, 0x00,
    0x00, 0x00, 0x00, 0x00, 0x40, 0xDB, 0xCE, 0x06, 0x00, 0x00, 0x00, 0x00,
    0x00, 0x00, 0x00, 0x00, 0x00, 0x00, 0x00, 0x00, 0x00, 0x00, 0x00, 0x00,
    0x30, 0x76, 0x67, 0x14, 0x00, 0x00, 0x00, 0x00, 0x00, 0x60, 0xFC, 0xFF,
    0xFF, 0xDF, 0x18, 0x00, 0x00, 0x00, 0x10, 0xFA, 0xFF, 0xFF, 0xFF, 0xFF,
    0xDF, 0x03, 0x00, 0x00, 0xC1, 0xFF, 0xFF, 0xEF, 0xFE, 0xFF, 0xFF, 0x3E,
    0x00, 0x00, 0xF9, 0xFF, 0xAF, 0x24, 0x31, 0xE8, 0xFF, 0xDF, 0x01, 0x30,
    0xFF, 0xFF, 0x05, 0x00, 0x00, 0x30, 0xFD, 0xFF, 0x07, 0xA0, 0xFF, 0x7F,
    0x00, 0x00, 0x00, 0x00, 0xF4, 0xFF, 0x1D, 0xE1, 0xFF, 0x1D, 0x00, 0x00,
    0x00, 0x00, 0xA0, 0xFF, 0x4F, 0xF4, 0xFF, 0x09, 0x00, 0x00, 0x00, 0x00,
    0x50, 0xFF, 0x7F, 0xF6, 0xFF, 0x06, 0x00, 0x00, 0x00, 0x00, 0x20, 0xFF,
    0xAF, 0xF7, 0xFF, 0x04, 0x00, 0x00, 0x00, 0x00, 0x10, 0xFE, 0xBF, 0xF7,
    0xFF, 0x04, 0x00, 0x00, 0x00, 0x00, 0x10, 0xFE, 0xBF, 0xF7, 0xFF, 0x04,
    0x00, 0x00, 0x00, 0x00, 0x10, 0xFE, 0xBF, 0xF6, 0xFF, 0x06, 0x00, 0x00,
    0x00, 0x00, 0x30, 0xFF, 0x9F, 0xF3, 0xFF, 0x0A, 0x00, 0x00, 0x00, 0x00,
    0x60, 0xFF, 0x7F, 0xD1, 0xFF, 0x2E, 0x00, 0x00, 0x00, 0x00, 0xC0, 0xFF,
    0x3F, 0x90, 0xFF, 0xAF, 0x00, 0x00, 0x00, 0x00, 0xF6, 0xFF, 0x0C, 0x20,
    0xFF, 0xFF, 0x09, 0x00, 0x00, 0x60, 0xFF, 0xFF, 0x05, 0x00, 0xF7, 0xFF,
    0xDF, 0x57, 0x64, 0xFB, 0xFF, 0xAF, 0x00, 0x00, 0x90, 0xFF, 0xFF, 0xFF,
    0xFF, 0xFF, 0xFF, 0x1C, 0x00, 0x00, 0x00, 0xF7, 0xFF, 0xFF, 0xFF, 0xFF,
    0xAF, 0x01, 0x00, 0x00, 0x00, 0x30, 0xD9, 0xFF, 0xFF, 0xAE, 0x04, 0x00,
    0x00, 0x00, 0x00, 0x00, 0x00, 0x42, 0x34, 0x01, 0x00, 0x00, 0x00, 0x00,
    0x20, 0x13, 0x00, 0x00, 0x32, 0x01, 0x00, 0x00, 0xA0, 0x9F, 0x00, 0x00,
    0xFC, 0x07, 0x00, 0x00, 0x60, 0xEF, 0x16, 0x92, 0xFF, 0x03, 0x00, 0x00,
    0x10, 0xFC, 0xEF, 0xFE, 0x8F, 0x00, 0x00, 0x00, 0x00, 0x91, 0xFE, 0xDF,
    0x07, 0x00, 0x00, 0x00, 0x00, 0x00, 0x32, 0x13, 0x00, 0x00, 0x00, 0x00,
    0x00, 0x00, 0x00, 0x00, 0x00, 0x00, 0x00, 0x00, 0x00, 0xA5, 0xED, 0xCE,
    0x39, 0x00, 0x00, 0x00, 0xB1, 0xFF, 0xFF, 0xFF, 0xFF, 0x08, 0x00, 0x10,
    0xFC, 0xFF, 0xEF, 0xFE, 0xFF, 0x9F, 0x00, 0x90, 0xFF, 0xCF, 0x14, 0x62,
    0xFE, 0xFF, 0x05, 0xF2, 0xFF, 0x1D, 0x00, 0x00, 0xF4, 0xFF, 0x0C, 0xF6,
    0xFF, 0x06, 0x00, 0x00, 0xA0, 0xFF, 0x3F, 0xF9, 0xFF, 0x03, 0x00, 0x00,
    0x60, 0xFF, 0x5F, 0xFB, 0xEF, 0x01, 0x00, 0x00, 0x40, 0xFF, 0x7F, 0xFB,
    0xEF, 0x01, 0x00, 0x00, 0x40, 0xFF, 0x7F, 0xFA, 0xFF, 0x02, 0x00, 0x00,
    0x50, 0xFF, 0x6F, 0xF7, 0xFF, 0x05, 0x00, 0x00, 0x90, 0xFF, 0x4F, 0xF3,
    0xFF, 0x0C, 0x00, 0x00, 0xE2, 0xFF, 0x1D, 0xB0, 0xFF, 0x9F, 0x01, 0x30,
    0xFC, 0xFF, 0x07, 0x20, 0xFE, 0xFF, 0xBE, 0xFC, 0xFF, 0xCF, 0x01, 0x00,
    0xD4, 0xFF, 0xFF, 0xFF, 0xFF, 0x1B, 0x00, 0x00, 0x20, 0xD8, 0xFF, 0xFF,
    0x7C, 0x00, 0x00, 0x00, 0x00, 0x10, 0x43, 0x24, 0x00, 0x00, 0x00, 0x00,
    0x00, 0x00, 0x72, 0x87, 0x01, 0x75, 0x77, 0x00, 0x00, 0x00, 0x00, 0x00,
    0xF8, 0xDF, 0x21, 0xFF, 0x7F, 0x00, 0x00, 0x00, 0x00, 0x00, 0xFD, 0x3F,
    0xA0, 0xFF, 0x08, 0x00, 0x00, 0x00, 0x00, 0x50, 0xFF, 0x0A, 0xF4, 0xBF,
    0x00, 0x00, 0x00, 0x00, 0x00, 0x70, 0xBB, 0x02, 0xB8, 0x2B, 0x00, 0x00,
    0x00, 0x00, 0x00, 0x00, 0x00, 0x00, 0x00, 0x00, 0x00, 0x00, 0x00, 0x00,
    0x00, 0x00, 0x30, 0x76, 0x67, 0x14, 0x00, 0x00, 0x00, 0x00, 0x00, 0x60,
    0xFC, 0xFF, 0xFF, 0xDF, 0x18, 0x00, 0x00, 0x00, 0x10, 0xFA, 0xFF, 0xFF,
    0xFF, 0xFF, 0xDF, 0x03, 0x00, 0x00, 0xC1, 0xFF, 0xFF, 0xEF, 0xFE, 0xFF,
    0xFF, 0x3E, 0x00, 0x00, 0xF9, 0xFF, 0xAF, 0x24, 0x31, 0xE8, 0xFF, 0xDF,
    0x01, 0x30, 0xFF, 0xFF, 0x05, 0x00, 0x00, 0x30, 0xFD, 0xFF, 0x07, 0xA0,
    0xFF, 0x7F, 0x00, 0x00, 0x00, 0x00, 0xF4, 0xFF, 0x1D, 0xE1, 0xFF, 0x1D,
    0x00, 0x00, 0x00, 0x00, 0xA0, 0xFF, 0x4F, 0xF4, 0xFF, 0x09, 0x00, 0x00,
    0x00, 0x00, 0x50, 0xFF, 0x7F, 0xF6, 0xFF, 0x06, 0x00, 0x00, 0x00, 0x00,
    0x20, 0xFF, 0xAF, 0xF7, 0xFF, 0x04, 0x00, 0x00, 0x00, 0x00, 0x10, 0xFE,
    0xBF, 0xF7, 0xFF, 0x04, 0x00, 0x00, 0x00, 0x00, 0x10, 0xFE, 0xBF, 0xF7,
    0xFF, 0x04, 0x00, 0x00, 0x00, 0x00, 0x10, 0xFE, 0xBF, 0xF6, 0xFF, 0x06,
    0x00, 0x00, 0x00, 0x00, 0x30, 0xFF, 0x9F, 0xF3, 0xFF, 0x0A, 0x00, 0x00,
    0x00, 0x00, 0x60, 0xFF, 0x7F, 0xD1, 0xFF, 0x2E, 0x00, 0x00, 0x00, 0x00,
    0xC0, 0xFF, 0x3F, 0x90, 0xFF, 0xAF, 0x00, 0x00, 0x00, 0x00, 0xF6, 0xFF,
    0x0C, 0x20, 0xFF, 0xFF, 0x09, 0x00, 0x00, 0x60, 0xFF, 0xFF, 0x05, 0x00,
    0xF7, 0xFF, 0xDF, 0x57, 0x64, 0xFB, 0xFF, 0xAF, 0x00, 0x00, 0x90, 0xFF,
    0xFF, 0xFF, 0xFF, 0xFF, 0xFF, 0x1C, 0x00, 0x00, 0x00, 0xF7, 0xFF, 0xFF,
    0xFF, 0xFF, 0xAF, 0x01, 0x00, 0x00, 0x00, 0x30, 0xD9, 0xFF, 0xFF, 0xAE,
    0x04, 0x00, 0x00, 0x00, 0x00, 0x00, 0x00, 0x42, 0x34, 0x01, 0x00, 0x00,
    0x00, 0x00, 0x00, 0x42, 0x44, 0x00, 0x43, 0x34, 0x00, 0x00, 0x00, 0xFC,
    0xAF, 0x40, 0xFF, 0x6F, 0x00, 0x00, 0x30, 0xFF, 0x1E, 0xC0, 0xFF, 0x08,
    0x00, 0x00, 0x80, 0xFF, 0x07, 0xF6, 0xBF, 0x00, 0x00, 0x00, 0xC0, 0xCE,
    0x11, 0xEC, 0x1C, 0x00, 0x00, 0x00, 0x10, 0x11, 0x00, 0x11, 0x01, 0x00,
    0x00, 0x00, 0x00, 0x00, 0x10, 0x01, 0x00, 0x00, 0x00, 0x00, 0x00, 0xA5,
    0xED, 0xCE, 0x39, 0x00, 0x00, 0x00, 0xB1, 0xFF, 0xFF, 0xFF, 0xFF, 0x08,
    0x00, 0x10, 0xFC, 0xFF, 0xEF, 0xFE, 0xFF, 0x9F, 0x00, 0x90, 0xFF, 0xCF,
    0x14, 0x62, 0xFE, 0xFF, 0x05, 0xF2, 0xFF, 0x1D, 0x00, 0x00, 0xF4, 0xFF,
    0x0C, 0xF6, 0xFF, 0x06, 0x00, 0x00, 0xA0, 0xFF, 0x3F, 0xF9, 0xFF, 0x03,
    0x00, 0x00, 0x60, 0xFF, 0x5F, 0xFB, 0xEF, 0x01, 0x00, 0x00, 0x40, 0xFF,
    0x7F, 0xFB, 0xEF, 0x01, 0x00, 0x00, 0x40, 0xFF, 0x7F, 0xFA, 0xFF, 0x02,
    0x00, 0x00, 0x50, 0xFF, 0x6F, 0xF7, 0xFF, 0x05, 0x00, 0x00, 0x90, 0xFF,
    0x4F, 0xF3, 0xFF, 0x0C, 0x00, 0x00, 0xE2, 0xFF, 0x1D, 0xB0, 0xFF, 0x9F,
    0x01, 0x30, 0xFC, 0xFF, 0x07, 0x20, 0xFE, 0xFF, 0xBE, 0xFC, 0xFF, 0xCF,
    0x01, 0x00, 0xD4, 0xFF, 0xFF, 0xFF, 0xFF, 0x1B, 0x00, 0x00, 0x20, 0xD8,
    0xFF, 0xFF, 0x7C, 0x00, 0x00, 0x00, 0x00, 0x10, 0x43, 0x24, 0x00, 0x00,
    0x00, 0x00, 0x00, 0x00, 0x00, 0x10, 0x11, 0x11, 0x11, 0x11, 0x11, 0x11,
    0x11, 0x11, 0x01, 0x00, 0x00, 0x50, 0xCA, 0xEE, 0xEE, 0xEE, 0xEE, 0xEE,
    0xEE, 0xEE, 0xEE, 0xAE, 0x00, 0x00, 0xC4, 0xFF, 0xFF, 0xFF, 0xFF, 0xFF,
    0xFF, 0xFF, 0xFF, 0xFF, 0xFF, 0x0B, 0x00, 0xF6, 0xFF, 0xFF, 0xFF, 0xFF,
    0xFF, 0xFF, 0xFF, 0xFF, 0xFF, 0xFF, 0xCF, 0x00, 0xF5, 0xFF, 0xDF, 0x58,
    0x44, 0xE5, 0xFF, 0x4C, 0x44, 0x44, 0x44, 0x44, 0x03, 0xE1, 0xFF, 0x9F,
    0x01, 0x00, 0x00, 0xFE, 0xBF, 0x00, 0x00, 0x00, 0x00, 0x00, 0x80, 0xFF,
    0x9F, 0x00, 0x00, 0x00, 0xE1, 0xFF, 0x0B, 0x00, 0x00, 0x00, 0x00, 0x00,
    0xFD, 0xEF, 0x01, 0x00, 0x00, 0x10, 0xFE, 0xBF, 0x00, 0x00, 0x00, 0x00,
    0x00, 0xF3, 0xFF, 0x0A, 0x00, 0x00, 0x00, 0xE1, 0xFF, 0x0B, 0x00, 0x00,
    0x00, 0x00, 0x60, 0xFF, 0x6F, 0x00, 0x00, 0x00, 0x10, 0xFE, 0xCF, 0x44,
    0x44, 0x44, 0x44, 0x04, 0xF7, 0xFF, 0x04, 0x00, 0x00, 0x00, 0xE1, 0xFF,
    0xFF, 0xFF, 0xFF, 0xFF, 0xFF, 0x71, 0xFF, 0x4F, 0x00, 0x00, 0x00, 0x10,
    0xFE, 0xFF, 0xFF, 0xFF, 0xFF, 0xFF, 0x1E, 0xF7, 0xFF, 0x04, 0x00, 0x00,
    0x00, 0xE1, 0xFF, 0xEF, 0xEE, 0xEE, 0xEE, 0xDE, 0x61, 0xFF, 0x6F, 0x00,
    0x00, 0x00, 0x10, 0xFE, 0xBF, 0x11, 0x11, 0x11, 0x11, 0x01, 0xF3, 0xFF,
    0x0A, 0x00, 0x00, 0x00, 0xE1, 0xFF, 0x0B, 0x00, 0x00, 0x00, 0x00, 0x00,
    0xFD, 0xEF, 0x01, 0x00, 0x00, 0x10, 0xFE, 0xBF, 0x00, 0x00, 0x00, 0x00,
    0x00, 0x80, 0xFF, 0x9F, 0x00, 0x00, 0x00, 0xE1, 0xFF, 0x0B, 0x00, 0x00,
    0x00, 0x00, 0x00, 0xE1, 0xFF, 0x8F, 0x01, 0x00, 0x00, 0xFE, 0xBF, 0x00,
    0x00, 0x00, 0x00, 0x00, 0x00, 0xF5, 0xFF, 0xDF, 0x58, 0x44, 0xE5, 0xFF,
    0x4C, 0x44, 0x44, 0x44, 0x44, 0x03, 0x00, 0xF6, 0xFF, 0xFF, 0xFF, 0xFF,
    0xFF, 0xFF, 0xFF, 0xFF, 0xFF, 0xFF, 0xCF, 0x00, 0x00, 0xC4, 0xFF, 0xFF,
    0xFF, 0xFF, 0xFF, 0xFF, 0xFF, 0xFF, 0xFF, 0xFF, 0x0B, 0x00, 0x00, 0x50,
    0xCA, 0xEE, 0xEE, 0xEE, 0xEE, 0xEE, 0xEE, 0xEE, 0xEE, 0xAE, 0x00, 0x00,
    0x00, 0x00, 0x10, 0x11, 0x11, 0x11, 0x11, 0x11, 0x11, 0x11, 0x11, 0x01,
    0x00, 0x00, 0x00, 0x10, 0x01, 0x00, 0x00, 0x00, 0x00, 0x11, 0x00, 0x00,
    0x00, 0x00, 0x00, 0x50, 0xDA, 0xEE, 0x8C, 0x02, 0x00, 0x82, 0xEC, 0xDE,
    0x5A, 0x00, 0x00, 0x00, 0xB2, 0xFF, 0xFF, 0xFF, 0xEF, 0x06, 0xE6, 0xFF,
    0xFF, 0xFF, 0xBF, 0x01, 0x00, 0xD1, 0xFF, 0xFF, 0xEE, 0xFF, 0xFF, 0xFB,
    0xFF, 0xEF, 0xFE, 0xFF, 0xCF, 0x01, 0x90, 0xFF, 0xCF, 0x14, 0x72, 0xFF,
    0xFF, 0xFF, 0x6E, 0x12, 0xA3, 0xFF, 0x8F, 0x20, 0xFF, 0xDF, 0x01, 0x00,
    0x60, 0xFF, 0xFF, 0x4F, 0x00, 0x00, 0xB0, 0xFF, 0x1E, 0xF6, 0xFF, 0x06,
    0x00, 0x00, 0xD0, 0xFF, 0x9F, 0x00, 0x00, 0x00, 0xF3, 0xFF, 0x94, 0xFF,
    0x2F, 0x00, 0x00, 0x00, 0xF9, 0xFF, 0x8B, 0x78, 0x77, 0x87, 0xFF, 0x6F,
    0xFB, 0xEF, 0x01, 0x00, 0x00, 0x70, 0xFF, 0xFF, 0xFF, 0xFF, 0xFF, 0xFF,
    0xFF, 0xB7, 0xFF, 0x1E, 0x00, 0x00, 0x00, 0xF7, 0xFF, 0xEE, 0xEE, 0xEE,
    0xEE, 0xEE, 0x7E, 0xFA, 0xFF, 0x02, 0x00, 0x00, 0x90, 0xFF, 0x7F, 0x11,
    0x11, 0x11, 0x11, 0x11, 0x70, 0xFF, 0x5F, 0x00, 0x00, 0x00, 0xFC, 0xFF,
    0x09, 0x00, 0x00, 0x00, 0x00, 0x00, 0xF3, 0xFF, 0x0B, 0x00, 0x00, 0xF4,
    0xFF, 0xEF, 0x02, 0x00, 0x00, 0x93, 0x36, 0x00, 0xFB, 0xFF, 0x19, 0x00,
    0xD4, 0xFF, 0xFF, 0xCF, 0x03, 0x00, 0xD3, 0xFF, 0x2F, 0x30, 0xFE, 0xFF,
    0xBD, 0xFC, 0xFF, 0xEF, 0xFF, 0xFF, 0xBC, 0xFC, 0xEF, 0x8F, 0x00, 0x40,
    0xFE, 0xFF, 0xFF, 0xFF, 0x9F, 0x91, 0xFF, 0xFF, 0xFF, 0xFF, 0x9F, 0x00,
    0x00, 0x20, 0xD9, 0xFF, 0xEF, 0x5C, 0x00, 0x50, 0xEB, 0xFF, 0xEF, 0x5B,
    0x00, 0x00, 0x00, 0x00, 0x31, 0x44, 0x02, 0x00, 0x00, 0x00, 0x32, 0x34,
    0x01, 0x00, 0x00, 0x00, 0x00, 0x00, 0x00, 0x72, 0x87, 0x02, 0x00, 0x00,
    0x00, 0x00, 0x00, 0xA0, 0xFF, 0x1C, 0x00, 0x00, 0x00, 0x00, 0x00, 0x20,
    0xFE, 0x1E, 0x00, 0x00, 0x00, 0x00, 0x00, 0x00, 0xFA, 0x6F, 0x00, 0x00,
    0x00, 0x00, 0x00, 0x00, 0xB1, 0x8B, 0x00, 0x00, 0x00, 0x00, 0x00, 0x00,
    0x00, 0x00, 0x00, 0x00, 0x00, 0x00, 0x10, 0x11, 0x11, 0x11, 0x11, 0x00,
    0x00, 0x00, 0x10, 0xED, 0xEE, 0xEE, 0xEE, 0xCE, 0x5A, 0x00, 0x00, 0xE1,
    0xFF, 0xFF, 0xFF, 0xFF, 0xFF, 0xBF, 0x02, 0x10, 0xFE, 0xFF, 0xFF, 0xFF,
    0xFF, 0xFF, 0xDF, 0x01, 0xE1, 0xFF, 0x4C, 0x44, 0x54, 0xF9, 0xFF, 0x8F,
    0x10, 0xFE, 0xBF, 0x00, 0x00, 0x00, 0xF4, 0xFF, 0x1D, 0xE1, 0xFF, 0x0B,
    0x00, 0x00, 0x00, 0xFA, 0xFF, 0x13, 0xFE, 0xBF, 0x00, 0x00, 0x00, 0x70,
    0xFF, 0x4F, 0xE1, 0xFF, 0x0B, 0x00, 0x00, 0x00, 0xF8, 0xFF, 0x13, 0xFE,
    0xBF, 0x00, 0x00, 0x00, 0xC0, 0xFF, 0x1E, 0xE1, 0xFF, 0x0B, 0x00, 0x00,
    0xA2, 0xFF, 0xBF, 0x10, 0xFE, 0xEF, 0xBB, 0xBB, 0xEC, 0xFF, 0xFF, 0x03,
    0xE1, 0xFF, 0xFF, 0xFF, 0xFF, 0xFF, 0xEF, 0x05, 0x10, 0xFE, 0xFF, 0xFF,
    0xFF, 0xFF, 0xCF, 0x02, 0x00, 0xE1, 0xFF, 0x4C, 0x44, 0xF6, 0xFF, 0x1D,
    0x00, 0x10, 0xFE, 0xBF, 0x00, 0x00, 0xFA, 0xFF, 0x08, 0x00, 0xE1, 0xFF,
    0x0B, 0x00, 0x20, 0xFE, 0xEF, 0x02, 0x10, 0xFE, 0xBF, 0x00, 0x00, 0x80,
    0xFF, 0x9F, 0x00, 0xE1, 0xFF, 0x0B, 0x00, 0x00, 0xE1, 0xFF, 0x3F, 0x10,
    0xFE, 0xBF, 0x00, 0x00, 0x00, 0xF7, 0xFF, 0x0A, 0xE1, 0xFF, 0x0B, 0x00,
    0x00, 0x10, 0xFD, 0xFF, 0x14, 0xED, 0xAE, 0x00, 0x00, 0x00, 0x50, 0xEE,
    0xAE, 0x10, 0x11, 0x01, 0x00, 0x00, 0x00, 0x10, 0x11, 0x01, 0x00, 0x00,
    0x00, 0x11, 0x11, 0x00, 0x00, 0x00, 0xE4, 0xEE, 0x03, 0x00, 0x00, 0xB0,
    0xFF, 0x08, 0x00, 0x00, 0x30, 0xFF, 0x0C, 0x00, 0x00, 0x00, 0xFA, 0x3F,
    0x00, 0x00, 0x00, 0x40, 0x34, 0x00, 0x00, 0x00, 0x00, 0x00, 0x00, 0x11,
    0x10, 0xBA, 0x7B, 0x60, 0xEC, 0x1D, 0xF1, 0xFF, 0x69, 0xFF, 0xEF, 0x11,
    0xFE, 0xCF, 0xFE, 0xFF, 0x1F, 0xE1, 0xFF, 0xFF, 0x5A, 0x54, 0x10, 0xFE,
    0xFF, 0x08, 0x00, 0x00, 0xE1, 0xFF, 0x0D, 0x00, 0x00, 0x10, 0xFE, 0xBF,
    0x00, 0x00, 0x00, 0xE1, 0xFF, 0x0B, 0x00, 0x00, 0x10, 0xFE, 0xBF, 0x00,
    0x00, 0x00, 0xE1, 0xFF, 0x0B, 0x00, 0x00, 0x10, 0xFE, 0xBF, 0x00, 0x00,
    0x00, 0xE1, 0xFF, 0x0B, 0x00, 0x00, 0x10, 0xFE, 0xBF, 0x00, 0x00, 0x00,
    0xE1, 0xFF, 0x0B, 0x00, 0x00, 0x10, 0xFE, 0xBF, 0x00, 0x00, 0x00, 0xD1,
    0xEE, 0x0A, 0x00, 0x00, 0x00, 0x11, 0x11, 0x00, 0x00, 0x00, 0x40, 0x44,
    0x44, 0x44, 0x44, 0x02, 0x00, 0x00, 0x10, 0xFF, 0xFF, 0xFF, 0xFF, 0xFF,
    0x8D, 0x02, 0x00, 0xE1, 0xFF, 0xFF, 0xFF, 0xFF, 0xFF, 0xEF, 0x04, 0x10,
    0xFE, 0xFF, 0xEE, 0xEE, 0xFF, 0xFF, 0xEF, 0x02, 0xE1, 0xFF, 0x1B, 0x11,
    0x21, 0xD6, 0xFF, 0x9F, 0x10, 0xFE, 0xBF, 0x00, 0x00, 0x00, 0xE2, 0xFF,
    0x1E, 0xE1, 0xFF, 0x0B, 0x00, 0x00, 0x00, 0xFA, 0xFF, 0x13, 0xFE, 0xBF,
    0x00, 0x00, 0x00, 0x70, 0xFF, 0x4F, 0xE1, 0xFF, 0x0B, 0x00, 0x00, 0x00,
    0xF8, 0xFF, 0x13, 0xFE, 0xBF, 0x00, 0x00, 0x00, 0xD0, 0xFF, 0x1E, 0xE1,
    0xFF, 0x0B, 0x00, 0x00, 0xA2, 0xFF, 0xAF, 0x10, 0xFE, 0xEF, 0xBB, 0xBB,
    0xEC, 0xFF, 0xFF, 0x03, 0xE1, 0xFF, 0xFF, 0xFF, 0xFF, 0xFF, 0xEF, 0x05,
    0x10, 0xFE, 0xFF, 0xFF, 0xFF, 0xFF, 0xCF, 0x02, 0x00, 0xE1, 0xFF, 0x4C,
    0x44, 0xF5, 0xFF, 0x1D, 0x00, 0x10, 0xFE, 0xBF, 0x00, 0x00, 0xF9, 0xFF,
    0x08, 0x00, 0xE1, 0xFF, 0x0B, 0x00, 0x20, 0xFE, 0xEF, 0x02, 0x10, 0xFE,
    0xBF, 0x00, 0x00, 0x80, 0xFF, 0xAF, 0x00, 0xE1, 0xFF, 0x0B, 0x00, 0x00,
    0xD1, 0xFF, 0x3F, 0x10, 0xFE, 0xBF, 0x00, 0x00, 0x00, 0xF6, 0xFF, 0x0B,
    0xF1, 0xFF, 0x0B, 0x00, 0x00, 0x00, 0xFC, 0xFF, 0x15, 0xCC, 0x9C, 0x00,
    0x00, 0x00, 0x40, 0xCC, 0xAC, 0x00, 0x00, 0x00, 0x00, 0x00, 0x00, 0x00,
    0x00, 0x00, 0x00, 0x00, 0x20, 0x78, 0x28, 0x00, 0x00, 0x00, 0x00, 0x00,
    0x00, 0xF7, 0xFF, 0x01, 0x00, 0x00, 0x00, 0x00, 0x00, 0xA0, 0xFF, 0x08,
    0x00, 0x00, 0x00, 0x00, 0x00, 0x00, 0xFD, 0x2F, 0x00, 0x00, 0x00, 0x00,
    0x00, 0x00, 0xF3, 0xBF, 0x00, 0x00, 0x00, 0x00, 0x00, 0x00, 0x40, 0xCC,
    0x05, 0x00, 0x00, 0x00, 0x00, 0x00, 0x00, 0x00, 0x00, 0x10, 0x01, 0x10,
    0xBA, 0x7B, 0x60, 0xEC, 0x1D, 0x10, 0xFF, 0x9F, 0xF6, 0xFF, 0x1E, 0x10,
    0xFE, 0xCF, 0xFE, 0xFF, 0x1F, 0x10, 0xFE, 0xFF, 0xAF, 0x45, 0x05, 0x10,
    0xFE, 0xFF, 0x08, 0x00, 0x00, 0x10, 0xFE, 0xDF, 0x00, 0x00, 0x00, 0x10,
    0xFE, 0xBF, 0x00, 0x00, 0x00, 0x10, 0xFE, 0xBF, 0x00, 0x00, 0x00, 0x10,
    0xFE, 0xBF, 0x00, 0x00, 0x00, 0x10, 0xFE, 0xBF, 0x00, 0x00, 0x00, 0x10,
    0xFE, 0xBF, 0x00, 0x00, 0x00, 0x10, 0xFE, 0xBF, 0x00, 0x00, 0x00, 0x10,
    0xFE, 0xBF, 0x00, 0x00, 0x00, 0x10, 0xFE, 0xBF, 0x00, 0x00, 0x00, 0x10,
    0xFE, 0xBF, 0x00, 0x00, 0x00, 0x10, 0xED, 0xAE, 0x00, 0x00, 0x00, 0x00,
    0x00, 0x00, 0x00, 0x00, 0x00, 0x00, 0x77, 0x47, 0x00, 0x00, 0x00, 0x20,
    0xFF, 0x5F, 0x00, 0x00, 0x00, 0x60, 0xFF, 0x0C, 0x00, 0x00, 0x00, 0x90,
    0xFF, 0x07, 0x00, 0x00, 0x00, 0xD0, 0xEF, 0x01, 0x00, 0x00, 0x00, 0xB1,
    0x8C, 0x00, 0x00, 0x00, 0x00, 0x00, 0x50, 0x66, 0x02, 0x00, 0x65, 0x36,
    0x00, 0x00, 0x00, 0xF6, 0xDF, 0x01, 0xF8, 0xCF, 0x02, 0x00, 0x00, 0x00,
    0xF6, 0xAF, 0xF6, 0xCF, 0x01, 0x00, 0x00, 0x00, 0x00, 0xF7, 0xFF, 0xCF,
    0x01, 0x00, 0x00, 0x00, 0x00, 0x00, 0xB7, 0xAB, 0x02, 0x00, 0x00, 0x00,
    0x00, 0x00, 0x00, 0x00, 0x00, 0x00, 0x00, 0x00, 0x10, 0x11, 0x11, 0x11,
    0x11, 0x00, 0x00, 0x00, 0x10, 0xED, 0xEE, 0xEE, 0xEE, 0xCE, 0x5A, 0x00,
    0x00, 0xE1, 0xFF, 0xFF, 0xFF, 0xFF, 0xFF, 0xBF, 0x02, 0x10, 0xFE, 0xFF,
    0xFF, 0xFF, 0xFF, 0xFF, 0xDF, 0x01, 0xE1, 0xFF, 0x4C, 0x44, 0x54, 0xF9,
    0xFF, 0x8F, 0x10, 0xFE, 0xBF, 0x00, 0x00, 0x00, 0xF4, 0xFF, 0x1D, 0xE1,
    0xFF, 0x0B, 0x00, 0x00, 0x00, 0xFA, 0xFF, 0x13, 0xFE, 0xBF, 0x00, 0x00,
    0x00, 0x70, 0xFF, 0x4F, 0xE1, 0xFF, 0x0B, 0x00, 0x00, 0x00, 0xF8, 0xFF,
    0x13, 0xFE, 0xBF, 0x00, 0x00, 0x00, 0xC0, 0xFF, 0x1E, 0xE1, 0xFF, 0x0B,
    0x00, 0x00, 0xA2, 0xFF, 0xBF, 0x10, 0xFE, 0xEF, 0xBB, 0xBB, 0xEC, 0xFF,
    0xFF, 0x03, 0xE1, 0xFF, 0xFF, 0xFF, 0xFF, 0xFF, 0xEF, 0x05, 0x10, 0xFE,
    0xFF, 0xFF, 0xFF, 0xFF, 0xCF, 0x02, 0x00, 0xE1, 0xFF, 0x4C, 0x44, 0xF6,
    0xFF, 0x1D, 0x00, 0x10, 0xFE, 0xBF, 0x00, 0x00, 0xFA, 0xFF, 0x08, 0x00,
    0xE1, 0xFF, 0x0B, 0x00, 0x20, 0xFE, 0xEF, 0x02, 0x10, 0xFE, 0xBF, 0x00,
    0x00, 0x80, 0xFF, 0x9F, 0x00, 0xE1, 0xFF, 0x0B, 0x00, 0x00, 0xE1, 0xFF,
    0x3F, 0x10, 0xFE, 0xBF, 0x00, 0x00, 0x00, 0xF7, 0xFF, 0x0A, 0xE1, 0xFF,
    0x0B, 0x00, 0x00, 0x10, 0xFD, 0xFF, 0x14, 0xED, 0xAE, 0x00, 0x00, 0x00,
    0x50, 0xEE, 0xAE, 0x10, 0x11, 0x01, 0x00, 0x00, 0x00, 0x10, 0x11, 0x01,
    0x22, 0x12, 0x00, 0x10, 0x32, 0x62, 0xFF, 0x1C, 0x30, 0xFE, 0x4E, 0x70,
    0xFF, 0x2B, 0xFD, 0x5F, 0x00, 0x70, 0xFF, 0xFE, 0x5F, 0x00, 0x00, 0x80,
    0xEE, 0x6E, 0x00, 0x00, 0x00, 0x10, 0x11, 0x00, 0x00, 0x00, 0x00, 0x00,
    0x00, 0x11, 0x10, 0xBA, 0x7B, 0x60, 0xEC, 0x1D, 0xF1, 0xFF, 0x69, 0xFF,
    0xEF, 0x11, 0xFE, 0xCF, 0xFE, 0xFF, 0x1F, 0xE1, 0xFF, 0xFF, 0x5A, 0x54,
    0x10, 0xFE, 0xFF, 0x08, 0x00, 0x00, 0xE1, 0xFF, 0x0D, 0x00, 0x00, 0x10,
    0xFE, 0xBF, 0x00, 0x00, 0x00, 0xE1, 0xFF, 0x0B, 0x00, 0x00, 0x10, 0xFE,
    0xBF, 0x00, 0x00, 0x00, 0xE1, 0xFF, 0x0B, 0x00, 0x00, 0x10, 0xFE, 0xBF,
    0x00, 0x00, 0x00, 0xE1, 0xFF, 0x0B, 0x00, 0x00, 0x10, 0xFE, 0xBF, 0x00,
    0x00, 0x00, 0xE1, 0xFF, 0x0B, 0x00, 0x00, 0x10, 0xFE, 0xBF, 0x00, 0x00,
    0x00, 0xD1, 0xEE, 0x0A, 0x00, 0x00, 0x00, 0x11, 0x11, 0x00, 0x00, 0x00,
    0x00, 0x00, 0x00, 0x00, 0x71, 0x87, 0x03, 0x00, 0x00, 0x00, 0x00, 0x00,
    0x70, 0xFF, 0x2E, 0x00, 0x00, 0x00, 0x00, 0x00, 0x00, 0xFD, 0x4F, 0x00,
    0x00, 0x00, 0x00, 0x00, 0x00, 0xF6, 0x9F, 0x00, 0x00, 0x00, 0x00, 0x00,
    0x00, 0x90, 0xAB, 0x01, 0x00, 0x00, 0x00, 0x00, 0x00, 0x00, 0x00, 0x00,
    0x00, 0x00, 0x00, 0x00, 0x00, 0x10, 0x74, 0x78, 0x25, 0x00, 0x00, 0x00,
    0x00, 0x92, 0xFE, 0xFF, 0xFF, 0xBF, 0x03, 0x00, 0x00, 0xD3, 0xFF, 0xFF,
    0xFF, 0xFF, 0xFF, 0x06, 0x00, 0xE2, 0xFF, 0xFF, 0xBC, 0xEC, 0xFF, 0xFF,
    0x04, 0x80, 0xFF, 0xBF, 0x03, 0x00, 0x92, 0xEF, 0xBF, 0x00, 0xFD, 0xEF,
    0x01, 0x00, 0x00, 0xC0, 0xFF, 0x2F, 0xE1, 0xFF, 0x0B, 0x00, 0x00, 0x00,
    0x94, 0x99, 0x12, 0xFD, 0xDF, 0x01, 0x00, 0x00, 0x00, 0x00, 0x00, 0xB0,
    0xFF, 0xCF, 0x03, 0x00, 0x00, 0x00, 0x00, 0x00, 0xF4, 0xFF, 0xFF, 0x8C,
    0x14, 0x00, 0x00, 0x00, 0x00, 0xE5, 0xFF, 0xFF, 0xFF, 0xAE, 0x05, 0x00,
    0x00, 0x00, 0xA3, 0xFE, 0xFF, 0xFF, 0xFF, 0x3C, 0x00, 0x00, 0x00, 0x20,
    0x96, 0xFD, 0xFF, 0xFF, 0x4E, 0x00, 0x00, 0x00, 0x00, 0x00, 0x73, 0xFD,
    0xFF, 0x1D, 0x00, 0x00, 0x00, 0x00, 0x00, 0x10, 0xFC, 0xFF, 0x25, 0x45,
    0x14, 0x00, 0x00, 0x00, 0x40, 0xFF, 0x7F, 0xF7, 0xFF, 0x04, 0x00, 0x00,
    0x00, 0xF4, 0xFF, 0x47, 0xFF, 0xBF, 0x00, 0x00, 0x00, 0xB0, 0xFF, 0x5F,
    0xD1, 0xFF, 0xCF, 0x25, 0x21, 0xC5, 0xFF, 0xEF, 0x01, 0xF4, 0xFF, 0xFF,
    0xEF, 0xFF, 0xFF, 0xFF, 0x05, 0x00, 0xE5, 0xFF, 0xFF, 0xFF, 0xFF, 0xEF,
    0x06, 0x00, 0x00, 0x82, 0xFD, 0xFF, 0xFF, 0x9D, 0x02, 0x00, 0x00, 0x00,
    0x00, 0x32, 0x34, 0x02, 0x00, 0x00, 0x00, 0x00, 0x00, 0x00, 0x10, 0x44,
    0x14, 0x00, 0x00, 0x00, 0x00, 0xA0, 0xFF, 0x0B, 0x00, 0x00, 0x00, 0x00,
    0xE2, 0xEF, 0x02, 0x00, 0x00, 0x00, 0x00, 0xF9, 0x6F, 0x00, 0x00, 0x00,
    0x00, 0x10, 0xED, 0x0A, 0x00, 0x00, 0x00, 0x00, 0x00, 0x11, 0x00, 0x00,
    0x00, 0x00, 0x00, 0x00, 0x11, 0x00, 0x00, 0x00, 0x00, 0x40, 0xCA, 0xEE,
    0xAD, 0x05, 0x00, 0x00, 0xF9, 0xFF, 0xFF, 0xFF, 0xBF, 0x01, 0x90, 0xFF,
    0xFF, 0xBC, 0xFE, 0xFE, 0x0A, 0xF2, 0xFF, 0x3D, 0x00, 0xA1, 0xFF, 0x3F,
    0xF4, 0xFF, 0x07, 0x00, 0x10, 0x79, 0x14, 0xF3, 0xFF, 0x1C, 0x00, 0x00,
    0x00, 0x00, 0xD1, 0xFF, 0xEF, 0x69, 0x13, 0x00, 0x00, 0x40, 0xFF, 0xFF,
    0xFF, 0xEF, 0x5A, 0x00, 0x00, 0xA3, 0xFE, 0xFF, 0xFF, 0xFF, 0x09, 0x00,
    0x00, 0x52, 0xB8, 0xFE, 0xFF, 0x5F, 0x00, 0x00, 0x00, 0x00, 0x81, 0xFF,
    0xAF, 0x63, 0xA9, 0x00, 0x01, 0x00, 0xFE, 0xBF, 0xF8, 0xFF, 0x08, 0x00,
    0x60, 0xFF, 0x8F, 0xE2, 0xEF, 0xCF, 0x88, 0xFB, 0xFF, 0x2F, 0x40, 0xFE,
    0xFF, 0xFF, 0xFF, 0xEF, 0x05, 0x00, 0x92, 0xFD, 0xFF, 0xDF, 0x29, 0x00,
    0x00, 0x00, 0x31, 0x44, 0x13, 0x00, 0x00, 0x00, 0x00, 0x00, 0x72, 0x77,
    0x01, 0x00, 0x00, 0x00, 0x00, 0x00, 0xD2, 0xFF, 0xCF, 0x01, 0x00, 0x00,
    0x00, 0x00, 0xD1, 0xEF, 0xF8, 0xBF, 0x00, 0x00, 0x00, 0x00, 0xD2, 0xFF,
    0x06, 0xF8, 0xBF, 0x01, 0x00, 0x00, 0x60, 0x9A, 0x06, 0x01, 0x98, 0x4A,
    0x00, 0x00, 0x00, 0x00, 0x00, 0x00, 0x00, 0x00, 0x00, 0x00, 0x00, 0x00,
    0x10, 0x74, 0x77, 0x25, 0x00, 0x00, 0x00, 0x00, 0x92, 0xFE, 0xFF, 0xFF,
    0xBF, 0x04, 0x00, 0x00, 0xD3, 0xFF, 0xFF, 0xFF, 0xFF, 0xFF, 0x06, 0x00,
    0xE2, 0xFF, 0xFF, 0xBC, 0xEC, 0xFF, 0xFF, 0x04, 0x80, 0xFF, 0xBF, 0x03,
    0x00, 0x92, 0xEF, 0xBF, 0x00, 0xFD, 0xEF, 0x01, 0x00, 0x00, 0xC0, 0xFF,
    0x2F, 0xE1, 0xFF, 0x0B, 0x00, 0x00, 0x00, 0x94, 0x99, 0x12, 0xFD, 0xDF,
    0x01, 0x00, 0x00, 0x00, 0x00, 0x00, 0xB0, 0xFF, 0xCF, 0x03, 0x00, 0x00,
    0x00, 0x00, 0x00, 0xF4, 0xFF, 0xFF, 0x8C, 0x14, 0x00, 0x00, 0x00, 0x00,
    0xE5, 0xFF, 0xFF, 0xFF, 0xAE, 0x05, 0x00, 0x00, 0x00, 0xA3, 0xFE, 0xFF,
    0xFF, 0xFF, 0x3C, 0x00, 0x00, 0x00, 0x20, 0x96, 0xFD, 0xFF, 0xFF, 0x4E,
    0x00, 0x00, 0x00, 0x00, 0x00, 0x73, 0xFD, 0xFF, 0x1D, 0x00, 0x00, 0x00,
    0x00, 0x00, 0x10, 0xFC, 0xFF, 0x25, 0x45, 0x14, 0x00, 0x00, 0x00, 0x40,
    0xFF, 0x7F, 0xF7, 0xFF, 0x04, 0x00, 0x00, 0x00, 0xF4, 0xFF, 0x47, 0xFF,
    0xBF, 0x00, 0x00, 0x00, 0xB0, 0xFF, 0x5F, 0xD1, 0xFF, 0xCF, 0x25, 0x21,
    0xC5, 0xFF, 0xEF, 0x01, 0xF4, 0xFF, 0xFF, 0xEF, 0xFF, 0xFF, 0xFF, 0x05,
    0x00, 0xE5, 0xFF, 0xFF, 0xFF, 0xFF, 0xEF, 0x06, 0x00, 0x00, 0x82, 0xFD,
    0xFF, 0xFF, 0x9D, 0x02, 0x00, 0x00, 0x00, 0x00, 0x32, 0x34, 0x02, 0x00,
    0x00, 0x00, 0x00, 0x00, 0x20, 0x44, 0x03, 0x00, 0x00, 0x00, 0x00, 0xD2,
    0xFF, 0x5F, 0x00, 0x00, 0x00, 0x20, 0xFD, 0xCE, 0xEF, 0x04, 0x00, 0x00,
    0xD2, 0xFF, 0x14, 0xFE, 0x4F, 0x00, 0x10, 0xDA, 0x7D, 0x00, 0xC4, 0xBD,
    0x01, 0x00, 0x01, 0x00, 0x00, 0x00, 0x00, 0x00, 0x00, 0x00, 0x00, 0x11,
    0x00, 0x00, 0x00, 0x00, 0x40, 0xCA, 0xEE, 0xAD, 0x05, 0x00, 0x00, 0xF9,
    0xFF, 0xFF, 0xFF, 0xBF, 0x01, 0x90, 0xFF, 0xFF, 0xBC, 0xFE, 0xFE, 0x0A,
    0xF2, 0xFF, 0x3D, 0x00, 0xA1, 0xFF, 0x3F, 0xF4, 0xFF, 0x07, 0x00, 0x10,
    0x79, 0x14, 0xF3, 0xFF, 0x1C, 0x00, 0x00, 0x00, 0x00, 0xD1, 0xFF, 0xEF,
    0x69, 0x13, 0x00, 0x00, 0x40, 0xFF, 0xFF, 0xFF, 0xEF, 0x5A, 0x00, 0x00,
    0xA3, 0xFE, 0xFF, 0xFF, 0xFF, 0x09, 0x00, 0x00, 0x52, 0xB8, 0xFE, 0xFF,
    0x5F, 0x00, 0x00, 0x00, 0x00, 0x81, 0xFF, 0xAF, 0x63, 0xA9, 0x00, 0x01,
    0x00, 0xFE, 0xBF, 0xF8, 0xFF, 0x08, 0x00, 0x60, 0xFF, 0x8F, 0xE2, 0xEF,
    0xCF, 0x88, 0xFB, 0xFF, 0x2F, 0x40, 0xFE, 0xFF, 0xFF, 0xFF, 0xEF, 0x05,
    0x00, 0x92, 0xFD, 0xFF, 0xDF, 0x29, 0x00, 0x00, 0x00, 0x31, 0x44, 0x13,
    0x00, 0x00, 0x00, 0x00, 0x00, 0x31, 0x34, 0x02, 0x00, 0x00, 0x00, 0x00,
    0x50, 0xEB, 0xFF, 0xFF, 0x7C, 0x01, 0x00, 0x00, 0xB1, 0xFF, 0xFF, 0xFF,
    0xFF, 0xDF, 0x03, 0x00, 0xC1, 0xFF, 0xFF, 0xEF, 0xFF, 0xFF, 0xEF, 0x02,
    0x70, 0xFF, 0xDF, 0x26, 0x21, 0xC5, 0xEF, 0xAF, 0x00, 0xFC, 0xEF, 0x03,
    0x00, 0x00, 0xD1, 0xFF, 0x1F, 0xE1, 0xFF, 0x0B, 0x00, 0x00, 0x00, 0xC6,
    0xCC, 0x12, 0xFE, 0xDF, 0x00, 0x00, 0x00, 0x00, 0x00, 0x00, 0xC0, 0xFF,
    0x9F, 0x01, 0x00, 0x00, 0x00, 0x00, 0x00, 0xF6, 0xFF, 0xDF, 0x49, 0x01,
    0x00, 0x00, 0x00, 0x00, 0xF9, 0xFF, 0xFF, 0xEF, 0x7B, 0x02, 0x00, 0x00,
    0x00, 0xD6, 0xFF, 0xFF, 0xFF, 0xEF, 0x19, 0x00, 0x00, 0x00, 0x51, 0xD9,
    0xFF, 0xFF, 0xFF, 0x2C, 0x00, 0x00, 0x00, 0x00, 0x30, 0xB6, 0xFF, 0xFF,
    0x0B, 0x00, 0x00, 0x00, 0x00, 0x00, 0x40, 0xFD, 0xFF, 0x14, 0x22, 0x01,
    0x00, 0x00, 0x00, 0x60, 0xFF, 0x7F, 0xE7, 0xEE, 0x03, 0x00, 0x00, 0x00,
    0xF4, 0xFF, 0x57, 0xFF, 0x9F, 0x00, 0x00, 0x00, 0x90, 0xFF, 0x6F, 0xE1,
    0xFF, 0x8F, 0x02, 0x00, 0x82, 0xFF, 0xFF, 0x02, 0xF7, 0xFF, 0xEF, 0xBC,
    0xEC, 0xFF, 0xFF, 0x08, 0x00, 0xF8, 0xFF, 0xFF, 0xFF, 0xFF, 0xFF, 0x0A,
    0x00, 0x00, 0xB5, 0xFF, 0xFF, 0xFF, 0xCF, 0x06, 0x00, 0x00, 0x00, 0x30,
    0xA5, 0x8F, 0x34, 0x00, 0x00, 0x00, 0x00, 0x00, 0x00, 0xF9, 0x59, 0x00,
    0x00, 0x00, 0x00, 0x00, 0x00, 0x80, 0xEB, 0xAF, 0x00, 0x00, 0x00, 0x00,
    0x00, 0x00, 0x00, 0xF4, 0x1E, 0x00, 0x00, 0x00, 0x00, 0x00, 0x82, 0xC8,
    0xCF, 0x00, 0x00, 0x00, 0x00, 0x00, 0x40, 0xFF, 0xBE, 0x03, 0x00, 0x00,
    0x00, 0x00, 0x00, 0x10, 0x11, 0x00, 0x00, 0x00, 0x00, 0x00, 0x00, 0x00,
    0x11, 0x00, 0x00, 0x00, 0x00, 0x40, 0xC9, 0xEE, 0xAD, 0x05, 0x00, 0x00,
    0xF9, 0xFF, 0xFF, 0xFF, 0xBF, 0x01, 0x80, 0xFF, 0xFF, 0xBC, 0xFE, 0xFE,
    0x0A, 0xE1, 0xFF, 0x3D, 0x00, 0xA1, 0xFF, 0x3F, 0xF4, 0xFF, 0x07, 0x00,
    0x10, 0x8A, 0x14, 0xF3, 0xFF, 0x1C, 0x00, 0x00, 0x00, 0x00, 0xE1, 0xFF,
    0xDF, 0x59, 0x03, 0x00, 0x00, 0x60, 0xFF, 0xFF, 0xFF, 0xDF, 0x39, 0x00,
    0x00, 0xC5, 0xFF, 0xFF, 0xFF, 0xFF, 0x08, 0x00, 0x00, 0x73, 0xDA, 0xFF,
    0xFF, 0x5F, 0x00, 0x00, 0x00, 0x00, 0xB3, 0xFF, 0xAF, 0x31, 0x76, 0x00,
    0x00, 0x10, 0xFE, 0xBF, 0xF8, 0xFF, 0x05, 0x00, 0x30, 0xFF, 0x9F, 0xF3,
    0xFF, 0x8F, 0x44, 0xE7, 0xFF, 0x3F, 0x70, 0xFF, 0xFF, 0xFF, 0xFF, 0xFF,
    0x07, 0x00, 0xC5, 0xFF, 0xFF, 0xFF, 0x5C, 0x00, 0x00, 0x00, 0x63, 0xED,
    0x25, 0x00, 0x00, 0x00, 0x00, 0x00, 0xFD, 0x48, 0x00, 0x00, 0x00, 0x00,
    0x10, 0xBA, 0xFF, 0x07, 0x00, 0x00, 0x00, 0x00, 0x00, 0xF8, 0x0B, 0x00,
    0x00, 0x00, 0x40, 0x88, 0xFD, 0x09, 0x00, 0x00, 0x00, 0x80, 0xFF, 0x9D,
    0x01, 0x00, 0x00, 0x00, 0x00, 0x11, 0x00, 0x00, 0x00, 0x00, 0x40, 0x77,
    0x04, 0x00, 0x76, 0x58, 0x00, 0x00, 0x00, 0xE3, 0xFF, 0x04, 0xF6, 0xEF,
    0x02, 0x00, 0x00, 0x00, 0xD2, 0xDF, 0xE6, 0xCF, 0x01, 0x00, 0x00, 0x00,
    0x00, 0xE3, 0xFF, 0xDF, 0x02, 0x00, 0x00, 0x00, 0x00, 0x00, 0x93, 0x99,
    0x02, 0x00, 0x00, 0x00, 0x00, 0x00, 0x00, 0x00, 0x00, 0x00, 0x00, 0x00,
    0x00, 0x00, 0x10, 0x74, 0x78, 0x25, 0x00, 0x00, 0x00, 0x00, 0x92, 0xFE,
    0xFF, 0xFF, 0xBF, 0x04, 0x00, 0x00, 0xD3, 0xFF, 0xFF, 0xFF, 0xFF, 0xFF,
    0x07, 0x00, 0xE2, 0xFF, 0xFF, 0xBC, 0xEC, 0xFF, 0xFF, 0x04, 0x80, 0xFF,
    0xBF, 0x03, 0x00, 0x92, 0xEF, 0xCF, 0x00, 0xFD, 0xEF, 0x01, 0x00, 0x00,
    0xB0, 0xFF, 0x2F, 0xE1, 0xFF, 0x0B, 0x00, 0x00, 0x00, 0x73, 0x87, 0x12,
    0xFD, 0xDF, 0x01, 0x00, 0x00, 0x00, 0x00, 0x00, 0xB0, 0xFF, 0xCF, 0x03,
    0x00, 0x00, 0x00, 0x00, 0x00, 0xF4, 0xFF, 0xFF, 0x8C, 0x14, 0x00, 0x00,
    0x00, 0x00, 0xE5, 0xFF, 0xFF, 0xFF, 0xAE, 0x05, 0x00, 0x00, 0x00, 0xA3,
    0xFE, 0xFF, 0xFF, 0xFF, 0x3C, 0x00, 0x00, 0x00, 0x20, 0x96, 0xFD, 0xFF,
    0xFF, 0x4E, 0x00, 0x00, 0x00, 0x00, 0x00, 0x73, 0xFD, 0xFF, 0x1D, 0x00,
    0x00, 0x00, 0x00, 0x00, 0x10, 0xFC, 0xFF, 0x25, 0x55, 0x15, 0x00, 0x00,
    0x00, 0x40, 0xFF, 0x7F, 0xF7, 0xFF, 0x04, 0x00, 0x00, 0x00, 0xF4, 0xFF,
    0x47, 0xFF, 0xBF, 0x00, 0x00, 0x00, 0xB0, 0xFF, 0x5F, 0xD1, 0xFF, 0xCF,
    0x25, 0x21, 0xC5, 0xFF, 0xEF, 0x01, 0xF4, 0xFF, 0xFF, 0xEF, 0xFF, 0xFF,
    0xFF, 0x05, 0x00, 0xE5, 0xFF, 0xFF, 0xFF, 0xFF, 0xEF, 0x06, 0x00, 0x00,
    0x82, 0xFC, 0xFF, 0xFF, 0x9D, 0x02, 0x00, 0x00, 0x00, 0x00, 0x32, 0x34,
    0x02, 0x00, 0x00, 0x00, 0x00, 0x23, 0x02, 0x00, 0x40, 0x44, 0x01, 0x00,
    0xF8, 0xAF, 0x00, 0xF7, 0xCF, 0x01, 0x00, 0x90, 0xFF, 0x47, 0xFF, 0x1C,
    0x00, 0x00, 0x00, 0xF9, 0xFF, 0xCF, 0x01, 0x00, 0x00, 0x00, 0x90, 0xDD,
    0x2B, 0x00, 0x00, 0x00, 0x00, 0x00, 0x00, 0x00, 0x00, 0x00, 0x00, 0x00,
    0x00, 0x11, 0x00, 0x00, 0x00, 0x00, 0x40, 0xCA, 0xEE, 0xAD, 0x05, 0x00,
    0x00, 0xF9, 0xFF, 0xFF, 0xFF, 0xBF, 0x01, 0x90, 0xFF, 0xFF, 0xBC, 0xFE,
    0xFE, 0x0A, 0xF2, 0xFF, 0x3D, 0x00, 0xA1, 0xFF, 0x3F, 0xF4, 0xFF, 0x07,
    0x00, 0x10, 0x79, 0x14, 0xF3, 0xFF, 0x1C, 0x00, 0x00, 0x00, 0x00, 0xD1,
    0xFF, 0xEF, 0x69, 0x13, 0x00, 0x00, 0x40, 0xFF, 0xFF, 0xFF, 0xEF, 0x5A,
    0x00, 0x00, 0xA3, 0xFE, 0xFF, 0xFF, 0xFF, 0x09, 0x00, 0x00, 0x52, 0xB8,
    0xFE, 0xFF, 0x5F, 0x00, 0x00, 0x00, 0x00, 0x81, 0xFF, 0xAF, 0x63, 0xA9,
    0x00, 0x01, 0x00, 0xFE, 0xBF, 0xF8, 0xFF, 0x08, 0x00, 0x60, 0xFF, 0x8F,
    0xE2, 0xEF, 0xCF, 0x88, 0xFB, 0xFF, 0x2F, 0x40, 0xFE, 0xFF, 0xFF, 0xFF,
    0xEF, 0x05, 0x00, 0x92, 0xFD, 0xFF, 0xDF, 0x29, 0x00, 0x00, 0x00, 0x31,
    0x44, 0x13, 0x00, 0x00, 0x11, 0x11, 0x11, 0x11, 0x11, 0x11, 0x11, 0x11,
    0x01, 0xEA, 0xEE, 0xEE, 0xEE, 0xEE, 0xEE, 0xEE, 0xEE, 0x1D, 0xFB, 0xFF,
    0xFF, 0xFF, 0xFF, 0xFF, 0xFF, 0xFF, 0x1E, 0xFC, 0xFF, 0xFF, 0xFF, 0xFF,
    0xFF, 0xFF, 0xFF, 0x1F, 0x43, 0x44, 0x44, 0xF7, 0xFF, 0x49, 0x44, 0x44,
    0x04, 0x00, 0x00, 0x00, 0xF3, 0xFF, 0x07, 0x00, 0x00, 0x00, 0x00, 0x00,
    0x00, 0xF4, 0xFF, 0x08, 0x00, 0x00, 0x00, 0x00, 0x00, 0x00, 0xF4, 0xFF,
    0x08, 0x00, 0x00, 0x00, 0x00, 0x00, 0x00, 0xF4, 0xFF, 0x08, 0x00, 0x00,
    0x00, 0x00, 0x00, 0x00, 0xF4, 0xFF, 0x08, 0x00, 0x00, 0x00, 0x00, 0x00,
    0x00, 0xF4, 0xFF, 0x08, 0x00, 0x00, 0x00, 0x00, 0x00, 0x00, 0xF4, 0xFF,
    0x08, 0x00, 0x00, 0x00, 0x00, 0x00, 0x00, 0xF4, 0xFF, 0x08, 0x00, 0x00,
    0x00, 0x00, 0x00, 0x00, 0xF4, 0xFF, 0x08, 0x00, 0x00, 0x00, 0x00, 0x00,
    0x00, 0xF4, 0xFF, 0x08, 0x00, 0x00, 0x00, 0x00, 0x00, 0x00, 0xF4, 0xFF,
    0x08, 0x00, 0x00, 0x00, 0x00, 0x00, 0x00, 0xF4, 0xFF, 0x08, 0x00, 0x00,
    0x00, 0x00, 0x00, 0x00, 0xF4, 0xFF, 0x08, 0x00, 0x00, 0x00, 0x00, 0x00,
    0x00, 0xF4, 0xFF, 0x08, 0x00, 0x00, 0x00, 0x00, 0x00, 0x00, 0xF4, 0xFF,
    0x08, 0x00, 0x00, 0x00, 0x00, 0x00, 0x00, 0xF4, 0xFF, 0x07, 0x00, 0x00,
    0x00, 0x00, 0x00, 0x00, 0xF4, 0xFF, 0x08, 0x00, 0x00, 0x00, 0x00, 0x00,
    0x00, 0x61, 0x8F, 0x01, 0x00, 0x00, 0x00, 0x00, 0x00, 0x00, 0x50, 0xBF,
    0x16, 0x00, 0x00, 0x00, 0x00, 0x00, 0x00, 0x60, 0xDB, 0xDF, 0x01, 0x00,
    0x00, 0x00, 0x00, 0x00, 0x00, 0x00, 0xFE, 0x04, 0x00, 0x00, 0x00, 0x00,
    0x00, 0x81, 0xA8, 0xFF, 0x02, 0x00, 0x00, 0x00, 0x00, 0x00, 0xE2, 0xEF,
    0x5C, 0x00, 0x00, 0x00, 0x00, 0x00, 0x00, 0x10, 0x11, 0x00, 0x00, 0x00,
    0x00, 0x00, 0x84, 0x87, 0x02, 0x00, 0x00, 0x80, 0xFF, 0x4F, 0x00, 0x00,
    0x00, 0xF7, 0xFE, 0x04, 0x00, 0x00, 0x70, 0xFF, 0x3F, 0x00, 0x00, 0xB8,
    0xFD, 0xFF, 0xBC, 0x4B, 0xC0, 0xFF, 0xFF, 0xFF, 0xFF, 0x05, 0xFB, 0xFF,
    0xFF, 0xFF, 0x5F, 0x30, 0x94, 0xFF, 0x6F, 0x44, 0x01, 0x00, 0xF7, 0xFF,
    0x03, 0x00, 0x00, 0x80, 0xFF, 0x4F, 0x00, 0x00, 0x00, 0xF8, 0xFF, 0x04,
    0x00, 0x00, 0x80, 0xFF, 0x4F, 0x00, 0x00, 0x00, 0xF8, 0xFF, 0x04, 0x00,
    0x00, 0x80, 0xFF, 0x4F, 0x00, 0x00, 0x00, 0xF8, 0xFF, 0x04, 0x00, 0x00,
    0x80, 0xFF, 0x3F, 0x00, 0x00, 0x00, 0xF7, 0xFF, 0x06, 0x00, 0x00, 0x40,
    0xFF, 0xEF, 0xBA, 0x03, 0x00, 0xB0, 0xFF, 0xFF, 0x7F, 0x00, 0x00, 0x91,
    0xFE, 0xFF, 0x0A, 0x00, 0x00, 0x70, 0x5F, 0x12, 0x00, 0x00, 0x00, 0xFA,
    0x7B, 0x01, 0x00, 0x00, 0x70, 0xEA, 0xBF, 0x00, 0x00, 0x00, 0x00, 0xF4,
    0x1E, 0x00, 0x00, 0x82, 0xC8, 0xCF, 0x00, 0x00, 0x40, 0xFF, 0xBE, 0x03,
    0x00, 0x00, 0x10, 0x11, 0x00, 0x00, 0x00, 0x30, 0x78, 0x06, 0x00, 0x74,
    0x68, 0x00, 0x00, 0x00, 0x10, 0xFC, 0x7F, 0x40, 0xFF, 0x4F, 0x00, 0x00,
    0x00, 0x00, 0xB0, 0xFF, 0xD7, 0xEF, 0x03, 0x00, 0x00, 0x00, 0x00, 0x10,
    0xFC, 0xFF, 0x4E, 0x00, 0x00, 0x00, 0x00, 0x00, 0x00, 0x92, 0x99, 0x04,
    0x00, 0x00, 0x00, 0x00, 0x00, 0x00, 0x00, 0x00, 0x00, 0x00, 0x00, 0x00,
    0x43, 0x44, 0x44, 0x44, 0x44, 0x44, 0x44, 0x44, 0x04, 0xFC, 0xFF, 0xFF,
    0xFF, 0xFF, 0xFF, 0xFF, 0xFF, 0x1F, 0xFB, 0xFF, 0xFF, 0xFF, 0xFF, 0xFF,
    0xFF, 0xFF, 0x1E, 0xEA, 0xEE, 0xEE, 0xFE, 0xFF, 0xEF, 0xEE, 0xEE, 0x1D,
    0x11, 0x11, 0x11, 0xF4, 0xFF, 0x18, 0x11, 0x11, 0x01, 0x00, 0x00, 0x00,
    0xF4, 0xFF, 0x07, 0x00, 0x00, 0x00, 0x00, 0x00, 0x00, 0xF4, 0xFF, 0x08,
    0x00, 0x00, 0x00, 0x00, 0x00, 0x00, 0xF4, 0xFF, 0x08, 0x00, 0x00, 0x00,
    0x00, 0x00, 0x00, 0xF4, 0xFF, 0x08, 0x00, 0x00, 0x00, 0x00, 0x00, 0x00,
    0xF4, 0xFF, 0x08, 0x00, 0x00, 0x00, 0x00, 0x00, 0x00, 0xF4, 0xFF, 0x08,
    0x00, 0x00, 0x00, 0x00, 0x00, 0x00, 0xF4, 0xFF, 0x08, 0x00, 0x00, 0x00,
    0x00, 0x00, 0x00, 0xF4, 0xFF, 0x08, 0x00, 0x00, 0x00, 0x00, 0x00, 0x00,
    0xF4, 0xFF, 0x08, 0x00, 0x00, 0x00, 0x00, 0x00, 0x00, 0xF4, 0xFF, 0x08,
    0x00, 0x00, 0x00, 0x00, 0x00, 0x00, 0xF4, 0xFF, 0x08, 0x00, 0x00, 0x00,
    0x00, 0x00, 0x00, 0xF4, 0xFF, 0x08, 0x00, 0x00, 0x00, 0x00, 0x00, 0x00,
    0xF4, 0xFF, 0x08, 0x00, 0x00, 0x00, 0x00, 0x00, 0x00, 0xF4, 0xFF, 0x08,
    0x00, 0x00, 0x00, 0x00, 0x00, 0x00, 0xF4, 0xFF, 0x07, 0x00, 0x00, 0x00,
    0x00, 0x00, 0x00, 0xF4, 0xFF, 0x08, 0x00, 0x00, 0x00, 0x00, 0x00, 0x00,
    0xD3, 0xDC, 0x06, 0x00, 0x00, 0x00, 0x00, 0x00, 0x00, 0x10, 0x44, 0x03,
    0x00, 0x00, 0x00, 0xF3, 0xDF, 0x00, 0x00, 0x00, 0x20, 0xFF, 0x0A, 0x00,
    0x00, 0x00, 0xF2, 0x8F, 0x00, 0x95, 0x99, 0x22, 0xFF, 0x06, 0x80, 0xFF,
    0x3F, 0xF2, 0x4F, 0x00, 0xF7, 0xFE, 0x14, 0x44, 0x01, 0x70, 0xFF, 0x3F,
    0x00, 0x00, 0xB8, 0xFD, 0xFF, 0xBC, 0x3B, 0xC0, 0xFF, 0xFF, 0xFF, 0xFF,
    0x04, 0xFB, 0xFF, 0xFF, 0xFF, 0x4F, 0x30, 0x94, 0xFF, 0x6F, 0x44, 0x01,
    0x00, 0xF7, 0xFF, 0x03, 0x00, 0x00, 0x80, 0xFF, 0x4F, 0x00, 0x00, 0x00,
    0xF8, 0xFF, 0x04, 0x00, 0x00, 0x80, 0xFF, 0x4F, 0x00, 0x00, 0x00, 0xF8,
    0xFF, 0x04, 0x00, 0x00, 0x80, 0xFF, 0x4F, 0x00, 0x00, 0x00, 0xF8, 0xFF,
    0x04, 0x00, 0x00, 0x80, 0xFF, 0x3F, 0x00, 0x00, 0x00, 0xF7, 0xFF, 0x07,
    0x00, 0x00, 0x40, 0xFF, 0xFF, 0xCB, 0x03, 0x00, 0xB0, 0xFF, 0xFF, 0x6F,
    0x00, 0x00, 0x91, 0xFE, 0xFF, 0x08, 0x00, 0x00, 0x20, 0x43, 0x13, 0x00,
    0x00, 0x00, 0x00, 0x10, 0x00, 0x00, 0x11, 0x00, 0x00, 0x00, 0x00, 0x00,
    0xC3, 0xCE, 0x06, 0xD1, 0x2E, 0x00, 0x00, 0x00, 0x00, 0xC0, 0xFF, 0xFF,
    0xCC, 0xDF, 0x00, 0x00, 0x00, 0x00, 0x30, 0xFF, 0x55, 0xFD, 0xFF, 0x06,
    0x00, 0x00, 0x00, 0x00, 0x62, 0x06, 0x10, 0x75, 0x04, 0x00, 0x00, 0x00,
    0x00, 0x00, 0x00, 0x00, 0x00, 0x00, 0x00, 0x00, 0x00, 0x20, 0x22, 0x02,
    0x00, 0x00, 0x00, 0x00, 0x22, 0x22, 0x10, 0xFE, 0xBF, 0x00, 0x00, 0x00,
    0x00, 0xB0, 0xFF, 0x1E, 0xE1, 0xFF, 0x0B, 0x00, 0x00, 0x00, 0x00, 0xFB,
    0xEF, 0x11, 0xFE, 0xBF, 0x00, 0x00, 0x00, 0x00, 0xB0, 0xFF, 0x1E, 0xE1,
    0xFF, 0x0B, 0x00, 0x00, 0x00, 0x00, 0xFB, 0xEF, 0x11, 0xFE, 0xBF, 0x00,
    0x00, 0x00, 0x00, 0xB0, 0xFF, 0x1E, 0xE1, 0xFF, 0x0B, 0x00, 0x00, 0x00,
    0x00, 0xFB, 0xEF, 0x11, 0xFE, 0xBF, 0x00, 0x00, 0x00, 0x00, 0xB0, 0xFF,
    0x1E, 0xE1, 0xFF, 0x0B, 0x00, 0x00, 0x00, 0x00, 0xFB, 0xEF, 0x11, 0xFE,
    0xBF, 0x00, 0x00, 0x00, 0x00, 0xB0, 0xFF, 0x1E, 0xE1, 0xFF, 0x0B, 0x00,
    0x00, 0x00, 0x00, 0xFB, 0xEF, 0x11, 0xFE, 0xBF, 0x00, 0x00, 0x00, 0x00,
    0xB0, 0xFF, 0x1E, 0xE1, 0xFF, 0x0B, 0x00, 0x00, 0x00, 0x00, 0xFB, 0xEF,
    0x11, 0xFE, 0xBF, 0x00, 0x00, 0x00, 0x00, 0xB0, 0xFF, 0x1E, 0xE1, 0xFF,
    0x0B, 0x00, 0x00, 0x00, 0x00, 0xFB, 0xEF, 0x11, 0xFE, 0xDF, 0x00, 0x00,
    0x00, 0x00, 0xD0, 0xFF, 0x1D, 0xC0, 0xFF, 0x5F, 0x00, 0x00, 0x00, 0x50,
    0xFF, 0xCF, 0x00, 0xF7, 0xFF, 0x3E, 0x00, 0x00, 0x30, 0xFE, 0xFF, 0x07,
    0x10, 0xFE, 0xFF, 0x9F, 0x45, 0x95, 0xFF, 0xFF, 0x1E, 0x00, 0x40, 0xFF,
    0xFF, 0xFF, 0xFF, 0xFF, 0xFF, 0x4F, 0x00, 0x00, 0x40, 0xFD, 0xFF, 0xFF,
    0xFF, 0xFF, 0x4D, 0x00, 0x00, 0x00, 0x10, 0xC7, 0xFE, 0xFF, 0xCE, 0x17,
    0x00, 0x00, 0x00, 0x00, 0x00, 0x20, 0x43, 0x23, 0x00, 0x00, 0x00, 0x00,
    0x00, 0x00, 0xB5, 0x6B, 0x01, 0xB5, 0x07, 0x00, 0x00, 0x40, 0xFF, 0xFF,
    0x7C, 0xFD, 0x08, 0x00, 0x00, 0xA0, 0xDF, 0xC6, 0xFF, 0xEF, 0x02, 0x00,
    0x00, 0x70, 0x5A, 0x00, 0xA6, 0x3A, 0x00, 0x00, 0x00, 0x00, 0x00, 0x00,
    0x00, 0x00, 0x00, 0x00, 0x00, 0x00, 0x00, 0x00, 0x00, 0x00, 0x00, 0x00,
    0xA1, 0xBB, 0x08, 0x00, 0x00, 0x80, 0xBB, 0x1A, 0xF1, 0xFF, 0x0C, 0x00,
    0x00, 0xC0, 0xFF, 0x1F, 0xE1, 0xFF, 0x0B, 0x00, 0x00, 0xB0, 0xFF, 0x1E,
    0xE1, 0xFF, 0x0B, 0x00, 0x00, 0xB0, 0xFF, 0x1E, 0xE1, 0xFF, 0x0B, 0x00,
    0x00, 0xB0, 0xFF, 0x1E, 0xE1, 0xFF, 0x0B, 0x00, 0x00, 0xB0, 0xFF, 0x1E,
    0xE1, 0xFF, 0x0B, 0x00, 0x00, 0xB0, 0xFF, 0x1E, 0xE1, 0xFF, 0x0B, 0x00,
    0x00, 0xB0, 0xFF, 0x1E, 0xE1, 0xFF, 0x0B, 0x00, 0x00, 0xB0, 0xFF, 0x1E,
    0xE1, 0xFF, 0x0B, 0x00, 0x00, 0xB0, 0xFF, 0x1E, 0xE1, 0xFF, 0x0C, 0x00,
    0x00, 0xC0, 0xFF, 0x1E, 0xD0, 0xFF, 0x1E, 0x00, 0x00, 0xF3, 0xFF, 0x1E,
    0xB0, 0xFF, 0xBF, 0x01, 0x30, 0xFC, 0xFF, 0x1E, 0x50, 0xFF, 0xFF, 0xBE,
    0xFB, 0xAE, 0xFF, 0x1E, 0x00, 0xF9, 0xFF, 0xFF, 0xFF, 0x85, 0xFF, 0x1E,
    0x00, 0x70, 0xFD, 0xFF, 0x5C, 0x80, 0xEE, 0x1D, 0x00, 0x00, 0x31, 0x34,
    0x00, 0x10, 0x11, 0x01, 0x00, 0x00, 0x40, 0x77, 0x77, 0x77, 0x47, 0x00,
    0x00, 0x00, 0x00, 0x00, 0xF8, 0xFF, 0xFF, 0xFF, 0x08, 0x00, 0x00, 0x00,
    0x00, 0x70, 0xEE, 0xEE, 0xEE, 0x7E, 0x00, 0x00, 0x00, 0x00, 0x00, 0x10,
    0x11, 0x11, 0x11, 0x00, 0x00, 0x00, 0x00, 0x00, 0x00, 0x00, 0x00, 0x00,
    0x00, 0x00, 0x00, 0x00, 0x11, 0x11, 0x00, 0x00, 0x00, 0x00, 0x10, 0x11,
    0x01, 0xD1, 0xEE, 0x0A, 0x00, 0x00, 0x00, 0x00, 0xEA, 0xDE, 0x11, 0xFE,
    0xBF, 0x00, 0x00, 0x00, 0x00, 0xB0, 0xFF, 0x1E, 0xE1, 0xFF, 0x0B, 0x00,
    0x00, 0x00, 0x00, 0xFB, 0xEF, 0x11, 0xFE, 0xBF, 0x00, 0x00, 0x00, 0x00,
    0xB0, 0xFF, 0x1E, 0xE1, 0xFF, 0x0B, 0x00, 0x00, 0x00, 0x00, 0xFB, 0xEF,
    0x11, 0xFE, 0xBF, 0x00, 0x00, 0x00, 0x00, 0xB0, 0xFF, 0x1E, 0xE1, 0xFF,
    0x0B, 0x00, 0x00, 0x00, 0x00, 0xFB, 0xEF, 0x11, 0xFE, 0xBF, 0x00, 0x00,
    0x00, 0x00, 0xB0, 0xFF, 0x1E, 0xE1, 0xFF, 0x0B, 0x00, 0x00, 0x00, 0x00,
    0xFB, 0xEF, 0x11, 0xFE, 0xBF, 0x00, 0x00, 0x00, 0x00, 0xB0, 0xFF, 0x1E,
    0xE1, 0xFF, 0x0B, 0x00, 0x00, 0x00, 0x00, 0xFB, 0xEF, 0x11, 0xFE, 0xBF,
    0x00, 0x00, 0x00, 0x00, 0xB0, 0xFF, 0x1E, 0xE1, 0xFF, 0x0B, 0x00, 0x00,
    0x00, 0x00, 0xFB, 0xEF, 0x11, 0xFE, 0xBF, 0x00, 0x00, 0x00, 0x00, 0xB0,
    0xFF, 0x1E, 0xE1, 0xFF, 0x0D, 0x00, 0x00, 0x00, 0x00, 0xFD, 0xEF, 0x01,
    0xFC, 0xFF, 0x05, 0x00, 0x00, 0x00, 0xF5, 0xFF, 0x0C, 0x70, 0xFF, 0xEF,
    0x03, 0x00, 0x00, 0xE3, 0xFF, 0x7F, 0x00, 0xE1, 0xFF, 0xFF, 0x59, 0x54,
    0xF9, 0xFF, 0xEF, 0x01, 0x00, 0xF4, 0xFF, 0xFF, 0xFF, 0xFF, 0xFF, 0xFF,
    0x04, 0x00, 0x00, 0xD4, 0xFF, 0xFF, 0xFF, 0xFF, 0xDF, 0x04, 0x00, 0x00,
    0x00, 0x71, 0xEC, 0xFF, 0xEF, 0x7C, 0x01, 0x00, 0x00, 0x00, 0x00, 0x00,
    0x32, 0x34, 0x02, 0x00, 0x00, 0x00, 0x00, 0x00, 0x44, 0x44, 0x44, 0x44,
    0x00, 0x00, 0x00, 0x10, 0xFE, 0xFF, 0xFF, 0xEF, 0x01, 0x00, 0x00, 0x10,
    0xFE, 0xFF, 0xFF, 0xEF, 0x01, 0x00, 0x00, 0x00, 0x44, 0x44, 0x44, 0x44,
    0x00, 0x00, 0x00, 0x00, 0x00, 0x00, 0x00, 0x00, 0x00, 0x00, 0x00, 0x00,
    0x00, 0x00, 0x00, 0x00, 0x00, 0x00, 0xB1, 0xBB, 0x08, 0x00, 0x00, 0x90,
    0xBB, 0x1B, 0xF1, 0xFF, 0x0C, 0x00, 0x00, 0xC0, 0xFF, 0x1F, 0xE1, 0xFF,
    0x0B, 0x00, 0x00, 0xB0, 0xFF, 0x1E, 0xE1, 0xFF, 0x0B, 0x00, 0x00, 0xB0,
    0xFF, 0x1E, 0xE1, 0xFF, 0x0B, 0x00, 0x00, 0xB0, 0xFF, 0x1E, 0xE1, 0xFF,
    0x0B, 0x00, 0x00, 0xB0, 0xFF, 0x1E, 0xE1, 0xFF, 0x0B, 0x00, 0x00, 0xB0,
    0xFF, 0x1E, 0xE1, 0xFF, 0x0B, 0x00, 0x00, 0xB0, 0xFF, 0x1E, 0xE1, 0xFF,
    0x0B, 0x00, 0x00, 0xB0, 0xFF, 0x1E, 0xE1, 0xFF, 0x0B, 0x00, 0x00, 0xB0,
    0xFF, 0x1E, 0xE1, 0xFF, 0x0C, 0x00, 0x00, 0xC0, 0xFF, 0x1E, 0xD0, 0xFF,
    0x1E, 0x00, 0x00, 0xF3, 0xFF, 0x1E, 0xB0, 0xFF, 0xBF, 0x01, 0x30, 0xFC,
    0xFF, 0x1E, 0x50, 0xFF, 0xFF, 0xBE, 0xFB, 0xAE, 0xFF, 0x1E, 0x00, 0xF9,
    0xFF, 0xFF, 0xFF, 0x84, 0xFF, 0x1E, 0x00, 0x70, 0xFD, 0xFF, 0x5C, 0x80,
    0xEE, 0x1D, 0x00, 0x00, 0x31, 0x34, 0x00, 0x10, 0x11, 0x01, 0x00, 0x00,
    0x50, 0x16, 0x00, 0x00, 0x65, 0x01, 0x00, 0x00, 0x00, 0x00, 0xFE, 0x07,
    0x00, 0xF4, 0x3F, 0x00, 0x00, 0x00, 0x00, 0x80, 0xEF, 0x48, 0xD6, 0xCF,
    0x00, 0x00, 0x00, 0x00, 0x00, 0xC1, 0xFF, 0xFF, 0xEF, 0x03, 0x00, 0x00,
    0x00, 0x00, 0x00, 0x81, 0xEC, 0x9D, 0x02, 0x00, 0x00, 0x00, 0x00, 0x00,
    0x00, 0x00, 0x01, 0x00, 0x00, 0x00, 0x00, 0x10, 0x11, 0x01, 0x00, 0x00,
    0x00, 0x00, 0x11, 0x11, 0x10, 0xED, 0xAE, 0x00, 0x00, 0x00, 0x00, 0xA0,
    0xEE, 0x1D, 0xE1, 0xFF, 0x0B, 0x00, 0x00, 0x00, 0x00, 0xFB, 0xEF, 0x11,
    0xFE, 0xBF, 0x00, 0x00, 0x00, 0x00, 0xB0, 0xFF, 0x1E, 0xE1, 0xFF, 0x0B,
    0x00, 0x00, 0x00, 0x00, 0xFB, 0xEF, 0x11, 0xFE, 0xBF, 0x00, 0x00, 0x00,
    0x00, 0xB0, 0xFF, 0x1E, 0xE1, 0xFF, 0x0B, 0x00, 0x00, 0x00, 0x00, 0xFB,
    0xEF, 0x11, 0xFE, 0xBF, 0x00, 0x00, 0x00, 0x00, 0xB0, 0xFF, 0x1E, 0xE1,
    0xFF, 0x0B, 0x00, 0x00, 0x00, 0x00, 0xFB, 0xEF, 0x11, 0xFE, 0xBF, 0x00,
    0x00, 0x00, 0x00, 0xB0, 0xFF, 0x1E, 0xE1, 0xFF, 0x0B, 0x00, 0x00, 0x00,
    0x00, 0xFB, 0xEF, 0x11, 0xFE, 0xBF, 0x00, 0x00, 0x00, 0x00, 0xB0, 0xFF,
    0x1E, 0xE1, 0xFF, 0x0B, 0x00, 0x00, 0x00, 0x00, 0xFB, 0xEF, 0x11, 0xFE,
    0xBF, 0x00, 0x00, 0x00, 0x00, 0xB0, 0xFF, 0x1E, 0xE1, 0xFF, 0x0B, 0x00,
    0x00, 0x00, 0x00, 0xFB, 0xEF, 0x11, 0xFE, 0xDF, 0x00, 0x00, 0x00, 0x00,
    0xD0, 0xFF, 0x1E, 0xC0, 0xFF, 0x5F, 0x00, 0x00, 0x00, 0x50, 0xFF, 0xCF,
    0x00, 0xF7, 0xFF, 0x3E, 0x00, 0x00, 0x30, 0xFE, 0xFF, 0x07, 0x10, 0xFE,
    0xFF, 0x9F, 0x45, 0x95, 0xFF, 0xFF, 0x1E, 0x00, 0x40, 0xFF, 0xFF, 0xFF,
    0xFF, 0xFF, 0xFF, 0x4F, 0x00, 0x00, 0x40, 0xFD, 0xFF, 0xFF, 0xFF, 0xFF,
    0x4D, 0x00, 0x00, 0x00, 0x10, 0xC7, 0xFE, 0xFF, 0xCE, 0x17, 0x00, 0x00,
    0x00, 0x00, 0x00, 0x20, 0x43, 0x23, 0x00, 0x00, 0x00, 0x00, 0x00, 0x10,
    0x01, 0x00, 0x00, 0x11, 0x01, 0x00, 0x00, 0xA0, 0x8E, 0x00, 0x00, 0xEB,
    0x06, 0x00, 0x00, 0x70, 0xEF, 0x16, 0x82, 0xFF, 0x03, 0x00, 0x00, 0x10,
    0xFC, 0xEF, 0xFE, 0x9F, 0x00, 0x00, 0x00, 0x00, 0xA1, 0xFE, 0xDF, 0x07,
    0x00, 0x00, 0x00, 0x00, 0x00, 0x42, 0x13, 0x00, 0x00, 0x00, 0x00, 0x00,
    0x00, 0x00, 0x00, 0x00, 0x00, 0x00, 0xA1, 0xBB, 0x08, 0x00, 0x00, 0x80,
    0xBB, 0x1A, 0xF1, 0xFF, 0x0C, 0x00, 0x00, 0xC0, 0xFF, 0x1F, 0xE1, 0xFF,
    0x0B, 0x00, 0x00, 0xB0, 0xFF, 0x1E, 0xE1, 0xFF, 0x0B, 0x00, 0x00, 0xB0,
    0xFF, 0x1E, 0xE1, 0xFF, 0x0B, 0x00, 0x00, 0xB0, 0xFF, 0x1E, 0xE1, 0xFF,
    0x0B, 0x00, 0x00, 0xB0, 0xFF, 0x1E, 0xE1, 0xFF, 0x0B, 0x00, 0x00, 0xB0,
    0xFF, 0x1E, 0xE1, 0xFF, 0x0B, 0x00, 0x00, 0xB0, 0xFF, 0x1E, 0xE1, 0xFF,
    0x0B, 0x00, 0x00, 0xB0, 0xFF, 0x1E, 0xE1, 0xFF, 0x0B, 0x00, 0x00, 0xB0,
    0xFF, 0x1E, 0xE1, 0xFF, 0x0C, 0x00, 0x00, 0xC0, 0xFF, 0x1E, 0xD0, 0xFF,
    0x1E, 0x00, 0x00, 0xF3, 0xFF, 0x1E, 0xB0, 0xFF, 0xBF, 0x01, 0x30, 0xFC,
    0xFF, 0x1E, 0x50, 0xFF, 0xFF, 0xBE, 0xFB, 0xAE, 0xFF, 0x1E, 0x00, 0xFA,
    0xFF, 0xFF, 0xFF, 0x84, 0xFF, 0x1E, 0x00, 0x70, 0xFD, 0xFF, 0x5C, 0x80,
    0xEE, 0x1D, 0x00, 0x00, 0x31, 0x34, 0x00, 0x10, 0x11, 0x01, 0x00, 0x00,
    0x00, 0x40, 0xCA, 0x5A, 0x00, 0x00, 0x00, 0x00, 0x00, 0x00, 0x60, 0xFF,
    0xFF, 0x9F, 0x00, 0x00, 0x00, 0x00, 0x00, 0x10, 0xFE, 0x18, 0xE5, 0x4F,
    0x00, 0x00, 0x00, 0x00, 0x00, 0xF4, 0x0E, 0x00, 0xFB, 0x07, 0x00, 0x00,
    0x00, 0x00, 0x20, 0xFF, 0x05, 0xD2, 0x5F, 0x00, 0x00, 0x00, 0x00, 0x00,
    0x90, 0xFF, 0xEC, 0xCF, 0x01, 0x00, 0x00, 0x00, 0x00, 0x00, 0x70, 0xFC,
    0x9D, 0x01, 0x00, 0x00, 0x00, 0x43, 0x34, 0x00, 0x00, 0x01, 0x00, 0x30,
    0x44, 0x03, 0xF1, 0xFF, 0x0B, 0x00, 0x00, 0x00, 0x00, 0xFB, 0xFF, 0x11,
    0xFE, 0xBF, 0x00, 0x00, 0x00, 0x00, 0xB0, 0xFF, 0x1E, 0xE1, 0xFF, 0x0B,
    0x00, 0x00, 0x00, 0x00, 0xFB, 0xEF, 0x11, 0xFE, 0xBF, 0x00, 0x00, 0x00,
    0x00, 0xB0, 0xFF, 0x1E, 0xE1, 0xFF, 0x0B, 0x00, 0x00, 0x00, 0x00, 0xFB,
    0xEF, 0x11, 0xFE, 0xBF, 0x00, 0x00, 0x00, 0x00, 0xB0, 0xFF, 0x1E, 0xE1,
    0xFF, 0x0B, 0x00, 0x00, 0x00, 0x00, 0xFB, 0xEF, 0x11, 0xFE, 0xBF, 0x00,
    0x00, 0x00, 0x00, 0xB0, 0xFF, 0x1E, 0xE1, 0xFF, 0x0B, 0x00, 0x00, 0x00,
    0x00, 0xFB, 0xEF, 0x11, 0xFE, 0xBF, 0x00, 0x00, 0x00, 0x00, 0xB0, 0xFF,
    0x1E, 0xE1, 0xFF, 0x0B, 0x00, 0x00, 0x00, 0x00, 0xFB, 0xEF, 0x11, 0xFE,
    0xBF, 0x00, 0x00, 0x00, 0x00, 0xB0, 0xFF, 0x1E, 0xE1, 0xFF, 0x0B, 0x00,
    0x00, 0x00, 0x00, 0xFB, 0xEF, 0x11, 0xFE, 0xBF, 0x00, 0x00, 0x00, 0x00,
    0xB0, 0xFF, 0x1E, 0xD1, 0xFF, 0x0D, 0x00, 0x00, 0x00, 0x00, 0xFD, 0xDF,
    0x01, 0xFC, 0xFF, 0x05, 0x00, 0x00, 0x00, 0xF5, 0xFF, 0x0C, 0x70, 0xFF,
    0xEF, 0x03, 0x00, 0x00, 0xE3, 0xFF, 0x7F, 0x00, 0xE1, 0xFF, 0xFF, 0x59,
    0x54, 0xF9, 0xFF, 0xDF, 0x01, 0x00, 0xF4, 0xFF, 0xFF, 0xFF, 0xFF, 0xFF,
    0xFF, 0x04, 0x00, 0x00, 0xD4, 0xFF, 0xFF, 0xFF, 0xFF, 0xDF, 0x04, 0x00,
    0x00, 0x00, 0x71, 0xEC, 0xFF, 0xEF, 0x7C, 0x01, 0x00, 0x00, 0x00, 0x00,
    0x00, 0x32, 0x34, 0x02, 0x00, 0x00, 0x00, 0x00, 0x00, 0x00, 0x10, 0x01,
    0x00, 0x00, 0x00, 0x00, 0x00, 0x20, 0xEA, 0xAE, 0x02, 0x00, 0x00, 0x00,
    0x00, 0xE2, 0xFF, 0xFF, 0x2D, 0x00, 0x00, 0x00, 0x00, 0xF8, 0x2B, 0xB2,
    0x8F, 0x00, 0x00, 0x00, 0x00, 0xFB, 0x03, 0x30, 0xBF, 0x00, 0x00, 0x00,
    0x00, 0xF9, 0x08, 0x80, 0x9F, 0x00, 0x00, 0x00, 0x00, 0xF3, 0xCF, 0xFC,
    0x3F, 0x00, 0x00, 0x00, 0x00, 0x50, 0xFD, 0xDF, 0x05, 0x00, 0x00, 0x00,
    0x00, 0x00, 0x31, 0x13, 0x00, 0x00, 0x00, 0xA1, 0xBB, 0x08, 0x00, 0x00,
    0x80, 0xBB, 0x1A, 0xF1, 0xFF, 0x0C, 0x00, 0x00, 0xC0, 0xFF, 0x1F, 0xE1,
    0xFF, 0x0B, 0x00, 0x00, 0xB0, 0xFF, 0x1E, 0xE1, 0xFF, 0x0B, 0x00, 0x00,
    0xB0, 0xFF, 0x1E, 0xE1, 0xFF, 0x0B, 0x00, 0x00, 0xB0, 0xFF, 0x1E, 0xE1,
    0xFF, 0x0B, 0x00, 0x00, 0xB0, 0xFF, 0x1E, 0xE1, 0xFF, 0x0B, 0x00, 0x00,
    0xB0, 0xFF, 0x1E, 0xE1, 0xFF, 0x0B, 0x00, 0x00, 0xB0, 0xFF, 0x1E, 0xE1,
    0xFF, 0x0B, 0x00, 0x00, 0xB0, 0xFF, 0x1E, 0xE1, 0xFF, 0x0B, 0x00, 0x00,
    0xB0, 0xFF, 0x1E, 0xE1, 0xFF, 0x0C, 0x00, 0x00, 0xC0, 0xFF, 0x1E, 0xD0,
    0xFF, 0x1E, 0x00, 0x00, 0xF3, 0xFF, 0x1E, 0xB0, 0xFF, 0xBF, 0x01, 0x30,
    0xFC, 0xFF, 0x1E, 0x50, 0xFF, 0xFF, 0xBE, 0xFB, 0xAD, 0xFF, 0x1E, 0x00,
    0xFA, 0xFF, 0xFF, 0xFF, 0x84, 0xFF, 0x1E, 0x00, 0x70, 0xFD, 0xFF, 0x5C,
    0x80, 0xEE, 0x1D, 0x00, 0x00, 0x31, 0x34, 0x00, 0x10, 0x11, 0x01, 0x00,
    0x00, 0x00, 0x76, 0x47, 0x20, 0x77, 0x28, 0x00, 0x00, 0x00, 0x00, 0xF3,
    0xFF, 0x03, 0xFB, 0xBF, 0x01, 0x00, 0x00, 0x00, 0x80, 0xFF, 0x08, 0xF4,
    0xCF, 0x01, 0x00, 0x00, 0x00, 0x10, 0xFE, 0x1E, 0xD1, 0xEF, 0x03, 0x00,
    0x00, 0x00, 0x00, 0xB3, 0x6B, 0x40, 0xBB, 0x05, 0x00, 0x00, 0x00, 0x00,
    0x00, 0x00, 0x00, 0x00, 0x00, 0x00, 0x00, 0x00, 0x30, 0x44, 0x03, 0x00,
    0x00, 0x00, 0x00, 0x43, 0x34, 0x10, 0xFF, 0xBF, 0x00, 0x00, 0x00, 0x00,
    0xB0, 0xFF, 0x1F, 0xE1, 0xFF, 0x0B, 0x00, 0x00, 0x00, 0x00, 0xFB, 0xEF,
    0x11, 0xFE, 0xBF, 0x00, 0x00, 0x00, 0x00, 0xB0, 0xFF, 0x1E, 0xE1, 0xFF,
    0x0B, 0x00, 0x00, 0x00, 0x00, 0xFB, 0xEF, 0x11, 0xFE, 0xBF, 0x00, 0x00,
    0x00, 0x00, 0xB0, 0xFF, 0x1E, 0xE1, 0xFF, 0x0B, 0x00, 0x00, 0x00, 0x00,
    0xFB, 0xEF, 0x11, 0xFE, 0xBF, 0x00, 0x00, 0x00, 0x00, 0xB0, 0xFF, 0x1E,
    0xE1, 0xFF, 0x0B, 0x00, 0x00, 0x00, 0x00, 0xFB, 0xEF, 0x11, 0xFE, 0xBF,
    0x00, 0x00, 0x00, 0x00, 0xB0, 0xFF, 0x1E, 0xE1, 0xFF, 0x0B, 0x00, 0x00,
    0x00, 0x00, 0xFB, 0xEF, 0x11, 0xFE, 0xBF, 0x00, 0x00, 0x00, 0x00, 0xB0,
    0xFF, 0x1E, 0xE1, 0xFF, 0x0B, 0x00, 0x00, 0x00, 0x00, 0xFB, 0xEF, 0x11,
    0xFE, 0xBF, 0x00, 0x00, 0x00, 0x00, 0xB0, 0xFF, 0x1E, 0xE1, 0xFF, 0x0B,
    0x00, 0x00, 0x00, 0x00, 0xFB, 0xEF, 0x11, 0xFD, 0xDF, 0x00, 0x00, 0x00,
    0x00, 0xD0, 0xFF, 0x1D, 0xC0, 0xFF, 0x5F, 0x00, 0x00, 0x00, 0x50, 0xFF,
    0xCF, 0x00, 0xF7, 0xFF, 0x3E, 0x00, 0x00, 0x30, 0xFE, 0xFF, 0x07, 0x10,
    0xFE, 0xFF, 0x9F, 0x45, 0x95, 0xFF, 0xFF, 0x1E, 0x00, 0x40, 0xFF, 0xFF,
    0xFF, 0xFF, 0xFF, 0xFF, 0x4F, 0x00, 0x00, 0x40, 0xFD, 0xFF, 0xFF, 0xFF,
    0xFF, 0x4D, 0x00, 0x00, 0x00, 0x10, 0xC7, 0xFE, 0xFF, 0xCE, 0x17, 0x00,
    0x00, 0x00, 0x00, 0x00, 0x20, 0x43, 0x23, 0x00, 0x00, 0x00, 0x00, 0x00,
    0x00, 0x10, 0x11, 0x00, 0x10, 0x11, 0x00, 0x00, 0x00, 0xE7, 0xCE, 0x11,
    0xEC, 0x9E, 0x00, 0x00, 0x00, 0xFD, 0x5F, 0x80, 0xFF, 0x1C, 0x00, 0x00,
    0x40, 0xFF, 0x0C, 0xE2, 0xEF, 0x02, 0x00, 0x00, 0xA0, 0xFF, 0x04, 0xFA,
    0x4F, 0x00, 0x00, 0x00, 0x30, 0x34, 0x00, 0x44, 0x03, 0x00, 0x00, 0x00,
    0x00, 0x00, 0x00, 0x00, 0x00, 0x00, 0x00, 0xA1, 0xBB, 0x08, 0x00, 0x00,
    0x80, 0xBB, 0x1A, 0xF1, 0xFF, 0x0C, 0x00, 0x00, 0xC0, 0xFF, 0x1F, 0xE1,
    0xFF, 0x0B, 0x00, 0x00, 0xB0, 0xFF, 0x1E, 0xE1, 0xFF, 0x0B, 0x00, 0x00,
    0xB0, 0xFF, 0x1E, 0xE1, 0xFF, 0x0B, 0x00, 0x00, 0xB0, 0xFF, 0x1E, 0xE1,
    0xFF, 0x0B, 0x00, 0x00, 0xB0, 0xFF, 0x1E, 0xE1, 0xFF, 0x0B, 0x00, 0x00,
    0xB0, 0xFF, 0x1E, 0xE1, 0xFF, 0x0B, 0x00, 0x00, 0xB0, 0xFF, 0x1E, 0xE1,
    0xFF, 0x0B, 0x00, 0x00, 0xB0, 0xFF, 0x1E, 0xE1, 0xFF, 0x0B, 0x00, 0x00,
    0xB0, 0xFF, 0x1E, 0xE1, 0xFF, 0x0C, 0x00, 0x00, 0xC0, 0xFF, 0x1E, 0xD0,
    0xFF, 0x1E, 0x00, 0x00, 0xF3, 0xFF, 0x1E, 0xB0, 0xFF, 0xBF, 0x01, 0x30,
    0xFC, 0xFF, 0x1E, 0x50, 0xFF, 0xFF, 0xBE, 0xFB, 0xAE, 0xFF, 0x1E, 0x00,
    0xF9, 0xFF, 0xFF, 0xFF, 0x85, 0xFF, 0x1E, 0x00, 0x70, 0xFD, 0xFF, 0x5C,
    0x80, 0xEE, 0x1D, 0x00, 0x00, 0x31, 0x34, 0x00, 0x10, 0x11, 0x01, 0x20,
    0x22, 0x02, 0x00, 0x00, 0x00, 0x00, 0x22, 0x22, 0x10, 0xFE, 0xBF, 0x00,
    0x00, 0x00, 0x00, 0xB0, 0xFF, 0x1E, 0xE1, 0xFF, 0x0B, 0x00, 0x00, 0x00,
    0x00, 0xFB, 0xEF, 0x11, 0xFE, 0xBF, 0x00, 0x00, 0x00, 0x00, 0xB0, 0xFF,
    0x1E, 0xE1, 0xFF, 0x0B, 0x00, 0x00, 0x00, 0x00, 0xFB, 0xEF, 0x11, 0xFE,
    0xBF, 0x00, 0x00, 0x00, 0x00, 0xB0, 0xFF, 0x1E, 0xE1, 0xFF, 0x0B, 0x00,
    0x00, 0x00, 0x00, 0xFB, 0xEF, 0x11, 0xFE, 0xBF, 0x00, 0x00, 0x00, 0x00,
    0xB0, 0xFF, 0x1E, 0xE1, 0xFF, 0x0B, 0x00, 0x00, 0x00, 0x00, 0xFB, 0xEF,
    0x11, 0xFE, 0xBF, 0x00, 0x00, 0x00, 0x00, 0xB0, 0xFF, 0x1E, 0xE1, 0xFF,
    0x0B, 0x00, 0x00, 0x00, 0x00, 0xFB, 0xEF, 0x11, 0xFE, 0xBF, 0x00, 0x00,
    0x00, 0x00, 0xB0, 0xFF, 0x1E, 0xE1, 0xFF, 0x0B, 0x00, 0x00, 0x00, 0x00,
    0xFB, 0xEF, 0x11, 0xFE, 0xBF, 0x00, 0x00, 0x00, 0x00, 0xB0, 0xFF, 0x1E,
    0xE1, 0xFF, 0x0B, 0x00, 0x00, 0x00, 0x00, 0xFB, 0xEF, 0x11, 0xFE, 0xDF,
    0x00, 0x00, 0x00, 0x00, 0xD0, 0xFF, 0x1E, 0xC0, 0xFF, 0x5F, 0x00, 0x00,
    0x00, 0x50, 0xFF, 0xDF, 0x00, 0xF7, 0xFF, 0x3E, 0x00, 0x00, 0x30, 0xFE,
    0xFF, 0x08, 0x10, 0xFE, 0xFF, 0x9F, 0x45, 0x95, 0xFF, 0xFF, 0x2E, 0x00,
    0x40, 0xFF, 0xFF, 0xFF, 0xFF, 0xFF, 0xFF, 0x5F, 0x00, 0x00, 0x40, 0xFD,
    0xFF, 0xFF, 0xFF, 0xFF, 0x5E, 0x00, 0x00, 0x00, 0x10, 0xC7, 0xFE, 0xFF,
    0xFF, 0x29, 0x00, 0x00, 0x00, 0x00, 0x00, 0x20, 0xFB, 0xBF, 0x03, 0x00,
    0x00, 0x00, 0x00, 0x00, 0x00, 0xF7, 0x9F, 0x00, 0x00, 0x00, 0x00, 0x00,
    0x00, 0x00, 0xE1, 0xFF, 0x04, 0x00, 0x00, 0x00, 0x00, 0x00, 0x00, 0x10,
    0xFE, 0xCF, 0x78, 0x00, 0x00, 0x00, 0x00, 0x00, 0x00, 0x90, 0xFF, 0xFF,
    0x2F, 0x00, 0x00, 0x00, 0x00, 0x00, 0x00, 0x81, 0xEC, 0x9C, 0x02, 0x00,
    0x00, 0x00, 0x00, 0x00, 0x00, 0x00, 0x01, 0x00, 0x00, 0x00, 0x00, 0xC1,
    0xDD, 0x09, 0x00, 0x00, 0x90, 0xDD, 0x1C, 0xE1, 0xFF, 0x0B, 0x00, 0x00,
    0xC0, 0xFF, 0x1E, 0xE1, 0xFF, 0x0B, 0x00, 0x00, 0xB0, 0xFF, 0x1E, 0xE1,
    0xFF, 0x0B, 0x00, 0x00, 0xB0, 0xFF, 0x1E, 0xE1, 0xFF, 0x0B, 0x00, 0x00,
    0xB0, 0xFF, 0x1E, 0xE1, 0xFF, 0x0B, 0x00, 0x00, 0xB0, 0xFF, 0x1E, 0xE1,
    0xFF, 0x0B, 0x00, 0x00, 0xB0, 0xFF, 0x1E, 0xE1, 0xFF, 0x0B, 0x00, 0x00,
    0xB0, 0xFF, 0x1E, 0xE1, 0xFF, 0x0B, 0x00, 0x00, 0xB0, 0xFF, 0x1E, 0xE1,
    0xFF, 0x0B, 0x00, 0x00, 0xB0, 0xFF, 0x1E, 0xE1, 0xFF, 0x0C, 0x00, 0x00,
    0xD0, 0xFF, 0x1E, 0xD0, 0xFF, 0x3F, 0x00, 0x00, 0xF5, 0xFF, 0x1E, 0xA0,
    0xFF, 0xDF, 0x14, 0x62, 0xFE, 0xFF, 0x1E, 0x30, 0xFF, 0xFF, 0xEF, 0xFE,
    0xAD, 0xFF, 0x1E, 0x00, 0xF7, 0xFF, 0xFF, 0xEF, 0x83, 0xFF, 0x1E, 0x00,
    0x40, 0xDA, 0xDE, 0x39, 0xA0, 0xFF, 0x1E, 0x00, 0x00, 0x00, 0x01, 0x00,
    0xF8, 0xCF, 0x04, 0x00, 0x00, 0x00, 0x00, 0x50, 0xFF, 0x1C, 0x00, 0x00,
    0x00, 0x00, 0x00, 0xA0, 0xFF, 0x08, 0x00, 0x00, 0x00, 0x00, 0x00, 0xB0,
    0xFF, 0x8D, 0x19, 0x00, 0x00, 0x00, 0x00, 0x60, 0xFF, 0xFF, 0x8F, 0x00,
    0x00, 0x00, 0x00, 0x00, 0xC6, 0xDD, 0x5B, 0x00, 0x00, 0x00, 0x00, 0x00,
    0x00, 0x11, 0x00, 0x00, 0x00, 0x00, 0x00, 0x00, 0x00, 0x50, 0x65, 0x03,
    0x00, 0x00, 0x00, 0x00, 0x00, 0x00, 0x00, 0x00, 0x00, 0x00, 0x00, 0x80,
    0xFF, 0xEF, 0x03, 0x00, 0x00, 0x00, 0x00, 0x00, 0x00, 0x00, 0x00, 0x00,
    0x00, 0x70, 0xFF, 0xDB, 0xDF, 0x02, 0x00, 0x00, 0x00, 0x00, 0x00, 0x00,
    0x00, 0x00, 0x00, 0x70, 0xFF, 0x0C, 0xF4, 0xEF, 0x02, 0x00, 0x00, 0x00,
    0x00, 0x00, 0x00, 0x00, 0x00, 0x30, 0xBB, 0x2A, 0x00, 0xB6, 0x8C, 0x00,
    0x00, 0x00, 0x00, 0x00, 0x00, 0x00, 0x00, 0x00, 0x00, 0x00, 0x00, 0x00,
    0x00, 0x00, 0x00, 0x00, 0x00, 0x00, 0x10, 0x11, 0x01, 0x00, 0x00, 0x00,
    0x10, 0x11, 0x01, 0x00, 0x00, 0x00, 0x10, 0x11, 0x31, 0xEE, 0xCE, 0x00,
    0x00, 0x00, 0x50, 0xEE, 0xCE, 0x00, 0x00, 0x00, 0x50, 0xEE, 0xAE, 0xD0,
    0xFF, 0x3F, 0x00, 0x00, 0x00, 0xF9, 0xFF, 0x3F, 0x00, 0x00, 0x00, 0xF9,
    0xFF, 0x07, 0xF9, 0xFE, 0x06, 0x00, 0x00, 0xC0, 0xFF, 0xFF, 0x06, 0x00,
    0x00, 0xC0, 0xFF, 0x3F, 0x50, 0xFF, 0x9F, 0x00, 0x00, 0x20, 0xFF, 0xFF,
    0xAF, 0x00, 0x00, 0x20, 0xFE, 0xDF, 0x00, 0xE2, 0xFF, 0x0D, 0x00, 0x00,
    0xF6, 0xEF, 0xFF, 0x1D, 0x00, 0x00, 0xF5, 0xFF, 0x0A, 0x00, 0xFC, 0xFF,
    0x02, 0x00, 0x90, 0xFF, 0xDA, 0xFF, 0x03, 0x00, 0x80, 0xFF, 0x6F, 0x00,
    0x80, 0xFF, 0x6F, 0x00, 0x00, 0xFD, 0x6F, 0xFB, 0x7F, 0x00, 0x00, 0xFC,
    0xFF, 0x02, 0x00, 0xF4, 0xFF, 0x09, 0x00, 0xF3, 0xFF, 0x93, 0xFF, 0x0B,
    0x00, 0xE1, 0xFF, 0x0C, 0x00, 0x10, 0xFE, 0xDF, 0x00, 0x60, 0xFF, 0x0E,
    0xF6, 0xEF, 0x01, 0x40, 0xFF, 0x8F, 0x00, 0x00, 0xB0, 0xFF, 0x2F, 0x00,
    0xFA, 0xBF, 0x30, 0xFF, 0x4F, 0x00, 0xF8, 0xFF, 0x04, 0x00, 0x00, 0xF7,
    0xFF, 0x06, 0xD1, 0xFF, 0x08, 0xD1, 0xFF, 0x07, 0xC0, 0xFF, 0x1E, 0x00,
    0x00, 0x30, 0xFF, 0x9F, 0x30, 0xFF, 0x4F, 0x00, 0xFA, 0xBF, 0x10, 0xFE,
    0xBF, 0x00, 0x00, 0x00, 0xD0, 0xFF, 0x0C, 0xF6, 0xEF, 0x01, 0x60, 0xFF,
    0x0E, 0xF4, 0xFF, 0x07, 0x00, 0x00, 0x00, 0xF9, 0xEF, 0x90, 0xFF, 0x0B,
    0x00, 0xF3, 0xFF, 0x62, 0xFF, 0x3F, 0x00, 0x00, 0x00, 0x50, 0xFF, 0x3F,
    0xFB, 0x7F, 0x00, 0x00, 0xFD, 0x5F, 0xF8, 0xDF, 0x01, 0x00, 0x00, 0x00,
    0xF2, 0xFF, 0xD7, 0xFF, 0x03, 0x00, 0x90, 0xFF, 0xB8, 0xFF, 0x0A, 0x00,
    0x00, 0x00, 0x00, 0xFC, 0xBF, 0xFE, 0x0D, 0x00, 0x00, 0xF5, 0xCF, 0xFD,
    0x6F, 0x00, 0x00, 0x00, 0x00, 0x80, 0xFF, 0xFF, 0xAF, 0x00, 0x00, 0x20,
    0xFF, 0xFF, 0xFF, 0x02, 0x00, 0x00, 0x00, 0x00, 0xF4, 0xFF, 0xFF, 0x06,
    0x00, 0x00, 0xC0, 0xFF, 0xFF, 0x0C, 0x00, 0x00, 0x00, 0x00, 0x10, 0xFE,
    0xFF, 0x2F, 0x00, 0x00, 0x00, 0xF9, 0xFF, 0x9F, 0x00, 0x00, 0x00, 0x00,
    0x00, 0xA0, 0xEE, 0xCE, 0x00, 0x00, 0x00, 0x40, 0xEE, 0xEE, 0x04, 0x00,
    0x00, 0x00, 0x00, 0x00, 0x10, 0x11, 0x01, 0x00, 0x00, 0x00, 0x10, 0x11,
    0x01, 0x00, 0x00, 0x00, 0x00, 0x00, 0x00, 0x00, 0x00, 0x21, 0x22, 0x00,
    0x00, 0x00, 0x00, 0x00, 0x00, 0x00, 0x00, 0x00, 0x10, 0xFC, 0xEF, 0x04,
    0x00, 0x00, 0x00, 0x00, 0x00, 0x00, 0x00, 0x00, 0xC1, 0xFF, 0xFE, 0x3E,
    0x00, 0x00, 0x00, 0x00, 0x00, 0x00, 0x00, 0x10, 0xFC, 0x6F, 0xE2, 0xEF,
    0x03, 0x00, 0x00, 0x00, 0x00, 0x00, 0x00, 0xA1, 0xEF, 0x08, 0x40, 0xEE,
    0x2C, 0x00, 0x00, 0x00, 0x00, 0x00, 0x00, 0x10, 0x11, 0x00, 0x00, 0x11,
    0x11, 0x00, 0x00, 0x00, 0x00, 0x00, 0x00, 0x00, 0x00, 0x00, 0x00, 0x00,
    0x00, 0x00, 0x00, 0x00, 0xB3, 0xBB, 0x07, 0x00, 0x00, 0xB7, 0xBB, 0x01,
    0x00, 0x30, 0xBB, 0x7B, 0xF1, 0xFF, 0x0C, 0x00, 0x00, 0xFD, 0xFF, 0x04,
    0x00, 0x80, 0xFF, 0x6F, 0xA0, 0xFF, 0x2E, 0x00, 0x30, 0xFF, 0xFF, 0x08,
    0x00, 0xB0, 0xFF, 0x1E, 0x60, 0xFF, 0x5F, 0x00, 0x60, 0xFF, 0xFF, 0x0B,
    0x00, 0xE1, 0xFF, 0x0B, 0x20, 0xFF, 0x9F, 0x00, 0xA0, 0xEF, 0xFE, 0x1E,
    0x00, 0xF4, 0xFF, 0x07, 0x00, 0xFC, 0xCF, 0x00, 0xD1, 0xCF, 0xFA, 0x4F,
    0x00, 0xF8, 0xFF, 0x03, 0x00, 0xF8, 0xFF, 0x02, 0xF3, 0x9F, 0xF5, 0x8F,
    0x00, 0xFB, 0xCF, 0x00, 0x00, 0xF3, 0xFF, 0x05, 0xF7, 0x6F, 0xF1, 0xBF,
    0x10, 0xFE, 0x8F, 0x00, 0x00, 0xD0, 0xFF, 0x08, 0xFA, 0x3F, 0xD0, 0xEF,
    0x40, 0xFF, 0x4F, 0x00, 0x00, 0x90, 0xFF, 0x0B, 0xFD, 0x1D, 0x90, 0xFF,
    0x63, 0xFF, 0x1D, 0x00, 0x00, 0x50, 0xFF, 0x4D, 0xFF, 0x0A, 0x50, 0xFF,
    0x97, 0xFF, 0x0A, 0x00, 0x00, 0x10, 0xFE, 0xAE, 0xFF, 0x05, 0x10, 0xFE,
    0xCB, 0xFF, 0x05, 0x00, 0x00, 0x00, 0xFB, 0xEF, 0xFF, 0x02, 0x00, 0xFB,
    0xFE, 0xEF, 0x01, 0x00, 0x00, 0x00, 0xF6, 0xFF, 0xCF, 0x00, 0x00, 0xF7,
    0xFF, 0xBF, 0x00, 0x00, 0x00, 0x00, 0xF2, 0xFF, 0x8F, 0x00, 0x00, 0xF3,
    0xFF, 0x7F, 0x00, 0x00, 0x00, 0x00, 0xB0, 0xEE, 0x3E, 0x00, 0x00, 0xC0,
    0xEE, 0x2E, 0x00, 0x00, 0x00, 0x00, 0x10, 0x11, 0x01, 0x00, 0x00, 0x10,
    0x11, 0x01, 0x00, 0x00, 0x00, 0x00, 0x00, 0x00, 0x73, 0x77, 0x00, 0x00,
    0x00, 0x00, 0x00, 0x00, 0x00, 0x30, 0xFE, 0xFF, 0x0A, 0x00, 0x00, 0x00,
    0x00, 0x00, 0x00, 0xD2, 0xDF, 0xF9, 0x9F, 0x00, 0x00, 0x00, 0x00, 0x00,
    0x20, 0xFE, 0x5F, 0x90, 0xFF, 0x1A, 0x00, 0x00, 0x00, 0x00, 0x70, 0xAA,
    0x06, 0x00, 0x98, 0x3A, 0x00, 0x00, 0x00, 0x00, 0x00, 0x00, 0x00, 0x00,
    0x00, 0x00, 0x00, 0x00, 0x31, 0x32, 0x03, 0x00, 0x00, 0x00, 0x00, 0x10,
    0x23, 0x22, 0xD1, 0xFF, 0x7F, 0x00, 0x00, 0x00, 0x00, 0xB0, 0xFF, 0x8F,
    0x50, 0xFF, 0xEF, 0x02, 0x00, 0x00, 0x00, 0xF5, 0xFF, 0x1E, 0x00, 0xFB,
    0xFF, 0x09, 0x00, 0x00, 0x10, 0xFD, 0xFF, 0x06, 0x00, 0xE2, 0xFF, 0x3F,
    0x00, 0x00, 0x70, 0xFF, 0xCF, 0x00, 0x00, 0x80, 0xFF, 0xBF, 0x00, 0x00,
    0xE1, 0xFF, 0x3F, 0x00, 0x00, 0x10, 0xFD, 0xFF, 0x04, 0x00, 0xF8, 0xFF,
    0x09, 0x00, 0x00, 0x00, 0xF5, 0xFF, 0x0C, 0x20, 0xFE, 0xEF, 0x01, 0x00,
    0x00, 0x00, 0xA0, 0xFF, 0x6F, 0xA0, 0xFF, 0x6F, 0x00, 0x00, 0x00, 0x00,
    0x20, 0xFE, 0xCF, 0xF3, 0xFF, 0x0C, 0x00, 0x00, 0x00, 0x00, 0x00, 0xF7,
    0xFF, 0xFD, 0xFF, 0x03, 0x00, 0x00, 0x00, 0x00, 0x00, 0xD1, 0xFF, 0xFF,
    0x9F, 0x00, 0x00, 0x00, 0x00, 0x00, 0x00, 0x40, 0xFF, 0xFF, 0x1E, 0x00,
    0x00, 0x00, 0x00, 0x00, 0x00, 0x00, 0xFA, 0xFF, 0x07, 0x00, 0x00, 0x00,
    0x00, 0x00, 0x00, 0x00, 0xF7, 0xFF, 0x03, 0x00, 0x00, 0x00, 0x00, 0x00,
    0x00, 0x00, 0xF8, 0xFF, 0x04, 0x00, 0x00, 0x00, 0x00, 0x00, 0x00, 0x00,
    0xF8, 0xFF, 0x04, 0x00, 0x00, 0x00, 0x00, 0x00, 0x00, 0x00, 0xF8, 0xFF,
    0x04, 0x00, 0x00, 0x00, 0x00, 0x00, 0x00, 0x00, 0xF8, 0xFF, 0x04, 0x00,
    0x00, 0x00, 0x00, 0x00, 0x00, 0x00, 0xF7, 0xFF, 0x04, 0x00, 0x00, 0x00,
    0x00, 0x00, 0x00, 0x00, 0xF8, 0xFF, 0x04, 0x00, 0x00, 0x00, 0x00, 0x00,
    0x00, 0x00, 0xE7, 0xEE, 0x03, 0x00, 0x00, 0x00, 0x00, 0x00, 0x00, 0x00,
    0x10, 0x11, 0x00, 0x00, 0x00, 0x00, 0x00, 0x00, 0x00, 0x40, 0x44, 0x00,
    0x00, 0x00, 0x00, 0x00, 0x00, 0x90, 0xFF, 0xAF, 0x00, 0x00, 0x00, 0x00,
    0x00, 0x80, 0xFF, 0xFC, 0x9F, 0x00, 0x00, 0x00, 0x00, 0x80, 0xFF, 0x0B,
    0xF9, 0x9F, 0x00, 0x00, 0x00, 0x50, 0xEE, 0x1C, 0x00, 0xDB, 0x6E, 0x00,
    0x00, 0x00, 0x11, 0x01, 0x00, 0x00, 0x11, 0x01, 0x00, 0x00, 0x00, 0x00,
    0x00, 0x00, 0x00, 0x00, 0x00, 0x40, 0xBB, 0x7B, 0x00, 0x00, 0x00, 0x60,
    0xBB, 0x4B, 0xE1, 0xFF, 0x0E, 0x00, 0x00, 0x00, 0xFC, 0xFF, 0x02, 0xF9,
    0xFE, 0x04, 0x00, 0x00, 0xF3, 0xFF, 0x0A, 0x30, 0xFF, 0x9F, 0x00, 0x00,
    0x80, 0xFF, 0x4F, 0x00, 0xC0, 0xFF, 0x1D, 0x00, 0x00, 0xFD, 0xDF, 0x00,
    0x00, 0xF7, 0xFF, 0x04, 0x00, 0xF4, 0xFF, 0x08, 0x00, 0x20, 0xFE, 0x9F,
    0x00, 0x90, 0xFF, 0x2F, 0x00, 0x00, 0xA0, 0xFF, 0x1E, 0x10, 0xFD, 0xBF,
    0x00, 0x00, 0x00, 0xF5, 0xFF, 0x05, 0xF5, 0xFF, 0x05, 0x00, 0x00, 0x10,
    0xFD, 0xAF, 0xA0, 0xFF, 0x1E, 0x00, 0x00, 0x00, 0x80, 0xFF, 0x1D, 0xFD,
    0x9F, 0x00, 0x00, 0x00, 0x00, 0xF3, 0xEF, 0xF6, 0xFF, 0x03, 0x00, 0x00,
    0x00, 0x00, 0xFB, 0xDF, 0xFF, 0x0C, 0x00, 0x00, 0x00, 0x00, 0x60, 0xFF,
    0xFF, 0x7F, 0x00, 0x00, 0x00, 0x00, 0x00, 0xE1, 0xFF, 0xEF, 0x02, 0x00,
    0x00, 0x00, 0x00, 0x00, 0xF9, 0xFF, 0x0A, 0x00, 0x00, 0x00, 0x00, 0x00,
    0x90, 0xFF, 0x5F, 0x00, 0x00, 0x00, 0x00, 0x00, 0x00, 0xFD, 0xDF, 0x01,
    0x00, 0x00, 0x00, 0x20, 0x23, 0xF8, 0xFF, 0x08, 0x00, 0x00, 0x00, 0x00,
    0xF9, 0xFE, 0xFF, 0x1E, 0x00, 0x00, 0x00, 0x00, 0xD0, 0xFF, 0xFF, 0x4E,
    0x00, 0x00, 0x00, 0x00, 0x20, 0xDB, 0xCE, 0x29, 0x00, 0x00, 0x00, 0x00,
    0x00, 0x00, 0x11, 0x00, 0x00, 0x00, 0x00, 0x00, 0x00, 0x00, 0x00, 0x00,
    0x32, 0x00, 0x00, 0x41, 0x01, 0x00, 0x00, 0x00, 0x00, 0x50, 0xFE, 0x1B,
    0x20, 0xFD, 0x2D, 0x00, 0x00, 0x00, 0x00, 0xB0, 0xEF, 0x4F, 0x80, 0xEF,
    0x7F, 0x00, 0x00, 0x00, 0x00, 0x70, 0xFF, 0x2D, 0x40, 0xFF, 0x4F, 0x00,
    0x00, 0x00, 0x00, 0x00, 0x75, 0x02, 0x00, 0x74, 0x04, 0x00, 0x00, 0x00,
    0x00, 0x00, 0x00, 0x00, 0x00, 0x00, 0x00, 0x00, 0x00, 0x31, 0x33, 0x03,
    0x00, 0x00, 0x00, 0x00, 0x10, 0x33, 0x33, 0xD1, 0xFF, 0x7F, 0x00, 0x00,
    0x00, 0x00, 0xA0, 0xFF, 0xAF, 0x50, 0xFF, 0xEF, 0x02, 0x00, 0x00, 0x00,
    0xF4, 0xFF, 0x2E, 0x00, 0xFB, 0xFF, 0x09, 0x00, 0x00, 0x00, 0xFC, 0xFF,
    0x07, 0x00, 0xE2, 0xFF, 0x3F, 0x00, 0x00, 0x60, 0xFF, 0xCF, 0x00, 0x00,
    0x70, 0xFF, 0xBF, 0x00, 0x00, 0xD1, 0xFF, 0x4F, 0x00, 0x00, 0x10, 0xFD,
    0xFF, 0x05, 0x00, 0xF8, 0xFF, 0x09, 0x00, 0x00, 0x00, 0xF4, 0xFF, 0x1D,
    0x20, 0xFE, 0xEF, 0x01, 0x00, 0x00, 0x00, 0xA0, 0xFF, 0x7F, 0x90, 0xFF,
    0x6F, 0x00, 0x00, 0x00, 0x00, 0x20, 0xFE, 0xDF, 0xF3, 0xFF, 0x0C, 0x00,
    0x00, 0x00, 0x00, 0x00, 0xF7, 0xFF, 0xFD, 0xFF, 0x03, 0x00, 0x00, 0x00,
    0x00, 0x00, 0xC0, 0xFF, 0xFF, 0x9F, 0x00, 0x00, 0x00, 0x00, 0x00, 0x00,
    0x40, 0xFF, 0xFF, 0x1E, 0x00, 0x00, 0x00, 0x00, 0x00, 0x00, 0x00, 0xFA,
    0xFF, 0x06, 0x00, 0x00, 0x00, 0x00, 0x00, 0x00, 0x00, 0xF7, 0xFF, 0x03,
    0x00, 0x00, 0x00, 0x00, 0x00, 0x00, 0x00, 0xF8, 0xFF, 0x04, 0x00, 0x00,
    0x00, 0x00, 0x00, 0x00, 0x00, 0xF8, 0xFF, 0x04, 0x00, 0x00, 0x00, 0x00,
    0x00, 0x00, 0x00, 0xF8, 0xFF, 0x04, 0x00, 0x00, 0x00, 0x00, 0x00, 0x00,
    0x00, 0xF8, 0xFF, 0x04, 0x00, 0x00, 0x00, 0x00, 0x00, 0x00, 0x00, 0xF7,
    0xFF, 0x04, 0x00, 0x00, 0x00, 0x00, 0x00, 0x00, 0x00, 0xF8, 0xFF, 0x04,
    0x00, 0x00, 0x00, 0x00, 0x00, 0x00, 0x00, 0xD6, 0xDC, 0x03, 0x00, 0x00,
    0x00, 0x00, 0x00, 0x00, 0x00, 0x30, 0x44, 0x02, 0x00, 0x00, 0x00, 0x00,
    0x00, 0x40, 0xFF, 0x4F, 0x00, 0x00, 0x00, 0x00, 0x00, 0x00, 0xFB, 0x7F,
    0x00, 0x00, 0x00, 0x00, 0x00, 0x00, 0xF3, 0xCF, 0x00, 0x00, 0x00, 0x00,
    0x00, 0x00, 0x90, 0xDE, 0x03, 0x00, 0x00, 0x00, 0x00, 0x00, 0x00, 0x11,
    0x00, 0x00, 0x00, 0x00, 0x10, 0x11, 0x11, 0x11, 0x11, 0x11, 0x11, 0x11,
    0x40, 0xEE, 0xEE, 0xEE, 0xEE, 0xEE, 0xEE, 0xEE, 0x4E, 0xF4, 0xFF, 0xFF,
    0xFF, 0xFF, 0xFF, 0xFF, 0xFF, 0x44, 0xFF, 0xFF, 0xFF, 0xFF, 0xFF, 0xFF,
    0xFF, 0x3F, 0x41, 0x44, 0x44, 0x44, 0x44, 0xA3, 0xFF, 0x8F, 0x00, 0x00,
    0x00, 0x00, 0x00, 0x40, 0xFE, 0xCF, 0x00, 0x00, 0x00, 0x00, 0x00, 0x20,
    0xFE, 0xEF, 0x02, 0x00, 0x00, 0x00, 0x00, 0x00, 0xFB, 0xFF, 0x06, 0x00,
    0x00, 0x00, 0x00, 0x00, 0xF7, 0xFF, 0x0A, 0x00, 0x00, 0x00, 0x00, 0x00,
    0xF3, 0xFF, 0x1E, 0x00, 0x00, 0x00, 0x00, 0x00, 0xC1, 0xFF, 0x4F, 0x00,
    0x00, 0x00, 0x00, 0x00, 0x90, 0xFF, 0x9F, 0x00, 0x00, 0x00, 0x00, 0x00,
    0x40, 0xFF, 0xDF, 0x01, 0x00, 0x00, 0x00, 0x00, 0x10, 0xFD, 0xFF, 0x03,
    0x00, 0x00, 0x00, 0x00, 0x00, 0xFA, 0xFF, 0x07, 0x00, 0x00, 0x00, 0x00,
    0x00, 0xF6, 0xFF, 0x0B, 0x00, 0x00, 0x00, 0x00, 0x00, 0xE2, 0xFF, 0x2E,
    0x00, 0x00, 0x00, 0x00, 0x00, 0xB0, 0xFF, 0x4E, 0x00, 0x00, 0x00, 0x00,
    0x00, 0x70, 0xFF, 0xAF, 0x43, 0x44, 0x44, 0x44, 0x44, 0x31, 0xFF, 0xFF,
    0xFF, 0xFF, 0xFF, 0xFF, 0xFF, 0x4F, 0xF4, 0xFF, 0xFF, 0xFF, 0xFF, 0xFF,
    0xFF, 0xFF, 0x44, 0xEE, 0xEE, 0xEE, 0xEE, 0xEE, 0xEE, 0xEE, 0x4E, 0x10,
    0x11, 0x11, 0x11, 0x11, 0x11, 0x11, 0x11, 0x00, 0x00, 0x00, 0x00, 0x00,
    0x11, 0x01, 0x00, 0x00, 0x00, 0x00, 0x70, 0xEE, 0x1D, 0x00, 0x00, 0x00,
    0x00, 0xE1, 0xFF, 0x05, 0x00, 0x00, 0x00, 0x00, 0xF6, 0xAF, 0x00, 0x00,
    0x00, 0x00, 0x10, 0xFD, 0x1D, 0x00, 0x00, 0x00, 0x00, 0x10, 0x44, 0x02,
    0x00, 0x00, 0x00, 0x00, 0x00, 0x00, 0x00, 0x00, 0x00, 0xA1, 0xBB, 0xBB,
    0xBB, 0xBB, 0xBB, 0x6B, 0xF1, 0xFF, 0xFF, 0xFF, 0xFF, 0xFF, 0x8F, 0xF1,
    0xFF, 0xFF, 0xFF, 0xFF, 0xFF, 0x7F, 0x71, 0x78, 0x78, 0x78, 0xF9, 0xFF,
    0x2E, 0x00, 0x00, 0x00, 0x00, 0xFB, 0xFF, 0x04, 0x00, 0x00, 0x10, 0xA0,
    0xFF, 0x7F, 0x00, 0x00, 0x00, 0x00, 0xF7, 0xFF, 0x0A, 0x00, 0x00, 0x00,
    0x40, 0xFF, 0xDF, 0x01, 0x00, 0x00, 0x00, 0xE2, 0xFF, 0x3F, 0x00, 0x00,
    0x00, 0x00, 0xFC, 0xFF, 0x06, 0x00, 0x00, 0x00, 0x90, 0xFF, 0x9F, 0x00,
    0x00, 0x00, 0x00, 0xF7, 0xFF, 0x0C, 0x00, 0x00, 0x00, 0x40, 0xFF, 0xEF,
    0x13, 0x11, 0x11, 0x11, 0xE2, 0xFF, 0xEF, 0xED, 0xEE, 0xEE, 0xAE, 0xF4,
    0xFF, 0xFF, 0xFF, 0xFF, 0xFF, 0xCF, 0xE4, 0xEE, 0xEE, 0xEE, 0xEE, 0xEE,
    0xAE, 0x10, 0x11, 0x11, 0x11, 0x11, 0x11, 0x11, 0x00, 0x00, 0x00, 0x10,
    0x24, 0x00, 0x00, 0x00, 0x00, 0x00, 0x00, 0x20, 0xFD, 0x4E, 0x00, 0x00,
    0x00, 0x00, 0x00, 0x00, 0xF7, 0xFE, 0x0B, 0x00, 0x00, 0x00, 0x00, 0x00,
    0x50, 0xFF, 0x8F, 0x00, 0x00, 0x00, 0x00, 0x00, 0x00, 0x60, 0x8B, 0x01,
    0x00, 0x00, 0x00, 0x00, 0x00, 0x00, 0x00, 0x00, 0x00, 0x00, 0x00, 0x10,
    0x11, 0x11, 0x11, 0x11, 0x11, 0x11, 0x11, 0x40, 0xEE, 0xEE, 0xEE, 0xEE,
    0xEE, 0xEE, 0xEE, 0x4E, 0xF4, 0xFF, 0xFF, 0xFF, 0xFF, 0xFF, 0xFF, 0xFF,
    0x44, 0xFF, 0xFF, 0xFF, 0xFF, 0xFF, 0xFF, 0xFF, 0x3F, 0x41, 0x44, 0x44,
    0x44, 0x44, 0xA3, 0xFF, 0x8F, 0x00, 0x00, 0x00, 0x00, 0x00, 0x30, 0xFE,
    0xCF, 0x00, 0x00, 0x00, 0x00, 0x00, 0x20, 0xFE, 0xEF, 0x02, 0x00, 0x00,
    0x00, 0x00, 0x00, 0xFB, 0xFF, 0x06, 0x00, 0x00, 0x00, 0x00, 0x00, 0xF7,
    0xFF, 0x0B, 0x00, 0x00, 0x00, 0x00, 0x00, 0xF3, 0xFF, 0x1E, 0x00, 0x00,
    0x00, 0x00, 0x00, 0xC0, 0xFF, 0x5F, 0x00, 0x00, 0x00, 0x00, 0x00, 0x80,
    0xFF, 0x9F, 0x00, 0x00, 0x00, 0x00, 0x00, 0x40, 0xFF, 0xDF, 0x01, 0x00,
    0x00, 0x00, 0x00, 0x10, 0xFD, 0xFF, 0x04, 0x00, 0x00, 0x00, 0x00, 0x00,
    0xFA, 0xFF, 0x08, 0x00, 0x00, 0x00, 0x00, 0x00, 0xF6, 0xFF, 0x0C, 0x00,
    0x00, 0x00, 0x00, 0x00, 0xE2, 0xFF, 0x2E, 0x00, 0x00, 0x00, 0x00, 0x00,
    0xB0, 0xFF, 0x4F, 0x00, 0x00, 0x00, 0x00, 0x00, 0x70, 0xFF, 0xAF, 0x43,
    0x44, 0x44, 0x44, 0x44, 0x31, 0xFF, 0xFF, 0xFF, 0xFF, 0xFF, 0xFF, 0xFF,
    0x4F, 0xF4, 0xFF, 0xFF, 0xFF, 0xFF, 0xFF, 0xFF, 0xFF, 0x44, 0xEE, 0xEE,
    0xEE, 0xEE, 0xEE, 0xEE, 0xEE, 0x4E, 0x10, 0x11, 0x11, 0x11, 0x11, 0x11,
    0x11, 0x11, 0x00, 0x00, 0x00, 0x00, 0x10, 0x00, 0x00, 0x00, 0x00, 0x00,
    0x40, 0xDD, 0x07, 0x00, 0x00, 0x00, 0x00, 0xD1, 0xFF, 0x3F, 0x00, 0x00,
    0x00, 0x00, 0xD1, 0xFF, 0x3F, 0x00, 0x00, 0x00, 0x00, 0x40, 0xDD, 0x07,
    0x00, 0x00, 0x00, 0x00, 0x00, 0x10, 0x00, 0x00, 0x00, 0x00, 0x00, 0x00,
    0x00, 0x00, 0x00, 0x00, 0xA1, 0xBB, 0xBB, 0xBB, 0xBB, 0xBB, 0x6B, 0xF1,
    0xFF, 0xFF, 0xFF, 0xFF, 0xFF, 0x8F, 0xF1, 0xFF, 0xFF, 0xFF, 0xFF, 0xFF,
    0x7F, 0x71, 0x78, 0x78, 0x78, 0xFA, 0xFF, 0x2E, 0x00, 0x00, 0x00, 0x00,
    0xFC, 0xFF, 0x04, 0x00, 0x00, 0x00, 0xA0, 0xFF, 0x7F, 0x00, 0x00, 0x00,
    0x00, 0xF7, 0xFF, 0x0A, 0x00, 0x00, 0x00, 0x50, 0xFF, 0xDF, 0x01, 0x00,
    0x00, 0x00, 0xE2, 0xFF, 0x3F, 0x00, 0x00, 0x00, 0x10, 0xFC, 0xFF, 0x06,
    0x00, 0x00, 0x00, 0xA0, 0xFF, 0x9F, 0x00, 0x00, 0x00, 0x00, 0xF7, 0xFF,
    0x0C, 0x00, 0x00, 0x00, 0x40, 0xFF, 0xEF, 0x13, 0x11, 0x11, 0x11, 0xE2,
    0xFF, 0xEF, 0xED, 0xEE, 0xEE, 0xAE, 0xF4, 0xFF, 0xFF, 0xFF, 0xFF, 0xFF,
    0xCF, 0xE4, 0xEE, 0xEE, 0xEE, 0xEE, 0xEE, 0xAE, 0x10, 0x11, 0x11, 0x11,
    0x11, 0x11, 0x11, 0x00, 0x30, 0x66, 0x04, 0x00, 0x64, 0x46, 0x00, 0x00,
    0x00, 0xE3, 0xFF, 0x04, 0xF4, 0xFF, 0x04, 0x00, 0x00, 0x00, 0xD2, 0xEF,
    0xD5, 0xEF, 0x03, 0x00, 0x00, 0x00, 0x00, 0xE3, 0xFF, 0xEF, 0x04, 0x00,
    0x00, 0x00, 0x00, 0x00, 0xB4, 0xBB, 0x04, 0x00, 0x00, 0x00, 0x00, 0x00,
    0x00, 0x00, 0x00, 0x00, 0x00, 0x00, 0x10, 0x11, 0x11, 0x11, 0x11, 0x11,
    0x11, 0x11, 0x40, 0xEE, 0xEE, 0xEE, 0xEE, 0xEE, 0xEE, 0xEE, 0x4E, 0xF4,
    0xFF, 0xFF, 0xFF, 0xFF, 0xFF, 0xFF, 0xFF, 0x44, 0xFF, 0xFF, 0xFF, 0xFF,
    0xFF, 0xFF, 0xFF, 0x3F, 0x41, 0x44, 0x44, 0x44, 0x44, 0xA3, 0xFF, 0x8F,
    0x00, 0x00, 0x00, 0x00, 0x00, 0x40, 0xFE, 0xCF, 0x00, 0x00, 0x00, 0x00,
    0x00, 0x20, 0xFE, 0xEF, 0x02, 0x00, 0x00, 0x00, 0x00, 0x00, 0xFB, 0xFF,
    0x06, 0x00, 0x00, 0x00, 0x00, 0x00, 0xF7, 0xFF, 0x0A, 0x00, 0x00, 0x00,
    0x00, 0x00, 0xF3, 0xFF, 0x1E, 0x00, 0x00, 0x00, 0x00, 0x00, 0xC1, 0xFF,
    0x4F, 0x00, 0x00, 0x00, 0x00, 0x00, 0x90, 0xFF, 0x9F, 0x00, 0x00, 0x00,
    0x00, 0x00, 0x40, 0xFF, 0xDF, 0x01, 0x00, 0x00, 0x00, 0x00, 0x10, 0xFD,
    0xFF, 0x03, 0x00, 0x00, 0x00, 0x00, 0x00, 0xFA, 0xFF, 0x07, 0x00, 0x00,
    0x00, 0x00, 0x00, 0xF6, 0xFF, 0x0B, 0x00, 0x00, 0x00, 0x00, 0x00, 0xE2,
    0xFF, 0x2E, 0x00, 0x00, 0x00, 0x00, 0x00, 0xB0, 0xFF, 0x4E, 0x00, 0x00,
    0x00, 0x00, 0x00, 0x70, 0xFF, 0xAF, 0x43, 0x44, 0x44, 0x44, 0x44, 0x31,
    0xFF, 0xFF, 0xFF, 0xFF, 0xFF, 0xFF, 0xFF, 0x4F, 0xF4, 0xFF, 0xFF, 0xFF,
    0xFF, 0xFF, 0xFF, 0xFF, 0x44, 0xEE, 0xEE, 0xEE, 0xEE, 0xEE, 0xEE, 0xEE,
    0x4E, 0x10, 0x11, 0x11, 0x11, 0x11, 0x11, 0x11, 0x11, 0x00, 0x00, 0x23,
    0x02, 0x00, 0x20, 0x32, 0x01, 0x00, 0xF9, 0xAF, 0x00, 0xE5, 0xDF, 0x02,
    0x00, 0xA0, 0xFF, 0x37, 0xFF, 0x3E, 0x00, 0x00, 0x00, 0xFA, 0xFF, 0xEF,
    0x03, 0x00, 0x00, 0x00, 0xB0, 0xEE, 0x3D, 0x00, 0x00, 0x00, 0x00, 0x00,
    0x11, 0x01, 0x00, 0x00, 0x00, 0x00, 0x00, 0x00, 0x00, 0x00, 0x00, 0xA1,
    0xBB, 0xBB, 0xBB, 0xBB, 0xBB, 0x6B, 0xF1, 0xFF, 0xFF, 0xFF, 0xFF, 0xFF,
    0x8F, 0xF1, 0xFF, 0xFF, 0xFF, 0xFF, 0xFF, 0x7F, 0x71, 0x78, 0x78, 0x78,
    0xF9, 0xFF, 0x2E, 0x00, 0x00, 0x00, 0x00, 0xFB, 0xFF, 0x04, 0x00, 0x00,
    0x10, 0xA0, 0xFF, 0x7F, 0x00, 0x00, 0x00, 0x00, 0xF7, 0xFF, 0x0A, 0x00,
    0x00, 0x00, 0x40, 0xFF, 0xDF, 0x01, 0x00, 0x00, 0x00, 0xE2, 0xFF, 0x3F,
    0x00, 0x00, 0x00, 0x00, 0xFC, 0xFF, 0x06, 0x00, 0x00, 0x00, 0x90, 0xFF,
    0x9F, 0x00, 0x00, 0x00, 0x00, 0xF7, 0xFF, 0x0C, 0x00, 0x00, 0x00, 0x40,
    0xFF, 0xEF, 0x13, 0x11, 0x11, 0x11, 0xE2, 0xFF, 0xEF, 0xED, 0xEE, 0xEE,
    0xAE, 0xF4, 0xFF, 0xFF, 0xFF, 0xFF, 0xFF, 0xCF, 0xE4, 0xEE, 0xEE, 0xEE,
    0xEE, 0xEE, 0xAE, 0x10, 0x11, 0x11, 0x11, 0x11, 0x11, 0x11, 0x30, 0x44,
    0x44, 0x44, 0x44, 0x12, 0xFE, 0xFF, 0xFF, 0xFF, 0x8F, 0xF1, 0xFF, 0xFF,
    0xFF, 0xFF, 0x18, 0xBA, 0xBB, 0xBB, 0xBB, 0x6B, 0x30, 0x44, 0x44, 0x44,
    0x44, 0x12, 0xFE, 0xFF, 0xFF, 0xFF, 0x8F, 0xF1, 0xFF, 0xFF, 0xFF, 0xFF,
    0x18, 0xBA, 0xBB, 0xBB, 0xBB, 0x6B, 0x30, 0x44, 0x44, 0x44, 0x44, 0x44,
    0x44, 0x24, 0xE1, 0xFF, 0xFF, 0xFF, 0xFF, 0xFF, 0xFF, 0x8F, 0xF1, 0xFF,
    0xFF, 0xFF, 0xFF, 0xFF, 0xFF, 0x8F, 0xA1, 0xBB, 0xBB, 0xBB, 0xBB, 0xBB,
    0xBB, 0x6B, 0x30, 0x44, 0x44, 0x44, 0x44, 0x44, 0x44, 0x44, 0x44, 0x44,
    0x44, 0x44, 0x44, 0x44, 0x34, 0x10, 0xFE, 0xFF, 0xFF, 0xFF, 0xFF, 0xFF,
    0xFF, 0xFF, 0xFF, 0xFF, 0xFF, 0xFF, 0xFF, 0xFF, 0x1E, 0xF1, 0xFF, 0xFF,
    0xFF, 0xFF, 0xFF, 0xFF, 0xFF, 0xFF, 0xFF, 0xFF, 0xFF, 0xFF, 0xFF, 0xFF,
    0x11, 0xBA, 0xBB, 0xBB, 0xBB, 0xBB, 0xBB, 0xBB, 0xBB, 0xBB, 0xBB, 0xBB,
    0xBB, 0xBB, 0xBB, 0x1A, 0x30, 0x44, 0x44, 0x44, 0x44, 0x12, 0xFE, 0xFF,
    0xFF, 0xFF, 0x8F, 0xF1, 0xFF, 0xFF, 0xFF, 0xFF, 0x18, 0xBA, 0xBB, 0xBB,
    0xBB, 0x6B, 0x00, 0x10, 0x01, 0x00, 0xE5, 0x4E, 0x00, 0xFA, 0x3F, 0x10,
    0xFD, 0x1E, 0x40, 0xFF, 0x0C, 0x80, 0xFF, 0x0A, 0xC0, 0xFF, 0x08, 0xE2,
    0xFF, 0x06, 0xF7, 0xFF, 0x04, 0x75, 0x77, 0x01, 0x00, 0x11, 0x01, 0x70,
    0xEE, 0x3E, 0xA0, 0xFF, 0x1E, 0xC0, 0xFF, 0x09, 0xD1, 0xFF, 0x05, 0xF2,
    0xEF, 0x02, 0xF4, 0xBF, 0x00, 0xF6, 0x7F, 0x00, 0xF9, 0x3F, 0x00, 0x85,
    0x07, 0x00, 0x00, 0x11, 0x11, 0x20, 0xEE, 0x8E, 0x40, 0xFF, 0x5F, 0x60,
    0xFF, 0x1E, 0x90, 0xFF, 0x0B, 0xB0, 0xFF, 0x07, 0xC0, 0xFF, 0x03, 0xE1,
    0xCF, 0x00, 0xF3, 0x9F, 0x00, 0x72, 0x37, 0x00, 0x10, 0x11, 0x21, 0xEE,
    0x7E, 0xE1, 0xFF, 0x17, 0xFE, 0x6F, 0xD1, 0xFF, 0x06, 0xFD, 0x5F, 0xC0,
    0xFF, 0x04, 0xFC, 0x4F, 0xC0, 0xFF, 0x04, 0x85, 0x17, 0x00, 0x10, 0x01,
    0x00, 0x10, 0x11, 0x00, 0xE5, 0x4E, 0x00, 0xE3, 0x7E, 0x00, 0xFA, 0x3F,
    0x00, 0xF7, 0x5F, 0x10, 0xFD, 0x1E, 0x00, 0xFB, 0x3F, 0x40, 0xFF, 0x0C,
    0x20, 0xFE, 0x1E, 0x80, 0xFF, 0x0A, 0x50, 0xFF, 0x0D, 0xC0, 0xFF, 0x08,
    0x90, 0xFF, 0x0B, 0xE2, 0xFF, 0x06, 0xD1, 0xFF, 0x09, 0xF7, 0xFF, 0x04,
    0xF4, 0xFF, 0x07, 0x75, 0x77, 0x01, 0x73, 0x87, 0x02, 0x00, 0x11, 0x01,
    0x00, 0x11, 0x01, 0x70, 0xEE, 0x3E, 0x70, 0xEE, 0x3E, 0xA0, 0xFF, 0x1E,
    0xA0, 0xFF, 0x1E, 0xC0, 0xFF, 0x09, 0xB0, 0xFF, 0x0A, 0xD1, 0xFF, 0x05,
    0xD1, 0xFF, 0x06, 0xF2, 0xEF, 0x02, 0xF2, 0xEF, 0x02, 0xF4, 0xBF, 0x00,
    0xF4, 0xCF, 0x00, 0xF6, 0x7F, 0x00, 0xF5, 0x7F, 0x00, 0xF9, 0x3F, 0x00,
    0xF8, 0x3F, 0x00, 0x85, 0x07, 0x00, 0x85, 0x07, 0x00, 0x00, 0x11, 0x11,
    0x00, 0x11, 0x11, 0x20, 0xEE, 0x8E, 0x20, 0xEE, 0x9E, 0x40, 0xFF, 0x5F,
    0x40, 0xFF, 0x5F, 0x60, 0xFF, 0x1E, 0x60, 0xFF, 0x1E, 0x90, 0xFF, 0x0B,
    0x80, 0xFF, 0x0B, 0xB0, 0xFF, 0x07, 0xA0, 0xFF, 0x07, 0xC0, 0xFF, 0x03,
    0xC0, 0xFF, 0x03, 0xE1, 0xCF, 0x00, 0xD1, 0xDF, 0x00, 0xF3, 0x9F, 0x00,
    0xF3, 0x9F, 0x00, 0x72, 0x37, 0x00, 0x72, 0x37, 0x00, 0x10, 0x11, 0x01,
    0x10, 0x11, 0x20, 0xEE, 0x7E, 0x50, 0xEE, 0x3E, 0xE1, 0xFF, 0x07, 0xF5,
    0xFF, 0x13, 0xFE, 0x7F, 0x40, 0xFF, 0x3F, 0xD1, 0xFF, 0x06, 0xF4, 0xFF,
    0x02, 0xFD, 0x5F, 0x30, 0xFF, 0x2E, 0xC0, 0xFF, 0x05, 0xF3, 0xEF, 0x01,
    0xFC, 0x4F, 0x20, 0xFE, 0x1D, 0xC0, 0xFF, 0x04, 0xF2, 0xEF, 0x00, 0x85,
    0x17, 0x10, 0x87, 0x06, 0x00, 0x60, 0xBA, 0x38, 0x00, 0x10, 0xFB, 0xFF,
    0xFF, 0x06, 0x90, 0xFF, 0xFF, 0xFF, 0x3F, 0xF2, 0xFF, 0xFF, 0xFF, 0x9F,
    0xF4, 0xFF, 0xFF, 0xFF, 0xBF, 0xF3, 0xFF, 0xFF, 0xFF, 0xAF, 0xD0, 0xFF,
    0xFF, 0xFF, 0x6F, 0x50, 0xFF, 0xFF, 0xFF, 0x0B, 0x00, 0xD5, 0xFF, 0x9E,
    0x01, 0x00, 0x00, 0x43, 0x02, 0x00, 0x10, 0x14, 0x00, 0x00, 0x00, 0x40,
    0x02, 0x00, 0x00, 0x00, 0x33, 0x00, 0xD3, 0xDF, 0x03, 0x00, 0x10, 0xFC,
    0x6F, 0x00, 0x00, 0x90, 0xFF, 0x09, 0xFA, 0xFE, 0x0A, 0x00, 0x70, 0xFF,
    0xEF, 0x01, 0x00, 0xF3, 0xFF, 0x3F, 0xFA, 0xFE, 0x0A, 0x00, 0x70, 0xFF,
    0xEF, 0x01, 0x00, 0xF3, 0xFF, 0x3F, 0xD3, 0xDF, 0x03, 0x00, 0x10, 0xFC,
    0x6F, 0x00, 0x00, 0x90, 0xFF, 0x09, 0x10, 0x14, 0x00, 0x00, 0x00, 0x40,
    0x02, 0x00, 0x00, 0x00, 0x33, 0x00, 0x10, 0x11, 0x21, 0xEE, 0x7E, 0xE1,
    0xFF, 0x17, 0xFE, 0x6F, 0xD1, 0xFF, 0x06, 0xFD, 0x5F, 0xC0, 0xFF, 0x04,
    0xFC, 0x4F, 0xC0, 0xFF, 0x04, 0x85, 0x17, 0x10, 0x11, 0x01, 0x10, 0x11,
    0x20, 0xEE, 0x7E, 0x50, 0xEE, 0x3E, 0xE1, 0xFF, 0x07, 0xF5, 0xFF, 0x13,
    0xFE, 0x7F, 0x40, 0xFF, 0x3F, 0xD1, 0xFF, 0x06, 0xF4, 0xFF, 0x02, 0xFD,
    0x5F, 0x30, 0xFF, 0x2E, 0xC0, 0xFF, 0x05, 0xF3, 0xEF, 0x01, 0xFC, 0x4F,
    0x20, 0xFE, 0x1D, 0xC0, 0xFF, 0x04, 0xF2, 0xEF, 0x00, 0x85, 0x17, 0x10,
    0x87, 0x06, 0x00, 0x00, 0x00, 0x10, 0x11, 0x01, 0x00, 0x00, 0x00, 0xEC,
    0x5E, 0x00, 0x00, 0x00, 0xF2, 0xFF, 0x02, 0x00, 0x00, 0x60, 0xFF, 0x0C,
    0x00, 0x00, 0x00, 0xFA, 0x8F, 0x00, 0x00, 0x00, 0xD1, 0xFF, 0x05, 0x00,
    0x00, 0x30, 0xFF, 0x1E, 0x00, 0x00, 0x00, 0xF7, 0xBF, 0x00, 0x00, 0x00,
    0xB0, 0xFF, 0x07, 0x00, 0x00, 0x10, 0xFE, 0x4F, 0x00, 0x00, 0x00, 0xF4,
    0xDF, 0x01, 0x00, 0x00, 0x80, 0xFF, 0x0A, 0x00, 0x00, 0x00, 0xFC, 0x6F,
    0x00, 0x00, 0x00, 0xF2, 0xFF, 0x03, 0x00, 0x00, 0x50, 0xFF, 0x0D, 0x00,
    0x00, 0x00, 0xF9, 0x9F, 0x00, 0x00, 0x00, 0xD0, 0xFF, 0x05, 0x00, 0x00,
    0x30, 0xFF, 0x2E, 0x00, 0x00, 0x00, 0xF7, 0xCF, 0x00, 0x00, 0x00, 0xA0,
    0xFF, 0x08, 0x00, 0x00, 0x10, 0xFE, 0x4F, 0x00, 0x00, 0x00, 0xF4, 0xEF,
    0x01, 0x00, 0x00, 0x80, 0xFF, 0x0B, 0x00, 0x00, 0x00, 0xFB, 0x7F, 0x00,
    0x00, 0x00, 0xE1, 0xFF, 0x03, 0x00, 0x00, 0x50, 0xFF, 0x0D, 0x00, 0x00,
    0x00, 0x42, 0x34, 0x00, 0x00, 0x00, 0x00, 0x00, 0x00, 0x00, 0x00, 0x10,
    0x74, 0x77, 0x14, 0x00, 0x00, 0x00, 0x00, 0x10, 0xE8, 0xFF, 0xFF, 0xDF,
    0x18, 0x00, 0x00, 0x00, 0xD3, 0xFF, 0xFF, 0xFF, 0xFF, 0xCF, 0x00, 0x00,
    0x20, 0xFE, 0xFF, 0xFF, 0xFE, 0xFF, 0xAF, 0x00, 0x00, 0xB0, 0xFF, 0xEF,
    0x26, 0x21, 0xC6, 0x3F, 0x00, 0x00, 0xF5, 0xFF, 0x2D, 0x00, 0x00, 0x10,
    0x05, 0x00, 0x00, 0xFB, 0xFF, 0x04, 0x01, 0x00, 0x00, 0x00, 0x00, 0x10,
    0xFE, 0xCF, 0x00, 0x00, 0x00, 0x00, 0x00, 0x50, 0xCB, 0xFF, 0xDF, 0xBB,
    0xBB, 0xBB, 0x4B, 0x00, 0xD0, 0xFF, 0xFF, 0xFF, 0xFF, 0xFF, 0xFF, 0x1F,
    0x00, 0x71, 0xB8, 0xFF, 0xAF, 0x88, 0x88, 0x77, 0x04, 0x00, 0x00, 0x60,
    0xFF, 0x2F, 0x00, 0x00, 0x00, 0x00, 0x00, 0x30, 0xB8, 0xFF, 0xAF, 0x88,
    0x78, 0x48, 0x00, 0x00, 0xB0, 0xFF, 0xFF, 0xFF, 0xFF, 0xFF, 0x3F, 0x00,
    0x00, 0xA1, 0xCB, 0xFF, 0xDF, 0xBB, 0xBB, 0x08, 0x00, 0x00, 0x00, 0x00,
    0xFE, 0xDF, 0x00, 0x00, 0x00, 0x00, 0x00, 0x00, 0x00, 0xFA, 0xFF, 0x06,
    0x00, 0x00, 0x00, 0x00, 0x00, 0x00, 0xF3, 0xFF, 0x4E, 0x00, 0x00, 0x20,
    0x07, 0x00, 0x00, 0x90, 0xFF, 0xFF, 0x5A, 0x54, 0xE9, 0x3F, 0x00, 0x00,
    0x10, 0xFC, 0xFF, 0xFF, 0xFF, 0xFF, 0xBF, 0x00, 0x00, 0x00, 0xA1, 0xFF,
    0xFF, 0xFF, 0xFF, 0xAF, 0x00, 0x00, 0x00, 0x00, 0xB5, 0xFE, 0xFF, 0xBE,
    0x05, 0x00, 0x00, 0x00, 0x00, 0x00, 0x32, 0x34, 0x01, 0x00, 0x00, 0x00,
    0x00, 0x00, 0x10, 0x6C, 0x00, 0x00, 0x00, 0x00, 0x00, 0x00, 0x00, 0x00,
    0x00, 0x10, 0xFC, 0x6F, 0x00, 0x00, 0x00, 0x00, 0x00, 0x00, 0x00, 0x00,
    0x10, 0xFC, 0xFF, 0x06, 0x00, 0x00, 0x00, 0x00, 0x00, 0x00, 0x00, 0x10,
    0xFC, 0xFF, 0x05, 0x00, 0x00, 0x00, 0x00, 0x00, 0x00, 0x00, 0x10, 0xFC,
    0xFF, 0x05, 0x00, 0x00, 0x00, 0x00, 0x00, 0x00, 0x00, 0x10, 0xFC, 0xFF,
    0x05, 0x00, 0x00, 0x00, 0x00, 0x00, 0x00, 0x00, 0x10, 0xFC, 0xEF, 0x04,
    0x00, 0x00, 0x00, 0x00, 0x00, 0x00, 0x00, 0x10, 0xFC, 0xBF, 0x01, 0x00,
    0x00, 0x00, 0x00, 0x00, 0x00, 0x00, 0x10, 0xFC, 0xDF, 0x98, 0xBB, 0xBB,
    0xBB, 0xBB, 0xBB, 0xBB, 0xAB, 0x11, 0xFD, 0xFF, 0xFF, 0xFF, 0xFF, 0xFF,
    0xFF, 0xFF, 0xFF, 0xFF, 0x1F, 0x70, 0xFF, 0xEF, 0xFD, 0xFF, 0xFF, 0xFF,
    0xFF, 0xFF, 0xFF, 0xEF, 0x01, 0x70, 0xFF, 0x6E, 0x42, 0x44, 0x44, 0x44,
    0x44, 0x44, 0x44, 0x04, 0x00, 0x70, 0xFF, 0x7F, 0x00, 0x00, 0x00, 0x00,
    0x00, 0x00, 0x00, 0x00, 0x00, 0x60, 0xFF, 0xAF, 0x01, 0x00, 0x00, 0x00,
    0x00, 0x00, 0x00, 0x00, 0x00, 0x60, 0xFF, 0xBF, 0x01, 0x00, 0x00, 0x00,
    0x00, 0x00, 0x00, 0x00, 0x00, 0x60, 0xFF, 0xBF, 0x01, 0x00, 0x00, 0x00,
    0x00, 0x00, 0x00, 0x00, 0x00, 0x60, 0xFF, 0xBF, 0x01, 0x00, 0x00, 0x00,
    0x00, 0x00, 0x00, 0x00, 0x00, 0x60, 0xFF, 0x9F, 0x00, 0x00, 0x00, 0x00,
    0x00, 0x00, 0x00, 0x00, 0x00, 0x60, 0xCF, 0x02, 0x00, 0x00, 0x00, 0x00,
    0x00, 0x00, 0x00, 0x00, 0x00, 0x50, 0x02, 0x00, 0x00, 0x00, 0x00, 0x00,
    0x00, 0x00, 0x00, 0x00, 0x00, 0x13, 0x00, 0x00, 0x00, 0x00, 0x00, 0x00,
    0x00, 0x00, 0x00, 0xF4, 0x0B, 0x00, 0x00, 0x00, 0x00, 0x00, 0x00, 0x00,
    0x00, 0xE4, 0xFF, 0x0B, 0x00, 0x00, 0x00, 0x00, 0x00, 0x00, 0x00, 0xE4,
    0xFF, 0xFF, 0x0B, 0x00, 0x00, 0x00, 0x00, 0x00, 0x00, 0xE4, 0xFF, 0xFF,
    0xFF, 0x0B, 0x00, 0x00, 0x00, 0x00, 0x00, 0xE4, 0xFF, 0xFC, 0xDE, 0xFF,
    0x0B, 0x00, 0x00, 0x00, 0x00, 0xE4, 0xFF, 0x88, 0xEF, 0xD4, 0xFF, 0x0B,
    0x00, 0x00, 0x00, 0xE4, 0xFF, 0x0B, 0xFA, 0x3F, 0xF3, 0xFF, 0x0B, 0x00,
    0x00, 0xE4, 0xFF, 0x1D, 0xB0, 0xFF, 0x05, 0xF6, 0xFF, 0x0B, 0x00, 0xE4,
    0xFF, 0x2D, 0x00, 0xFB, 0x4F, 0x00, 0xF7, 0xFF, 0x1A, 0xD1, 0xFF, 0x2D,
    0x00, 0xB0, 0xFF, 0x04, 0x00, 0xF7, 0xFF, 0x06, 0xE3, 0x2D, 0x00, 0x00,
    0xFB, 0x4F, 0x00, 0x00, 0xF7, 0x09, 0x00, 0x23, 0x00, 0x00, 0xB0, 0xFF,
    0x04, 0x00, 0x00, 0x04, 0x00, 0x00, 0x00, 0x00, 0x00, 0xFB, 0x4F, 0x00,
    0x00, 0x00, 0x00, 0x00, 0x00, 0x00, 0x00, 0xB0, 0xFF, 0x04, 0x00, 0x00,
    0x00, 0x00, 0x00, 0x00, 0x00, 0x00, 0xFB, 0x4F, 0x00, 0x00, 0x00, 0x00,
    0x00, 0x00, 0x00, 0x00, 0xB0, 0xFF, 0x04, 0x00, 0x00, 0x00, 0x00, 0x00,
    0x00, 0x00, 0x00, 0xFB, 0x4F, 0x00, 0x00, 0x00, 0x00, 0x00, 0x00, 0x00,
    0x00, 0xB0, 0xFF, 0x04, 0x00, 0x00, 0x00, 0x00, 0x00, 0x00, 0x00, 0x00,
    0xFB, 0x4F, 0x00, 0x00, 0x00, 0x00, 0x00, 0x00, 0x00, 0x00, 0xB0, 0xFF,
    0x05, 0x00, 0x00, 0x00, 0x00, 0x00, 0x00, 0x00, 0x00, 0xEA, 0x4E, 0x00,
    0x00, 0x00, 0x00, 0x00, 0x00, 0x00, 0x00, 0x10, 0x11, 0x00, 0x00, 0x00,
    0x00, 0x00, 0x00, 0x00, 0x00, 0x00, 0x00, 0xA0, 0x0A, 0x00, 0x00, 0x00,
    0x00, 0x00, 0x00, 0x00, 0x00, 0x00, 0xFA, 0x9F, 0x00, 0x00, 0x00, 0x00,
    0x00, 0x00, 0x00, 0x00, 0x00, 0xF9, 0xFE, 0x09, 0x00, 0x00, 0x00, 0x00,
    0x00, 0x00, 0x00, 0x00, 0x80, 0xEF, 0x9F, 0x00, 0x00, 0x00, 0x00, 0x00,
    0x00, 0x00, 0x00, 0x00, 0xF8, 0xFF, 0x09, 0x00, 0x00, 0x00, 0x00, 0x00,
    0x00, 0x00, 0x00, 0x80, 0xFF, 0x9F, 0x00, 0x00, 0x00, 0x00, 0x00, 0x00,
    0x00, 0x00, 0x00, 0xF7, 0xFF, 0x0A, 0x00, 0x00, 0x00, 0x00, 0x00, 0x00,
    0x00, 0x00, 0x30, 0xFC, 0xAF, 0x00, 0xB3, 0xBB, 0xBB, 0xBB, 0xBB, 0xBB,
    0xBB, 0x8B, 0xE9, 0xFF, 0x0A, 0xF4, 0xFF, 0xFF, 0xFF, 0xFF, 0xFF, 0xFF,
    0xFF, 0xFF, 0xFF, 0x9F, 0xF4, 0xFF, 0xFF, 0xFF, 0xFF, 0xFF, 0xFF, 0xFF,
    0xFD, 0xFF, 0x4E, 0x41, 0x44, 0x44, 0x44, 0x44, 0x44, 0x44, 0x24, 0xE8,
    0xEF, 0x04, 0x00, 0x00, 0x00, 0x00, 0x00, 0x00, 0x00, 0xA0, 0xFF, 0x4E,
    0x00, 0x00, 0x00, 0x00, 0x00, 0x00, 0x00, 0x20, 0xFC, 0xEF, 0x04, 0x00,
    0x00, 0x00, 0x00, 0x00, 0x00, 0x00, 0xD2, 0xFF, 0x4E, 0x00, 0x00, 0x00,
    0x00, 0x00, 0x00, 0x00, 0x20, 0xFD, 0xEF, 0x04, 0x00, 0x00, 0x00, 0x00,
    0x00, 0x00, 0x00, 0xD3, 0xFF, 0x3E, 0x00, 0x00, 0x00, 0x00, 0x00, 0x00,
    0x00, 0x00, 0xFC, 0xEF, 0x03, 0x00, 0x00, 0x00, 0x00, 0x00, 0x00, 0x00,
    0x00, 0xE3, 0x3E, 0x00, 0x00, 0x00, 0x00, 0x00, 0x00, 0x00, 0x00, 0x00,
    0x30, 0x04, 0x00, 0x00, 0x00, 0x00, 0x00, 0x00, 0x00, 0x00, 0x20, 0x22,
    0x01, 0x00, 0x00, 0x00, 0x00, 0x00, 0x00, 0x00, 0x00, 0xFB, 0x4F, 0x00,
    0x00, 0x00, 0x00, 0x00, 0x00, 0x00, 0x00, 0xB0, 0xFF, 0x04, 0x00, 0x00,
    0x00, 0x00, 0x00, 0x00, 0x00, 0x00, 0xFB, 0x4F, 0x00, 0x00, 0x00, 0x00,
    0x00, 0x00, 0x00, 0x00, 0xB0, 0xFF, 0x04, 0x00, 0x00, 0x00, 0x00, 0x00,
    0x00, 0x00, 0x00, 0xFB, 0x4F, 0x00, 0x00, 0x00, 0x00, 0x00, 0x00, 0x00,
    0x00, 0xB0, 0xFF, 0x04, 0x00, 0x00, 0x00, 0x00, 0x00, 0x00, 0x00, 0x00,
    0xFB, 0x4F, 0x00, 0x00, 0x00, 0x00, 0x00, 0x00, 0x00, 0x00, 0xB0, 0xFF,
    0x04, 0x00, 0x00, 0x00, 0x00, 0x00, 0x00, 0x00, 0x00, 0xFB, 0x4F, 0x00,
    0x00, 0x00, 0x00, 0x00, 0x34, 0x00, 0x00, 0xB0, 0xFF, 0x04, 0x00, 0x00,
    0x16, 0x00, 0xF4, 0x3E, 0x00, 0x00, 0xFB, 0x4F, 0x00, 0x00, 0xF8, 0x1A,
    0xD1, 0xFF, 0x3E, 0x00, 0xB0, 0xFF, 0x04, 0x00, 0xF8, 0xFE, 0x06, 0xE3,
    0xFF, 0x3E, 0x00, 0xFB, 0x4F, 0x00, 0xF8, 0xFF, 0x09, 0x00, 0xE3, 0xFF,
    0x2D, 0xB0, 0xFF, 0x05, 0xF7, 0xFE, 0x09, 0x00, 0x00, 0xE3, 0xFF, 0x0C,
    0xFA, 0x3F, 0xF4, 0xFF, 0x09, 0x00, 0x00, 0x00, 0xE3, 0xFF, 0x89, 0xEF,
    0xE5, 0xFF, 0x09, 0x00, 0x00, 0x00, 0x00, 0xE3, 0xFF, 0xFC, 0xDE, 0xFF,
    0x09, 0x00, 0x00, 0x00, 0x00, 0x00, 0xE3, 0xFF, 0xFF, 0xFF, 0x09, 0x00,
    0x00, 0x00, 0x00, 0x00, 0x00, 0xE3, 0xFF, 0xFF, 0x09, 0x00, 0x00, 0x00,
    0x00, 0x00, 0x00, 0x00, 0xE3, 0xFF, 0x09, 0x00, 0x00, 0x00, 0x00, 0x00,
    0x00, 0x00, 0x00, 0xE3, 0x0A, 0x00, 0x00, 0x00, 0x00, 0x00, 0x00, 0x00,
    0x00, 0x00, 0x02, 0x00, 0x00, 0x00, 0x00, 0x00, 0x30, 0x44, 0x44, 0x44,
    0x44, 0x12, 0xFE, 0xFF, 0xFF, 0xFF, 0x8F, 0xF1, 0xFF, 0xFF, 0xFF, 0xFF,
    0x18, 0xBA, 0xBB, 0xBB, 0xBB, 0x6B,
};

/* The glyphs, by ascending codepoint - which is what lets the lookup bisect. */
static const struct inkcell_font_ui_glyph k_glyphs[] = {
    {0x0020,      0,  0,  0,  0,  0,  7},
    {0x0021,      0,  4,  7,  5, 23,  9},
    {0x0022,     58,  4,  7, 11, 10, 15},
    {0x0023,    113,  2,  7, 19, 23, 19},
    {0x0024,    332,  3,  4, 17, 28, 19},
    {0x0025,    570,  4,  7, 25, 23, 29},
    {0x0026,    858,  3,  7, 18, 23, 19},
    {0x0027,   1065,  4,  7,  5, 10,  9},
    {0x0028,   1090,  4,  6,  8, 28, 11},
    {0x0029,   1202,  3,  6,  8, 28, 11},
    {0x002A,   1314,  4,  7, 12, 13, 16},
    {0x002B,   1392,  4, 13, 16, 15, 20},
    {0x002C,   1512,  3, 25,  6, 10,  9},
    {0x002D,   1542,  3, 18, 11,  4, 13},
    {0x002E,   1564,  4, 24,  5,  6,  9},
    {0x002F,   1579,  2,  6, 11, 27, 11},
    {0x0030,   1728,  3,  7, 17, 23, 19},
    {0x0031,   1924,  3,  7, 10, 23, 12},
    {0x0032,   2039,  3,  7, 16, 23, 18},
    {0x0033,   2223,  3,  7, 17, 23, 18},
    {0x0034,   2419,  3,  7, 18, 22, 19},
    {0x0035,   2617,  3,  7, 16, 23, 18},
    {0x0036,   2801,  3,  7, 17, 23, 19},
    {0x0037,   2997,  3,  7, 15, 23, 17},
    {0x0038,   3170,  3,  7, 17, 23, 19},
    {0x0039,   3366,  3,  7, 17, 23, 19},
    {0x003A,   3562,  4, 13,  5, 17,  9},
    {0x003B,   3605,  3, 13,  7, 22, 10},
    {0x003C,   3682,  4, 12, 15, 17, 20},
    {0x003D,   3810,  4, 15, 15, 11, 20},
    {0x003E,   3893,  5, 12, 15, 17, 20},
    {0x003F,   4021,  3,  7, 14, 23, 16},
    {0x0040,   4182,  3,  8, 27, 28, 29},
    {0x0041,   4560,  2,  7, 21, 23, 21},
    {0x0042,   4802,  3,  7, 17, 23, 19},
    {0x0043,   4998,  3,  7, 19, 23, 21},
    {0x0044,   5217,  3,  7, 19, 23, 21},
    {0x0045,   5436,  3,  7, 15, 23, 18},
    {0x0046,   5609,  3,  7, 15, 22, 17},
    {0x0047,   5774,  3,  7, 20, 23, 22},
    {0x0048,   6004,  3,  7, 19, 23, 22},
    {0x0049,   6223,  3,  7,  5, 23,  8},
    {0x004A,   6281,  2,  7, 15, 23, 17},
    {0x004B,   6454,  3,  7, 19, 23, 20},
    {0x004C,   6673,  3,  7, 15, 23, 16},
    {0x004D,   6846,  3,  7, 24, 23, 27},
    {0x004E,   7122,  3,  7, 19, 23, 22},
    {0x004F,   7341,  3,  7, 20, 23, 22},
    {0x0050,   7571,  3,  7, 17, 23, 19},
    {0x0051,   7767,  3,  7, 20, 24, 22},
    {0x0052,   8007,  3,  7, 17, 23, 19},
    {0x0053,   8203,  3,  7, 17, 23, 19},
    {0x0054,   8399,  3,  7, 18, 22, 19},
    {0x0055,   8597,  3,  7, 19, 23, 21},
    {0x0056,   8816,  2,  7, 21, 23, 21},
    {0x0057,   9058,  2,  7, 29, 23, 30},
    {0x0058,   9392,  2,  7, 20, 23, 21},
    {0x0059,   9622,  2,  7, 20, 23, 21},
    {0x005A,   9852,  3,  7, 17, 23, 19},
    {0x005B,  10048,  4,  6,  8, 28, 11},
    {0x005C,  10160,  2,  6, 11, 27, 11},
    {0x005D,  10309,  3,  6,  8, 28, 11},
    {0x005E,  10421,  3,  8, 12, 10, 14},
    {0x005F,  10481,  1, 28, 15,  5, 14},
    {0x0060,  10519,  4,  6,  6,  6, 10},
    {0x0061,  10537,  2, 12, 15, 18, 17},
    {0x0062,  10672,  3,  7, 17, 23, 18},
    {0x0063,  10868,  3, 12, 15, 18, 17},
    {0x0064,  11003,  3,  7, 16, 23, 18},
    {0x0065,  11187,  3, 12, 16, 18, 17},
    {0x0066,  11331,  2,  6, 11, 23, 11},
    {0x0067,  11458,  3, 12, 16, 24, 18},
    {0x0068,  11650,  3,  7, 16, 22, 18},
    {0x0069,  11826,  3,  6,  6, 24,  8},
    {0x006A,  11898,  1,  6,  8, 30,  8},
    {0x006B,  12018,  3,  7, 16, 23, 17},
    {0x006C,  12202,  3,  7,  5, 23,  8},
    {0x006D,  12260,  3, 12, 24, 18, 26},
    {0x006E,  12476,  3, 12, 15, 17, 18},
    {0x006F,  12604,  3, 12, 16, 18, 18},
    {0x0070,  12748,  3, 12, 17, 24, 18},
    {0x0071,  12952,  3, 12, 16, 24, 18},
    {0x0072,  13144,  3, 12, 11, 18, 12},
    {0x0073,  13243,  3, 12, 14, 18, 16},
    {0x0074,  13369,  2,  9, 10, 21, 10},
    {0x0075,  13474,  3, 13, 16, 17, 18},
    {0x0076,  13610,  2, 13, 17, 17, 17},
    {0x0077,  13755,  2, 13, 24, 17, 24},
    {0x0078,  13959,  2, 13, 16, 17, 16},
    {0x0079,  14095,  2, 13, 17, 23, 17},
    {0x007A,  14291,  3, 13, 14, 17, 16},
    {0x007B,  14410,  3,  6, 11, 28, 13},
    {0x007C,  14564,  5,  1,  5, 35, 10},
    {0x007D,  14652,  3,  6, 11, 28, 13},
    {0x007E,  14806,  4, 17, 16,  7, 20},
    {0x00A0,  14862,  0,  0,  0,  0,  7},
    {0x00A1,  14862,  4, 12,  5, 23,  9},
    {0x00A2,  14920,  3,  7, 15, 23, 17},
    {0x00A3,  15093,  3,  7, 17, 23, 18},
    {0x00A5,  15289,  2,  7, 16, 23, 16},
    {0x00A6,  15473,  4,  7,  5, 27,  9},
    {0x00A7,  15541,  3,  7, 15, 27, 16},
    {0x00AB,  15744,  3, 13, 17, 15, 18},
    {0x00AC,  15872,  4, 18, 14,  8, 20},
    {0x00AD,  15928,  3, 18, 11,  4, 13},
    {0x00B0,  15950,  3,  7, 11, 11, 13},
    {0x00B1,  16011,  4, 12, 15, 17, 20},
    {0x00B5,  16139,  3, 13, 17, 23, 18},
    {0x00B7,  16335,  4, 16,  5,  6,  9},
    {0x00BB,  16350,  3, 13, 16, 15, 18},
    {0x00BF,  16470,  3, 12, 14, 23, 16},
    {0x00C0,  16631,  2,  1, 21, 29, 21},
    {0x00C1,  16936,  2,  1, 21, 29, 21},
    {0x00C2,  17241,  2,  1, 21, 29, 21},
    {0x00C3,  17546,  2,  1, 21, 29, 21},
    {0x00C4,  17851,  2,  1, 21, 29, 21},
    {0x00C5,  18156,  2,  0, 21, 30, 21},
    {0x00C6,  18471,  2,  7, 28, 23, 29},
    {0x00C7,  18793,  3,  7, 20, 29, 21},
    {0x00C8,  19083,  3,  1, 15, 29, 18},
    {0x00C9,  19301,  3,  1, 15, 29, 18},
    {0x00CA,  19519,  3,  1, 15, 29, 18},
    {0x00CB,  19737,  3,  1, 15, 29, 18},
    {0x00CC,  19955,  1,  1,  7, 29,  8},
    {0x00CD,  20057,  3,  1,  7, 29,  8},
    {0x00CE,  20159,  0,  1, 11, 29,  8},
    {0x00CF,  20319,  0,  1, 12, 29,  8},
    {0x00D0,  20493,  2,  7, 21, 23, 22},
    {0x00D1,  20735,  3,  1, 19, 29, 22},
    {0x00D2,  21011,  3,  1, 20, 29, 22},
    {0x00D3,  21301,  3,  1, 20, 29, 22},
    {0x00D4,  21591,  3,  1, 20, 29, 22},
    {0x00D5,  21881,  3,  1, 20, 29, 22},
    {0x00D6,  22171,  3,  1, 20, 29, 22},
    {0x00D7,  22461,  4, 13, 15, 15, 20},
    {0x00D8,  22574,  3,  7, 20, 23, 22},
    {0x00D9,  22804,  3,  1, 19, 29, 21},
    {0x00DA,  23080,  3,  1, 19, 29, 21},
    {0x00DB,  23356,  3,  1, 19, 29, 21},
    {0x00DC,  23632,  3,  1, 19, 29, 21},
    {0x00DD,  23908,  2,  1, 20, 29, 21},
    {0x00DE,  24198,  3,  7, 16, 22, 19},
    {0x00DF,  24374,  3,  7, 17, 23, 19},
    {0x00E0,  24570,  2,  6, 15, 24, 17},
    {0x00E1,  24750,  2,  6, 15, 24, 17},
    {0x00E2,  24930,  2,  6, 15, 24, 17},
    {0x00E3,  25110,  2,  7, 15, 23, 17},
    {0x00E4,  25283,  2,  6, 15, 24, 17},
    {0x00E5,  25463,  2,  4, 15, 26, 17},
    {0x00E6,  25658,  2, 12, 26, 18, 26},
    {0x00E7,  25892,  3, 12, 15, 24, 17},
    {0x00E8,  26072,  3,  6, 16, 24, 17},
    {0x00E9,  26264,  3,  6, 16, 24, 17},
    {0x00EA,  26456,  3,  6, 16, 24, 17},
    {0x00EB,  26648,  3,  6, 16, 24, 17},
    {0x00EC,  26840,  1,  6,  7, 24,  8},
    {0x00ED,  26924,  3,  6,  7, 24,  8},
    {0x00EE,  27008,  0,  6, 11, 24,  8},
    {0x00EF,  27140,  0,  6, 12, 24,  8},
    {0x00F0,  27284,  3,  6, 16, 24, 17},
    {0x00F1,  27476,  3,  7, 15, 22, 18},
    {0x00F2,  27641,  3,  6, 16, 24, 18},
    {0x00F3,  27833,  3,  6, 16, 24, 18},
    {0x00F4,  28025,  3,  6, 16, 24, 18},
    {0x00F5,  28217,  3,  7, 16, 23, 18},
    {0x00F6,  28401,  3,  6, 16, 24, 18},
    {0x00F7,  28593,  4, 12, 15, 17, 20},
    {0x00F8,  28721,  3, 12, 16, 18, 18},
    {0x00F9,  28865,  3,  6, 16, 24, 18},
    {0x00FA,  29057,  3,  6, 16, 24, 18},
    {0x00FB,  29249,  3,  6, 16, 24, 18},
    {0x00FC,  29441,  3,  7, 16, 23, 18},
    {0x00FD,  29625,  2,  6, 17, 30, 17},
    {0x00FE,  29880,  3,  7, 17, 29, 18},
    {0x00FF,  30127,  2,  6, 17, 30, 17},
    {0x0100,  30382,  2,  2, 21, 28, 21},
    {0x0101,  30676,  2,  7, 15, 23, 17},
    {0x0102,  30849,  2,  1, 21, 29, 21},
    {0x0103,  31154,  2,  6, 15, 24, 17},
    {0x0104,  31334,  2,  7, 22, 29, 21},
    {0x0105,  31653,  2, 12, 16, 24, 17},
    {0x0106,  31845,  3,  1, 19, 29, 21},
    {0x0107,  32121,  3,  6, 15, 24, 17},
    {0x0108,  32301,  3,  1, 19, 29, 21},
    {0x0109,  32577,  3,  6, 15, 24, 17},
    {0x010A,  32757,  3,  1, 19, 29, 21},
    {0x010B,  33033,  3,  6, 15, 24, 17},
    {0x010C,  33213,  3,  1, 19, 29, 21},
    {0x010D,  33489,  3,  6, 15, 24, 17},
    {0x010E,  33669,  3,  1, 19, 29, 21},
    {0x010F,  33945,  3,  6, 20, 24, 21},
    {0x0110,  34185,  2,  7, 21, 23, 22},
    {0x0111,  34427,  3,  7, 18, 23, 18},
    {0x0112,  34634,  3,  2, 15, 28, 18},
    {0x0113,  34844,  3,  7, 16, 23, 17},
    {0x0114,  35028,  3,  1, 15, 29, 18},
    {0x0115,  35246,  3,  6, 16, 24, 17},
    {0x0116,  35438,  3,  1, 15, 29, 18},
    {0x0117,  35656,  3,  6, 16, 24, 17},
    {0x0118,  35848,  3,  7, 16, 29, 18},
    {0x0119,  36080,  3, 12, 16, 24, 17},
    {0x011A,  36272,  3,  1, 15, 29, 18},
    {0x011B,  36490,  3,  6, 16, 24, 17},
    {0x011C,  36682,  3,  1, 20, 29, 22},
    {0x011D,  36972,  3,  6, 16, 30, 18},
    {0x011E,  37212,  3,  1, 20, 29, 22},
    {0x011F,  37502,  3,  6, 16, 30, 18},
    {0x0120,  37742,  3,  1, 20, 29, 22},
    {0x0121,  38032,  3,  6, 16, 30, 18},
    {0x0122,  38272,  3,  7, 20, 29, 22},
    {0x0123,  38562,  3,  5, 16, 31, 18},
    {0x0124,  38810,  3,  1, 19, 29, 22},
    {0x0125,  39086,  0,  1, 19, 28, 18},
    {0x0128,  39352,  1,  1, 10, 29,  8},
    {0x0129,  39497,  1,  7, 10, 23,  8},
    {0x012A,  39612,  1,  2, 10, 28,  8},
    {0x012B,  39752,  1,  7,  9, 23,  8},
    {0x012C,  39856,  1,  1, 10, 29,  8},
    {0x012D,  40001,  1,  6, 10, 24,  8},
    {0x012E,  40121,  2,  7,  7, 29,  8},
    {0x012F,  40223,  1,  6,  8, 30,  8},
    {0x0130,  40343,  3,  1,  6, 29,  8},
    {0x0131,  40430,  3, 13,  5, 17,  8},
    {0x0134,  40473,  2,  1, 18, 29, 17},
    {0x0135,  40734,  0,  6, 11, 30,  8},
    {0x0136,  40899,  3,  7, 19, 29, 20},
    {0x0137,  41175,  3,  7, 16, 29, 17},
    {0x0139,  41407,  3,  1, 15, 29, 16},
    {0x013A,  41625,  3,  1,  7, 29,  8},
    {0x013B,  41727,  3,  7, 15, 29, 16},
    {0x013C,  41945,  2,  7,  6, 29,  8},
    {0x013D,  42032,  3,  6, 15, 24, 16},
    {0x013E,  42212,  3,  6, 10, 24, 11},
    {0x0141,  42332,  2,  7, 17, 23, 17},
    {0x0142,  42528,  1,  7,  9, 23,  8},
    {0x0143,  42632,  3,  1, 19, 29, 22},
    {0x0144,  42908,  3,  6, 15, 23, 18},
    {0x0145,  43081,  3,  7, 19, 29, 22},
    {0x0146,  43357,  3, 12, 15, 24, 18},
    {0x0147,  43537,  3,  1, 19, 29, 22},
    {0x0148,  43813,  3,  6, 15, 24, 18},
    {0x014C,  43993,  3,  2, 20, 28, 22},
    {0x014D,  44273,  3,  7, 16, 23, 18},
    {0x014E,  44457,  3,  1, 20, 29, 22},
    {0x014F,  44747,  3,  6, 16, 24, 18},
    {0x0150,  44939,  3,  1, 20, 29, 22},
    {0x0151,  45229,  3,  6, 16, 24, 18},
    {0x0152,  45421,  3,  7, 27, 23, 29},
    {0x0153,  45732,  3, 12, 27, 18, 29},
    {0x0154,  45975,  3,  1, 17, 29, 19},
    {0x0155,  46222,  3,  6, 11, 24, 12},
    {0x0156,  46354,  3,  7, 17, 29, 19},
    {0x0157,  46601,  2, 12, 12, 24, 12},
    {0x0158,  46745,  3,  1, 17, 29, 19},
    {0x0159,  46992,  3,  6, 11, 24, 12},
    {0x015A,  47124,  3,  1, 17, 29, 19},
    {0x015B,  47371,  3,  6, 14, 24, 16},
    {0x015C,  47539,  3,  1, 17, 29, 19},
    {0x015D,  47786,  3,  6, 14, 24, 16},
    {0x015E,  47954,  3,  7, 17, 29, 19},
    {0x015F,  48201,  3, 12, 14, 24, 16},
    {0x0160,  48369,  3,  1, 17, 29, 19},
    {0x0161,  48616,  3,  6, 14, 24, 16},
    {0x0162,  48784,  3,  7, 18, 29, 19},
    {0x0163,  49045,  2,  9, 11, 27, 10},
    {0x0164,  49194,  3,  1, 18, 28, 19},
    {0x0165,  49446,  2,  5, 11, 25, 12},
    {0x0168,  49584,  3,  1, 19, 29, 21},
    {0x0169,  49860,  3,  7, 16, 23, 18},
    {0x016A,  50044,  3,  2, 19, 28, 21},
    {0x016B,  50310,  3,  7, 16, 23, 18},
    {0x016C,  50494,  3,  1, 19, 29, 21},
    {0x016D,  50770,  3,  6, 16, 24, 18},
    {0x016E,  50962,  3,  0, 19, 30, 21},
    {0x016F,  51247,  3,  4, 16, 26, 18},
    {0x0170,  51455,  3,  1, 19, 29, 21},
    {0x0171,  51731,  3,  6, 16, 24, 18},
    {0x0172,  51923,  3,  7, 19, 29, 21},
    {0x0173,  52199,  3, 13, 16, 23, 18},
    {0x0174,  52383,  2,  1, 29, 29, 30},
    {0x0175,  52804,  2,  6, 24, 24, 24},
    {0x0176,  53092,  2,  1, 20, 29, 21},
    {0x0177,  53382,  2,  6, 17, 30, 17},
    {0x0178,  53637,  2,  1, 20, 28, 21},
    {0x0179,  53917,  3,  1, 17, 29, 19},
    {0x017A,  54164,  3,  6, 14, 24, 16},
    {0x017B,  54332,  3,  1, 17, 29, 19},
    {0x017C,  54579,  3,  6, 14, 24, 16},
    {0x017D,  54747,  3,  1, 17, 29, 19},
    {0x017E,  54994,  3,  6, 14, 24, 16},
    {0x2002,  55162,  0,  0,  0,  0,  7},
    {0x2003,  55162,  0,  0,  0,  0,  7},
    {0x2007,  55162,  0,  0,  0,  0,  7},
    {0x2008,  55162,  0,  0,  0,  0,  7},
    {0x2009,  55162,  0,  0,  0,  0,  7},
    {0x200A,  55162,  0,  0,  0,  0,  7},
    {0x2010,  55162,  3, 18, 11,  4, 13},
    {0x2011,  55184,  3, 18, 11,  4, 13},
    {0x2013,  55206,  1, 18, 16,  4, 14},
    {0x2014,  55238,  1, 18, 31,  4, 29},
    {0x2015,  55300,  3, 18, 11,  4, 13},
    {0x2018,  55322,  4,  7,  6, 10,  9},
    {0x2019,  55352,  4,  7,  6, 10,  9},
    {0x201A,  55382,  3, 25,  6, 10,  8},
    {0x201B,  55412,  4,  7,  5, 10,  9},
    {0x201C,  55437,  4,  7, 12, 10, 15},
    {0x201D,  55497,  4,  7, 12, 10, 15},
    {0x201E,  55557,  3, 25, 12, 10, 14},
    {0x201F,  55617,  4,  7, 11, 10, 15},
    {0x2022,  55672,  4, 16, 10, 10, 15},
    {0x2026,  55722,  4, 24, 24,  6, 28},
    {0x202F,  55794,  0,  0,  0,  0,  7},
    {0x2032,  55794,  4,  7,  5, 10,  9},
    {0x2033,  55819,  4,  7, 11, 10, 15},
    {0x2044,  55874,  2,  6, 11, 27, 11},
    {0x205F,  56023,  0,  0,  0,  0,  7},
    {0x20AC,  56023,  2,  7, 18, 23, 20},
    {0x2190,  56230,  4, 10, 23, 20, 28},
    {0x2191,  56460,  4,  7, 21, 23, 26},
    {0x2192,  56702,  5, 10, 22, 20, 28},
    {0x2193,  56922,  4,  7, 21, 23, 26},
    {0x2212,  57164,  3, 18, 11,  4, 13},
    {0x3000,  57186,  0,  0,  0,  0,  7},
};

const struct inkcell_font_ui_table inkcell_font_ui_bold_table = {
    .pixels = k_pixels,
    .glyphs = k_glyphs,
    .count = 323,
    /* Measured off a rasterised 'H': what an icon beside the text is sized to. */
    .cap_rows = 21,
    .master_w = 36,
    /* The pen sits this far into the master: the room an accent on a narrow letter
       needs to the left of the origin its advance is measured from. */
    .master_left = 2,
    /* The advance a layout estimates with: the median lowercase, so a guess is wrong
       in both directions rather than always short. */
    .nominal = 17,
    .proportional = true,
    .name = "Inter SemiBold",
};
