/*
 * Generated by scripts/gen-icons.py from Material Symbols Rounded - do not edit by hand.
 *
 * Material Symbols is licensed under the Apache License 2.0; the licence text is in
 * licenses/Apache-2.0-MaterialSymbols.txt and covers this derived data too.
 *
 * 70 sprites of 32x32 at 16 coverage levels, 11937 runs. The icons and their glyph names
 * are include/inkcell/ui/icons.def; the axes are FILL 1, GRAD 0, opsz 20, wght 500, and
 * each sprite is a 256-unit window on the 240-unit design grid, centred on it.
 */

#include "inkcell/ui/icon.h"

/* (count, coverage) pairs, one run after another, icon by icon. */
static const uint8_t k_runs[] = {
    0xFF, 0x00, 0xFF, 0x00, 0xFF, 0x00, 0xFF, 0x00, 0x04, 0x00, 0x64, 0x00, 0x01, 0x01, 0x01, 0x06,
    0x0E, 0x07, 0x01, 0x04, 0x0E, 0x00, 0x01, 0x01, 0x01, 0x0C, 0x10, 0x0F, 0x01, 0x06, 0x0D, 0x00,
    0x01, 0x06, 0x11, 0x0F, 0x01, 0x0E, 0x0D, 0x00, 0x01, 0x08, 0x11, 0x0F, 0x01, 0x0E, 0x01, 0x01,
    0x0C, 0x00, 0x01, 0x07, 0x11, 0x0F, 0x01, 0x0E, 0x01, 0x01, 0x0C, 0x00, 0x01, 0x07, 0x11, 0x0F,
    0x01, 0x0E, 0x01, 0x01, 0x0C, 0x00, 0x01, 0x07, 0x11, 0x0F, 0x01, 0x0E, 0x01, 0x01, 0x01, 0x00,
    0x01, 0x02, 0x01, 0x03, 0x01, 0x02, 0x08, 0x00, 0x01, 0x07, 0x11, 0x0F, 0x01, 0x0E, 0x01, 0x01,
    0x01, 0x00, 0x01, 0x0B, 0x01, 0x0F, 0x01, 0x0E, 0x01, 0x07, 0x07, 0x00, 0x01, 0x07, 0x11, 0x0F,
    0x01, 0x0E, 0x01, 0x01, 0x01, 0x00, 0x01, 0x0B, 0x03, 0x0F, 0x01, 0x03, 0x06, 0x00, 0x01, 0x07,
    0x11, 0x0F, 0x01, 0x0E, 0x01, 0x01, 0x01, 0x00, 0x01, 0x0B, 0x03, 0x0F, 0x01, 0x06, 0x06, 0x00,
    0x01, 0x07, 0x11, 0x0F, 0x01, 0x0E, 0x01, 0x01, 0x01, 0x00, 0x01, 0x0B, 0x03, 0x0F, 0x01, 0x06,
    0x06, 0x00, 0x01, 0x07, 0x11, 0x0F, 0x01, 0x0E, 0x01, 0x01, 0x01, 0x00, 0x01, 0x0B, 0x03, 0x0F,
    0x01, 0x06, 0x06, 0x00, 0x01, 0x07, 0x11, 0x0F, 0x01, 0x0E, 0x01, 0x01, 0x01, 0x00, 0x01, 0x0B,
    0x03, 0x0F, 0x01, 0x06, 0x06, 0x00, 0x01, 0x07, 0x11, 0x0F, 0x01, 0x06, 0x02, 0x00, 0x01, 0x0B,
    0x03, 0x0F, 0x01, 0x06, 0x06, 0x00, 0x01, 0x07, 0x03, 0x0F, 0x01, 0x0E, 0x0B, 0x08, 0x01, 0x07,
    0x01, 0x04, 0x03, 0x00, 0x01, 0x0C, 0x03, 0x0F, 0x01, 0x06, 0x06, 0x00, 0x01, 0x08, 0x02, 0x0F,
    0x01, 0x0E, 0x01, 0x03, 0x0F, 0x00, 0x01, 0x03, 0x01, 0x0E, 0x03, 0x0F, 0x01, 0x06, 0x06, 0x00,
    0x01, 0x05, 0x01, 0x0F, 0x01, 0x0E, 0x01, 0x03, 0x02, 0x00, 0x01, 0x01, 0x0C, 0x04, 0x01, 0x06,
    0x01, 0x0D, 0x04, 0x0F, 0x01, 0x06, 0x07, 0x00, 0x01, 0x03, 0x01, 0x02, 0x03, 0x00, 0x01, 0x03,
    0x12, 0x0F, 0x01, 0x06, 0x0C, 0x00, 0x01, 0x03, 0x12, 0x0F, 0x01, 0x06, 0x0C, 0x00, 0x01, 0x01,
    0x01, 0x0D, 0x11, 0x0F, 0x01, 0x06, 0x0D, 0x00, 0x01, 0x02, 0x01, 0x0A, 0x0C, 0x0D, 0x04, 0x0F,
    0x01, 0x06, 0x1B, 0x00, 0x01, 0x09, 0x01, 0x0F, 0x01, 0x0E, 0x01, 0x0F, 0x01, 0x06, 0x1C, 0x00,
    0x01, 0x09, 0x02, 0x0F, 0x01, 0x04, 0x1D, 0x00, 0x02, 0x07, 0xA4, 0x00, 0x0E, 0x00, 0x01, 0x02,
    0x02, 0x05, 0x01, 0x02, 0x1B, 0x00, 0x01, 0x07, 0x01, 0x0E, 0x02, 0x0F, 0x01, 0x0E, 0x01, 0x07,
    0x19, 0x00, 0x01, 0x06, 0x06, 0x0F, 0x01, 0x06, 0x18, 0x00, 0x01, 0x0D, 0x06, 0x0F, 0x01, 0x0D,
    0x17, 0x00, 0x01, 0x01, 0x01, 0x0E, 0x06, 0x0F, 0x01, 0x0E, 0x01, 0x01, 0x17, 0x00, 0x01, 0x0D,
    0x06, 0x0F, 0x01, 0x0D, 0x18, 0x00, 0x01, 0x08, 0x06, 0x0F, 0x01, 0x08, 0x19, 0x00, 0x01, 0x0A,
    0x04, 0x0F, 0x01, 0x0A, 0x10, 0x00, 0x01, 0x01, 0x01, 0x02, 0x01, 0x01, 0x08, 0x00, 0x01, 0x04,
    0x02, 0x0E, 0x01, 0x04, 0x08, 0x00, 0x01, 0x01, 0x01, 0x02, 0x01, 0x01, 0x05, 0x00, 0x01, 0x08,
    0x01, 0x0E, 0x01, 0x0F, 0x01, 0x0E, 0x01, 0x0A, 0x01, 0x01, 0x07, 0x00, 0x02, 0x0D, 0x07, 0x00,
    0x01, 0x01, 0x01, 0x0A, 0x01, 0x0E, 0x01, 0x0F, 0x01, 0x0D, 0x01, 0x08, 0x03, 0x00, 0x01, 0x09,
    0x05, 0x0F, 0x01, 0x0C, 0x01, 0x01, 0x05, 0x00, 0x01, 0x04, 0x02, 0x0E, 0x01, 0x04, 0x05, 0x00,
    0x01, 0x01, 0x01, 0x0C, 0x05, 0x0F, 0x01, 0x08, 0x01, 0x00, 0x01, 0x03, 0x07, 0x0F, 0x01, 0x06,
    0x01, 0x00, 0x01, 0x01, 0x01, 0x00, 0x01, 0x04, 0x01, 0x0C, 0x04, 0x0F, 0x01, 0x0C, 0x01, 0x04,
    0x03, 0x00, 0x01, 0x06, 0x07, 0x0F, 0x01, 0x03, 0x01, 0x06, 0x07, 0x0F, 0x01, 0x09, 0x02, 0x00,
    0x01, 0x04, 0x08, 0x0F, 0x01, 0x04, 0x02, 0x00, 0x01, 0x09, 0x07, 0x0F, 0x01, 0x06, 0x01, 0x05,
    0x07, 0x0F, 0x01, 0x0E, 0x01, 0x07, 0x01, 0x04, 0x01, 0x0E, 0x08, 0x0F, 0x01, 0x0E, 0x01, 0x04,
    0x01, 0x07, 0x01, 0x0E, 0x07, 0x0F, 0x01, 0x05, 0x01, 0x02, 0x01, 0x0E, 0x06, 0x0F, 0x01, 0x0E,
    0x0E, 0x0F, 0x01, 0x0E, 0x06, 0x0F, 0x01, 0x0E, 0x01, 0x02, 0x01, 0x00, 0x01, 0x06, 0x05, 0x0F,
    0x01, 0x09, 0x01, 0x01, 0x01, 0x05, 0x01, 0x0D, 0x0A, 0x0F, 0x01, 0x0D, 0x01, 0x04, 0x01, 0x01,
    0x01, 0x09, 0x05, 0x0F, 0x01, 0x06, 0x03, 0x00, 0x01, 0x04, 0x01, 0x0B, 0x01, 0x0C, 0x01, 0x0B,
    0x01, 0x06, 0x03, 0x00, 0x01, 0x0C, 0x0A, 0x0F, 0x01, 0x0B, 0x03, 0x00, 0x01, 0x06, 0x01, 0x0B,
    0x01, 0x0C, 0x01, 0x0B, 0x01, 0x04, 0x0C, 0x00, 0x01, 0x0A, 0x0A, 0x0F, 0x01, 0x0B, 0x14, 0x00,
    0x01, 0x05, 0x0A, 0x0F, 0x01, 0x05, 0x15, 0x00, 0x01, 0x0B, 0x08, 0x0F, 0x01, 0x0B, 0x16, 0x00,
    0x01, 0x07, 0x08, 0x0F, 0x01, 0x07, 0x12, 0x00, 0x01, 0x01, 0x01, 0x02, 0x01, 0x00, 0x01, 0x03,
    0x01, 0x0F, 0x01, 0x0D, 0x01, 0x09, 0x01, 0x0E, 0x02, 0x0F, 0x01, 0x0E, 0x01, 0x09, 0x01, 0x0D,
    0x01, 0x0F, 0x01, 0x03, 0x01, 0x00, 0x01, 0x02, 0x01, 0x01, 0x0C, 0x00, 0x01, 0x01, 0x01, 0x0A,
    0x01, 0x0E, 0x01, 0x0F, 0x02, 0x0D, 0x01, 0x0E, 0x01, 0x03, 0x01, 0x00, 0x01, 0x02, 0x01, 0x04,
    0x01, 0x03, 0x01, 0x01, 0x01, 0x00, 0x01, 0x04, 0x01, 0x0E, 0x02, 0x0D, 0x01, 0x0F, 0x01, 0x0E,
    0x01, 0x09, 0x01, 0x01, 0x09, 0x00, 0x01, 0x01, 0x01, 0x0C, 0x05, 0x0F, 0x01, 0x0A, 0x08, 0x00,
    0x01, 0x0A, 0x05, 0x0F, 0x01, 0x0B, 0x09, 0x00, 0x01, 0x06, 0x06, 0x0F, 0x01, 0x0E, 0x01, 0x02,
    0x06, 0x00, 0x01, 0x03, 0x07, 0x0F, 0x01, 0x04, 0x08, 0x00, 0x01, 0x09, 0x07, 0x0F, 0x01, 0x05,
    0x06, 0x00, 0x01, 0x07, 0x07, 0x0F, 0x01, 0x07, 0x08, 0x00, 0x01, 0x09, 0x07, 0x0F, 0x01, 0x05,
    0x06, 0x00, 0x01, 0x07, 0x07, 0x0F, 0x01, 0x07, 0x08, 0x00, 0x01, 0x04, 0x07, 0x0F, 0x01, 0x02,
    0x06, 0x00, 0x01, 0x03, 0x07, 0x0F, 0x01, 0x03, 0x09, 0x00, 0x01, 0x09, 0x05, 0x0F, 0x01, 0x06,
    0x08, 0x00, 0x01, 0x08, 0x05, 0x0F, 0x01, 0x08, 0x0B, 0x00, 0x01, 0x06, 0x01, 0x0B, 0x01, 0x0C,
    0x01, 0x0A, 0x01, 0x04, 0x0A, 0x00, 0x01, 0x05, 0x01, 0x0B, 0x01, 0x0D, 0x01, 0x0B, 0x01, 0x05,
    0x46, 0x00, 0x6E, 0x00, 0x01, 0x01, 0x02, 0x02, 0x01, 0x01, 0x18, 0x00, 0x01, 0x01, 0x01, 0x05,
    0x01, 0x0A, 0x01, 0x0D, 0x01, 0x0E, 0x02, 0x0F, 0x01, 0x0E, 0x01, 0x0D, 0x01, 0x0A, 0x01, 0x05,
    0x01, 0x01, 0x13, 0x00, 0x01, 0x06, 0x01, 0x0D, 0x0A, 0x0F, 0x01, 0x0D, 0x01, 0x06, 0x10, 0x00,
    0x01, 0x02, 0x01, 0x0B, 0x02, 0x0F, 0x01, 0x0E, 0x01, 0x0A, 0x01, 0x06, 0x01, 0x04, 0x02, 0x03,
    0x01, 0x04, 0x01, 0x06, 0x01, 0x0A, 0x01, 0x0E, 0x02, 0x0F, 0x01, 0x0B, 0x01, 0x02, 0x0D, 0x00,
    0x01, 0x04, 0x01, 0x0E, 0x02, 0x0F, 0x01, 0x08, 0x01, 0x02, 0x08, 0x00, 0x01, 0x02, 0x01, 0x08,
    0x02, 0x0F, 0x01, 0x0E, 0x01, 0x04, 0x0B, 0x00, 0x01, 0x03, 0x01, 0x0E, 0x01, 0x0F, 0x01, 0x0D,
    0x01, 0x04, 0x02, 0x00, 0x01, 0x01, 0x01, 0x05, 0x01, 0x08, 0x02, 0x09, 0x01, 0x08, 0x01, 0x05,
    0x01, 0x01, 0x02, 0x00, 0x01, 0x04, 0x01, 0x0D, 0x01, 0x0F, 0x01, 0x0E, 0x01, 0x03, 0x09, 0x00,
    0x01, 0x01, 0x01, 0x0D, 0x01, 0x0F, 0x01, 0x0D, 0x01, 0x02, 0x02, 0x00, 0x01, 0x07, 0x01, 0x0D,
    0x06, 0x0F, 0x01, 0x0D, 0x01, 0x07, 0x02, 0x00, 0x01, 0x02, 0x01, 0x0D, 0x01, 0x0F, 0x01, 0x0D,
    0x01, 0x01, 0x08, 0x00, 0x01, 0x09, 0x01, 0x0F, 0x01, 0x0E, 0x01, 0x02, 0x01, 0x00, 0x01, 0x01,
    0x01, 0x0B, 0x02, 0x0F, 0x01, 0x0E, 0x01, 0x0B, 0x02, 0x0A, 0x01, 0x0B, 0x01, 0x0E, 0x02, 0x0F,
    0x01, 0x0B, 0x01, 0x01, 0x01, 0x00, 0x01, 0x02, 0x01, 0x0E, 0x01, 0x0F, 0x01, 0x09, 0x07, 0x00,
    0x01, 0x03, 0x02, 0x0F, 0x01, 0x06, 0x01, 0x00, 0x01, 0x01, 0x01, 0x0C, 0x02, 0x0F, 0x01, 0x09,
    0x01, 0x02, 0x04, 0x00, 0x01, 0x02, 0x01, 0x09, 0x02, 0x0F, 0x01, 0x0C, 0x01, 0x01, 0x01, 0x00,
    0x01, 0x06, 0x02, 0x0F, 0x01, 0x03, 0x06, 0x00, 0x01, 0x09, 0x01, 0x0F, 0x01, 0x0C, 0x02, 0x00,
    0x01, 0x09, 0x02, 0x0F, 0x01, 0x06, 0x08, 0x00, 0x01, 0x06, 0x02, 0x0F, 0x01, 0x09, 0x02, 0x00,
    0x01, 0x0C, 0x01, 0x0F, 0x01, 0x09, 0x05, 0x00, 0x01, 0x01, 0x01, 0x0E, 0x01, 0x0F, 0x01, 0x06,
    0x01, 0x00, 0x01, 0x03, 0x02, 0x0F, 0x01, 0x07, 0x0A, 0x00, 0x01, 0x07, 0x02, 0x0F, 0x01, 0x03,
    0x01, 0x00, 0x01, 0x06, 0x01, 0x0F, 0x01, 0x0E, 0x01, 0x01, 0x04, 0x00, 0x01, 0x04, 0x01, 0x0F,
    0x01, 0x0E, 0x01, 0x02, 0x01, 0x00, 0x01, 0x09, 0x01, 0x0F, 0x01, 0x0C, 0x04, 0x00, 0x01, 0x05,
    0x01, 0x0A, 0x01, 0x0B, 0x01, 0x06, 0x04, 0x00, 0x01, 0x0C, 0x01, 0x0F, 0x01, 0x09, 0x01, 0x00,
    0x01, 0x02, 0x01, 0x0E, 0x01, 0x0F, 0x01, 0x04, 0x04, 0x00, 0x01, 0x07, 0x01, 0x0F, 0x01, 0x0C,
    0x02, 0x00, 0x01, 0x0C, 0x01, 0x0F, 0x01, 0x07, 0x03, 0x00, 0x01, 0x07, 0x04, 0x0F, 0x01, 0x08,
    0x03, 0x00, 0x01, 0x07, 0x01, 0x0F, 0x01, 0x0C, 0x02, 0x00, 0x01, 0x0D, 0x01, 0x0F, 0x01, 0x07,
    0x04, 0x00, 0x01, 0x07, 0x01, 0x0F, 0x01, 0x0A, 0x01, 0x00, 0x01, 0x01, 0x01, 0x0E, 0x01, 0x0F,
    0x01, 0x03, 0x02, 0x00, 0x01, 0x01, 0x01, 0x0E, 0x05, 0x0F, 0x01, 0x02, 0x02, 0x00, 0x01, 0x03,
    0x01, 0x0F, 0x01, 0x0E, 0x01, 0x01, 0x01, 0x00, 0x01, 0x0A, 0x01, 0x0F, 0x01, 0x07, 0x04, 0x00,
    0x01, 0x01, 0x01, 0x06, 0x01, 0x02, 0x02, 0x00, 0x01, 0x04, 0x01, 0x05, 0x03, 0x00, 0x01, 0x02,
    0x06, 0x0F, 0x01, 0x04, 0x03, 0x00, 0x01, 0x05, 0x01, 0x04, 0x02, 0x00, 0x01, 0x02, 0x01, 0x06,
    0x01, 0x01, 0x0E, 0x00, 0x01, 0x01, 0x01, 0x0D, 0x05, 0x0F, 0x01, 0x02, 0x19, 0x00, 0x01, 0x05,
    0x04, 0x0F, 0x01, 0x06, 0x1B, 0x00, 0x01, 0x05, 0x02, 0x0F, 0x01, 0x07, 0x1C, 0x00, 0x01, 0x04,
    0x02, 0x0F, 0x01, 0x05, 0x1C, 0x00, 0x01, 0x04, 0x02, 0x0F, 0x01, 0x05, 0x1C, 0x00, 0x01, 0x05,
    0x02, 0x0F, 0x01, 0x07, 0x1B, 0x00, 0x01, 0x03, 0x01, 0x0E, 0x02, 0x0F, 0x01, 0x0E, 0x01, 0x05,
    0x19, 0x00, 0x01, 0x03, 0x01, 0x0E, 0x05, 0x0F, 0x01, 0x05, 0x17, 0x00, 0x01, 0x03, 0x01, 0x0E,
    0x02, 0x0F, 0x01, 0x07, 0x01, 0x06, 0x03, 0x0F, 0x01, 0x05, 0x16, 0x00, 0x01, 0x0D, 0x02, 0x0F,
    0x01, 0x08, 0x02, 0x00, 0x01, 0x06, 0x03, 0x0F, 0x01, 0x01, 0x15, 0x00, 0x01, 0x0B, 0x01, 0x0F,
    0x01, 0x07, 0x04, 0x00, 0x01, 0x06, 0x01, 0x0F, 0x01, 0x0C, 0x01, 0x01, 0x16, 0x00, 0x01, 0x02,
    0x06, 0x00, 0x01, 0x02, 0x01, 0x01, 0x4B, 0x00, 0xCD, 0x00, 0x01, 0x01, 0x01, 0x03, 0x02, 0x04,
    0x01, 0x03, 0x01, 0x01, 0x17, 0x00, 0x01, 0x01, 0x01, 0x06, 0x01, 0x0B, 0x01, 0x0E, 0x04, 0x0F,
    0x01, 0x0E, 0x01, 0x0B, 0x01, 0x06, 0x01, 0x01, 0x13, 0x00, 0x01, 0x06, 0x01, 0x0D, 0x0A, 0x0F,
    0x01, 0x0D, 0x01, 0x06, 0x10, 0x00, 0x01, 0x01, 0x01, 0x0A, 0x0E, 0x0F, 0x01, 0x0A, 0x01, 0x01,
    0x0D, 0x00, 0x01, 0x01, 0x01, 0x0C, 0x10, 0x0F, 0x01, 0x0B, 0x01, 0x01, 0x0C, 0x00, 0x01, 0x0A,
    0x0E, 0x0F, 0x01, 0x0C, 0x01, 0x0D, 0x02, 0x0F, 0x01, 0x0A, 0x0B, 0x00, 0x01, 0x06, 0x0E, 0x0F,
    0x01, 0x08, 0x01, 0x00, 0x01, 0x08, 0x01, 0x0F, 0x01, 0x0E, 0x01, 0x0F, 0x01, 0x06, 0x09, 0x00,
    0x01, 0x01, 0x01, 0x0E, 0x0C, 0x0F, 0x01, 0x0C, 0x01, 0x03, 0x01, 0x00, 0x01, 0x02, 0x01, 0x0E,
    0x03, 0x0F, 0x01, 0x0E, 0x01, 0x01, 0x08, 0x00, 0x01, 0x06, 0x0C, 0x0F, 0x01, 0x08, 0x03, 0x00,
    0x01, 0x0C, 0x05, 0x0F, 0x01, 0x06, 0x08, 0x00, 0x01, 0x0B, 0x0A, 0x0F, 0x01, 0x0C, 0x01, 0x04,
    0x03, 0x00, 0x01, 0x07, 0x06, 0x0F, 0x01, 0x0B, 0x07, 0x00, 0x01, 0x01, 0x01, 0x0E, 0x09, 0x0F,
    0x01, 0x09, 0x01, 0x01, 0x03, 0x00, 0x01, 0x03, 0x07, 0x0F, 0x01, 0x0E, 0x01, 0x01, 0x06, 0x00,
    0x01, 0x03, 0x09, 0x0F, 0x01, 0x0C, 0x05, 0x00, 0x01, 0x0C, 0x08, 0x0F, 0x01, 0x03, 0x06, 0x00,
    0x01, 0x04, 0x09, 0x0F, 0x01, 0x0C, 0x04, 0x00, 0x01, 0x07, 0x09, 0x0F, 0x01, 0x04, 0x06, 0x00,
    0x01, 0x04, 0x0A, 0x0F, 0x01, 0x04, 0x02, 0x00, 0x01, 0x03, 0x0A, 0x0F, 0x01, 0x04, 0x06, 0x00,
    0x01, 0x03, 0x0A, 0x0F, 0x01, 0x0E, 0x01, 0x09, 0x01, 0x08, 0x01, 0x0E, 0x0A, 0x0F, 0x01, 0x03,
    0x06, 0x00, 0x01, 0x01, 0x01, 0x0E, 0x16, 0x0F, 0x01, 0x0E, 0x01, 0x01, 0x07, 0x00, 0x01, 0x0B,
    0x16, 0x0F, 0x01, 0x0B, 0x08, 0x00, 0x01, 0x05, 0x16, 0x0F, 0x01, 0x05, 0x09, 0x00, 0x01, 0x0A,
    0x14, 0x0F, 0x01, 0x0A, 0x0B, 0x00, 0x01, 0x03, 0x12, 0x04, 0x01, 0x03, 0xC6, 0x00, 0x6E, 0x00,
    0x01, 0x03, 0x03, 0x04, 0x1B, 0x00, 0x01, 0x09, 0x04, 0x0F, 0x01, 0x0A, 0x19, 0x00, 0x01, 0x01,
    0x01, 0x0E, 0x04, 0x0F, 0x01, 0x0E, 0x01, 0x01, 0x18, 0x00, 0x01, 0x02, 0x06, 0x0F, 0x01, 0x02,
    0x13, 0x00, 0x01, 0x01, 0x03, 0x00, 0x01, 0x02, 0x01, 0x09, 0x06, 0x0F, 0x01, 0x09, 0x01, 0x02,
    0x03, 0x00, 0x01, 0x01, 0x0D, 0x00, 0x01, 0x0B, 0x01, 0x0E, 0x01, 0x0C, 0x02, 0x06, 0x01, 0x0E,
    0x08, 0x0F, 0x01, 0x0E, 0x01, 0x07, 0x01, 0x06, 0x01, 0x0B, 0x01, 0x0E, 0x01, 0x0B, 0x0B, 0x00,
    0x01, 0x06, 0x14, 0x0F, 0x01, 0x06, 0x09, 0x00, 0x01, 0x01, 0x01, 0x0E, 0x14, 0x0F, 0x01, 0x0E,
    0x01, 0x01, 0x08, 0x00, 0x01, 0x07, 0x09, 0x0F, 0x01, 0x0B, 0x02, 0x08, 0x01, 0x0B, 0x09, 0x0F,
    0x01, 0x07, 0x08, 0x00, 0x01, 0x05, 0x07, 0x0F, 0x01, 0x0E, 0x01, 0x05, 0x04, 0x00, 0x01, 0x04,
    0x01, 0x0E, 0x07, 0x0F, 0x01, 0x05, 0x09, 0x00, 0x01, 0x06, 0x06, 0x0F, 0x01, 0x04, 0x06, 0x00,
    0x01, 0x04, 0x06, 0x0F, 0x01, 0x06, 0x0B, 0x00, 0x01, 0x06, 0x04, 0x0F, 0x01, 0x0B, 0x08, 0x00,
    0x01, 0x0B, 0x04, 0x0F, 0x01, 0x05, 0x0C, 0x00, 0x01, 0x03, 0x04, 0x0F, 0x01, 0x08, 0x08, 0x00,
    0x01, 0x08, 0x04, 0x0F, 0x01, 0x03, 0x0C, 0x00, 0x01, 0x03, 0x04, 0x0F, 0x01, 0x08, 0x08, 0x00,
    0x01, 0x08, 0x04, 0x0F, 0x01, 0x03, 0x0C, 0x00, 0x01, 0x06, 0x04, 0x0F, 0x01, 0x0B, 0x08, 0x00,
    0x01, 0x0B, 0x04, 0x0F, 0x01, 0x05, 0x0B, 0x00, 0x01, 0x06, 0x06, 0x0F, 0x01, 0x04, 0x06, 0x00,
    0x01, 0x04, 0x06, 0x0F, 0x01, 0x06, 0x09, 0x00, 0x01, 0x05, 0x07, 0x0F, 0x01, 0x0E, 0x01, 0x05,
    0x04, 0x00, 0x01, 0x04, 0x01, 0x0E, 0x07, 0x0F, 0x01, 0x05, 0x08, 0x00, 0x01, 0x07, 0x09, 0x0F,
    0x01, 0x0B, 0x02, 0x08, 0x01, 0x0B, 0x09, 0x0F, 0x01, 0x07, 0x08, 0x00, 0x01, 0x01, 0x01, 0x0E,
    0x14, 0x0F, 0x01, 0x0E, 0x01, 0x01, 0x09, 0x00, 0x01, 0x06, 0x14, 0x0F, 0x01, 0x06, 0x0B, 0x00,
    0x01, 0x0B, 0x01, 0x0E, 0x01, 0x0C, 0x02, 0x06, 0x01, 0x0E, 0x08, 0x0F, 0x01, 0x0E, 0x02, 0x06,
    0x01, 0x0B, 0x01, 0x0E, 0x01, 0x0B, 0x0D, 0x00, 0x01, 0x02, 0x03, 0x00, 0x01, 0x02, 0x01, 0x09,
    0x06, 0x0F, 0x01, 0x0A, 0x01, 0x02, 0x03, 0x00, 0x01, 0x02, 0x13, 0x00, 0x01, 0x02, 0x06, 0x0F,
    0x01, 0x02, 0x18, 0x00, 0x01, 0x01, 0x01, 0x0E, 0x04, 0x0F, 0x01, 0x0E, 0x01, 0x01, 0x19, 0x00,
    0x01, 0x09, 0x04, 0x0F, 0x01, 0x0A, 0x1B, 0x00, 0x04, 0x04, 0x6E, 0x00, 0xAA, 0x00, 0x01, 0x03,
    0x01, 0x08, 0x01, 0x09, 0x01, 0x06, 0x01, 0x02, 0x09, 0x00, 0x01, 0x02, 0x01, 0x05, 0x01, 0x01,
    0x0C, 0x00, 0x01, 0x03, 0x01, 0x08, 0x01, 0x0C, 0x04, 0x0F, 0x01, 0x0E, 0x01, 0x0B, 0x01, 0x07,
    0x01, 0x03, 0x03, 0x00, 0x01, 0x02, 0x01, 0x06, 0x01, 0x0B, 0x02, 0x0F, 0x01, 0x09, 0x0A, 0x00,
    0x01, 0x03, 0x01, 0x0C, 0x0B, 0x0F, 0x01, 0x0D, 0x01, 0x09, 0x01, 0x0B, 0x05, 0x0F, 0x01, 0x0B,
    0x0A, 0x00, 0x01, 0x0B, 0x07, 0x0F, 0x02, 0x09, 0x01, 0x0D, 0x0A, 0x0F, 0x01, 0x0B, 0x0A, 0x00,
    0x01, 0x0B, 0x07, 0x0F, 0x01, 0x05, 0x01, 0x00, 0x01, 0x01, 0x01, 0x04, 0x01, 0x08, 0x01, 0x0C,
    0x07, 0x0F, 0x01, 0x0B, 0x0A, 0x00, 0x01, 0x0B, 0x07, 0x0F, 0x01, 0x06, 0x04, 0x00, 0x01, 0x05,
    0x07, 0x0F, 0x01, 0x0B, 0x0A, 0x00, 0x01, 0x0B, 0x07, 0x0F, 0x01, 0x06, 0x04, 0x00, 0x01, 0x06,
    0x07, 0x0F, 0x01, 0x0B, 0x0A, 0x00, 0x01, 0x0B, 0x07, 0x0F, 0x01, 0x06, 0x04, 0x00, 0x01, 0x06,
    0x07, 0x0F, 0x01, 0x0B, 0x0A, 0x00, 0x01, 0x0B, 0x07, 0x0F, 0x01, 0x06, 0x04, 0x00, 0x01, 0x06,
    0x07, 0x0F, 0x01, 0x0B, 0x0A, 0x00, 0x01, 0x0B, 0x07, 0x0F, 0x01, 0x06, 0x04, 0x00, 0x01, 0x06,
    0x07, 0x0F, 0x01, 0x0B, 0x0A, 0x00, 0x01, 0x0B, 0x07, 0x0F, 0x01, 0x06, 0x04, 0x00, 0x01, 0x06,
    0x07, 0x0F, 0x01, 0x0B, 0x0A, 0x00, 0x01, 0x0B, 0x07, 0x0F, 0x01, 0x06, 0x04, 0x00, 0x01, 0x06,
    0x07, 0x0F, 0x01, 0x0B, 0x0A, 0x00, 0x01, 0x0B, 0x07, 0x0F, 0x01, 0x06, 0x04, 0x00, 0x01, 0x06,
    0x07, 0x0F, 0x01, 0x0B, 0x0A, 0x00, 0x01, 0x0B, 0x07, 0x0F, 0x01, 0x06, 0x04, 0x00, 0x01, 0x06,
    0x07, 0x0F, 0x01, 0x0B, 0x0A, 0x00, 0x01, 0x0B, 0x07, 0x0F, 0x01, 0x06, 0x04, 0x00, 0x01, 0x06,
    0x07, 0x0F, 0x01, 0x0B, 0x0A, 0x00, 0x01, 0x0B, 0x07, 0x0F, 0x01, 0x06, 0x04, 0x00, 0x01, 0x06,
    0x07, 0x0F, 0x01, 0x0B, 0x0A, 0x00, 0x01, 0x0B, 0x07, 0x0F, 0x01, 0x05, 0x04, 0x00, 0x01, 0x06,
    0x07, 0x0F, 0x01, 0x0B, 0x0A, 0x00, 0x01, 0x0B, 0x07, 0x0F, 0x01, 0x0C, 0x01, 0x08, 0x01, 0x03,
    0x01, 0x01, 0x01, 0x00, 0x01, 0x05, 0x07, 0x0F, 0x01, 0x0B, 0x0A, 0x00, 0x01, 0x0B, 0x0A, 0x0F,
    0x01, 0x0D, 0x02, 0x09, 0x07, 0x0F, 0x01, 0x0B, 0x0A, 0x00, 0x01, 0x0B, 0x05, 0x0F, 0x01, 0x0B,
    0x01, 0x09, 0x01, 0x0D, 0x0B, 0x0F, 0x01, 0x0C, 0x01, 0x03, 0x0A, 0x00, 0x01, 0x09, 0x02, 0x0F,
    0x01, 0x0B, 0x01, 0x06, 0x01, 0x02, 0x03, 0x00, 0x01, 0x03, 0x01, 0x07, 0x01, 0x0B, 0x01, 0x0E,
    0x04, 0x0F, 0x01, 0x0C, 0x01, 0x08, 0x01, 0x03, 0x0C, 0x00, 0x01, 0x01, 0x01, 0x05, 0x01, 0x02,
    0x09, 0x00, 0x01, 0x02, 0x01, 0x06, 0x01, 0x09, 0x01, 0x08, 0x01, 0x03, 0xAA, 0x00, 0xFF, 0x00,
    0x0D, 0x00, 0x02, 0x02, 0x1D, 0x00, 0x01, 0x03, 0x01, 0x0F, 0x01, 0x0E, 0x01, 0x04, 0x1C, 0x00,
    0x01, 0x04, 0x03, 0x0F, 0x01, 0x04, 0x1C, 0x00, 0x01, 0x07, 0x03, 0x0F, 0x01, 0x04, 0x1C, 0x00,
    0x01, 0x07, 0x03, 0x0F, 0x01, 0x04, 0x1C, 0x00, 0x01, 0x07, 0x03, 0x0F, 0x01, 0x04, 0x1C, 0x00,
    0x01, 0x07, 0x03, 0x0F, 0x01, 0x04, 0x1C, 0x00, 0x01, 0x06, 0x02, 0x0F, 0x01, 0x0E, 0x01, 0x02,
    0x1B, 0x00, 0x01, 0x06, 0x02, 0x0F, 0x01, 0x0E, 0x01, 0x02, 0x1A, 0x00, 0x01, 0x06, 0x03, 0x0F,
    0x01, 0x04, 0x1A, 0x00, 0x01, 0x06, 0x03, 0x0F, 0x01, 0x04, 0x1A, 0x00, 0x01, 0x06, 0x03, 0x0F,
    0x01, 0x04, 0x1A, 0x00, 0x01, 0x06, 0x03, 0x0F, 0x01, 0x04, 0x1A, 0x00, 0x01, 0x03, 0x03, 0x0F,
    0x01, 0x04, 0x1B, 0x00, 0x01, 0x03, 0x02, 0x0E, 0x01, 0x04, 0x1D, 0x00, 0x02, 0x02, 0xFF, 0x00,
    0x13, 0x00, 0xEE, 0x00, 0x01, 0x01, 0x02, 0x0A, 0x01, 0x01, 0x1B, 0x00, 0x01, 0x01, 0x01, 0x0B,
    0x02, 0x0F, 0x01, 0x05, 0x1A, 0x00, 0x01, 0x01, 0x01, 0x0B, 0x02, 0x0F, 0x01, 0x0B, 0x01, 0x01,
    0x19, 0x00, 0x01, 0x01, 0x01, 0x0B, 0x02, 0x0F, 0x01, 0x0B, 0x01, 0x01, 0x19, 0x00, 0x01, 0x01,
    0x01, 0x0B, 0x02, 0x0F, 0x01, 0x0B, 0x01, 0x01, 0x19, 0x00, 0x01, 0x01, 0x01, 0x0C, 0x02, 0x0F,
    0x01, 0x0C, 0x01, 0x01, 0x19, 0x00, 0x01, 0x01, 0x01, 0x0C, 0x02, 0x0F, 0x01, 0x0A, 0x1A, 0x00,
    0x01, 0x01, 0x01, 0x0C, 0x02, 0x0F, 0x01, 0x0E, 0x01, 0x06, 0x01, 0x05, 0x0A, 0x06, 0x01, 0x03,
    0x0E, 0x00, 0x01, 0x0A, 0x11, 0x0F, 0x01, 0x03, 0x0D, 0x00, 0x01, 0x09, 0x10, 0x0F, 0x01, 0x0E,
    0x01, 0x02, 0x0E, 0x00, 0x01, 0x0A, 0x02, 0x0F, 0x01, 0x0E, 0x01, 0x05, 0x0B, 0x04, 0x01, 0x02,
    0x10, 0x00, 0x01, 0x0A, 0x02, 0x0F, 0x01, 0x0C, 0x01, 0x01, 0x1C, 0x00, 0x01, 0x0A, 0x02, 0x0F,
    0x01, 0x0D, 0x01, 0x02, 0x1C, 0x00, 0x01, 0x0A, 0x02, 0x0F, 0x01, 0x0D, 0x01, 0x02, 0x1C, 0x00,
    0x01, 0x0A, 0x02, 0x0F, 0x01, 0x0D, 0x01, 0x02, 0x1C, 0x00, 0x01, 0x0A, 0x02, 0x0F, 0x01, 0x0D,
    0x01, 0x02, 0x1C, 0x00, 0x01, 0x0A, 0x02, 0x0F, 0x01, 0x05, 0x1D, 0x00, 0x02, 0x08, 0x01, 0x01,
    0xEE, 0x00, 0xB5, 0x00, 0x01, 0x08, 0x01, 0x0B, 0x01, 0x07, 0x1C, 0x00, 0x01, 0x0B, 0x03, 0x0F,
    0x01, 0x0A, 0x1A, 0x00, 0x01, 0x0B, 0x05, 0x0F, 0x01, 0x0A, 0x18, 0x00, 0x01, 0x0B, 0x02, 0x0F,
    0x01, 0x0C, 0x01, 0x03, 0x01, 0x0C, 0x02, 0x0F, 0x01, 0x08, 0x16, 0x00, 0x01, 0x0B, 0x02, 0x0F,
    0x01, 0x0E, 0x01, 0x02, 0x01, 0x00, 0x01, 0x03, 0x02, 0x0F, 0x01, 0x0B, 0x15, 0x00, 0x01, 0x0B,
    0x04, 0x0F, 0x01, 0x0C, 0x01, 0x03, 0x01, 0x0C, 0x02, 0x0F, 0x01, 0x08, 0x14, 0x00, 0x01, 0x0B,
    0x09, 0x0F, 0x01, 0x0B, 0x01, 0x01, 0x13, 0x00, 0x01, 0x0B, 0x09, 0x0F, 0x01, 0x0B, 0x14, 0x00,
    0x01, 0x0B, 0x09, 0x0F, 0x01, 0x0B, 0x14, 0x00, 0x01, 0x0B, 0x09, 0x0F, 0x01, 0x0B, 0x14, 0x00,
    0x01, 0x0B, 0x09, 0x0F, 0x01, 0x0B, 0x14, 0x00, 0x01, 0x0B, 0x09, 0x0F, 0x01, 0x0B, 0x14, 0x00,
    0x01, 0x0B, 0x09, 0x0F, 0x01, 0x0B, 0x14, 0x00, 0x01, 0x0B, 0x09, 0x0F, 0x01, 0x0B, 0x14, 0x00,
    0x01, 0x0B, 0x09, 0x0F, 0x01, 0x0B, 0x13, 0x00, 0x01, 0x01, 0x01, 0x0B, 0x09, 0x0F, 0x01, 0x0B,
    0x14, 0x00, 0x01, 0x08, 0x09, 0x0F, 0x01, 0x0B, 0x15, 0x00, 0x01, 0x0B, 0x08, 0x0F, 0x01, 0x0B,
    0x16, 0x00, 0x01, 0x0B, 0x07, 0x0F, 0x01, 0x0B, 0x17, 0x00, 0x01, 0x0B, 0x06, 0x0F, 0x01, 0x0B,
    0x18, 0x00, 0x01, 0x0B, 0x05, 0x0F, 0x01, 0x0B, 0x19, 0x00, 0x01, 0x04, 0x04, 0x0B, 0x01, 0x07,
    0xB5, 0x00, 0xFF, 0x00, 0x0B, 0x00, 0x01, 0x01, 0x01, 0x03, 0x08, 0x00, 0x01, 0x03, 0x14, 0x00,
    0x01, 0x01, 0x01, 0x0C, 0x01, 0x0F, 0x01, 0x07, 0x06, 0x00, 0x01, 0x09, 0x01, 0x0F, 0x01, 0x0B,
    0x12, 0x00, 0x01, 0x01, 0x01, 0x0C, 0x02, 0x0F, 0x01, 0x08, 0x06, 0x00, 0x01, 0x0A, 0x02, 0x0F,
    0x01, 0x0B, 0x10, 0x00, 0x01, 0x01, 0x01, 0x0C, 0x02, 0x0F, 0x01, 0x0A, 0x07, 0x00, 0x01, 0x01,
    0x01, 0x0C, 0x02, 0x0F, 0x01, 0x0B, 0x0E, 0x00, 0x01, 0x01, 0x01, 0x0C, 0x02, 0x0F, 0x01, 0x0B,
    0x09, 0x00, 0x01, 0x01, 0x01, 0x0C, 0x02, 0x0F, 0x01, 0x0B, 0x0C, 0x00, 0x01, 0x01, 0x01, 0x0C,
    0x02, 0x0F, 0x01, 0x0B, 0x0B, 0x00, 0x01, 0x01, 0x01, 0x0C, 0x02, 0x0F, 0x01, 0x0B, 0x0A, 0x00,
    0x01, 0x01, 0x01, 0x0C, 0x02, 0x0F, 0x01, 0x0B, 0x0D, 0x00, 0x01, 0x01, 0x01, 0x0C, 0x02, 0x0F,
    0x01, 0x0B, 0x01, 0x01, 0x08, 0x00, 0x01, 0x0B, 0x02, 0x0F, 0x01, 0x0A, 0x0F, 0x00, 0x01, 0x01,
    0x01, 0x0C, 0x02, 0x0F, 0x01, 0x09, 0x08, 0x00, 0x01, 0x0B, 0x02, 0x0F, 0x01, 0x0A, 0x0F, 0x00,
    0x01, 0x01, 0x01, 0x0B, 0x02, 0x0F, 0x01, 0x09, 0x08, 0x00, 0x01, 0x01, 0x01, 0x0C, 0x02, 0x0F,
    0x01, 0x0B, 0x0D, 0x00, 0x01, 0x01, 0x01, 0x0C, 0x02, 0x0F, 0x01, 0x0B, 0x01, 0x01, 0x09, 0x00,
    0x01, 0x01, 0x01, 0x0C, 0x02, 0x0F, 0x01, 0x0B, 0x0B, 0x00, 0x01, 0x01, 0x01, 0x0C, 0x02, 0x0F,
    0x01, 0x0B, 0x0C, 0x00, 0x01, 0x01, 0x01, 0x0C, 0x02, 0x0F, 0x01, 0x0B, 0x09, 0x00, 0x01, 0x01,
    0x01, 0x0C, 0x02, 0x0F, 0x01, 0x0B, 0x0E, 0x00, 0x01, 0x01, 0x01, 0x0C, 0x02, 0x0F, 0x01, 0x0B,
    0x07, 0x00, 0x01, 0x01, 0x01, 0x0C, 0x02, 0x0F, 0x01, 0x0B, 0x10, 0x00, 0x01, 0x01, 0x01, 0x0C,
    0x02, 0x0F, 0x01, 0x08, 0x06, 0x00, 0x01, 0x0A, 0x02, 0x0F, 0x01, 0x0B, 0x12, 0x00, 0x01, 0x01,
    0x01, 0x0C, 0x01, 0x0F, 0x01, 0x07, 0x06, 0x00, 0x01, 0x08, 0x01, 0x0F, 0x01, 0x0B, 0x14, 0x00,
    0x01, 0x01, 0x01, 0x03, 0x08, 0x00, 0x01, 0x03, 0xFF, 0x00, 0x0C, 0x00, 0xFF, 0x00, 0x0D, 0x00,
    0x01, 0x01, 0x01, 0x05, 0x01, 0x09, 0x02, 0x0B, 0x01, 0x09, 0x01, 0x05, 0x01, 0x01, 0x17, 0x00,
    0x01, 0x05, 0x01, 0x0D, 0x06, 0x0F, 0x01, 0x0D, 0x01, 0x05, 0x15, 0x00, 0x01, 0x07, 0x0A, 0x0F,
    0x01, 0x07, 0x13, 0x00, 0x01, 0x05, 0x0C, 0x0F, 0x01, 0x05, 0x11, 0x00, 0x01, 0x01, 0x01, 0x0D,
    0x0C, 0x0F, 0x01, 0x0E, 0x01, 0x01, 0x10, 0x00, 0x01, 0x05, 0x0E, 0x0F, 0x01, 0x05, 0x10, 0x00,
    0x01, 0x09, 0x0E, 0x0F, 0x01, 0x09, 0x10, 0x00, 0x01, 0x0B, 0x0E, 0x0F, 0x01, 0x0B, 0x10, 0x00,
    0x01, 0x0B, 0x0E, 0x0F, 0x01, 0x0B, 0x10, 0x00, 0x01, 0x09, 0x0E, 0x0F, 0x01, 0x09, 0x10, 0x00,
    0x01, 0x05, 0x0E, 0x0F, 0x01, 0x05, 0x10, 0x00, 0x01, 0x01, 0x01, 0x0E, 0x0C, 0x0F, 0x01, 0x0D,
    0x01, 0x01, 0x11, 0x00, 0x01, 0x05, 0x0C, 0x0F, 0x01, 0x05, 0x13, 0x00, 0x01, 0x07, 0x0A, 0x0F,
    0x01, 0x07, 0x15, 0x00, 0x01, 0x05, 0x01, 0x0D, 0x06, 0x0F, 0x01, 0x0D, 0x01, 0x05, 0x17, 0x00,
    0x01, 0x01, 0x01, 0x05, 0x01, 0x09, 0x02, 0x0B, 0x01, 0x09, 0x01, 0x05, 0x01, 0x01, 0xFF, 0x00,
    0x0D, 0x00, 0xFF, 0x00, 0x37, 0x00, 0x01, 0x03, 0x01, 0x06, 0x1D, 0x00, 0x01, 0x03, 0x01, 0x0E,
    0x01, 0x0F, 0x01, 0x08, 0x1B, 0x00, 0x01, 0x03, 0x01, 0x0E, 0x02, 0x0F, 0x01, 0x06, 0x1A, 0x00,
    0x01, 0x03, 0x01, 0x0E, 0x02, 0x0F, 0x01, 0x08, 0x1A, 0x00, 0x01, 0x03, 0x01, 0x0E, 0x02, 0x0F,
    0x01, 0x08, 0x1A, 0x00, 0x01, 0x03, 0x01, 0x0E, 0x02, 0x0F, 0x01, 0x08, 0x11, 0x00, 0x01, 0x02,
    0x01, 0x0A, 0x01, 0x06, 0x06, 0x00, 0x01, 0x03, 0x01, 0x0E, 0x02, 0x0F, 0x01, 0x08, 0x12, 0x00,
    0x01, 0x09, 0x02, 0x0F, 0x01, 0x07, 0x04, 0x00, 0x01, 0x03, 0x01, 0x0E, 0x02, 0x0F, 0x01, 0x08,
    0x13, 0x00, 0x01, 0x04, 0x03, 0x0F, 0x01, 0x07, 0x02, 0x00, 0x01, 0x03, 0x01, 0x0E, 0x02, 0x0F,
    0x01, 0x08, 0x15, 0x00, 0x01, 0x05, 0x03, 0x0F, 0x01, 0x07, 0x01, 0x03, 0x01, 0x0E, 0x02, 0x0F,
    0x01, 0x08, 0x17, 0x00, 0x01, 0x05, 0x06, 0x0F, 0x01, 0x08, 0x19, 0x00, 0x01, 0x05, 0x04, 0x0F,
    0x01, 0x08, 0x1B, 0x00, 0x01, 0x05, 0x02, 0x0F, 0x01, 0x08, 0x1D, 0x00, 0x01, 0x03, 0x01, 0x05,
    0xFF, 0x00, 0x33, 0x00, 0xFF, 0x00, 0x0A, 0x00, 0x01, 0x02, 0x01, 0x03, 0x0A, 0x00, 0x01, 0x03,
    0x01, 0x02, 0x11, 0x00, 0x01, 0x02, 0x01, 0x0E, 0x01, 0x0F, 0x01, 0x06, 0x08, 0x00, 0x01, 0x06,
    0x01, 0x0F, 0x01, 0x0E, 0x01, 0x02, 0x10, 0x00, 0x01, 0x03, 0x03, 0x0F, 0x01, 0x06, 0x06, 0x00,
    0x01, 0x06, 0x03, 0x0F, 0x01, 0x03, 0x11, 0x00, 0x01, 0x06, 0x03, 0x0F, 0x01, 0x05, 0x04, 0x00,
    0x01, 0x06, 0x03, 0x0F, 0x01, 0x06, 0x13, 0x00, 0x01, 0x06, 0x03, 0x0F, 0x01, 0x05, 0x02, 0x00,
    0x01, 0x06, 0x03, 0x0F, 0x01, 0x06, 0x15, 0x00, 0x01, 0x06, 0x03, 0x0F, 0x02, 0x05, 0x03, 0x0F,
    0x01, 0x06, 0x17, 0x00, 0x01, 0x06, 0x06, 0x0F, 0x01, 0x06, 0x19, 0x00, 0x01, 0x05, 0x04, 0x0F,
    0x01, 0x05, 0x1A, 0x00, 0x01, 0x05, 0x04, 0x0F, 0x01, 0x05, 0x19, 0x00, 0x01, 0x06, 0x06, 0x0F,
    0x01, 0x05, 0x17, 0x00, 0x01, 0x06, 0x03, 0x0F, 0x01, 0x05, 0x01, 0x06, 0x03, 0x0F, 0x01, 0x05,
    0x15, 0x00, 0x01, 0x06, 0x03, 0x0F, 0x01, 0x06, 0x02, 0x00, 0x01, 0x06, 0x03, 0x0F, 0x01, 0x05,
    0x13, 0x00, 0x01, 0x06, 0x03, 0x0F, 0x01, 0x06, 0x04, 0x00, 0x01, 0x06, 0x03, 0x0F, 0x01, 0x05,
    0x11, 0x00, 0x01, 0x03, 0x03, 0x0F, 0x01, 0x06, 0x06, 0x00, 0x01, 0x06, 0x03, 0x0F, 0x01, 0x03,
    0x10, 0x00, 0x01, 0x02, 0x01, 0x0E, 0x01, 0x0F, 0x01, 0x06, 0x08, 0x00, 0x01, 0x06, 0x01, 0x0F,
    0x01, 0x0E, 0x01, 0x02, 0x11, 0x00, 0x01, 0x02, 0x01, 0x03, 0x0A, 0x00, 0x01, 0x03, 0x01, 0x02,
    0xFF, 0x00, 0x0A, 0x00, 0xAE, 0x00, 0x01, 0x02, 0x02, 0x0C, 0x01, 0x01, 0x1C, 0x00, 0x01, 0x0A,
    0x02, 0x0F, 0x01, 0x0A, 0x1B, 0x00, 0x01, 0x04, 0x04, 0x0F, 0x01, 0x04, 0x1A, 0x00, 0x01, 0x0C,
    0x04, 0x0F, 0x01, 0x0C, 0x19, 0x00, 0x01, 0x07, 0x06, 0x0F, 0x01, 0x07, 0x17, 0x00, 0x01, 0x02,
    0x01, 0x0E, 0x06, 0x0F, 0x01, 0x0E, 0x01, 0x02, 0x16, 0x00, 0x01, 0x0A, 0x08, 0x0F, 0x01, 0x0A,
    0x15, 0x00, 0x01, 0x04, 0x0A, 0x0F, 0x01, 0x04, 0x14, 0x00, 0x01, 0x0C, 0x03, 0x0F, 0x01, 0x0E,
    0x01, 0x05, 0x01, 0x04, 0x01, 0x0E, 0x03, 0x0F, 0x01, 0x0C, 0x13, 0x00, 0x01, 0x07, 0x04, 0x0F,
    0x01, 0x0D, 0x02, 0x00, 0x01, 0x0C, 0x04, 0x0F, 0x01, 0x07, 0x11, 0x00, 0x01, 0x02, 0x01, 0x0E,
    0x04, 0x0F, 0x01, 0x0D, 0x02, 0x00, 0x01, 0x0D, 0x04, 0x0F, 0x01, 0x0E, 0x01, 0x02, 0x10, 0x00,
    0x01, 0x0A, 0x05, 0x0F, 0x01, 0x0D, 0x02, 0x00, 0x01, 0x0D, 0x05, 0x0F, 0x01, 0x0A, 0x0F, 0x00,
    0x01, 0x04, 0x06, 0x0F, 0x01, 0x0D, 0x02, 0x00, 0x01, 0x0C, 0x06, 0x0F, 0x01, 0x04, 0x0E, 0x00,
    0x01, 0x0D, 0x06, 0x0F, 0x01, 0x0E, 0x02, 0x03, 0x01, 0x0E, 0x06, 0x0F, 0x01, 0x0D, 0x0D, 0x00,
    0x01, 0x07, 0x12, 0x0F, 0x01, 0x07, 0x0B, 0x00, 0x01, 0x02, 0x01, 0x0E, 0x08, 0x0F, 0x02, 0x08,
    0x08, 0x0F, 0x01, 0x0E, 0x01, 0x02, 0x0A, 0x00, 0x01, 0x0A, 0x08, 0x0F, 0x01, 0x0D, 0x02, 0x00,
    0x01, 0x0D, 0x08, 0x0F, 0x01, 0x0A, 0x09, 0x00, 0x01, 0x04, 0x0A, 0x0F, 0x02, 0x06, 0x0A, 0x0F,
    0x01, 0x04, 0x08, 0x00, 0x01, 0x0D, 0x16, 0x0F, 0x01, 0x0D, 0x07, 0x00, 0x01, 0x07, 0x18, 0x0F,
    0x01, 0x07, 0x06, 0x00, 0x01, 0x0B, 0x18, 0x0F, 0x01, 0x0B, 0x06, 0x00, 0x01, 0x02, 0x18, 0x09,
    0x01, 0x02, 0xA3, 0x00, 0xCE, 0x00, 0x01, 0x04, 0x01, 0x01, 0x04, 0x00, 0x01, 0x01, 0x01, 0x04,
    0x17, 0x00, 0x01, 0x08, 0x01, 0x0F, 0x01, 0x0B, 0x04, 0x00, 0x01, 0x0B, 0x01, 0x0F, 0x01, 0x08,
    0x16, 0x00, 0x01, 0x0C, 0x01, 0x0F, 0x01, 0x0C, 0x03, 0x00, 0x01, 0x02, 0x02, 0x0F, 0x01, 0x08,
    0x15, 0x00, 0x01, 0x02, 0x01, 0x0E, 0x01, 0x0F, 0x01, 0x08, 0x01, 0x00, 0x01, 0x01, 0x01, 0x00,
    0x01, 0x05, 0x02, 0x0F, 0x01, 0x04, 0x15, 0x00, 0x01, 0x05, 0x02, 0x0F, 0x01, 0x04, 0x03, 0x00,
    0x01, 0x08, 0x01, 0x0F, 0x01, 0x0E, 0x01, 0x01, 0x10, 0x00, 0x01, 0x05, 0x04, 0x0B, 0x01, 0x0D,
    0x02, 0x0F, 0x01, 0x0C, 0x03, 0x0B, 0x01, 0x0E, 0x01, 0x0F, 0x01, 0x0E, 0x03, 0x0B, 0x01, 0x09,
    0x01, 0x01, 0x0C, 0x00, 0x01, 0x0E, 0x12, 0x0F, 0x01, 0x06, 0x0C, 0x00, 0x01, 0x07, 0x02, 0x0C,
    0x02, 0x0D, 0x02, 0x0F, 0x01, 0x0E, 0x04, 0x0D, 0x02, 0x0F, 0x02, 0x0D, 0x02, 0x0C, 0x01, 0x0B,
    0x01, 0x02, 0x10, 0x00, 0x01, 0x05, 0x02, 0x0F, 0x01, 0x04, 0x03, 0x00, 0x01, 0x08, 0x01, 0x0F,
    0x01, 0x0E, 0x01, 0x01, 0x15, 0x00, 0x01, 0x08, 0x01, 0x0F, 0x01, 0x0E, 0x01, 0x01, 0x03, 0x00,
    0x01, 0x0C, 0x01, 0x0F, 0x01, 0x0B, 0x16, 0x00, 0x01, 0x0C, 0x01, 0x0F, 0x01, 0x0C, 0x03, 0x00,
    0x01, 0x02, 0x01, 0x0E, 0x01, 0x0F, 0x01, 0x08, 0x15, 0x00, 0x01, 0x01, 0x01, 0x0E, 0x01, 0x0F,
    0x01, 0x07, 0x03, 0x00, 0x01, 0x04, 0x02, 0x0F, 0x01, 0x04, 0x11, 0x00, 0x01, 0x03, 0x03, 0x04,
    0x01, 0x07, 0x02, 0x0F, 0x01, 0x07, 0x03, 0x04, 0x01, 0x0A, 0x01, 0x0F, 0x01, 0x0E, 0x01, 0x05,
    0x03, 0x04, 0x01, 0x01, 0x0C, 0x00, 0x01, 0x04, 0x12, 0x0F, 0x01, 0x0B, 0x0C, 0x00, 0x01, 0x05,
    0x12, 0x0F, 0x01, 0x0C, 0x0D, 0x00, 0x01, 0x04, 0x02, 0x06, 0x01, 0x07, 0x02, 0x0F, 0x01, 0x0A,
    0x03, 0x06, 0x01, 0x09, 0x02, 0x0F, 0x01, 0x08, 0x03, 0x06, 0x01, 0x05, 0x01, 0x01, 0x10, 0x00,
    0x01, 0x04, 0x02, 0x0F, 0x01, 0x04, 0x03, 0x00, 0x01, 0x08, 0x01, 0x0F, 0x01, 0x0E, 0x01, 0x01,
    0x15, 0x00, 0x01, 0x09, 0x02, 0x0F, 0x01, 0x02, 0x03, 0x00, 0x01, 0x0C, 0x01, 0x0F, 0x01, 0x0C,
    0x16, 0x00, 0x01, 0x07, 0x01, 0x0F, 0x01, 0x0A, 0x04, 0x00, 0x01, 0x0A, 0x01, 0x0F, 0x01, 0x07,
    0x17, 0x00, 0x01, 0x03, 0x01, 0x01, 0x05, 0x00, 0x01, 0x03, 0xCE, 0x00, 0x6D, 0x00, 0x01, 0x01,
    0x01, 0x03, 0x02, 0x04, 0x01, 0x03, 0x01, 0x01, 0x17, 0x00, 0x01, 0x01, 0x01, 0x06, 0x01, 0x0B,
    0x01, 0x0E, 0x04, 0x0F, 0x01, 0x0E, 0x01, 0x0B, 0x01, 0x06, 0x01, 0x01, 0x13, 0x00, 0x01, 0x06,
    0x01, 0x0D, 0x0A, 0x0F, 0x01, 0x0D, 0x01, 0x06, 0x10, 0x00, 0x01, 0x01, 0x01, 0x0A, 0x0E, 0x0F,
    0x01, 0x0A, 0x01, 0x01, 0x0D, 0x00, 0x01, 0x01, 0x01, 0x0B, 0x0B, 0x0F, 0x01, 0x0B, 0x01, 0x07,
    0x01, 0x0E, 0x02, 0x0F, 0x01, 0x0C, 0x01, 0x01, 0x0C, 0x00, 0x01, 0x0A, 0x0C, 0x0F, 0x01, 0x08,
    0x01, 0x00, 0x01, 0x02, 0x01, 0x0C, 0x02, 0x0F, 0x01, 0x0A, 0x0B, 0x00, 0x01, 0x06, 0x08, 0x0F,
    0x04, 0x0E, 0x01, 0x0A, 0x01, 0x01, 0x02, 0x00, 0x01, 0x01, 0x01, 0x0C, 0x02, 0x0F, 0x01, 0x06,
    0x09, 0x00, 0x01, 0x01, 0x01, 0x0E, 0x08, 0x0F, 0x01, 0x08, 0x03, 0x01, 0x05, 0x00, 0x01, 0x02,
    0x01, 0x0E, 0x01, 0x0F, 0x01, 0x0E, 0x01, 0x01, 0x08, 0x00, 0x01, 0x06, 0x09, 0x0F, 0x01, 0x07,
    0x09, 0x00, 0x01, 0x07, 0x02, 0x0F, 0x01, 0x06, 0x08, 0x00, 0x01, 0x0B, 0x06, 0x0F, 0x02, 0x0E,
    0x01, 0x0C, 0x01, 0x02, 0x09, 0x00, 0x01, 0x01, 0x01, 0x0E, 0x01, 0x0F, 0x01, 0x0B, 0x07, 0x00,
    0x01, 0x01, 0x01, 0x0E, 0x06, 0x0F, 0x01, 0x08, 0x01, 0x01, 0x0C, 0x00, 0x01, 0x0A, 0x01, 0x0F,
    0x01, 0x0E, 0x01, 0x01, 0x06, 0x00, 0x01, 0x03, 0x02, 0x0F, 0x01, 0x08, 0x01, 0x0B, 0x01, 0x0F,
    0x01, 0x0E, 0x01, 0x0F, 0x01, 0x07, 0x0D, 0x00, 0x01, 0x07, 0x02, 0x0F, 0x01, 0x03, 0x06, 0x00,
    0x01, 0x04, 0x02, 0x0F, 0x01, 0x05, 0x01, 0x01, 0x01, 0x0C, 0x02, 0x0F, 0x01, 0x08, 0x07, 0x01,
    0x06, 0x00, 0x01, 0x06, 0x02, 0x0F, 0x01, 0x04, 0x06, 0x00, 0x01, 0x04, 0x02, 0x0F, 0x01, 0x06,
    0x01, 0x00, 0x01, 0x01, 0x01, 0x0C, 0x01, 0x0F, 0x08, 0x0E, 0x01, 0x0C, 0x01, 0x02, 0x04, 0x00,
    0x01, 0x06, 0x02, 0x0F, 0x01, 0x04, 0x06, 0x00, 0x01, 0x03, 0x02, 0x0F, 0x01, 0x07, 0x02, 0x00,
    0x01, 0x01, 0x01, 0x0C, 0x09, 0x0F, 0x01, 0x06, 0x04, 0x00, 0x01, 0x07, 0x02, 0x0F, 0x01, 0x03,
    0x06, 0x00, 0x01, 0x01, 0x01, 0x0E, 0x01, 0x0F, 0x01, 0x0A, 0x03, 0x00, 0x01, 0x01, 0x01, 0x0C,
    0x08, 0x0F, 0x01, 0x06, 0x04, 0x00, 0x01, 0x0A, 0x01, 0x0F, 0x01, 0x0E, 0x01, 0x01, 0x07, 0x00,
    0x01, 0x0B, 0x01, 0x0F, 0x01, 0x0E, 0x01, 0x01, 0x03, 0x00, 0x01, 0x01, 0x01, 0x0C, 0x07, 0x0F,
    0x01, 0x06, 0x03, 0x00, 0x01, 0x01, 0x01, 0x0E, 0x01, 0x0F, 0x01, 0x0B, 0x08, 0x00, 0x01, 0x06,
    0x02, 0x0F, 0x01, 0x07, 0x04, 0x00, 0x01, 0x02, 0x01, 0x0E, 0x06, 0x0F, 0x01, 0x0B, 0x01, 0x09,
    0x01, 0x05, 0x01, 0x00, 0x01, 0x07, 0x02, 0x0F, 0x01, 0x06, 0x08, 0x00, 0x01, 0x01, 0x01, 0x0D,
    0x01, 0x0F, 0x01, 0x0E, 0x01, 0x02, 0x03, 0x00, 0x01, 0x01, 0x01, 0x0E, 0x09, 0x0F, 0x01, 0x06,
    0x01, 0x0E, 0x01, 0x0F, 0x01, 0x0D, 0x01, 0x01, 0x09, 0x00, 0x01, 0x05, 0x02, 0x0F, 0x01, 0x0C,
    0x01, 0x01, 0x03, 0x00, 0x01, 0x0C, 0x0C, 0x0F, 0x01, 0x05, 0x0B, 0x00, 0x01, 0x0A, 0x02, 0x0F,
    0x01, 0x0C, 0x01, 0x02, 0x02, 0x00, 0x01, 0x02, 0x01, 0x0B, 0x0A, 0x0F, 0x01, 0x0A, 0x0D, 0x00,
    0x01, 0x0B, 0x02, 0x0F, 0x01, 0x0E, 0x01, 0x07, 0x01, 0x02, 0x01, 0x00, 0x01, 0x07, 0x09, 0x0F,
    0x01, 0x0B, 0x0F, 0x00, 0x01, 0x09, 0x03, 0x0F, 0x01, 0x0E, 0x01, 0x0A, 0x01, 0x0C, 0x08, 0x0F,
    0x01, 0x09, 0x11, 0x00, 0x01, 0x05, 0x01, 0x0C, 0x0A, 0x0F, 0x01, 0x0D, 0x01, 0x05, 0x14, 0x00,
    0x01, 0x05, 0x01, 0x0A, 0x01, 0x0D, 0x04, 0x0F, 0x01, 0x0D, 0x01, 0x0A, 0x01, 0x05, 0x19, 0x00,
    0x01, 0x02, 0x02, 0x03, 0x01, 0x02, 0x01, 0x01, 0x6D, 0x00, 0xFF, 0x00, 0x0F, 0x00, 0x01, 0x01,
    0x01, 0x09, 0x01, 0x0A, 0x01, 0x01, 0x1C, 0x00, 0x01, 0x04, 0x02, 0x0F, 0x01, 0x05, 0x1C, 0x00,
    0x01, 0x04, 0x02, 0x0F, 0x01, 0x06, 0x1C, 0x00, 0x01, 0x04, 0x02, 0x0F, 0x01, 0x06, 0x1C, 0x00,
    0x01, 0x04, 0x02, 0x0F, 0x01, 0x06, 0x1C, 0x00, 0x01, 0x03, 0x02, 0x0F, 0x01, 0x05, 0x16, 0x00,
    0x01, 0x01, 0x01, 0x05, 0x04, 0x06, 0x01, 0x08, 0x02, 0x0F, 0x01, 0x09, 0x04, 0x06, 0x01, 0x05,
    0x01, 0x01, 0x10, 0x00, 0x01, 0x0A, 0x0E, 0x0F, 0x01, 0x0A, 0x10, 0x00, 0x01, 0x09, 0x0E, 0x0F,
    0x01, 0x09, 0x11, 0x00, 0x05, 0x04, 0x01, 0x07, 0x02, 0x0F, 0x01, 0x08, 0x05, 0x04, 0x17, 0x00,
    0x01, 0x03, 0x02, 0x0F, 0x01, 0x05, 0x1C, 0x00, 0x01, 0x04, 0x02, 0x0F, 0x01, 0x06, 0x1C, 0x00,
    0x01, 0x04, 0x02, 0x0F, 0x01, 0x06, 0x1C, 0x00, 0x01, 0x04, 0x02, 0x0F, 0x01, 0x06, 0x1C, 0x00,
    0x01, 0x04, 0x02, 0x0F, 0x01, 0x05, 0x1D, 0x00, 0x01, 0x09, 0x01, 0x0A, 0x01, 0x01, 0xFF, 0x00,
    0x0F, 0x00, 0xFF, 0x00, 0x0C, 0x00, 0x01, 0x02, 0x01, 0x03, 0x1D, 0x00, 0x01, 0x04, 0x01, 0x0E,
    0x01, 0x0F, 0x01, 0x03, 0x1B, 0x00, 0x01, 0x04, 0x01, 0x0E, 0x02, 0x0F, 0x01, 0x04, 0x1A, 0x00,
    0x01, 0x04, 0x01, 0x0E, 0x02, 0x0F, 0x01, 0x07, 0x1A, 0x00, 0x01, 0x04, 0x01, 0x0E, 0x02, 0x0F,
    0x01, 0x06, 0x1A, 0x00, 0x01, 0x04, 0x01, 0x0E, 0x02, 0x0F, 0x01, 0x0A, 0x01, 0x03, 0x09, 0x04,
    0x01, 0x03, 0x01, 0x01, 0x0E, 0x00, 0x01, 0x02, 0x01, 0x0E, 0x0F, 0x0F, 0x01, 0x0D, 0x01, 0x08,
    0x0D, 0x00, 0x01, 0x03, 0x12, 0x0F, 0x01, 0x0B, 0x01, 0x01, 0x0C, 0x00, 0x01, 0x05, 0x03, 0x0F,
    0x01, 0x0A, 0x01, 0x05, 0x09, 0x06, 0x01, 0x08, 0x01, 0x0D, 0x02, 0x0F, 0x01, 0x0A, 0x0D, 0x00,
    0x01, 0x05, 0x02, 0x0F, 0x01, 0x0E, 0x01, 0x04, 0x0A, 0x00, 0x01, 0x01, 0x01, 0x0C, 0x02, 0x0F,
    0x01, 0x04, 0x0D, 0x00, 0x01, 0x06, 0x03, 0x0F, 0x01, 0x06, 0x0A, 0x00, 0x01, 0x03, 0x02, 0x0F,
    0x01, 0x09, 0x0E, 0x00, 0x01, 0x06, 0x03, 0x0F, 0x01, 0x03, 0x0A, 0x00, 0x01, 0x0D, 0x01, 0x0F,
    0x01, 0x0B, 0x0F, 0x00, 0x01, 0x06, 0x02, 0x0F, 0x01, 0x04, 0x0A, 0x00, 0x01, 0x0C, 0x01, 0x0F,
    0x01, 0x0B, 0x10, 0x00, 0x02, 0x04, 0x0B, 0x00, 0x01, 0x0D, 0x01, 0x0F, 0x01, 0x0B, 0x1D, 0x00,
    0x01, 0x0D, 0x01, 0x0F, 0x01, 0x0B, 0x1D, 0x00, 0x01, 0x0D, 0x01, 0x0F, 0x01, 0x0B, 0x1D, 0x00,
    0x01, 0x04, 0x01, 0x0A, 0x01, 0x03, 0xE5, 0x00, 0x8E, 0x00, 0x04, 0x01, 0x1A, 0x00, 0x01, 0x01,
    0x01, 0x0C, 0x04, 0x0E, 0x01, 0x0B, 0x14, 0x00, 0x01, 0x03, 0x04, 0x04, 0x01, 0x07, 0x06, 0x0F,
    0x01, 0x06, 0x04, 0x04, 0x01, 0x03, 0x0D, 0x00, 0x01, 0x07, 0x12, 0x0F, 0x01, 0x07, 0x0C, 0x00,
    0x01, 0x08, 0x12, 0x0F, 0x01, 0x08, 0x0D, 0x00, 0x01, 0x06, 0x01, 0x0E, 0x0E, 0x0F, 0x01, 0x0E,
    0x01, 0x05, 0x0F, 0x00, 0x01, 0x0E, 0x0E, 0x0F, 0x01, 0x0D, 0x0F, 0x00, 0x01, 0x01, 0x01, 0x0E,
    0x04, 0x0F, 0x01, 0x0A, 0x01, 0x09, 0x02, 0x0F, 0x01, 0x09, 0x01, 0x0B, 0x04, 0x0F, 0x01, 0x0D,
    0x0F, 0x00, 0x01, 0x01, 0x01, 0x0E, 0x03, 0x0F, 0x01, 0x0D, 0x02, 0x00, 0x02, 0x0D, 0x01, 0x00,
    0x01, 0x01, 0x01, 0x0E, 0x03, 0x0F, 0x01, 0x0D, 0x0F, 0x00, 0x01, 0x01, 0x01, 0x0E, 0x03, 0x0F,
    0x01, 0x0D, 0x02, 0x00, 0x02, 0x0C, 0x01, 0x00, 0x01, 0x01, 0x01, 0x0E, 0x03, 0x0F, 0x01, 0x0D,
    0x0F, 0x00, 0x01, 0x01, 0x01, 0x0E, 0x03, 0x0F, 0x01, 0x0D, 0x02, 0x00, 0x02, 0x0C, 0x01, 0x00,
    0x01, 0x01, 0x01, 0x0E, 0x03, 0x0F, 0x01, 0x0D, 0x0F, 0x00, 0x01, 0x01, 0x01, 0x0E, 0x03, 0x0F,
    0x01, 0x0D, 0x02, 0x00, 0x02, 0x0C, 0x01, 0x00, 0x01, 0x01, 0x01, 0x0E, 0x03, 0x0F, 0x01, 0x0D,
    0x0F, 0x00, 0x01, 0x01, 0x01, 0x0E, 0x03, 0x0F, 0x01, 0x0D, 0x02, 0x00, 0x02, 0x0C, 0x01, 0x00,
    0x01, 0x01, 0x01, 0x0E, 0x03, 0x0F, 0x01, 0x0D, 0x0F, 0x00, 0x01, 0x01, 0x01, 0x0E, 0x03, 0x0F,
    0x01, 0x0D, 0x02, 0x00, 0x02, 0x0C, 0x01, 0x00, 0x01, 0x01, 0x01, 0x0E, 0x03, 0x0F, 0x01, 0x0D,
    0x0F, 0x00, 0x01, 0x01, 0x01, 0x0E, 0x03, 0x0F, 0x01, 0x0D, 0x02, 0x00, 0x02, 0x0C, 0x01, 0x00,
    0x01, 0x01, 0x01, 0x0E, 0x03, 0x0F, 0x01, 0x0D, 0x0F, 0x00, 0x01, 0x01, 0x01, 0x0E, 0x03, 0x0F,
    0x01, 0x0D, 0x02, 0x00, 0x02, 0x0C, 0x01, 0x00, 0x01, 0x01, 0x01, 0x0E, 0x03, 0x0F, 0x01, 0x0D,
    0x0F, 0x00, 0x01, 0x01, 0x01, 0x0E, 0x03, 0x0F, 0x01, 0x0D, 0x02, 0x00, 0x02, 0x0C, 0x01, 0x00,
    0x01, 0x01, 0x01, 0x0E, 0x03, 0x0F, 0x01, 0x0D, 0x0F, 0x00, 0x01, 0x01, 0x01, 0x0E, 0x03, 0x0F,
    0x01, 0x0E, 0x01, 0x04, 0x01, 0x02, 0x02, 0x0E, 0x01, 0x02, 0x01, 0x05, 0x04, 0x0F, 0x01, 0x0D,
    0x0F, 0x00, 0x01, 0x01, 0x01, 0x0E, 0x0E, 0x0F, 0x01, 0x0D, 0x0F, 0x00, 0x01, 0x01, 0x01, 0x0E,
    0x0E, 0x0F, 0x01, 0x0D, 0x0F, 0x00, 0x01, 0x01, 0x01, 0x0E, 0x0E, 0x0F, 0x01, 0x0D, 0x10, 0x00,
    0x01, 0x09, 0x0E, 0x0F, 0x01, 0x07, 0x11, 0x00, 0x01, 0x07, 0x0C, 0x0B, 0x01, 0x06, 0xA9, 0x00,
    0x6F, 0x00, 0x01, 0x01, 0x1E, 0x00, 0x01, 0x05, 0x01, 0x0D, 0x01, 0x0A, 0x1D, 0x00, 0x01, 0x0A,
    0x02, 0x0F, 0x01, 0x0A, 0x1C, 0x00, 0x01, 0x09, 0x03, 0x0F, 0x01, 0x0A, 0x15, 0x00, 0x02, 0x01,
    0x04, 0x00, 0x01, 0x09, 0x04, 0x0F, 0x01, 0x0A, 0x13, 0x00, 0x01, 0x01, 0x01, 0x0D, 0x01, 0x0E,
    0x01, 0x03, 0x03, 0x00, 0x01, 0x09, 0x01, 0x0F, 0x01, 0x0B, 0x01, 0x09, 0x02, 0x0F, 0x01, 0x0A,
    0x12, 0x00, 0x01, 0x01, 0x01, 0x0E, 0x01, 0x0F, 0x01, 0x0E, 0x01, 0x03, 0x02, 0x00, 0x01, 0x09,
    0x01, 0x0F, 0x01, 0x0B, 0x01, 0x00, 0x01, 0x0A, 0x02, 0x0F, 0x01, 0x0A, 0x12, 0x00, 0x01, 0x03,
    0x01, 0x0E, 0x01, 0x0F, 0x01, 0x0E, 0x01, 0x04, 0x01, 0x00, 0x01, 0x09, 0x01, 0x0F, 0x01, 0x0B,
    0x02, 0x00, 0x01, 0x0A, 0x02, 0x0F, 0x01, 0x06, 0x12, 0x00, 0x01, 0x04, 0x01, 0x0E, 0x01, 0x0F,
    0x01, 0x0E, 0x01, 0x03, 0x01, 0x08, 0x01, 0x0F, 0x01, 0x0B, 0x01, 0x00, 0x01, 0x03, 0x01, 0x0D,
    0x02, 0x0F, 0x01, 0x03, 0x13, 0x00, 0x01, 0x04, 0x01, 0x0E, 0x01, 0x0F, 0x01, 0x0D, 0x01, 0x0C,
    0x01, 0x0F, 0x01, 0x0A, 0x01, 0x02, 0x01, 0x0E, 0x02, 0x0F, 0x01, 0x05, 0x15, 0x00, 0x01, 0x04,
    0x01, 0x0E, 0x03, 0x0F, 0x02, 0x0D, 0x02, 0x0F, 0x01, 0x05, 0x17, 0x00, 0x01, 0x04, 0x06, 0x0F,
    0x01, 0x05, 0x19, 0x00, 0x01, 0x04, 0x01, 0x0E, 0x02, 0x0F, 0x01, 0x0E, 0x01, 0x04, 0x1A, 0x00,
    0x01, 0x02, 0x01, 0x0E, 0x02, 0x0F, 0x01, 0x0E, 0x01, 0x03, 0x19, 0x00, 0x01, 0x03, 0x01, 0x0E,
    0x04, 0x0F, 0x01, 0x0E, 0x01, 0x04, 0x17, 0x00, 0x01, 0x02, 0x01, 0x0E, 0x03, 0x0F, 0x01, 0x0D,
    0x01, 0x0E, 0x01, 0x0F, 0x01, 0x0E, 0x01, 0x04, 0x15, 0x00, 0x01, 0x02, 0x01, 0x0D, 0x01, 0x0F,
    0x01, 0x0E, 0x01, 0x0C, 0x01, 0x0F, 0x01, 0x0A, 0x01, 0x03, 0x01, 0x0E, 0x01, 0x0F, 0x01, 0x0E,
    0x01, 0x04, 0x13, 0x00, 0x01, 0x02, 0x01, 0x0D, 0x02, 0x0F, 0x01, 0x04, 0x01, 0x08, 0x01, 0x0F,
    0x01, 0x0B, 0x01, 0x00, 0x01, 0x04, 0x01, 0x0E, 0x01, 0x0F, 0x01, 0x0E, 0x01, 0x03, 0x11, 0x00,
    0x01, 0x02, 0x01, 0x0D, 0x02, 0x0F, 0x01, 0x05, 0x01, 0x00, 0x01, 0x09, 0x01, 0x0F, 0x01, 0x0B,
    0x02, 0x00, 0x01, 0x0A, 0x02, 0x0F, 0x01, 0x06, 0x10, 0x00, 0x01, 0x01, 0x01, 0x0D, 0x02, 0x0F,
    0x01, 0x05, 0x02, 0x00, 0x01, 0x09, 0x01, 0x0F, 0x01, 0x0B, 0x01, 0x00, 0x01, 0x08, 0x02, 0x0F,
    0x01, 0x0B, 0x01, 0x01, 0x10, 0x00, 0x01, 0x01, 0x01, 0x0D, 0x01, 0x0F, 0x01, 0x05, 0x03, 0x00,
    0x01, 0x09, 0x01, 0x0F, 0x01, 0x0A, 0x01, 0x07, 0x02, 0x0F, 0x01, 0x0B, 0x13, 0x00, 0x02, 0x02,
    0x04, 0x00, 0x01, 0x09, 0x01, 0x0F, 0x01, 0x0E, 0x02, 0x0F, 0x01, 0x0B, 0x1A, 0x00, 0x01, 0x09,
    0x03, 0x0F, 0x01, 0x0A, 0x1B, 0x00, 0x01, 0x0A, 0x02, 0x0F, 0x01, 0x0A, 0x1C, 0x00, 0x01, 0x05,
    0x01, 0x0D, 0x01, 0x0A, 0x1E, 0x00, 0x01, 0x01, 0x70, 0x00, 0x8F, 0x00, 0x02, 0x09, 0x1D, 0x00,
    0x01, 0x07, 0x02, 0x0F, 0x01, 0x07, 0x1B, 0x00, 0x01, 0x04, 0x04, 0x0F, 0x01, 0x04, 0x19, 0x00,
    0x01, 0x02, 0x06, 0x0F, 0x01, 0x02, 0x18, 0x00, 0x01, 0x01, 0x01, 0x08, 0x01, 0x0A, 0x02, 0x0F,
    0x01, 0x0A, 0x01, 0x08, 0x01, 0x01, 0x1A, 0x00, 0x01, 0x03, 0x02, 0x0F, 0x01, 0x03, 0x1C, 0x00,
    0x01, 0x04, 0x02, 0x0F, 0x01, 0x04, 0x16, 0x00, 0x01, 0x03, 0x01, 0x09, 0x01, 0x08, 0x01, 0x01,
    0x02, 0x00, 0x01, 0x04, 0x02, 0x0F, 0x01, 0x04, 0x01, 0x00, 0x01, 0x02, 0x04, 0x09, 0x01, 0x04,
    0x0E, 0x00, 0x01, 0x03, 0x01, 0x0E, 0x02, 0x0F, 0x01, 0x0C, 0x01, 0x01, 0x01, 0x00, 0x01, 0x04,
    0x02, 0x0F, 0x01, 0x04, 0x01, 0x00, 0x01, 0x04, 0x04, 0x0F, 0x01, 0x08, 0x0E, 0x00, 0x01, 0x07,
    0x04, 0x0F, 0x01, 0x04, 0x01, 0x00, 0x01, 0x04, 0x02, 0x0F, 0x01, 0x04, 0x01, 0x00, 0x01, 0x04,
    0x04, 0x0F, 0x01, 0x07, 0x0E, 0x00, 0x01, 0x05, 0x04, 0x0F, 0x01, 0x02, 0x01, 0x00, 0x01, 0x04,
    0x02, 0x0F, 0x01, 0x04, 0x01, 0x00, 0x01, 0x04, 0x04, 0x0F, 0x01, 0x08, 0x0F, 0x00, 0x01, 0x0A,
    0x02, 0x0F, 0x01, 0x07, 0x02, 0x00, 0x01, 0x04, 0x02, 0x0F, 0x01, 0x04, 0x01, 0x00, 0x01, 0x03,
    0x04, 0x0F, 0x01, 0x07, 0x0F, 0x00, 0x01, 0x05, 0x02, 0x0F, 0x01, 0x02, 0x02, 0x00, 0x01, 0x04,
    0x02, 0x0F, 0x01, 0x04, 0x02, 0x00, 0x01, 0x04, 0x02, 0x0F, 0x01, 0x07, 0x10, 0x00, 0x01, 0x06,
    0x02, 0x0F, 0x01, 0x02, 0x02, 0x00, 0x01, 0x03, 0x02, 0x0F, 0x01, 0x03, 0x02, 0x00, 0x01, 0x01,
    0x02, 0x0F, 0x01, 0x05, 0x10, 0x00, 0x01, 0x05, 0x02, 0x0F, 0x03, 0x0A, 0x01, 0x0B, 0x02, 0x0F,
    0x01, 0x0B, 0x02, 0x0A, 0x01, 0x0B, 0x02, 0x0F, 0x01, 0x05, 0x10, 0x00, 0x01, 0x02, 0x01, 0x0E,
    0x0C, 0x0F, 0x01, 0x0E, 0x01, 0x02, 0x11, 0x00, 0x01, 0x03, 0x01, 0x0A, 0x03, 0x0B, 0x01, 0x0C,
    0x02, 0x0F, 0x01, 0x0C, 0x03, 0x0B, 0x01, 0x0A, 0x01, 0x03, 0x17, 0x00, 0x01, 0x03, 0x02, 0x0F,
    0x01, 0x03, 0x1C, 0x00, 0x01, 0x04, 0x02, 0x0F, 0x01, 0x04, 0x1C, 0x00, 0x01, 0x04, 0x02, 0x0F,
    0x01, 0x04, 0x1B, 0x00, 0x01, 0x01, 0x01, 0x0C, 0x02, 0x0F, 0x01, 0x0C, 0x01, 0x01, 0x1A, 0x00,
    0x01, 0x05, 0x04, 0x0F, 0x01, 0x05, 0x1A, 0x00, 0x01, 0x04, 0x04, 0x0F, 0x01, 0x04, 0x1B, 0x00,
    0x01, 0x0A, 0x02, 0x0F, 0x01, 0x0A, 0x1D, 0x00, 0x02, 0x03, 0x6F, 0x00, 0x86, 0x00, 0x01, 0x06,
    0x01, 0x0A, 0x01, 0x02, 0x0E, 0x00, 0x01, 0x02, 0x01, 0x0A, 0x01, 0x05, 0x0B, 0x00, 0x01, 0x03,
    0x02, 0x0F, 0x01, 0x07, 0x0E, 0x00, 0x01, 0x07, 0x02, 0x0F, 0x01, 0x03, 0x0A, 0x00, 0x01, 0x0C,
    0x01, 0x0F, 0x01, 0x0E, 0x01, 0x02, 0x0E, 0x00, 0x01, 0x02, 0x01, 0x0E, 0x01, 0x0F, 0x01, 0x0C,
    0x09, 0x00, 0x01, 0x04, 0x02, 0x0F, 0x01, 0x07, 0x02, 0x00, 0x01, 0x05, 0x01, 0x02, 0x08, 0x00,
    0x01, 0x03, 0x01, 0x07, 0x01, 0x01, 0x01, 0x00, 0x01, 0x07, 0x02, 0x0F, 0x01, 0x05, 0x08, 0x00,
    0x01, 0x0A, 0x01, 0x0F, 0x01, 0x0E, 0x01, 0x01, 0x01, 0x00, 0x01, 0x07, 0x01, 0x0F, 0x01, 0x0C,
    0x08, 0x00, 0x01, 0x0C, 0x01, 0x0F, 0x01, 0x08, 0x01, 0x00, 0x01, 0x01, 0x01, 0x0D, 0x01, 0x0F,
    0x01, 0x0B, 0x08, 0x00, 0x01, 0x0D, 0x01, 0x0F, 0x01, 0x09, 0x01, 0x00, 0x01, 0x02, 0x01, 0x0E,
    0x01, 0x0F, 0x01, 0x0C, 0x02, 0x00, 0x01, 0x05, 0x01, 0x0A, 0x01, 0x0B, 0x01, 0x06, 0x02, 0x00,
    0x01, 0x0B, 0x01, 0x0F, 0x01, 0x0E, 0x01, 0x02, 0x01, 0x00, 0x01, 0x08, 0x01, 0x0F, 0x01, 0x0E,
    0x01, 0x01, 0x06, 0x00, 0x01, 0x02, 0x02, 0x0F, 0x01, 0x06, 0x01, 0x00, 0x01, 0x06, 0x02, 0x0F,
    0x01, 0x05, 0x01, 0x00, 0x01, 0x07, 0x04, 0x0F, 0x01, 0x08, 0x01, 0x00, 0x01, 0x04, 0x02, 0x0F,
    0x01, 0x06, 0x01, 0x00, 0x01, 0x05, 0x02, 0x0F, 0x01, 0x04, 0x06, 0x00, 0x01, 0x03, 0x02, 0x0F,
    0x01, 0x05, 0x01, 0x00, 0x01, 0x09, 0x01, 0x0F, 0x01, 0x0E, 0x01, 0x00, 0x01, 0x01, 0x01, 0x0E,
    0x05, 0x0F, 0x01, 0x02, 0x01, 0x00, 0x01, 0x0D, 0x01, 0x0F, 0x01, 0x09, 0x01, 0x00, 0x01, 0x03,
    0x02, 0x0F, 0x01, 0x05, 0x06, 0x00, 0x01, 0x04, 0x02, 0x0F, 0x01, 0x04, 0x01, 0x00, 0x01, 0x09,
    0x01, 0x0F, 0x01, 0x0D, 0x01, 0x00, 0x01, 0x02, 0x06, 0x0F, 0x01, 0x04, 0x01, 0x00, 0x01, 0x0D,
    0x01, 0x0F, 0x01, 0x09, 0x01, 0x00, 0x01, 0x03, 0x02, 0x0F, 0x01, 0x06, 0x06, 0x00, 0x01, 0x03,
    0x02, 0x0F, 0x01, 0x05, 0x01, 0x00, 0x01, 0x08, 0x01, 0x0F, 0x01, 0x0E, 0x02, 0x01, 0x01, 0x0E,
    0x05, 0x0F, 0x02, 0x01, 0x01, 0x0E, 0x01, 0x0F, 0x01, 0x08, 0x01, 0x00, 0x01, 0x03, 0x02, 0x0F,
    0x01, 0x05, 0x06, 0x00, 0x01, 0x02, 0x01, 0x0E, 0x01, 0x0F, 0x01, 0x07, 0x01, 0x00, 0x01, 0x06,
    0x02, 0x0F, 0x01, 0x06, 0x01, 0x00, 0x01, 0x05, 0x01, 0x0E, 0x03, 0x0F, 0x01, 0x06, 0x01, 0x00,
    0x01, 0x05, 0x02, 0x0F, 0x01, 0x05, 0x01, 0x00, 0x01, 0x05, 0x02, 0x0F, 0x01, 0x03, 0x07, 0x00,
    0x01, 0x0C, 0x01, 0x0F, 0x01, 0x0B, 0x01, 0x00, 0x01, 0x01, 0x01, 0x0E, 0x01, 0x0F, 0x01, 0x0D,
    0x01, 0x00, 0x01, 0x01, 0x01, 0x0E, 0x02, 0x0F, 0x01, 0x0E, 0x01, 0x01, 0x01, 0x00, 0x01, 0x0C,
    0x01, 0x0F, 0x01, 0x0E, 0x01, 0x01, 0x01, 0x00, 0x01, 0x09, 0x01, 0x0F, 0x01, 0x0E, 0x01, 0x01,
    0x07, 0x00, 0x01, 0x08, 0x01, 0x0F, 0x01, 0x0E, 0x01, 0x02, 0x01, 0x00, 0x01, 0x06, 0x01, 0x0F,
    0x01, 0x0B, 0x01, 0x00, 0x01, 0x06, 0x01, 0x0F, 0x02, 0x0E, 0x01, 0x0F, 0x01, 0x05, 0x01, 0x00,
    0x01, 0x0B, 0x01, 0x0F, 0x01, 0x06, 0x01, 0x00, 0x01, 0x01, 0x01, 0x0E, 0x01, 0x0F, 0x01, 0x0A,
    0x08, 0x00, 0x01, 0x03, 0x02, 0x0F, 0x01, 0x09, 0x02, 0x00, 0x01, 0x03, 0x01, 0x01, 0x01, 0x00,
    0x01, 0x0B, 0x01, 0x0F, 0x01, 0x09, 0x01, 0x0A, 0x01, 0x0F, 0x01, 0x09, 0x01, 0x00, 0x01, 0x01,
    0x01, 0x03, 0x02, 0x00, 0x01, 0x08, 0x02, 0x0F, 0x01, 0x04, 0x09, 0x00, 0x01, 0x0A, 0x02, 0x0F,
    0x01, 0x04, 0x03, 0x00, 0x01, 0x02, 0x01, 0x0E, 0x01, 0x0F, 0x01, 0x04, 0x01, 0x06, 0x01, 0x0F,
    0x01, 0x0D, 0x04, 0x00, 0x01, 0x04, 0x01, 0x0E, 0x01, 0x0F, 0x01, 0x0B, 0x0A, 0x00, 0x01, 0x01,
    0x01, 0x0E, 0x01, 0x0F, 0x01, 0x06, 0x01, 0x00, 0x01, 0x01, 0x01, 0x00, 0x01, 0x06, 0x01, 0x0F,
    0x01, 0x0E, 0x01, 0x00, 0x01, 0x03, 0x02, 0x0F, 0x01, 0x03, 0x01, 0x00, 0x01, 0x01, 0x01, 0x00,
    0x01, 0x08, 0x01, 0x0F, 0x01, 0x0E, 0x01, 0x02, 0x0B, 0x00, 0x01, 0x03, 0x01, 0x07, 0x01, 0x01,
    0x03, 0x00, 0x01, 0x0B, 0x01, 0x0F, 0x01, 0x0A, 0x01, 0x00, 0x01, 0x01, 0x01, 0x0D, 0x01, 0x0F,
    0x01, 0x07, 0x03, 0x00, 0x01, 0x01, 0x01, 0x08, 0x01, 0x04, 0x11, 0x00, 0x01, 0x02, 0x01, 0x0E,
    0x01, 0x0F, 0x01, 0x05, 0x02, 0x00, 0x01, 0x0A, 0x01, 0x0F, 0x01, 0x0B, 0x17, 0x00, 0x01, 0x06,
    0x01, 0x0F, 0x01, 0x0E, 0x01, 0x04, 0x02, 0x02, 0x01, 0x08, 0x01, 0x0F, 0x01, 0x0E, 0x01, 0x01,
    0x16, 0x00, 0x01, 0x0B, 0x08, 0x0F, 0x01, 0x05, 0x15, 0x00, 0x01, 0x02, 0x09, 0x0F, 0x01, 0x09,
    0x15, 0x00, 0x01, 0x07, 0x01, 0x0F, 0x01, 0x0E, 0x01, 0x03, 0x04, 0x02, 0x01, 0x09, 0x01, 0x0F,
    0x01, 0x0D, 0x15, 0x00, 0x01, 0x07, 0x01, 0x0F, 0x01, 0x09, 0x05, 0x00, 0x01, 0x03, 0x01, 0x0F,
    0x01, 0x0E, 0x01, 0x01, 0x14, 0x00, 0x01, 0x01, 0x01, 0x05, 0x01, 0x01, 0x06, 0x00, 0x01, 0x04,
    0x01, 0x03, 0x8B, 0x00, 0xFF, 0x00, 0x29, 0x00, 0x01, 0x02, 0x01, 0x03, 0x03, 0x04, 0x01, 0x03,
    0x04, 0x00, 0x01, 0x02, 0x04, 0x04, 0x01, 0x02, 0x0E, 0x00, 0x01, 0x03, 0x01, 0x0B, 0x01, 0x0E,
    0x05, 0x0F, 0x01, 0x04, 0x02, 0x00, 0x01, 0x03, 0x01, 0x0E, 0x04, 0x0F, 0x01, 0x0E, 0x01, 0x0B,
    0x01, 0x03, 0x0B, 0x00, 0x01, 0x05, 0x08, 0x0F, 0x01, 0x05, 0x02, 0x00, 0x01, 0x04, 0x08, 0x0F,
    0x01, 0x05, 0x09, 0x00, 0x01, 0x03, 0x03, 0x0F, 0x01, 0x0A, 0x04, 0x06, 0x01, 0x04, 0x04, 0x00,
    0x01, 0x04, 0x04, 0x06, 0x01, 0x0A, 0x03, 0x0F, 0x01, 0x03, 0x08, 0x00, 0x01, 0x0B, 0x02, 0x0F,
    0x01, 0x06, 0x10, 0x00, 0x01, 0x06, 0x02, 0x0F, 0x01, 0x0B, 0x07, 0x00, 0x01, 0x02, 0x01, 0x0E,
    0x01, 0x0F, 0x01, 0x0A, 0x05, 0x00, 0x08, 0x04, 0x01, 0x01, 0x04, 0x00, 0x01, 0x0A, 0x01, 0x0F,
    0x01, 0x0E, 0x01, 0x02, 0x06, 0x00, 0x01, 0x04, 0x02, 0x0F, 0x01, 0x06, 0x04, 0x00, 0x01, 0x08,
    0x08, 0x0F, 0x01, 0x09, 0x04, 0x00, 0x01, 0x06, 0x02, 0x0F, 0x01, 0x04, 0x06, 0x00, 0x01, 0x04,
    0x02, 0x0F, 0x01, 0x06, 0x04, 0x00, 0x01, 0x07, 0x08, 0x0F, 0x01, 0x09, 0x04, 0x00, 0x01, 0x06,
    0x02, 0x0F, 0x01, 0x04, 0x06, 0x00, 0x01, 0x02, 0x01, 0x0E, 0x01, 0x0F, 0x01, 0x0A, 0x05, 0x00,
    0x08, 0x03, 0x05, 0x00, 0x01, 0x0A, 0x01, 0x0F, 0x01, 0x0E, 0x01, 0x02, 0x07, 0x00, 0x01, 0x0B,
    0x02, 0x0F, 0x01, 0x06, 0x10, 0x00, 0x01, 0x06, 0x02, 0x0F, 0x01, 0x0B, 0x08, 0x00, 0x01, 0x03,
    0x03, 0x0F, 0x01, 0x0A, 0x04, 0x06, 0x01, 0x04, 0x04, 0x00, 0x01, 0x04, 0x04, 0x06, 0x01, 0x0A,
    0x03, 0x0F, 0x01, 0x03, 0x09, 0x00, 0x01, 0x05, 0x08, 0x0F, 0x01, 0x05, 0x02, 0x00, 0x01, 0x03,
    0x08, 0x0F, 0x01, 0x05, 0x0B, 0x00, 0x01, 0x03, 0x01, 0x0B, 0x01, 0x0E, 0x05, 0x0F, 0x01, 0x04,
    0x02, 0x00, 0x01, 0x03, 0x05, 0x0F, 0x01, 0x0E, 0x01, 0x0B, 0x01, 0x03, 0x0E, 0x00, 0x01, 0x02,
    0x01, 0x03, 0x03, 0x04, 0x01, 0x03, 0x04, 0x00, 0x01, 0x02, 0x04, 0x04, 0x01, 0x02, 0xFF, 0x00,
    0x29, 0x00, 0xE5, 0x00, 0x01, 0x03, 0x01, 0x09, 0x01, 0x05, 0x1D, 0x00, 0x01, 0x0B, 0x02, 0x0F,
    0x01, 0x0D, 0x01, 0x08, 0x01, 0x02, 0x1A, 0x00, 0x01, 0x0B, 0x05, 0x0F, 0x01, 0x0A, 0x01, 0x05,
    0x18, 0x00, 0x01, 0x0B, 0x07, 0x0F, 0x01, 0x0D, 0x01, 0x08, 0x01, 0x02, 0x15, 0x00, 0x01, 0x0B,
    0x0A, 0x0F, 0x01, 0x0A, 0x01, 0x05, 0x01, 0x01, 0x12, 0x00, 0x01, 0x0A, 0x0C, 0x0F, 0x01, 0x0D,
    0x01, 0x08, 0x01, 0x02, 0x11, 0x00, 0x01, 0x03, 0x01, 0x08, 0x01, 0x0D, 0x0C, 0x0F, 0x01, 0x0A,
    0x01, 0x05, 0x01, 0x01, 0x11, 0x00, 0x01, 0x04, 0x01, 0x09, 0x01, 0x0D, 0x0B, 0x0F, 0x01, 0x0D,
    0x01, 0x08, 0x01, 0x02, 0x12, 0x00, 0x01, 0x04, 0x01, 0x08, 0x01, 0x0E, 0x0A, 0x0F, 0x01, 0x0E,
    0x01, 0x01, 0x11, 0x00, 0x01, 0x04, 0x01, 0x08, 0x01, 0x0E, 0x0A, 0x0F, 0x01, 0x0E, 0x01, 0x01,
    0x0E, 0x00, 0x01, 0x04, 0x01, 0x09, 0x01, 0x0D, 0x0B, 0x0F, 0x01, 0x0D, 0x01, 0x08, 0x01, 0x02,
    0x0C, 0x00, 0x01, 0x03, 0x01, 0x08, 0x01, 0x0D, 0x0C, 0x0F, 0x01, 0x0A, 0x01, 0x05, 0x01, 0x01,
    0x0D, 0x00, 0x01, 0x0A, 0x0C, 0x0F, 0x01, 0x0D, 0x01, 0x08, 0x01, 0x02, 0x10, 0x00, 0x01, 0x0B,
    0x0A, 0x0F, 0x01, 0x0A, 0x01, 0x05, 0x01, 0x01, 0x12, 0x00, 0x01, 0x0B, 0x07, 0x0F, 0x01, 0x0D,
    0x01, 0x08, 0x01, 0x02, 0x15, 0x00, 0x01, 0x0B, 0x05, 0x0F, 0x01, 0x0A, 0x01, 0x05, 0x18, 0x00,
    0x01, 0x0B, 0x02, 0x0F, 0x01, 0x0D, 0x01, 0x08, 0x01, 0x02, 0x1A, 0x00, 0x01, 0x03, 0x01, 0x09,
    0x01, 0x05, 0xF8, 0x00, 0xCB, 0x00, 0x01, 0x01, 0x0E, 0x04, 0x01, 0x02, 0x0F, 0x00, 0x01, 0x03,
    0x01, 0x0D, 0x0F, 0x0F, 0x01, 0x07, 0x0D, 0x00, 0x01, 0x01, 0x01, 0x0D, 0x11, 0x0F, 0x01, 0x02,
    0x0C, 0x00, 0x01, 0x0A, 0x12, 0x0F, 0x01, 0x04, 0x0B, 0x00, 0x01, 0x06, 0x13, 0x0F, 0x01, 0x04,
    0x0A, 0x00, 0x01, 0x03, 0x14, 0x0F, 0x01, 0x04, 0x09, 0x00, 0x01, 0x01, 0x01, 0x0C, 0x07, 0x0F,
    0x01, 0x05, 0x01, 0x02, 0x01, 0x0C, 0x02, 0x0F, 0x01, 0x0C, 0x01, 0x02, 0x01, 0x05, 0x05, 0x0F,
    0x01, 0x04, 0x09, 0x00, 0x01, 0x09, 0x08, 0x0F, 0x01, 0x02, 0x01, 0x00, 0x01, 0x01, 0x02, 0x0C,
    0x01, 0x01, 0x01, 0x00, 0x01, 0x01, 0x05, 0x0F, 0x01, 0x04, 0x08, 0x00, 0x01, 0x05, 0x09, 0x0F,
    0x01, 0x0C, 0x01, 0x01, 0x01, 0x00, 0x02, 0x01, 0x01, 0x00, 0x01, 0x01, 0x01, 0x0C, 0x05, 0x0F,
    0x01, 0x04, 0x08, 0x00, 0x01, 0x0C, 0x0A, 0x0F, 0x01, 0x0C, 0x01, 0x02, 0x02, 0x00, 0x01, 0x02,
    0x01, 0x0C, 0x06, 0x0F, 0x01, 0x04, 0x08, 0x00, 0x01, 0x0C, 0x0A, 0x0F, 0x01, 0x0C, 0x01, 0x02,
    0x02, 0x00, 0x01, 0x02, 0x01, 0x0C, 0x06, 0x0F, 0x01, 0x04, 0x08, 0x00, 0x01, 0x05, 0x09, 0x0F,
    0x01, 0x0C, 0x01, 0x01, 0x01, 0x00, 0x02, 0x01, 0x01, 0x00, 0x01, 0x01, 0x01, 0x0C, 0x05, 0x0F,
    0x01, 0x04, 0x09, 0x00, 0x01, 0x09, 0x08, 0x0F, 0x01, 0x02, 0x01, 0x00, 0x01, 0x01, 0x02, 0x0C,
    0x01, 0x01, 0x01, 0x00, 0x01, 0x01, 0x01, 0x0E, 0x04, 0x0F, 0x01, 0x04, 0x09, 0x00, 0x01, 0x01,
    0x01, 0x0C, 0x07, 0x0F, 0x01, 0x05, 0x01, 0x02, 0x01, 0x0C, 0x02, 0x0F, 0x01, 0x0C, 0x01, 0x02,
    0x01, 0x05, 0x05, 0x0F, 0x01, 0x04, 0x0A, 0x00, 0x01, 0x03, 0x14, 0x0F, 0x01, 0x04, 0x0B, 0x00,
    0x01, 0x06, 0x13, 0x0F, 0x01, 0x04, 0x0C, 0x00, 0x01, 0x0A, 0x12, 0x0F, 0x01, 0x04, 0x0C, 0x00,
    0x01, 0x01, 0x01, 0x0D, 0x11, 0x0F, 0x01, 0x02, 0x0D, 0x00, 0x01, 0x03, 0x01, 0x0D, 0x0F, 0x0F,
    0x01, 0x07, 0x0F, 0x00, 0x01, 0x01, 0x0E, 0x04, 0x01, 0x02, 0xC5, 0x00, 0xFF, 0x00, 0xA7, 0x00,
    0x01, 0x01, 0x01, 0x0C, 0x01, 0x0D, 0x01, 0x02, 0x0C, 0x00, 0x01, 0x02, 0x01, 0x0D, 0x01, 0x0C,
    0x01, 0x01, 0x0C, 0x00, 0x01, 0x04, 0x02, 0x0F, 0x01, 0x06, 0x0C, 0x00, 0x01, 0x06, 0x02, 0x0F,
    0x01, 0x04, 0x0C, 0x00, 0x01, 0x04, 0x02, 0x0F, 0x01, 0x05, 0x0C, 0x00, 0x01, 0x05, 0x02, 0x0F,
    0x01, 0x04, 0x0C, 0x00, 0x01, 0x04, 0x02, 0x0F, 0x01, 0x09, 0x0C, 0x06, 0x01, 0x09, 0x02, 0x0F,
    0x01, 0x04, 0x0C, 0x00, 0x01, 0x02, 0x12, 0x0F, 0x01, 0x02, 0x0D, 0x00, 0x01, 0x07, 0x10, 0x0F,
    0x01, 0x07, 0x0F, 0x00, 0x01, 0x02, 0x0E, 0x04, 0x01, 0x02, 0xFF, 0x00, 0x89, 0x00, 0x6D, 0x00,
    0x01, 0x01, 0x01, 0x03, 0x02, 0x04, 0x01, 0x03, 0x01, 0x01, 0x17, 0x00, 0x01, 0x01, 0x01, 0x06,
    0x01, 0x0B, 0x01, 0x0E, 0x04, 0x0F, 0x01, 0x0E, 0x01, 0x0B, 0x01, 0x06, 0x01, 0x01, 0x13, 0x00,
    0x01, 0x06, 0x01, 0x0D, 0x0A, 0x0F, 0x01, 0x0D, 0x01, 0x06, 0x10, 0x00, 0x01, 0x01, 0x01, 0x0A,
    0x0E, 0x0F, 0x01, 0x0A, 0x01, 0x01, 0x0D, 0x00, 0x01, 0x01, 0x01, 0x0B, 0x10, 0x0F, 0x01, 0x0B,
    0x01, 0x01, 0x0C, 0x00, 0x01, 0x0A, 0x12, 0x0F, 0x01, 0x0A, 0x0B, 0x00, 0x01, 0x06, 0x09, 0x0F,
    0x02, 0x0E, 0x09, 0x0F, 0x01, 0x06, 0x09, 0x00, 0x01, 0x01, 0x01, 0x0E, 0x08, 0x0F, 0x01, 0x0D,
    0x02, 0x01, 0x01, 0x0D, 0x08, 0x0F, 0x01, 0x0E, 0x01, 0x01, 0x08, 0x00, 0x01, 0x06, 0x09, 0x0F,
    0x01, 0x0C, 0x02, 0x00, 0x01, 0x0C, 0x09, 0x0F, 0x01, 0x06, 0x08, 0x00, 0x01, 0x0B, 0x0A, 0x0F,
    0x02, 0x0B, 0x0A, 0x0F, 0x01, 0x0B, 0x07, 0x00, 0x01, 0x01, 0x01, 0x0E, 0x16, 0x0F, 0x01, 0x0E,
    0x01, 0x01, 0x06, 0x00, 0x01, 0x03, 0x0B, 0x0F, 0x02, 0x09, 0x0B, 0x0F, 0x01, 0x03, 0x06, 0x00,
    0x01, 0x04, 0x0A, 0x0F, 0x01, 0x0C, 0x02, 0x00, 0x01, 0x0C, 0x0A, 0x0F, 0x01, 0x04, 0x06, 0x00,
    0x01, 0x04, 0x0A, 0x0F, 0x01, 0x0B, 0x02, 0x00, 0x01, 0x0B, 0x0A, 0x0F, 0x01, 0x04, 0x06, 0x00,
    0x01, 0x03, 0x0A, 0x0F, 0x01, 0x0B, 0x02, 0x00, 0x01, 0x0B, 0x0A, 0x0F, 0x01, 0x03, 0x06, 0x00,
    0x01, 0x01, 0x01, 0x0E, 0x09, 0x0F, 0x01, 0x0B, 0x02, 0x00, 0x01, 0x0B, 0x09, 0x0F, 0x01, 0x0E,
    0x01, 0x01, 0x07, 0x00, 0x01, 0x0B, 0x09, 0x0F, 0x01, 0x0B, 0x02, 0x00, 0x01, 0x0B, 0x09, 0x0F,
    0x01, 0x0B, 0x08, 0x00, 0x01, 0x06, 0x09, 0x0F, 0x01, 0x0B, 0x02, 0x00, 0x01, 0x0B, 0x09, 0x0F,
    0x01, 0x06, 0x08, 0x00, 0x01, 0x01, 0x01, 0x0E, 0x08, 0x0F, 0x01, 0x0D, 0x02, 0x01, 0x01, 0x0D,
    0x08, 0x0F, 0x01, 0x0E, 0x01, 0x01, 0x09, 0x00, 0x01, 0x06, 0x09, 0x0F, 0x02, 0x0E, 0x09, 0x0F,
    0x01, 0x06, 0x0B, 0x00, 0x01, 0x0A, 0x12, 0x0F, 0x01, 0x0A, 0x0C, 0x00, 0x01, 0x01, 0x01, 0x0B,
    0x10, 0x0F, 0x01, 0x0B, 0x01, 0x01, 0x0D, 0x00, 0x01, 0x01, 0x01, 0x0A, 0x0E, 0x0F, 0x01, 0x0A,
    0x01, 0x01, 0x10, 0x00, 0x01, 0x06, 0x01, 0x0D, 0x0A, 0x0F, 0x01, 0x0D, 0x01, 0x06, 0x13, 0x00,
    0x01, 0x01, 0x01, 0x06, 0x01, 0x0B, 0x01, 0x0E, 0x04, 0x0F, 0x01, 0x0E, 0x01, 0x0B, 0x01, 0x06,
    0x01, 0x01, 0x17, 0x00, 0x01, 0x01, 0x01, 0x03, 0x02, 0x04, 0x01, 0x03, 0x01, 0x01, 0x6D, 0x00,
    0xCD, 0x00, 0x01, 0x01, 0x01, 0x06, 0x02, 0x09, 0x01, 0x06, 0x01, 0x01, 0x19, 0x00, 0x01, 0x03,
    0x01, 0x0D, 0x04, 0x0F, 0x01, 0x0D, 0x01, 0x03, 0x17, 0x00, 0x01, 0x01, 0x01, 0x0D, 0x06, 0x0F,
    0x01, 0x0D, 0x01, 0x01, 0x16, 0x00, 0x01, 0x07, 0x08, 0x0F, 0x01, 0x07, 0x16, 0x00, 0x01, 0x0B,
    0x08, 0x0F, 0x01, 0x0B, 0x16, 0x00, 0x01, 0x0B, 0x08, 0x0F, 0x01, 0x0B, 0x16, 0x00, 0x01, 0x08,
    0x08, 0x0F, 0x01, 0x08, 0x16, 0x00, 0x01, 0x02, 0x08, 0x0F, 0x01, 0x02, 0x17, 0x00, 0x01, 0x05,
    0x06, 0x0F, 0x01, 0x05, 0x19, 0x00, 0x01, 0x03, 0x01, 0x0A, 0x02, 0x0C, 0x01, 0x0A, 0x01, 0x03,
    0x38, 0x00, 0x01, 0x01, 0x01, 0x03, 0x01, 0x06, 0x01, 0x08, 0x02, 0x09, 0x01, 0x08, 0x01, 0x06,
    0x01, 0x03, 0x01, 0x01, 0x14, 0x00, 0x01, 0x03, 0x01, 0x09, 0x01, 0x0D, 0x08, 0x0F, 0x01, 0x0D,
    0x01, 0x09, 0x01, 0x03, 0x10, 0x00, 0x01, 0x01, 0x01, 0x09, 0x0E, 0x0F, 0x01, 0x09, 0x01, 0x01,
    0x0E, 0x00, 0x01, 0x0A, 0x10, 0x0F, 0x01, 0x0B, 0x0D, 0x00, 0x01, 0x03, 0x12, 0x0F, 0x01, 0x03,
    0x0C, 0x00, 0x01, 0x04, 0x12, 0x0F, 0x01, 0x04, 0x0C, 0x00, 0x01, 0x02, 0x12, 0x0F, 0x01, 0x02,
    0x0D, 0x00, 0x01, 0x08, 0x10, 0x0F, 0x01, 0x08, 0x0F, 0x00, 0x01, 0x04, 0x0E, 0x06, 0x01, 0x04,
    0xC8, 0x00, 0xB3, 0x00, 0x01, 0x08, 0x01, 0x0A, 0x01, 0x01, 0x1C, 0x00, 0x01, 0x02, 0x02, 0x0F,
    0x01, 0x05, 0x10, 0x00, 0x0B, 0x01, 0x01, 0x00, 0x01, 0x02, 0x02, 0x0F, 0x01, 0x06, 0x01, 0x01,
    0x01, 0x02, 0x02, 0x01, 0x0B, 0x00, 0x01, 0x07, 0x0A, 0x0E, 0x01, 0x0D, 0x01, 0x04, 0x01, 0x02,
    0x02, 0x0F, 0x05, 0x0E, 0x01, 0x06, 0x0A, 0x00, 0x01, 0x0A, 0x0B, 0x0F, 0x01, 0x06, 0x01, 0x01,
    0x07, 0x0F, 0x01, 0x08, 0x0A, 0x00, 0x01, 0x01, 0x01, 0x05, 0x09, 0x06, 0x01, 0x05, 0x01, 0x00,
    0x01, 0x02, 0x02, 0x0F, 0x01, 0x09, 0x03, 0x06, 0x01, 0x05, 0x01, 0x01, 0x17, 0x00, 0x01, 0x02,
    0x02, 0x0F, 0x01, 0x05, 0x13, 0x00, 0x01, 0x01, 0x02, 0x0B, 0x01, 0x01, 0x05, 0x00, 0x01, 0x01,
    0x01, 0x0B, 0x01, 0x0D, 0x01, 0x03, 0x01, 0x00, 0x01, 0x01, 0x11, 0x00, 0x01, 0x03, 0x02, 0x0F,
    0x01, 0x04, 0x19, 0x00, 0x03, 0x04, 0x01, 0x07, 0x02, 0x0F, 0x01, 0x04, 0x02, 0x00, 0x01, 0x03,
    0x09, 0x04, 0x01, 0x03, 0x0B, 0x00, 0x01, 0x09, 0x06, 0x0F, 0x01, 0x04, 0x01, 0x00, 0x01, 0x07,
    0x0B, 0x0F, 0x01, 0x07, 0x0A, 0x00, 0x01, 0x09, 0x06, 0x0F, 0x01, 0x04, 0x01, 0x00, 0x01, 0x08,
    0x0B, 0x0F, 0x01, 0x07, 0x0B, 0x00, 0x03, 0x04, 0x01, 0x07, 0x02, 0x0F, 0x01, 0x04, 0x02, 0x00,
    0x01, 0x03, 0x09, 0x04, 0x01, 0x03, 0x0F, 0x00, 0x01, 0x03, 0x02, 0x0F, 0x01, 0x04, 0x1C, 0x00,
    0x01, 0x01, 0x02, 0x0B, 0x01, 0x01, 0x02, 0x00, 0x01, 0x08, 0x01, 0x0E, 0x01, 0x05, 0x01, 0x00,
    0x01, 0x01, 0x1B, 0x00, 0x01, 0x0D, 0x01, 0x0F, 0x01, 0x09, 0x14, 0x00, 0x06, 0x04, 0x01, 0x01,
    0x02, 0x00, 0x01, 0x0C, 0x01, 0x0F, 0x01, 0x0B, 0x08, 0x04, 0x0B, 0x00, 0x01, 0x0A, 0x06, 0x0F,
    0x01, 0x0D, 0x02, 0x00, 0x01, 0x0D, 0x0A, 0x0F, 0x01, 0x08, 0x0A, 0x00, 0x01, 0x08, 0x06, 0x0F,
    0x01, 0x0B, 0x02, 0x00, 0x01, 0x0D, 0x0A, 0x0F, 0x01, 0x07, 0x0B, 0x00, 0x06, 0x02, 0x03, 0x00,
    0x01, 0x0C, 0x01, 0x0F, 0x01, 0x0A, 0x08, 0x02, 0x15, 0x00, 0x01, 0x0D, 0x01, 0x0F, 0x01, 0x09,
    0x1D, 0x00, 0x01, 0x05, 0x01, 0x0B, 0x01, 0x03, 0xAE, 0x00, 0xA4, 0x00, 0x01, 0x02, 0x01, 0x09,
    0x14, 0x0B, 0x01, 0x09, 0x01, 0x02, 0x07, 0x00, 0x01, 0x01, 0x01, 0x0C, 0x16, 0x0F, 0x01, 0x0C,
    0x01, 0x01, 0x06, 0x00, 0x01, 0x03, 0x18, 0x0F, 0x01, 0x03, 0x06, 0x00, 0x01, 0x04, 0x18, 0x0F,
    0x01, 0x04, 0x06, 0x00, 0x01, 0x04, 0x18, 0x0F, 0x01, 0x04, 0x06, 0x00, 0x01, 0x04, 0x18, 0x0F,
    0x01, 0x04, 0x06, 0x00, 0x01, 0x04, 0x18, 0x0F, 0x01, 0x04, 0x06, 0x00, 0x01, 0x04, 0x18, 0x0F,
    0x01, 0x04, 0x06, 0x00, 0x01, 0x04, 0x18, 0x0F, 0x01, 0x04, 0x06, 0x00, 0x01, 0x04, 0x18, 0x0F,
    0x01, 0x04, 0x06, 0x00, 0x01, 0x04, 0x18, 0x0F, 0x01, 0x04, 0x06, 0x00, 0x01, 0x04, 0x18, 0x0F,
    0x01, 0x04, 0x06, 0x00, 0x01, 0x04, 0x18, 0x0F, 0x01, 0x04, 0x06, 0x00, 0x01, 0x04, 0x18, 0x0F,
    0x01, 0x04, 0x06, 0x00, 0x01, 0x04, 0x18, 0x0F, 0x01, 0x04, 0x06, 0x00, 0x01, 0x04, 0x18, 0x0F,
    0x01, 0x04, 0x06, 0x00, 0x01, 0x03, 0x18, 0x0F, 0x01, 0x03, 0x07, 0x00, 0x01, 0x0B, 0x16, 0x0F,
    0x01, 0x0B, 0x08, 0x00, 0x01, 0x01, 0x01, 0x07, 0x05, 0x09, 0x01, 0x0D, 0x08, 0x0F, 0x01, 0x0D,
    0x05, 0x09, 0x01, 0x07, 0x01, 0x01, 0x0E, 0x00, 0x01, 0x04, 0x01, 0x0E, 0x08, 0x0F, 0x01, 0x0E,
    0x01, 0x04, 0x13, 0x00, 0x01, 0x02, 0x0C, 0x0F, 0x01, 0x02, 0x13, 0x00, 0x01, 0x08, 0x0A, 0x0B,
    0x01, 0x08, 0xAA, 0x00, 0x6D, 0x00, 0x01, 0x01, 0x01, 0x03, 0x02, 0x04, 0x01, 0x03, 0x01, 0x01,
    0x18, 0x00, 0x01, 0x04, 0x01, 0x0A, 0x01, 0x0E, 0x04, 0x0F, 0x01, 0x0E, 0x01, 0x0A, 0x01, 0x04,
    0x14, 0x00, 0x01, 0x01, 0x01, 0x0A, 0x0A, 0x0F, 0x01, 0x0A, 0x01, 0x01, 0x11, 0x00, 0x01, 0x02,
    0x01, 0x0D, 0x0C, 0x0F, 0x01, 0x0D, 0x01, 0x02, 0x0F, 0x00, 0x01, 0x01, 0x01, 0x0C, 0x0E, 0x0F,
    0x01, 0x0C, 0x01, 0x01, 0x0E, 0x00, 0x01, 0x09, 0x10, 0x0F, 0x01, 0x09, 0x0D, 0x00, 0x01, 0x02,
    0x12, 0x0F, 0x01, 0x02, 0x0C, 0x00, 0x01, 0x08, 0x12, 0x0F, 0x01, 0x08, 0x0C, 0x00, 0x01, 0x0B,
    0x07, 0x0F, 0x01, 0x0E, 0x02, 0x08, 0x01, 0x0E, 0x07, 0x0F, 0x01, 0x0B, 0x0C, 0x00, 0x01, 0x0D,
    0x06, 0x0F, 0x01, 0x0E, 0x01, 0x03, 0x02, 0x00, 0x01, 0x03, 0x01, 0x0E, 0x06, 0x0F, 0x01, 0x0D,
    0x0B, 0x00, 0x01, 0x01, 0x01, 0x0E, 0x06, 0x0F, 0x01, 0x0B, 0x04, 0x00, 0x01, 0x0B, 0x06, 0x0F,
    0x01, 0x0E, 0x01, 0x01, 0x0A, 0x00, 0x01, 0x01, 0x01, 0x0E, 0x06, 0x0F, 0x01, 0x0D, 0x04, 0x00,
    0x01, 0x0D, 0x06, 0x0F, 0x01, 0x0E, 0x01, 0x01, 0x0B, 0x00, 0x01, 0x0C, 0x07, 0x0F, 0x01, 0x09,
    0x02, 0x02, 0x01, 0x09, 0x07, 0x0F, 0x01, 0x0C, 0x0C, 0x00, 0x01, 0x09, 0x08, 0x0F, 0x02, 0x0E,
    0x08, 0x0F, 0x01, 0x09, 0x0C, 0x00, 0x01, 0x03, 0x12, 0x0F, 0x01, 0x03, 0x0D, 0x00, 0x01, 0x0B,
    0x10, 0x0F, 0x01, 0x0B, 0x0E, 0x00, 0x01, 0x03, 0x10, 0x0F, 0x01, 0x03, 0x0F, 0x00, 0x01, 0x08,
    0x0E, 0x0F, 0x01, 0x08, 0x11, 0x00, 0x01, 0x0C, 0x0C, 0x0F, 0x01, 0x0C, 0x12, 0x00, 0x01, 0x02,
    0x01, 0x0E, 0x0A, 0x0F, 0x01, 0x0E, 0x01, 0x02, 0x13, 0x00, 0x01, 0x03, 0x01, 0x0E, 0x08, 0x0F,
    0x01, 0x0E, 0x01, 0x03, 0x15, 0x00, 0x01, 0x04, 0x01, 0x0E, 0x06, 0x0F, 0x01, 0x0E, 0x01, 0x04,
    0x17, 0x00, 0x01, 0x03, 0x01, 0x0E, 0x04, 0x0F, 0x01, 0x0E, 0x01, 0x03, 0x19, 0x00, 0x01, 0x03,
    0x01, 0x0D, 0x02, 0x0F, 0x01, 0x0D, 0x01, 0x03, 0x1B, 0x00, 0x01, 0x01, 0x02, 0x06, 0x01, 0x01,
    0x8E, 0x00, 0x6E, 0x00, 0x01, 0x02, 0x02, 0x04, 0x01, 0x01, 0x1B, 0x00, 0x01, 0x03, 0x01, 0x0E,
    0x02, 0x0F, 0x01, 0x0E, 0x01, 0x02, 0x18, 0x00, 0x02, 0x01, 0x01, 0x08, 0x04, 0x0F, 0x01, 0x06,
    0x02, 0x01, 0x14, 0x00, 0x01, 0x01, 0x01, 0x0B, 0x03, 0x0E, 0x04, 0x0F, 0x03, 0x0E, 0x01, 0x0A,
    0x13, 0x00, 0x01, 0x05, 0x0C, 0x0F, 0x01, 0x03, 0x12, 0x00, 0x01, 0x06, 0x0C, 0x0F, 0x01, 0x04,
    0x12, 0x00, 0x01, 0x06, 0x0C, 0x0F, 0x01, 0x04, 0x12, 0x00, 0x01, 0x06, 0x0C, 0x0F, 0x01, 0x04,
    0x12, 0x00, 0x01, 0x06, 0x0C, 0x0F, 0x01, 0x04, 0x12, 0x00, 0x01, 0x06, 0x0C, 0x0F, 0x01, 0x04,
    0x12, 0x00, 0x01, 0x06, 0x0C, 0x0F, 0x01, 0x04, 0x12, 0x00, 0x01, 0x06, 0x0C, 0x0F, 0x01, 0x04,
    0x12, 0x00, 0x01, 0x06, 0x0A, 0x0F, 0x01, 0x0D, 0x01, 0x0C, 0x01, 0x02, 0x12, 0x00, 0x01, 0x06,
    0x08, 0x0F, 0x01, 0x09, 0x01, 0x03, 0x01, 0x01, 0x14, 0x00, 0x01, 0x06, 0x06, 0x0F, 0x01, 0x0D,
    0x01, 0x03, 0x17, 0x00, 0x01, 0x06, 0x05, 0x0F, 0x01, 0x0E, 0x01, 0x02, 0x05, 0x00, 0x01, 0x03,
    0x12, 0x00, 0x01, 0x06, 0x05, 0x0F, 0x01, 0x06, 0x05, 0x00, 0x01, 0x04, 0x01, 0x0E, 0x01, 0x01,
    0x11, 0x00, 0x01, 0x06, 0x04, 0x0F, 0x01, 0x0C, 0x05, 0x00, 0x01, 0x01, 0x01, 0x0D, 0x01, 0x0E,
    0x01, 0x01, 0x11, 0x00, 0x01, 0x06, 0x04, 0x0F, 0x01, 0x08, 0x05, 0x00, 0x01, 0x0A, 0x01, 0x0F,
    0x01, 0x0D, 0x12, 0x00, 0x01, 0x06, 0x04, 0x0F, 0x01, 0x05, 0x04, 0x00, 0x01, 0x07, 0x02, 0x0F,
    0x01, 0x0E, 0x01, 0x05, 0x01, 0x03, 0x10, 0x00, 0x01, 0x06, 0x04, 0x0F, 0x01, 0x04, 0x03, 0x00,
    0x01, 0x02, 0x06, 0x0F, 0x01, 0x01, 0x0F, 0x00, 0x01, 0x06, 0x04, 0x0F, 0x01, 0x05, 0x04, 0x00,
    0x01, 0x04, 0x01, 0x05, 0x01, 0x0E, 0x02, 0x0F, 0x01, 0x07, 0x10, 0x00, 0x01, 0x06, 0x04, 0x0F,
    0x01, 0x07, 0x06, 0x00, 0x01, 0x0E, 0x01, 0x0F, 0x01, 0x0A, 0x11, 0x00, 0x01, 0x06, 0x04, 0x0F,
    0x01, 0x0C, 0x05, 0x00, 0x01, 0x01, 0x01, 0x0F, 0x01, 0x0D, 0x01, 0x01, 0x11, 0x00, 0x01, 0x02,
    0x01, 0x0E, 0x03, 0x0F, 0x01, 0x0E, 0x01, 0x01, 0x04, 0x00, 0x01, 0x01, 0x01, 0x0E, 0x01, 0x03,
    0x13, 0x00, 0x01, 0x01, 0x03, 0x04, 0x01, 0x02, 0x05, 0x00, 0x01, 0x01, 0x01, 0x03, 0x6A, 0x00,
    0xAC, 0x00, 0x01, 0x01, 0x01, 0x04, 0x01, 0x06, 0x02, 0x07, 0x01, 0x06, 0x01, 0x04, 0x01, 0x01,
    0x16, 0x00, 0x01, 0x03, 0x01, 0x0A, 0x01, 0x0E, 0x06, 0x0F, 0x01, 0x0E, 0x01, 0x0A, 0x01, 0x04,
    0x12, 0x00, 0x01, 0x01, 0x01, 0x0A, 0x05, 0x0F, 0x02, 0x0E, 0x05, 0x0F, 0x01, 0x0A, 0x01, 0x01,
    0x0F, 0x00, 0x01, 0x03, 0x01, 0x0D, 0x02, 0x0F, 0x01, 0x0E, 0x01, 0x09, 0x01, 0x05, 0x01, 0x02,
    0x02, 0x01, 0x01, 0x02, 0x01, 0x05, 0x01, 0x09, 0x01, 0x0E, 0x02, 0x0F, 0x01, 0x0D, 0x01, 0x03,
    0x0D, 0x00, 0x01, 0x03, 0x01, 0x0E, 0x02, 0x0F, 0x01, 0x09, 0x01, 0x02, 0x08, 0x00, 0x01, 0x02,
    0x01, 0x09, 0x02, 0x0F, 0x01, 0x0E, 0x01, 0x03, 0x0B, 0x00, 0x01, 0x01, 0x01, 0x0D, 0x02, 0x0F,
    0x01, 0x06, 0x02, 0x00, 0x01, 0x01, 0x01, 0x06, 0x01, 0x0A, 0x02, 0x0B, 0x01, 0x0A, 0x01, 0x06,
    0x01, 0x01, 0x02, 0x00, 0x01, 0x06, 0x02, 0x0F, 0x01, 0x0D, 0x01, 0x01, 0x0A, 0x00, 0x01, 0x0A,
    0x02, 0x0F, 0x01, 0x06, 0x02, 0x00, 0x01, 0x06, 0x01, 0x0E, 0x06, 0x0F, 0x01, 0x0E, 0x01, 0x06,
    0x02, 0x00, 0x01, 0x06, 0x02, 0x0F, 0x01, 0x0A, 0x09, 0x00, 0x01, 0x03, 0x02, 0x0F, 0x01, 0x09,
    0x02, 0x00, 0x01, 0x08, 0x03, 0x0F, 0x01, 0x0C, 0x02, 0x0A, 0x01, 0x0C, 0x03, 0x0F, 0x01, 0x08,
    0x02, 0x00, 0x01, 0x09, 0x02, 0x0F, 0x01, 0x03, 0x08, 0x00, 0x01, 0x0A, 0x01, 0x0F, 0x01, 0x0E,
    0x01, 0x01, 0x01, 0x00, 0x01, 0x07, 0x02, 0x0F, 0x01, 0x0D, 0x01, 0x04, 0x04, 0x00, 0x01, 0x04,
    0x01, 0x0D, 0x02, 0x0F, 0x01, 0x07, 0x01, 0x00, 0x01, 0x01, 0x01, 0x0E, 0x01, 0x0F, 0x01, 0x0A,
    0x07, 0x00, 0x01, 0x01, 0x01, 0x0E, 0x01, 0x0F, 0x01, 0x09, 0x01, 0x00, 0x01, 0x02, 0x01, 0x0E,
    0x01, 0x0F, 0x01, 0x0D, 0x01, 0x01, 0x06, 0x00, 0x01, 0x01, 0x01, 0x0D, 0x01, 0x0F, 0x01, 0x0E,
    0x01, 0x02, 0x01, 0x00, 0x01, 0x09, 0x01, 0x0F, 0x01, 0x0E, 0x01, 0x01, 0x06, 0x00, 0x01, 0x04,
    0x02, 0x0F, 0x01, 0x05, 0x01, 0x00, 0x01, 0x07, 0x02, 0x0F, 0x01, 0x04, 0x02, 0x00, 0x01, 0x01,
    0x02, 0x07, 0x01, 0x01, 0x02, 0x00, 0x01, 0x04, 0x02, 0x0F, 0x01, 0x07, 0x01, 0x00, 0x01, 0x05,
    0x02, 0x0F, 0x01, 0x04, 0x06, 0x00, 0x01, 0x06, 0x02, 0x0F, 0x01, 0x02, 0x01, 0x00, 0x01, 0x0B,
    0x01, 0x0F, 0x01, 0x0C, 0x02, 0x00, 0x01, 0x01, 0x01, 0x0D, 0x02, 0x0F, 0x01, 0x0D, 0x01, 0x01,
    0x02, 0x00, 0x01, 0x0C, 0x01, 0x0F, 0x01, 0x0B, 0x01, 0x00, 0x01, 0x02, 0x02, 0x0F, 0x01, 0x06,
    0x06, 0x00, 0x01, 0x07, 0x01, 0x0F, 0x01, 0x0E, 0x01, 0x01, 0x01, 0x00, 0x01, 0x0C, 0x01, 0x0F,
    0x01, 0x0A, 0x02, 0x00, 0x01, 0x07, 0x04, 0x0F, 0x01, 0x07, 0x02, 0x00, 0x01, 0x0A, 0x01, 0x0F,
    0x01, 0x0C, 0x01, 0x00, 0x01, 0x01, 0x01, 0x0E, 0x01, 0x0F, 0x01, 0x07, 0x06, 0x00, 0x01, 0x07,
    0x01, 0x0F, 0x01, 0x0E, 0x01, 0x01, 0x01, 0x00, 0x01, 0x0C, 0x01, 0x0F, 0x01, 0x0A, 0x02, 0x00,
    0x01, 0x07, 0x04, 0x0F, 0x01, 0x07, 0x02, 0x00, 0x01, 0x0A, 0x01, 0x0F, 0x01, 0x0C, 0x01, 0x00,
    0x01, 0x01, 0x01, 0x0E, 0x01, 0x0F, 0x01, 0x07, 0x06, 0x00, 0x01, 0x06, 0x02, 0x0F, 0x01, 0x02,
    0x01, 0x00, 0x01, 0x0B, 0x01, 0x0F, 0x01, 0x0C, 0x02, 0x00, 0x01, 0x01, 0x01, 0x0D, 0x02, 0x0F,
    0x01, 0x0D, 0x01, 0x01, 0x02, 0x00, 0x01, 0x0C, 0x01, 0x0F, 0x01, 0x0B, 0x01, 0x00, 0x01, 0x02,
    0x02, 0x0F, 0x01, 0x06, 0x06, 0x00, 0x01, 0x04, 0x02, 0x0F, 0x01, 0x05, 0x01, 0x00, 0x01, 0x08,
    0x02, 0x0F, 0x01, 0x04, 0x02, 0x00, 0x01, 0x01, 0x02, 0x07, 0x01, 0x01, 0x02, 0x00, 0x01, 0x04,
    0x02, 0x0F, 0x01, 0x07, 0x01, 0x00, 0x01, 0x05, 0x02, 0x0F, 0x01, 0x04, 0x06, 0x00, 0x01, 0x01,
    0x01, 0x0E, 0x01, 0x0F, 0x01, 0x0A, 0x01, 0x00, 0x01, 0x02, 0x01, 0x0E, 0x01, 0x0F, 0x01, 0x0A,
    0x08, 0x00, 0x01, 0x0A, 0x01, 0x0F, 0x01, 0x0E, 0x01, 0x02, 0x01, 0x00, 0x01, 0x0A, 0x01, 0x0F,
    0x01, 0x0E, 0x01, 0x01, 0x07, 0x00, 0x01, 0x0A, 0x01, 0x0F, 0x01, 0x0E, 0x01, 0x02, 0x01, 0x00,
    0x01, 0x07, 0x01, 0x0E, 0x01, 0x06, 0x08, 0x00, 0x01, 0x06, 0x01, 0x0E, 0x01, 0x07, 0x01, 0x00,
    0x01, 0x02, 0x01, 0x0E, 0x01, 0x0F, 0x01, 0x0A, 0x08, 0x00, 0x01, 0x03, 0x02, 0x0F, 0x01, 0x0A,
    0x02, 0x00, 0x01, 0x01, 0x0A, 0x00, 0x01, 0x01, 0x02, 0x00, 0x01, 0x0A, 0x02, 0x0F, 0x01, 0x03,
    0x09, 0x00, 0x01, 0x0A, 0x02, 0x0F, 0x01, 0x04, 0x0E, 0x00, 0x01, 0x05, 0x02, 0x0F, 0x01, 0x0A,
    0x0A, 0x00, 0x01, 0x01, 0x01, 0x0D, 0x01, 0x0F, 0x01, 0x04, 0x0E, 0x00, 0x01, 0x05, 0x01, 0x0F,
    0x01, 0x0D, 0x01, 0x01, 0x0B, 0x00, 0x01, 0x01, 0x01, 0x03, 0x10, 0x00, 0x01, 0x03, 0x01, 0x01,
    0xA6, 0x00, 0x6F, 0x00, 0x02, 0x02, 0x1B, 0x00, 0x01, 0x01, 0x01, 0x05, 0x01, 0x0B, 0x02, 0x0E,
    0x01, 0x0B, 0x01, 0x05, 0x01, 0x01, 0x16, 0x00, 0x01, 0x03, 0x01, 0x08, 0x01, 0x0D, 0x06, 0x0F,
    0x01, 0x0D, 0x01, 0x08, 0x01, 0x03, 0x11, 0x00, 0x01, 0x01, 0x01, 0x06, 0x01, 0x0C, 0x0C, 0x0F,
    0x01, 0x0C, 0x01, 0x06, 0x01, 0x01, 0x0D, 0x00, 0x01, 0x04, 0x01, 0x0E, 0x10, 0x0F, 0x01, 0x0E,
    0x01, 0x04, 0x0C, 0x00, 0x01, 0x0D, 0x12, 0x0F, 0x01, 0x0D, 0x0B, 0x00, 0x01, 0x01, 0x01, 0x0E,
    0x12, 0x0F, 0x01, 0x0E, 0x01, 0x01, 0x0A, 0x00, 0x01, 0x01, 0x01, 0x0E, 0x12, 0x0F, 0x01, 0x0E,
    0x01, 0x01, 0x0A, 0x00, 0x01, 0x01, 0x01, 0x0E, 0x12, 0x0F, 0x01, 0x0E, 0x01, 0x01, 0x0A, 0x00,
    0x01, 0x01, 0x01, 0x0E, 0x12, 0x0F, 0x01, 0x0E, 0x01, 0x01, 0x0A, 0x00, 0x01, 0x01, 0x01, 0x0E,
    0x12, 0x0F, 0x01, 0x0E, 0x01, 0x01, 0x0A, 0x00, 0x01, 0x01, 0x01, 0x0E, 0x12, 0x0F, 0x01, 0x0E,
    0x01, 0x01, 0x0A, 0x00, 0x01, 0x01, 0x01, 0x0E, 0x12, 0x0F, 0x01, 0x0E, 0x01, 0x01, 0x0B, 0x00,
    0x01, 0x0D, 0x12, 0x0F, 0x01, 0x0D, 0x0C, 0x00, 0x01, 0x0B, 0x12, 0x0F, 0x01, 0x0B, 0x0C, 0x00,
    0x01, 0x08, 0x12, 0x0F, 0x01, 0x08, 0x0C, 0x00, 0x01, 0x03, 0x12, 0x0F, 0x01, 0x03, 0x0D, 0x00,
    0x01, 0x0C, 0x10, 0x0F, 0x01, 0x0C, 0x0E, 0x00, 0x01, 0x05, 0x10, 0x0F, 0x01, 0x05, 0x0F, 0x00,
    0x01, 0x0B, 0x0E, 0x0F, 0x01, 0x0B, 0x10, 0x00, 0x01, 0x02, 0x01, 0x0E, 0x0C, 0x0F, 0x01, 0x0E,
    0x01, 0x02, 0x11, 0x00, 0x01, 0x04, 0x0C, 0x0F, 0x01, 0x04, 0x13, 0x00, 0x01, 0x05, 0x01, 0x0E,
    0x08, 0x0F, 0x01, 0x0E, 0x01, 0x05, 0x15, 0x00, 0x01, 0x03, 0x01, 0x0B, 0x06, 0x0F, 0x01, 0x0B,
    0x01, 0x03, 0x18, 0x00, 0x01, 0x05, 0x01, 0x0B, 0x02, 0x0E, 0x01, 0x0B, 0x01, 0x05, 0x1C, 0x00,
    0x02, 0x02, 0x6F, 0x00, 0x6D, 0x00, 0x06, 0x02, 0x18, 0x00, 0x01, 0x01, 0x01, 0x0A, 0x06, 0x0F,
    0x01, 0x0A, 0x01, 0x01, 0x16, 0x00, 0x01, 0x08, 0x08, 0x0F, 0x01, 0x08, 0x16, 0x00, 0x01, 0x0B,
    0x08, 0x0F, 0x01, 0x0B, 0x16, 0x00, 0x01, 0x0B, 0x08, 0x0F, 0x01, 0x0B, 0x16, 0x00, 0x01, 0x0B,
    0x08, 0x0F, 0x01, 0x0B, 0x16, 0x00, 0x01, 0x0B, 0x08, 0x0F, 0x01, 0x0B, 0x16, 0x00, 0x01, 0x04,
    0x08, 0x0F, 0x01, 0x04, 0x17, 0x00, 0x01, 0x04, 0x01, 0x09, 0x01, 0x0B, 0x02, 0x0F, 0x01, 0x0B,
    0x01, 0x09, 0x01, 0x04, 0x1A, 0x00, 0x01, 0x03, 0x02, 0x0F, 0x01, 0x03, 0x1C, 0x00, 0x01, 0x03,
    0x02, 0x0F, 0x01, 0x03, 0x18, 0x00, 0x01, 0x02, 0x03, 0x04, 0x01, 0x07, 0x02, 0x0F, 0x01, 0x07,
    0x03, 0x04, 0x01, 0x02, 0x13, 0x00, 0x01, 0x08, 0x0C, 0x0F, 0x01, 0x08, 0x11, 0x00, 0x01, 0x03,
    0x0E, 0x0F, 0x01, 0x03, 0x10, 0x00, 0x01, 0x06, 0x02, 0x0F, 0x01, 0x06, 0x08, 0x04, 0x01, 0x06,
    0x02, 0x0F, 0x01, 0x06, 0x10, 0x00, 0x01, 0x06, 0x02, 0x0F, 0x01, 0x02, 0x08, 0x00, 0x01, 0x02,
    0x02, 0x0F, 0x01, 0x06, 0x10, 0x00, 0x01, 0x05, 0x02, 0x0F, 0x01, 0x02, 0x08, 0x00, 0x01, 0x02,
    0x02, 0x0F, 0x01, 0x05, 0x0E, 0x00, 0x01, 0x03, 0x01, 0x07, 0x01, 0x0A, 0x02, 0x0F, 0x01, 0x09,
    0x01, 0x06, 0x01, 0x01, 0x04, 0x00, 0x01, 0x02, 0x01, 0x06, 0x01, 0x09, 0x02, 0x0F, 0x01, 0x0A,
    0x01, 0x07, 0x01, 0x03, 0x0B, 0x00, 0x01, 0x03, 0x01, 0x0E, 0x06, 0x0F, 0x01, 0x0D, 0x01, 0x01,
    0x02, 0x00, 0x01, 0x02, 0x01, 0x0D, 0x06, 0x0F, 0x01, 0x0E, 0x01, 0x03, 0x0A, 0x00, 0x01, 0x0A,
    0x08, 0x0F, 0x01, 0x06, 0x02, 0x00, 0x01, 0x08, 0x08, 0x0F, 0x01, 0x0A, 0x0A, 0x00, 0x01, 0x0B,
    0x08, 0x0F, 0x01, 0x08, 0x02, 0x00, 0x01, 0x09, 0x08, 0x0F, 0x01, 0x0B, 0x0A, 0x00, 0x01, 0x0B,
    0x08, 0x0F, 0x01, 0x07, 0x02, 0x00, 0x01, 0x09, 0x08, 0x0F, 0x01, 0x0B, 0x0A, 0x00, 0x01, 0x0B,
    0x08, 0x0F, 0x01, 0x08, 0x02, 0x00, 0x01, 0x0A, 0x08, 0x0F, 0x01, 0x0B, 0x0A, 0x00, 0x01, 0x09,
    0x08, 0x0F, 0x01, 0x05, 0x02, 0x00, 0x01, 0x07, 0x08, 0x0F, 0x01, 0x09, 0x0A, 0x00, 0x01, 0x02,
    0x01, 0x0C, 0x06, 0x0F, 0x01, 0x0A, 0x03, 0x00, 0x01, 0x01, 0x01, 0x0B, 0x06, 0x0F, 0x01, 0x0C,
    0x01, 0x02, 0x0C, 0x00, 0x01, 0x03, 0x04, 0x04, 0x01, 0x03, 0x06, 0x00, 0x01, 0x03, 0x04, 0x04,
    0x01, 0x03, 0x67, 0x00, 0x4D, 0x00, 0x01, 0x01, 0x01, 0x08, 0x02, 0x0B, 0x01, 0x08, 0x01, 0x01,
    0x19, 0x00, 0x01, 0x01, 0x01, 0x0D, 0x04, 0x0F, 0x01, 0x0C, 0x01, 0x01, 0x18, 0x00, 0x01, 0x09,
    0x06, 0x0F, 0x01, 0x08, 0x12, 0x00, 0x01, 0x06, 0x05, 0x0B, 0x07, 0x0F, 0x01, 0x0E, 0x05, 0x0B,
    0x01, 0x06, 0x0B, 0x00, 0x01, 0x06, 0x14, 0x0F, 0x01, 0x06, 0x0A, 0x00, 0x01, 0x0B, 0x14, 0x0F,
    0x01, 0x0B, 0x0A, 0x00, 0x01, 0x0B, 0x14, 0x0F, 0x01, 0x0B, 0x0A, 0x00, 0x01, 0x0B, 0x14, 0x0F,
    0x01, 0x0B, 0x0A, 0x00, 0x01, 0x0B, 0x14, 0x0F, 0x01, 0x0B, 0x0A, 0x00, 0x01, 0x0B, 0x14, 0x0F,
    0x01, 0x0B, 0x0A, 0x00, 0x01, 0x09, 0x14, 0x0F, 0x01, 0x0E, 0x01, 0x08, 0x01, 0x01, 0x08, 0x00,
    0x01, 0x01, 0x01, 0x05, 0x01, 0x0D, 0x14, 0x0F, 0x01, 0x0B, 0x01, 0x01, 0x09, 0x00, 0x01, 0x03,
    0x15, 0x0F, 0x01, 0x07, 0x0A, 0x00, 0x01, 0x0C, 0x14, 0x0F, 0x01, 0x0B, 0x0A, 0x00, 0x01, 0x0C,
    0x14, 0x0F, 0x01, 0x0B, 0x09, 0x00, 0x01, 0x03, 0x15, 0x0F, 0x01, 0x07, 0x08, 0x00, 0x01, 0x05,
    0x01, 0x0D, 0x14, 0x0F, 0x01, 0x0C, 0x01, 0x01, 0x07, 0x00, 0x01, 0x09, 0x14, 0x0F, 0x01, 0x0E,
    0x01, 0x09, 0x01, 0x01, 0x08, 0x00, 0x01, 0x0B, 0x14, 0x0F, 0x01, 0x0B, 0x0A, 0x00, 0x01, 0x0B,
    0x14, 0x0F, 0x01, 0x0B, 0x0A, 0x00, 0x01, 0x0B, 0x14, 0x0F, 0x01, 0x0B, 0x0A, 0x00, 0x01, 0x0B,
    0x14, 0x0F, 0x01, 0x0B, 0x0A, 0x00, 0x01, 0x0B, 0x14, 0x0F, 0x01, 0x0B, 0x0A, 0x00, 0x01, 0x06,
    0x14, 0x0F, 0x01, 0x06, 0x0B, 0x00, 0x01, 0x06, 0x12, 0x0B, 0x01, 0x06, 0xA6, 0x00, 0x6F, 0x00,
    0x01, 0x02, 0x01, 0x03, 0x1D, 0x00, 0x01, 0x02, 0x01, 0x0E, 0x01, 0x0F, 0x01, 0x03, 0x1C, 0x00,
    0x01, 0x04, 0x02, 0x0F, 0x01, 0x06, 0x1C, 0x00, 0x01, 0x04, 0x02, 0x0F, 0x01, 0x06, 0x15, 0x00,
    0x01, 0x02, 0x06, 0x00, 0x01, 0x04, 0x02, 0x0F, 0x01, 0x06, 0x06, 0x00, 0x01, 0x02, 0x0D, 0x00,
    0x01, 0x09, 0x01, 0x0F, 0x01, 0x07, 0x05, 0x00, 0x01, 0x04, 0x02, 0x0F, 0x01, 0x06, 0x05, 0x00,
    0x01, 0x07, 0x01, 0x0F, 0x01, 0x09, 0x0B, 0x00, 0x01, 0x05, 0x02, 0x0F, 0x01, 0x0A, 0x05, 0x00,
    0x01, 0x04, 0x02, 0x0F, 0x01, 0x06, 0x05, 0x00, 0x01, 0x0A, 0x02, 0x0F, 0x01, 0x05, 0x09, 0x00,
    0x01, 0x01, 0x01, 0x0D, 0x01, 0x0F, 0x01, 0x0E, 0x01, 0x03, 0x05, 0x00, 0x01, 0x04, 0x02, 0x0F,
    0x01, 0x06, 0x05, 0x00, 0x01, 0x03, 0x01, 0x0E, 0x01, 0x0F, 0x01, 0x0D, 0x01, 0x01, 0x08, 0x00,
    0x01, 0x06, 0x02, 0x0F, 0x01, 0x08, 0x06, 0x00, 0x01, 0x04, 0x02, 0x0F, 0x01, 0x06, 0x06, 0x00,
    0x01, 0x08, 0x02, 0x0F, 0x01, 0x05, 0x08, 0x00, 0x01, 0x0B, 0x01, 0x0F, 0x01, 0x0E, 0x01, 0x01,
    0x06, 0x00, 0x01, 0x04, 0x02, 0x0F, 0x01, 0x06, 0x06, 0x00, 0x01, 0x01, 0x01, 0x0E, 0x01, 0x0F,
    0x01, 0x0B, 0x07, 0x00, 0x01, 0x01, 0x01, 0x0E, 0x01, 0x0F, 0x01, 0x0A, 0x07, 0x00, 0x01, 0x04,
    0x02, 0x0F, 0x01, 0x06, 0x07, 0x00, 0x01, 0x0A, 0x01, 0x0F, 0x01, 0x0E, 0x01, 0x01, 0x06, 0x00,
    0x01, 0x03, 0x02, 0x0F, 0x01, 0x07, 0x07, 0x00, 0x01, 0x04, 0x02, 0x0F, 0x01, 0x06, 0x07, 0x00,
    0x01, 0x07, 0x02, 0x0F, 0x01, 0x03, 0x06, 0x00, 0x01, 0x04, 0x02, 0x0F, 0x01, 0x06, 0x07, 0x00,
    0x01, 0x04, 0x02, 0x0F, 0x01, 0x06, 0x07, 0x00, 0x01, 0x06, 0x02, 0x0F, 0x01, 0x04, 0x06, 0x00,
    0x01, 0x04, 0x02, 0x0F, 0x01, 0x06, 0x07, 0x00, 0x01, 0x04, 0x02, 0x0F, 0x01, 0x05, 0x07, 0x00,
    0x01, 0x06, 0x02, 0x0F, 0x01, 0x04, 0x06, 0x00, 0x01, 0x03, 0x02, 0x0F, 0x01, 0x07, 0x08, 0x00,
    0x01, 0x09, 0x01, 0x0A, 0x01, 0x01, 0x07, 0x00, 0x01, 0x07, 0x02, 0x0F, 0x01, 0x03, 0x06, 0x00,
    0x01, 0x01, 0x01, 0x0E, 0x01, 0x0F, 0x01, 0x0A, 0x12, 0x00, 0x01, 0x0A, 0x01, 0x0F, 0x01, 0x0E,
    0x01, 0x01, 0x07, 0x00, 0x01, 0x0B, 0x01, 0x0F, 0x01, 0x0E, 0x01, 0x01, 0x10, 0x00, 0x01, 0x01,
    0x01, 0x0E, 0x01, 0x0F, 0x01, 0x0B, 0x08, 0x00, 0x01, 0x06, 0x02, 0x0F, 0x01, 0x07, 0x10, 0x00,
    0x01, 0x07, 0x02, 0x0F, 0x01, 0x06, 0x08, 0x00, 0x01, 0x01, 0x01, 0x0E, 0x01, 0x0F, 0x01, 0x0E,
    0x01, 0x02, 0x0E, 0x00, 0x01, 0x02, 0x01, 0x0E, 0x01, 0x0F, 0x01, 0x0E, 0x01, 0x01, 0x09, 0x00,
    0x01, 0x06, 0x02, 0x0F, 0x01, 0x0C, 0x01, 0x01, 0x0C, 0x00, 0x01, 0x01, 0x01, 0x0C, 0x02, 0x0F,
    0x01, 0x06, 0x0B, 0x00, 0x01, 0x0A, 0x02, 0x0F, 0x01, 0x0C, 0x01, 0x02, 0x0A, 0x00, 0x01, 0x02,
    0x01, 0x0C, 0x02, 0x0F, 0x01, 0x0A, 0x0C, 0x00, 0x01, 0x01, 0x01, 0x0B, 0x02, 0x0F, 0x01, 0x0E,
    0x01, 0x07, 0x01, 0x01, 0x06, 0x00, 0x01, 0x01, 0x01, 0x07, 0x01, 0x0E, 0x02, 0x0F, 0x01, 0x0B,
    0x01, 0x01, 0x0D, 0x00, 0x01, 0x01, 0x01, 0x0A, 0x03, 0x0F, 0x01, 0x0E, 0x01, 0x0A, 0x01, 0x07,
    0x02, 0x06, 0x01, 0x07, 0x01, 0x0A, 0x01, 0x0E, 0x03, 0x0F, 0x01, 0x0A, 0x01, 0x01, 0x10, 0x00,
    0x01, 0x06, 0x01, 0x0D, 0x0A, 0x0F, 0x01, 0x0D, 0x01, 0x06, 0x13, 0x00, 0x01, 0x01, 0x01, 0x06,
    0x01, 0x0B, 0x01, 0x0E, 0x04, 0x0F, 0x01, 0x0E, 0x01, 0x0B, 0x01, 0x06, 0x01, 0x01, 0x17, 0x00,
    0x01, 0x01, 0x01, 0x03, 0x02, 0x04, 0x01, 0x03, 0x01, 0x01, 0x6D, 0x00, 0xCE, 0x00, 0x01, 0x02,
    0x02, 0x04, 0x01, 0x02, 0x19, 0x00, 0x01, 0x01, 0x01, 0x08, 0x01, 0x0D, 0x04, 0x0F, 0x01, 0x0D,
    0x01, 0x08, 0x01, 0x01, 0x15, 0x00, 0x01, 0x04, 0x01, 0x0D, 0x08, 0x0F, 0x01, 0x0D, 0x01, 0x04,
    0x13, 0x00, 0x01, 0x05, 0x0C, 0x0F, 0x01, 0x04, 0x11, 0x00, 0x01, 0x02, 0x01, 0x0E, 0x0C, 0x0F,
    0x01, 0x0E, 0x01, 0x02, 0x10, 0x00, 0x01, 0x09, 0x0E, 0x0F, 0x01, 0x0A, 0x0E, 0x00, 0x01, 0x01,
    0x01, 0x03, 0x01, 0x0E, 0x0F, 0x0F, 0x01, 0x02, 0x0C, 0x00, 0x01, 0x08, 0x01, 0x0D, 0x11, 0x0F,
    0x01, 0x05, 0x0A, 0x00, 0x01, 0x01, 0x01, 0x0B, 0x13, 0x0F, 0x01, 0x0C, 0x01, 0x08, 0x01, 0x04,
    0x08, 0x00, 0x01, 0x0A, 0x17, 0x0F, 0x01, 0x0A, 0x06, 0x00, 0x01, 0x04, 0x19, 0x0F, 0x01, 0x0A,
    0x05, 0x00, 0x01, 0x09, 0x1A, 0x0F, 0x01, 0x04, 0x04, 0x00, 0x01, 0x0B, 0x1A, 0x0F, 0x01, 0x09,
    0x04, 0x00, 0x01, 0x0B, 0x1A, 0x0F, 0x01, 0x0B, 0x04, 0x00, 0x01, 0x09, 0x1A, 0x0F, 0x01, 0x0B,
    0x04, 0x00, 0x01, 0x04, 0x1A, 0x0F, 0x01, 0x07, 0x05, 0x00, 0x01, 0x0A, 0x18, 0x0F, 0x01, 0x0E,
    0x01, 0x02, 0x05, 0x00, 0x01, 0x01, 0x01, 0x0B, 0x17, 0x0F, 0x01, 0x05, 0x08, 0x00, 0x01, 0x08,
    0x01, 0x0D, 0x13, 0x0F, 0x01, 0x0B, 0x01, 0x04, 0x0A, 0x00, 0x01, 0x01, 0x01, 0x03, 0x11, 0x04,
    0x01, 0x02, 0xC6, 0x00, 0x65, 0x00, 0x01, 0x02, 0x14, 0x04, 0x01, 0x02, 0x09, 0x00, 0x01, 0x07,
    0x16, 0x0F, 0x01, 0x07, 0x07, 0x00, 0x01, 0x02, 0x18, 0x0F, 0x01, 0x02, 0x06, 0x00, 0x01, 0x04,
    0x02, 0x0F, 0x01, 0x09, 0x12, 0x06, 0x01, 0x09, 0x02, 0x0F, 0x01, 0x04, 0x06, 0x00, 0x01, 0x04,
    0x02, 0x0F, 0x01, 0x05, 0x12, 0x00, 0x01, 0x05, 0x02, 0x0F, 0x01, 0x04, 0x06, 0x00, 0x01, 0x04,
    0x02, 0x0F, 0x01, 0x06, 0x01, 0x00, 0x01, 0x01, 0x0E, 0x00, 0x01, 0x01, 0x01, 0x00, 0x01, 0x06,
    0x02, 0x0F, 0x01, 0x04, 0x06, 0x00, 0x01, 0x04, 0x02, 0x0F, 0x01, 0x05, 0x12, 0x00, 0x01, 0x05,
    0x02, 0x0F, 0x01, 0x04, 0x06, 0x00, 0x01, 0x04, 0x02, 0x0F, 0x01, 0x0A, 0x01, 0x07, 0x01, 0x08,
    0x0E, 0x07, 0x01, 0x08, 0x01, 0x07, 0x01, 0x0A, 0x02, 0x0F, 0x01, 0x04, 0x06, 0x00, 0x01, 0x01,
    0x01, 0x0E, 0x16, 0x0F, 0x01, 0x0E, 0x01, 0x01, 0x07, 0x00, 0x01, 0x04, 0x01, 0x0E, 0x14, 0x0F,
    0x01, 0x0E, 0x01, 0x04, 0x09, 0x00, 0x01, 0x0B, 0x14, 0x0F, 0x01, 0x0B, 0x0A, 0x00, 0x01, 0x0B,
    0x14, 0x0F, 0x01, 0x0B, 0x0A, 0x00, 0x01, 0x0B, 0x08, 0x0F, 0x04, 0x0E, 0x08, 0x0F, 0x01, 0x0B,
    0x0A, 0x00, 0x01, 0x0B, 0x06, 0x0F, 0x01, 0x0E, 0x01, 0x04, 0x04, 0x01, 0x01, 0x04, 0x01, 0x0E,
    0x06, 0x0F, 0x01, 0x0B, 0x0A, 0x00, 0x01, 0x0B, 0x06, 0x0F, 0x01, 0x0D, 0x06, 0x00, 0x01, 0x0D,
    0x06, 0x0F, 0x01, 0x0B, 0x0A, 0x00, 0x01, 0x0B, 0x07, 0x0F, 0x01, 0x0C, 0x04, 0x09, 0x01, 0x0C,
    0x07, 0x0F, 0x01, 0x0B, 0x0A, 0x00, 0x01, 0x0B, 0x14, 0x0F, 0x01, 0x0B, 0x0A, 0x00, 0x01, 0x0B,
    0x14, 0x0F, 0x01, 0x0B, 0x0A, 0x00, 0x01, 0x0B, 0x14, 0x0F, 0x01, 0x0B, 0x0A, 0x00, 0x01, 0x0B,
    0x14, 0x0F, 0x01, 0x0B, 0x0A, 0x00, 0x01, 0x0B, 0x14, 0x0F, 0x01, 0x0B, 0x0A, 0x00, 0x01, 0x0B,
    0x14, 0x0F, 0x01, 0x0B, 0x0A, 0x00, 0x01, 0x0B, 0x14, 0x0F, 0x01, 0x0B, 0x0A, 0x00, 0x01, 0x09,
    0x14, 0x0F, 0x01, 0x09, 0x0A, 0x00, 0x01, 0x02, 0x01, 0x0C, 0x12, 0x0F, 0x01, 0x0C, 0x01, 0x02,
    0x0C, 0x00, 0x01, 0x03, 0x10, 0x04, 0x01, 0x03, 0x67, 0x00, 0xFF, 0x00, 0x17, 0x00, 0x01, 0x01,
    0x01, 0x09, 0x01, 0x06, 0x1C, 0x00, 0x01, 0x02, 0x01, 0x0D, 0x02, 0x0F, 0x01, 0x02, 0x12, 0x00,
    0x02, 0x04, 0x06, 0x00, 0x01, 0x02, 0x01, 0x0D, 0x02, 0x0F, 0x01, 0x0A, 0x11, 0x00, 0x01, 0x02,
    0x01, 0x0C, 0x02, 0x0F, 0x01, 0x0B, 0x01, 0x01, 0x03, 0x00, 0x01, 0x02, 0x01, 0x0D, 0x02, 0x0F,
    0x01, 0x0A, 0x11, 0x00, 0x01, 0x02, 0x01, 0x0D, 0x04, 0x0F, 0x01, 0x0C, 0x01, 0x01, 0x01, 0x00,
    0x01, 0x02, 0x01, 0x0D, 0x02, 0x0F, 0x01, 0x0B, 0x11, 0x00, 0x01, 0x02, 0x01, 0x0D, 0x02, 0x0F,
    0x01, 0x09, 0x01, 0x0B, 0x02, 0x0F, 0x01, 0x0C, 0x01, 0x04, 0x01, 0x0D, 0x02, 0x0F, 0x01, 0x0A,
    0x11, 0x00, 0x01, 0x02, 0x01, 0x0D, 0x02, 0x0F, 0x01, 0x0A, 0x01, 0x00, 0x01, 0x01, 0x01, 0x0C,
    0x05, 0x0F, 0x01, 0x0A, 0x01, 0x00, 0x01, 0x02, 0x01, 0x0A, 0x01, 0x07, 0x0D, 0x00, 0x01, 0x01,
    0x01, 0x0D, 0x02, 0x0F, 0x01, 0x0A, 0x03, 0x00, 0x01, 0x01, 0x01, 0x0C, 0x03, 0x0F, 0x01, 0x0A,
    0x01, 0x01, 0x01, 0x00, 0x01, 0x07, 0x02, 0x0F, 0x01, 0x02, 0x0C, 0x00, 0x01, 0x03, 0x02, 0x0F,
    0x01, 0x0A, 0x01, 0x00, 0x01, 0x03, 0x01, 0x02, 0x02, 0x00, 0x01, 0x01, 0x01, 0x08, 0x01, 0x0B,
    0x01, 0x07, 0x03, 0x00, 0x01, 0x07, 0x02, 0x0F, 0x01, 0x02, 0x0D, 0x00, 0x01, 0x06, 0x01, 0x08,
    0x01, 0x00, 0x01, 0x03, 0x01, 0x0F, 0x01, 0x0E, 0x01, 0x02, 0x04, 0x00, 0x01, 0x01, 0x01, 0x0A,
    0x01, 0x08, 0x01, 0x00, 0x01, 0x07, 0x02, 0x0F, 0x01, 0x02, 0x10, 0x00, 0x01, 0x06, 0x02, 0x0F,
    0x01, 0x04, 0x04, 0x00, 0x01, 0x07, 0x02, 0x0F, 0x01, 0x01, 0x01, 0x07, 0x02, 0x0F, 0x01, 0x02,
    0x10, 0x00, 0x01, 0x06, 0x02, 0x0F, 0x01, 0x04, 0x01, 0x00, 0x01, 0x03, 0x01, 0x02, 0x01, 0x00,
    0x01, 0x08, 0x02, 0x0F, 0x01, 0x01, 0x01, 0x07, 0x02, 0x0F, 0x01, 0x02, 0x0E, 0x00, 0x01, 0x01,
    0x01, 0x00, 0x01, 0x06, 0x02, 0x0F, 0x02, 0x03, 0x01, 0x0F, 0x01, 0x0E, 0x01, 0x01, 0x01, 0x07,
    0x02, 0x0F, 0x01, 0x01, 0x01, 0x07, 0x02, 0x0F, 0x01, 0x02, 0x0C, 0x00, 0x01, 0x01, 0x01, 0x0C,
    0x01, 0x0D, 0x01, 0x01, 0x01, 0x05, 0x02, 0x0F, 0x01, 0x03, 0x01, 0x05, 0x02, 0x0F, 0x01, 0x03,
    0x01, 0x07, 0x02, 0x0F, 0x01, 0x01, 0x01, 0x07, 0x02, 0x0F, 0x01, 0x02, 0x0C, 0x00, 0x01, 0x04,
    0x02, 0x0F, 0x01, 0x05, 0x01, 0x04, 0x02, 0x0F, 0x01, 0x03, 0x01, 0x05, 0x02, 0x0F, 0x01, 0x03,
    0x01, 0x07, 0x02, 0x0F, 0x01, 0x01, 0x01, 0x07, 0x02, 0x0F, 0x01, 0x02, 0x0C, 0x00, 0x01, 0x04,
    0x02, 0x0F, 0x02, 0x05, 0x02, 0x0F, 0x01, 0x03, 0x01, 0x05, 0x02, 0x0F, 0x01, 0x03, 0x01, 0x07,
    0x02, 0x0F, 0x01, 0x01, 0x01, 0x07, 0x02, 0x0F, 0x01, 0x02, 0x0C, 0x00, 0x01, 0x02, 0x01, 0x0D,
    0x01, 0x0E, 0x02, 0x02, 0x01, 0x0E, 0x01, 0x0D, 0x01, 0x01, 0x01, 0x02, 0x01, 0x0E, 0x01, 0x0D,
    0x01, 0x01, 0x01, 0x04, 0x01, 0x0E, 0x01, 0x0C, 0x01, 0x00, 0x01, 0x04, 0x01, 0x0E, 0x01, 0x0C,
    0x01, 0x01, 0x0D, 0x00, 0x02, 0x01, 0x02, 0x00, 0x02, 0x01, 0x02, 0x00, 0x02, 0x01, 0x02, 0x00,
    0x01, 0x02, 0x01, 0x01, 0x02, 0x00, 0x01, 0x02, 0x01, 0x01, 0xC7, 0x00, 0xFF, 0x00, 0x05, 0x00,
    0x01, 0x01, 0x01, 0x09, 0x03, 0x0B, 0x01, 0x0A, 0x01, 0x01, 0x01, 0x00, 0x01, 0x08, 0x01, 0x0B,
    0x01, 0x09, 0x02, 0x00, 0x01, 0x09, 0x01, 0x0B, 0x01, 0x08, 0x01, 0x00, 0x01, 0x01, 0x01, 0x0A,
    0x03, 0x0B, 0x01, 0x09, 0x01, 0x02, 0x07, 0x00, 0x01, 0x01, 0x01, 0x0C, 0x05, 0x0F, 0x01, 0x01,
    0x01, 0x00, 0x01, 0x0C, 0x01, 0x0F, 0x01, 0x0D, 0x02, 0x00, 0x01, 0x0D, 0x01, 0x0F, 0x01, 0x0C,
    0x01, 0x00, 0x01, 0x01, 0x05, 0x0F, 0x01, 0x0C, 0x01, 0x01, 0x06, 0x00, 0x01, 0x03, 0x05, 0x0F,
    0x01, 0x0E, 0x01, 0x01, 0x01, 0x00, 0x01, 0x0B, 0x01, 0x0F, 0x01, 0x0C, 0x02, 0x00, 0x01, 0x0C,
    0x01, 0x0F, 0x01, 0x0B, 0x01, 0x00, 0x01, 0x01, 0x01, 0x0E, 0x05, 0x0F, 0x01, 0x03, 0x06, 0x00,
    0x01, 0x04, 0x05, 0x0F, 0x01, 0x0E, 0x01, 0x01, 0x01, 0x00, 0x01, 0x0B, 0x01, 0x0F, 0x01, 0x0D,
    0x02, 0x00, 0x01, 0x0D, 0x01, 0x0F, 0x01, 0x0B, 0x01, 0x00, 0x01, 0x01, 0x01, 0x0E, 0x05, 0x0F,
    0x01, 0x04, 0x06, 0x00, 0x01, 0x04, 0x05, 0x0F, 0x01, 0x0E, 0x01, 0x01, 0x01, 0x00, 0x01, 0x0B,
    0x01, 0x0F, 0x01, 0x0D, 0x02, 0x00, 0x01, 0x0D, 0x01, 0x0F, 0x01, 0x0B, 0x01, 0x00, 0x01, 0x01,
    0x01, 0x0E, 0x05, 0x0F, 0x01, 0x04, 0x06, 0x00, 0x01, 0x04, 0x05, 0x0F, 0x01, 0x0E, 0x01, 0x01,
    0x01, 0x00, 0x01, 0x0B, 0x01, 0x0F, 0x01, 0x0D, 0x02, 0x00, 0x01, 0x0D, 0x01, 0x0F, 0x01, 0x0B,
    0x01, 0x00, 0x01, 0x01, 0x01, 0x0E, 0x05, 0x0F, 0x01, 0x04, 0x06, 0x00, 0x01, 0x04, 0x05, 0x0F,
    0x01, 0x0E, 0x02, 0x00, 0x01, 0x0B, 0x01, 0x0F, 0x01, 0x0D, 0x02, 0x00, 0x01, 0x0D, 0x01, 0x0F,
    0x01, 0x0B, 0x02, 0x00, 0x01, 0x0E, 0x05, 0x0F, 0x01, 0x04, 0x06, 0x00, 0x01, 0x04, 0x06, 0x0F,
    0x01, 0x06, 0x01, 0x04, 0x01, 0x0E, 0x01, 0x0F, 0x01, 0x0E, 0x02, 0x05, 0x01, 0x0E, 0x01, 0x0F,
    0x01, 0x0E, 0x01, 0x04, 0x01, 0x06, 0x06, 0x0F, 0x01, 0x04, 0x06, 0x00, 0x01, 0x04, 0x18, 0x0F,
    0x01, 0x04, 0x06, 0x00, 0x01, 0x04, 0x18, 0x0F, 0x01, 0x04, 0x06, 0x00, 0x01, 0x04, 0x18, 0x0F,
    0x01, 0x04, 0x06, 0x00, 0x01, 0x04, 0x18, 0x0F, 0x01, 0x04, 0x06, 0x00, 0x01, 0x04, 0x18, 0x0F,
    0x01, 0x04, 0x06, 0x00, 0x01, 0x03, 0x18, 0x0F, 0x01, 0x03, 0x07, 0x00, 0x01, 0x0B, 0x16, 0x0F,
    0x01, 0x0B, 0x08, 0x00, 0x01, 0x01, 0x01, 0x07, 0x14, 0x09, 0x01, 0x07, 0x01, 0x01, 0xFF, 0x00,
    0x05, 0x00, 0xCB, 0x00, 0x01, 0x02, 0x02, 0x05, 0x01, 0x02, 0x03, 0x00, 0x01, 0x03, 0x01, 0x06,
    0x01, 0x03, 0x14, 0x00, 0x01, 0x01, 0x01, 0x09, 0x04, 0x0F, 0x01, 0x09, 0x01, 0x01, 0x01, 0x00,
    0x01, 0x04, 0x02, 0x0F, 0x01, 0x0B, 0x01, 0x02, 0x12, 0x00, 0x01, 0x0A, 0x06, 0x0F, 0x01, 0x0A,
    0x02, 0x00, 0x01, 0x09, 0x02, 0x0F, 0x01, 0x0D, 0x01, 0x01, 0x10, 0x00, 0x01, 0x04, 0x08, 0x0F,
    0x01, 0x05, 0x01, 0x00, 0x01, 0x04, 0x03, 0x0F, 0x01, 0x08, 0x10, 0x00, 0x01, 0x09, 0x08, 0x0F,
    0x01, 0x09, 0x01, 0x00, 0x01, 0x02, 0x01, 0x0E, 0x02, 0x0F, 0x01, 0x0C, 0x10, 0x00, 0x01, 0x09,
    0x08, 0x0F, 0x01, 0x09, 0x01, 0x00, 0x01, 0x01, 0x01, 0x0E, 0x02, 0x0F, 0x01, 0x0D, 0x10, 0x00,
    0x01, 0x07, 0x08, 0x0F, 0x01, 0x07, 0x01, 0x00, 0x01, 0x02, 0x03, 0x0F, 0x01, 0x0B, 0x10, 0x00,
    0x01, 0x02, 0x01, 0x0E, 0x06, 0x0F, 0x01, 0x0E, 0x01, 0x02, 0x01, 0x00, 0x01, 0x06, 0x03, 0x0F,
    0x01, 0x04, 0x11, 0x00, 0x01, 0x05, 0x06, 0x0F, 0x01, 0x05, 0x01, 0x00, 0x01, 0x01, 0x01, 0x0D,
    0x02, 0x0F, 0x01, 0x08, 0x13, 0x00, 0x01, 0x03, 0x01, 0x0A, 0x02, 0x0C, 0x01, 0x0A, 0x01, 0x03,
    0x02, 0x00, 0x01, 0x05, 0x01, 0x0D, 0x01, 0x0A, 0x01, 0x05, 0x1C, 0x00, 0x01, 0x01, 0x15, 0x00,
    0x01, 0x01, 0x01, 0x04, 0x01, 0x06, 0x01, 0x08, 0x02, 0x09, 0x01, 0x08, 0x01, 0x06, 0x01, 0x04,
    0x01, 0x01, 0x04, 0x00, 0x01, 0x02, 0x01, 0x01, 0x0E, 0x00, 0x01, 0x03, 0x01, 0x09, 0x01, 0x0D,
    0x08, 0x0F, 0x01, 0x0D, 0x01, 0x09, 0x01, 0x03, 0x02, 0x00, 0x01, 0x02, 0x01, 0x0C, 0x01, 0x09,
    0x01, 0x03, 0x0A, 0x00, 0x01, 0x01, 0x01, 0x09, 0x0E, 0x0F, 0x01, 0x09, 0x01, 0x01, 0x01, 0x00,
    0x01, 0x04, 0x02, 0x0F, 0x01, 0x0A, 0x01, 0x01, 0x08, 0x00, 0x01, 0x0B, 0x10, 0x0F, 0x01, 0x0A,
    0x02, 0x00, 0x01, 0x0C, 0x02, 0x0F, 0x01, 0x0B, 0x07, 0x00, 0x01, 0x03, 0x12, 0x0F, 0x01, 0x03,
    0x01, 0x00, 0x01, 0x08, 0x03, 0x0F, 0x01, 0x03, 0x06, 0x00, 0x01, 0x04, 0x12, 0x0F, 0x01, 0x04,
    0x01, 0x00, 0x01, 0x08, 0x03, 0x0F, 0x01, 0x04, 0x06, 0x00, 0x01, 0x02, 0x12, 0x0F, 0x01, 0x03,
    0x01, 0x00, 0x01, 0x08, 0x03, 0x0F, 0x01, 0x02, 0x07, 0x00, 0x01, 0x08, 0x10, 0x0F, 0x01, 0x08,
    0x01, 0x00, 0x01, 0x01, 0x01, 0x0D, 0x02, 0x0F, 0x01, 0x08, 0x09, 0x00, 0x01, 0x04, 0x0E, 0x06,
    0x01, 0x04, 0x02, 0x00, 0x01, 0x01, 0x02, 0x06, 0x01, 0x04, 0xC5, 0x00, 0x6D, 0x00, 0x01, 0x03,
    0x01, 0x06, 0x02, 0x07, 0x01, 0x06, 0x01, 0x03, 0x18, 0x00, 0x01, 0x05, 0x01, 0x0C, 0x06, 0x0F,
    0x01, 0x0C, 0x01, 0x05, 0x14, 0x00, 0x01, 0x01, 0x01, 0x0A, 0x0A, 0x0F, 0x01, 0x0A, 0x01, 0x01,
    0x11, 0x00, 0x01, 0x01, 0x01, 0x0B, 0x0C, 0x0F, 0x01, 0x0B, 0x01, 0x01, 0x10, 0x00, 0x01, 0x09,
    0x0E, 0x0F, 0x01, 0x09, 0x0F, 0x00, 0x01, 0x04, 0x10, 0x0F, 0x01, 0x04, 0x0E, 0x00, 0x01, 0x0A,
    0x10, 0x0F, 0x01, 0x0A, 0x0D, 0x00, 0x01, 0x01, 0x01, 0x0E, 0x10, 0x0F, 0x01, 0x0E, 0x01, 0x01,
    0x0C, 0x00, 0x01, 0x03, 0x12, 0x0F, 0x01, 0x03, 0x0C, 0x00, 0x01, 0x04, 0x12, 0x0F, 0x01, 0x04,
    0x0C, 0x00, 0x01, 0x04, 0x12, 0x0F, 0x01, 0x03, 0x0C, 0x00, 0x01, 0x02, 0x12, 0x0F, 0x01, 0x02,
    0x0D, 0x00, 0x01, 0x0C, 0x10, 0x0F, 0x01, 0x0C, 0x0E, 0x00, 0x01, 0x07, 0x10, 0x0F, 0x01, 0x07,
    0x0E, 0x00, 0x01, 0x01, 0x01, 0x0E, 0x0E, 0x0F, 0x01, 0x0D, 0x01, 0x01, 0x0F, 0x00, 0x01, 0x05,
    0x0E, 0x0F, 0x01, 0x04, 0x11, 0x00, 0x01, 0x06, 0x0C, 0x0F, 0x01, 0x05, 0x13, 0x00, 0x01, 0x04,
    0x01, 0x08, 0x08, 0x07, 0x01, 0x08, 0x01, 0x03, 0x35, 0x00, 0x01, 0x05, 0x01, 0x0C, 0x06, 0x0D,
    0x01, 0x0C, 0x01, 0x03, 0x16, 0x00, 0x01, 0x09, 0x08, 0x0F, 0x01, 0x07, 0x16, 0x00, 0x01, 0x02,
    0x01, 0x07, 0x06, 0x08, 0x01, 0x07, 0x01, 0x01, 0x38, 0x00, 0x01, 0x04, 0x01, 0x0E, 0x02, 0x0D,
    0x01, 0x0E, 0x01, 0x04, 0x1A, 0x00, 0x01, 0x01, 0x01, 0x0D, 0x02, 0x0F, 0x01, 0x0D, 0x01, 0x01,
    0x1B, 0x00, 0x01, 0x01, 0x02, 0x06, 0x01, 0x01, 0x6E, 0x00, 0xFF, 0x00, 0x0F, 0x00, 0x01, 0x03,
    0x02, 0x07, 0x01, 0x03, 0x1B, 0x00, 0x01, 0x07, 0x04, 0x0F, 0x01, 0x06, 0x19, 0x00, 0x01, 0x03,
    0x06, 0x0F, 0x01, 0x03, 0x13, 0x00, 0x01, 0x01, 0x04, 0x00, 0x01, 0x07, 0x06, 0x0F, 0x01, 0x07,
    0x05, 0x00, 0x01, 0x01, 0x0B, 0x00, 0x01, 0x06, 0x02, 0x0D, 0x01, 0x07, 0x03, 0x00, 0x01, 0x07,
    0x06, 0x0F, 0x01, 0x07, 0x03, 0x00, 0x01, 0x06, 0x02, 0x0D, 0x01, 0x07, 0x09, 0x00, 0x01, 0x02,
    0x04, 0x0F, 0x01, 0x03, 0x02, 0x00, 0x01, 0x03, 0x06, 0x0F, 0x01, 0x03, 0x02, 0x00, 0x01, 0x02,
    0x04, 0x0F, 0x01, 0x03, 0x08, 0x00, 0x01, 0x04, 0x02, 0x0F, 0x01, 0x0E, 0x01, 0x0F, 0x01, 0x06,
    0x03, 0x00, 0x01, 0x07, 0x04, 0x0F, 0x01, 0x06, 0x03, 0x00, 0x01, 0x04, 0x02, 0x0F, 0x01, 0x0E,
    0x01, 0x0F, 0x01, 0x06, 0x08, 0x00, 0x01, 0x01, 0x01, 0x0D, 0x02, 0x0F, 0x01, 0x0E, 0x01, 0x02,
    0x04, 0x00, 0x01, 0x03, 0x02, 0x07, 0x01, 0x03, 0x04, 0x00, 0x01, 0x01, 0x01, 0x0D, 0x02, 0x0F,
    0x01, 0x0E, 0x01, 0x02, 0x09, 0x00, 0x01, 0x02, 0x01, 0x08, 0x01, 0x09, 0x01, 0x03, 0x0E, 0x00,
    0x01, 0x02, 0x01, 0x08, 0x01, 0x09, 0x01, 0x03, 0x10, 0x00, 0x01, 0x03, 0x01, 0x08, 0x01, 0x0C,
    0x01, 0x0D, 0x02, 0x0E, 0x01, 0x0D, 0x01, 0x0C, 0x01, 0x08, 0x01, 0x03, 0x0E, 0x00, 0x01, 0x01,
    0x01, 0x07, 0x01, 0x0B, 0x01, 0x0D, 0x01, 0x0C, 0x01, 0x02, 0x01, 0x00, 0x01, 0x09, 0x0A, 0x0F,
    0x01, 0x09, 0x01, 0x00, 0x01, 0x02, 0x02, 0x0D, 0x01, 0x0B, 0x01, 0x07, 0x01, 0x01, 0x05, 0x00,
    0x01, 0x02, 0x01, 0x0D, 0x03, 0x0F, 0x01, 0x0C, 0x01, 0x00, 0x01, 0x07, 0x0C, 0x0F, 0x01, 0x07,
    0x01, 0x00, 0x01, 0x0C, 0x03, 0x0F, 0x01, 0x0D, 0x01, 0x02, 0x04, 0x00, 0x01, 0x09, 0x01, 0x0F,
    0x02, 0x0E, 0x01, 0x0F, 0x01, 0x08, 0x01, 0x00, 0x01, 0x0D, 0x0C, 0x0F, 0x01, 0x0D, 0x01, 0x00,
    0x01, 0x08, 0x01, 0x0F, 0x02, 0x0E, 0x01, 0x0F, 0x01, 0x09, 0x04, 0x00, 0x01, 0x0A, 0x04, 0x0F,
    0x01, 0x08, 0x01, 0x00, 0x01, 0x0D, 0x0C, 0x0F, 0x01, 0x0D, 0x01, 0x00, 0x01, 0x08, 0x04, 0x0F,
    0x01, 0x0A, 0x04, 0x00, 0x01, 0x04, 0x01, 0x0C, 0x01, 0x0D, 0x01, 0x0C, 0x01, 0x0D, 0x01, 0x06,
    0x01, 0x00, 0x01, 0x06, 0x01, 0x0C, 0x0A, 0x0D, 0x01, 0x0C, 0x01, 0x06, 0x01, 0x00, 0x01, 0x06,
    0x01, 0x0D, 0x01, 0x0C, 0x01, 0x0D, 0x01, 0x0C, 0x01, 0x04, 0xFF, 0x00, 0x23, 0x00, 0xD8, 0x00,
    0x01, 0x06, 0x01, 0x04, 0x1C, 0x00, 0x01, 0x03, 0x01, 0x0C, 0x02, 0x0F, 0x01, 0x01, 0x1A, 0x00,
    0x01, 0x03, 0x03, 0x0F, 0x01, 0x0A, 0x15, 0x00, 0x01, 0x05, 0x01, 0x08, 0x01, 0x01, 0x03, 0x00,
    0x01, 0x04, 0x02, 0x0F, 0x01, 0x07, 0x14, 0x00, 0x01, 0x03, 0x01, 0x0B, 0x02, 0x0F, 0x01, 0x07,
    0x04, 0x00, 0x01, 0x04, 0x01, 0x03, 0x13, 0x00, 0x01, 0x01, 0x01, 0x09, 0x04, 0x0F, 0x01, 0x08,
    0x13, 0x00, 0x01, 0x03, 0x04, 0x04, 0x01, 0x06, 0x01, 0x0D, 0x05, 0x0F, 0x01, 0x07, 0x01, 0x01,
    0x01, 0x05, 0x10, 0x00, 0x01, 0x0A, 0x0C, 0x0F, 0x01, 0x07, 0x01, 0x00, 0x01, 0x0E, 0x01, 0x02,
    0x0E, 0x00, 0x01, 0x05, 0x0D, 0x0F, 0x01, 0x07, 0x01, 0x00, 0x01, 0x0F, 0x01, 0x08, 0x03, 0x00,
    0x01, 0x03, 0x02, 0x04, 0x01, 0x03, 0x07, 0x00, 0x01, 0x08, 0x0D, 0x0F, 0x01, 0x07, 0x01, 0x00,
    0x01, 0x0F, 0x01, 0x0B, 0x02, 0x00, 0x01, 0x04, 0x04, 0x0F, 0x01, 0x05, 0x06, 0x00, 0x01, 0x08,
    0x0D, 0x0F, 0x01, 0x07, 0x01, 0x00, 0x01, 0x0F, 0x01, 0x0B, 0x02, 0x00, 0x01, 0x04, 0x04, 0x0F,
    0x01, 0x05, 0x06, 0x00, 0x01, 0x05, 0x0D, 0x0F, 0x01, 0x07, 0x01, 0x00, 0x01, 0x0F, 0x01, 0x08,
    0x03, 0x00, 0x01, 0x03, 0x02, 0x04, 0x01, 0x03, 0x08, 0x00, 0x01, 0x0A, 0x0C, 0x0F, 0x01, 0x07,
    0x01, 0x00, 0x01, 0x0E, 0x01, 0x02, 0x10, 0x00, 0x01, 0x03, 0x01, 0x09, 0x02, 0x0F, 0x01, 0x0D,
    0x01, 0x05, 0x01, 0x0D, 0x05, 0x0F, 0x01, 0x07, 0x01, 0x01, 0x01, 0x05, 0x12, 0x00, 0x01, 0x07,
    0x02, 0x0F, 0x01, 0x0D, 0x01, 0x00, 0x01, 0x01, 0x01, 0x08, 0x01, 0x0E, 0x03, 0x0F, 0x01, 0x08,
    0x14, 0x00, 0x01, 0x08, 0x02, 0x0F, 0x01, 0x0D, 0x03, 0x00, 0x01, 0x03, 0x01, 0x0B, 0x02, 0x0F,
    0x01, 0x07, 0x04, 0x00, 0x01, 0x04, 0x01, 0x03, 0x0E, 0x00, 0x01, 0x07, 0x02, 0x0F, 0x01, 0x0D,
    0x05, 0x00, 0x01, 0x05, 0x01, 0x07, 0x01, 0x01, 0x03, 0x00, 0x01, 0x04, 0x02, 0x0F, 0x01, 0x08,
    0x0D, 0x00, 0x01, 0x08, 0x02, 0x0F, 0x01, 0x0D, 0x0B, 0x00, 0x01, 0x03, 0x03, 0x0F, 0x01, 0x0B,
    0x01, 0x01, 0x0B, 0x00, 0x01, 0x03, 0x01, 0x0E, 0x01, 0x0F, 0x01, 0x08, 0x0C, 0x00, 0x01, 0x03,
    0x01, 0x0C, 0x02, 0x0F, 0x01, 0x01, 0x0C, 0x00, 0x01, 0x02, 0x01, 0x03, 0x0F, 0x00, 0x01, 0x06,
    0x01, 0x04, 0xC6, 0x00, 0x6B, 0x00, 0x01, 0x05, 0x08, 0x07, 0x01, 0x04, 0x15, 0x00, 0x01, 0x0A,
    0x0A, 0x0F, 0x01, 0x08, 0x13, 0x00, 0x01, 0x03, 0x05, 0x0F, 0x02, 0x0E, 0x05, 0x0F, 0x01, 0x01,
    0x12, 0x00, 0x01, 0x04, 0x04, 0x0F, 0x01, 0x0D, 0x01, 0x01, 0x01, 0x02, 0x01, 0x0E, 0x04, 0x0F,
    0x01, 0x02, 0x12, 0x00, 0x01, 0x04, 0x04, 0x0F, 0x01, 0x0D, 0x01, 0x00, 0x01, 0x01, 0x01, 0x0E,
    0x04, 0x0F, 0x01, 0x02, 0x12, 0x00, 0x01, 0x04, 0x04, 0x0F, 0x01, 0x0D, 0x01, 0x00, 0x01, 0x01,
    0x01, 0x0E, 0x04, 0x0F, 0x01, 0x02, 0x12, 0x00, 0x01, 0x04, 0x04, 0x0F, 0x01, 0x0D, 0x01, 0x00,
    0x01, 0x01, 0x01, 0x0E, 0x04, 0x0F, 0x01, 0x02, 0x12, 0x00, 0x01, 0x04, 0x04, 0x0F, 0x01, 0x0D,
    0x01, 0x00, 0x01, 0x01, 0x01, 0x0E, 0x04, 0x0F, 0x01, 0x02, 0x12, 0x00, 0x01, 0x04, 0x04, 0x0F,
    0x01, 0x0D, 0x01, 0x00, 0x01, 0x01, 0x01, 0x0E, 0x04, 0x0F, 0x01, 0x02, 0x12, 0x00, 0x01, 0x04,
    0x04, 0x0F, 0x01, 0x0D, 0x01, 0x00, 0x01, 0x01, 0x01, 0x0E, 0x04, 0x0F, 0x01, 0x02, 0x12, 0x00,
    0x01, 0x03, 0x04, 0x0F, 0x01, 0x0D, 0x01, 0x00, 0x01, 0x01, 0x01, 0x0E, 0x04, 0x0F, 0x01, 0x02,
    0x13, 0x00, 0x01, 0x0A, 0x03, 0x0F, 0x01, 0x0D, 0x02, 0x00, 0x01, 0x0E, 0x03, 0x0F, 0x01, 0x09,
    0x15, 0x00, 0x01, 0x08, 0x03, 0x0F, 0x01, 0x08, 0x01, 0x09, 0x03, 0x0F, 0x01, 0x07, 0x17, 0x00,
    0x01, 0x05, 0x01, 0x0E, 0x04, 0x0F, 0x01, 0x0D, 0x01, 0x04, 0x19, 0x00, 0x01, 0x02, 0x01, 0x0B,
    0x02, 0x0F, 0x01, 0x0A, 0x01, 0x01, 0x1B, 0x00, 0x01, 0x01, 0x01, 0x0F, 0x01, 0x0D, 0x1D, 0x00,
    0x01, 0x04, 0x02, 0x0F, 0x01, 0x02, 0x18, 0x00, 0x01, 0x01, 0x01, 0x06, 0x01, 0x07, 0x01, 0x06,
    0x01, 0x0B, 0x02, 0x0F, 0x01, 0x0A, 0x01, 0x06, 0x01, 0x07, 0x01, 0x06, 0x15, 0x00, 0x01, 0x02,
    0x09, 0x0F, 0x01, 0x0E, 0x01, 0x01, 0x15, 0x00, 0x01, 0x02, 0x01, 0x0B, 0x06, 0x0F, 0x01, 0x09,
    0x01, 0x01, 0x18, 0x00, 0x01, 0x0A, 0x04, 0x0F, 0x01, 0x09, 0x1A, 0x00, 0x01, 0x0C, 0x04, 0x0F,
    0x01, 0x0A, 0x19, 0x00, 0x01, 0x03, 0x02, 0x0F, 0x01, 0x0A, 0x01, 0x0B, 0x01, 0x0F, 0x01, 0x0E,
    0x01, 0x01, 0x18, 0x00, 0x01, 0x07, 0x01, 0x0F, 0x01, 0x07, 0x02, 0x00, 0x01, 0x08, 0x01, 0x0F,
    0x01, 0x05, 0x18, 0x00, 0x01, 0x02, 0x01, 0x03, 0x04, 0x00, 0x01, 0x03, 0x01, 0x01, 0x8C, 0x00,
    0xE6, 0x00, 0x01, 0x03, 0x01, 0x04, 0x10, 0x00, 0x01, 0x04, 0x01, 0x02, 0x0B, 0x00, 0x01, 0x02,
    0x01, 0x0E, 0x01, 0x0F, 0x01, 0x05, 0x0E, 0x00, 0x01, 0x05, 0x01, 0x0F, 0x01, 0x0D, 0x01, 0x01,
    0x0A, 0x00, 0x01, 0x0B, 0x02, 0x0F, 0x01, 0x04, 0x0E, 0x00, 0x01, 0x04, 0x02, 0x0F, 0x01, 0x09,
    0x09, 0x00, 0x01, 0x04, 0x02, 0x0F, 0x01, 0x09, 0x02, 0x00, 0x01, 0x02, 0x0A, 0x00, 0x01, 0x01,
    0x02, 0x00, 0x01, 0x0A, 0x02, 0x0F, 0x01, 0x03, 0x08, 0x00, 0x01, 0x0A, 0x01, 0x0F, 0x01, 0x0E,
    0x01, 0x02, 0x01, 0x00, 0x01, 0x08, 0x01, 0x0F, 0x01, 0x07, 0x08, 0x00, 0x01, 0x06, 0x01, 0x0D,
    0x01, 0x06, 0x01, 0x00, 0x01, 0x02, 0x01, 0x0E, 0x01, 0x0F, 0x01, 0x0A, 0x07, 0x00, 0x01, 0x01,
    0x01, 0x0E, 0x01, 0x0F, 0x01, 0x09, 0x01, 0x00, 0x01, 0x02, 0x02, 0x0F, 0x01, 0x0A, 0x08, 0x00,
    0x01, 0x0A, 0x01, 0x0F, 0x01, 0x0E, 0x01, 0x02, 0x01, 0x00, 0x01, 0x09, 0x01, 0x0F, 0x01, 0x0E,
    0x01, 0x01, 0x06, 0x00, 0x01, 0x04, 0x02, 0x0F, 0x01, 0x05, 0x01, 0x00, 0x01, 0x08, 0x02, 0x0F,
    0x01, 0x03, 0x02, 0x00, 0x01, 0x07, 0x02, 0x0C, 0x01, 0x07, 0x02, 0x00, 0x01, 0x04, 0x02, 0x0F,
    0x01, 0x07, 0x01, 0x00, 0x01, 0x05, 0x02, 0x0F, 0x01, 0x04, 0x06, 0x00, 0x01, 0x06, 0x02, 0x0F,
    0x01, 0x02, 0x01, 0x00, 0x01, 0x0B, 0x01, 0x0F, 0x01, 0x0C, 0x02, 0x00, 0x01, 0x07, 0x04, 0x0F,
    0x01, 0x06, 0x02, 0x00, 0x01, 0x0C, 0x01, 0x0F, 0x01, 0x0B, 0x01, 0x00, 0x01, 0x02, 0x02, 0x0F,
    0x01, 0x06, 0x06, 0x00, 0x01, 0x07, 0x01, 0x0F, 0x01, 0x0E, 0x01, 0x01, 0x01, 0x00, 0x01, 0x0C,
    0x01, 0x0F, 0x01, 0x0A, 0x02, 0x00, 0x01, 0x0C, 0x04, 0x0F, 0x01, 0x0C, 0x02, 0x00, 0x01, 0x0A,
    0x01, 0x0F, 0x01, 0x0C, 0x01, 0x00, 0x01, 0x01, 0x01, 0x0E, 0x01, 0x0F, 0x01, 0x07, 0x06, 0x00,
    0x01, 0x07, 0x01, 0x0F, 0x01, 0x0E, 0x01, 0x01, 0x01, 0x00, 0x01, 0x0C, 0x01, 0x0F, 0x01, 0x0A,
    0x02, 0x00, 0x01, 0x0C, 0x04, 0x0F, 0x01, 0x0C, 0x02, 0x00, 0x01, 0x0A, 0x01, 0x0F, 0x01, 0x0C,
    0x01, 0x00, 0x01, 0x01, 0x01, 0x0E, 0x01, 0x0F, 0x01, 0x07, 0x06, 0x00, 0x01, 0x06, 0x02, 0x0F,
    0x01, 0x02, 0x01, 0x00, 0x01, 0x0B, 0x01, 0x0F, 0x01, 0x0C, 0x02, 0x00, 0x01, 0x07, 0x04, 0x0F,
    0x01, 0x07, 0x02, 0x00, 0x01, 0x0C, 0x01, 0x0F, 0x01, 0x0B, 0x01, 0x00, 0x01, 0x02, 0x02, 0x0F,
    0x01, 0x06, 0x06, 0x00, 0x01, 0x04, 0x02, 0x0F, 0x01, 0x05, 0x01, 0x00, 0x01, 0x07, 0x02, 0x0F,
    0x01, 0x04, 0x02, 0x00, 0x01, 0x07, 0x02, 0x0C, 0x01, 0x07, 0x02, 0x00, 0x01, 0x04, 0x02, 0x0F,
    0x01, 0x07, 0x01, 0x00, 0x01, 0x05, 0x02, 0x0F, 0x01, 0x04, 0x06, 0x00, 0x01, 0x01, 0x01, 0x0E,
    0x01, 0x0F, 0x01, 0x0A, 0x01, 0x00, 0x01, 0x02, 0x01, 0x0E, 0x01, 0x0F, 0x01, 0x0A, 0x08, 0x00,
    0x01, 0x0A, 0x01, 0x0F, 0x01, 0x0E, 0x01, 0x02, 0x01, 0x00, 0x01, 0x0A, 0x01, 0x0F, 0x01, 0x0E,
    0x01, 0x01, 0x07, 0x00, 0x01, 0x0A, 0x01, 0x0F, 0x01, 0x0E, 0x01, 0x02, 0x01, 0x00, 0x01, 0x06,
    0x01, 0x0D, 0x01, 0x06, 0x08, 0x00, 0x01, 0x06, 0x01, 0x0D, 0x01, 0x06, 0x01, 0x00, 0x01, 0x02,
    0x01, 0x0E, 0x01, 0x0F, 0x01, 0x0A, 0x08, 0x00, 0x01, 0x03, 0x02, 0x0F, 0x01, 0x0B, 0x02, 0x00,
    0x01, 0x01, 0x0A, 0x00, 0x01, 0x01, 0x02, 0x00, 0x01, 0x0A, 0x02, 0x0F, 0x01, 0x03, 0x09, 0x00,
    0x01, 0x0A, 0x02, 0x0F, 0x01, 0x05, 0x0E, 0x00, 0x01, 0x05, 0x02, 0x0F, 0x01, 0x09, 0x0A, 0x00,
    0x01, 0x01, 0x01, 0x0D, 0x01, 0x0F, 0x01, 0x04, 0x0E, 0x00, 0x01, 0x05, 0x01, 0x0F, 0x01, 0x0D,
    0x01, 0x01, 0x0B, 0x00, 0x01, 0x01, 0x01, 0x03, 0x10, 0x00, 0x01, 0x03, 0x01, 0x01, 0xE6, 0x00,
    0x6F, 0x00, 0x01, 0x02, 0x01, 0x03, 0x1D, 0x00, 0x01, 0x05, 0x02, 0x0F, 0x01, 0x06, 0x1C, 0x00,
    0x01, 0x0A, 0x02, 0x0F, 0x01, 0x0B, 0x1C, 0x00, 0x01, 0x0A, 0x02, 0x0F, 0x01, 0x0B, 0x1A, 0x00,
    0x01, 0x06, 0x01, 0x0B, 0x01, 0x0E, 0x03, 0x0F, 0x01, 0x0C, 0x01, 0x07, 0x01, 0x01, 0x15, 0x00,
    0x01, 0x02, 0x01, 0x0C, 0x08, 0x0F, 0x01, 0x0C, 0x01, 0x02, 0x13, 0x00, 0x01, 0x01, 0x01, 0x0D,
    0x0A, 0x0F, 0x01, 0x0D, 0x01, 0x02, 0x12, 0x00, 0x01, 0x0A, 0x0C, 0x0F, 0x01, 0x0B, 0x11, 0x00,
    0x01, 0x04, 0x0E, 0x0F, 0x01, 0x04, 0x10, 0x00, 0x01, 0x09, 0x0E, 0x0F, 0x01, 0x09, 0x10, 0x00,
    0x01, 0x0C, 0x0E, 0x0F, 0x01, 0x0C, 0x10, 0x00, 0x01, 0x0D, 0x0E, 0x0F, 0x01, 0x0D, 0x10, 0x00,
    0x01, 0x0D, 0x0E, 0x0F, 0x01, 0x0D, 0x10, 0x00, 0x01, 0x0D, 0x0E, 0x0F, 0x01, 0x0D, 0x10, 0x00,
    0x01, 0x0D, 0x0E, 0x0F, 0x01, 0x0D, 0x10, 0x00, 0x01, 0x0D, 0x0E, 0x0F, 0x01, 0x0D, 0x10, 0x00,
    0x01, 0x0D, 0x0E, 0x0F, 0x01, 0x0D, 0x10, 0x00, 0x01, 0x0D, 0x0E, 0x0F, 0x01, 0x0D, 0x0F, 0x00,
    0x01, 0x01, 0x01, 0x0D, 0x0E, 0x0F, 0x01, 0x0D, 0x01, 0x01, 0x0D, 0x00, 0x01, 0x02, 0x01, 0x0D,
    0x10, 0x0F, 0x01, 0x0D, 0x01, 0x02, 0x0C, 0x00, 0x01, 0x03, 0x12, 0x0F, 0x01, 0x03, 0x0D, 0x00,
    0x01, 0x05, 0x01, 0x08, 0x0E, 0x07, 0x01, 0x08, 0x01, 0x05, 0x34, 0x00, 0x01, 0x05, 0x01, 0x0F,
    0x02, 0x0E, 0x01, 0x0F, 0x01, 0x05, 0x1A, 0x00, 0x01, 0x01, 0x01, 0x0B, 0x02, 0x0F, 0x01, 0x0B,
    0x01, 0x01, 0x1C, 0x00, 0x02, 0x05, 0x6F, 0x00, 0xAA, 0x00, 0x01, 0x04, 0x01, 0x0A, 0x08, 0x0B,
    0x01, 0x0A, 0x01, 0x04, 0x13, 0x00, 0x01, 0x02, 0x0C, 0x0F, 0x01, 0x02, 0x12, 0x00, 0x01, 0x05,
    0x0C, 0x0F, 0x01, 0x05, 0x10, 0x00, 0x01, 0x07, 0x01, 0x08, 0x01, 0x0B, 0x0C, 0x0F, 0x01, 0x0B,
    0x01, 0x08, 0x01, 0x07, 0x0D, 0x00, 0x01, 0x03, 0x07, 0x0F, 0x01, 0x0E, 0x02, 0x05, 0x01, 0x0E,
    0x07, 0x0F, 0x01, 0x03, 0x0C, 0x00, 0x01, 0x01, 0x01, 0x0E, 0x06, 0x0F, 0x01, 0x07, 0x02, 0x00,
    0x01, 0x07, 0x06, 0x0F, 0x01, 0x0E, 0x01, 0x01, 0x0D, 0x00, 0x01, 0x06, 0x06, 0x0F, 0x01, 0x09,
    0x02, 0x00, 0x01, 0x09, 0x06, 0x0F, 0x01, 0x05, 0x0F, 0x00, 0x01, 0x04, 0x01, 0x0C, 0x05, 0x0F,
    0x02, 0x0B, 0x05, 0x0F, 0x01, 0x0C, 0x01, 0x04, 0x0F, 0x00, 0x02, 0x04, 0x01, 0x08, 0x0C, 0x0F,
    0x01, 0x08, 0x02, 0x04, 0x0D, 0x00, 0x01, 0x03, 0x08, 0x0F, 0x02, 0x09, 0x08, 0x0F, 0x01, 0x03,
    0x0C, 0x00, 0x01, 0x02, 0x07, 0x0F, 0x01, 0x08, 0x02, 0x00, 0x01, 0x08, 0x07, 0x0F, 0x01, 0x02,
    0x0D, 0x00, 0x01, 0x08, 0x06, 0x0F, 0x01, 0x08, 0x02, 0x00, 0x01, 0x08, 0x06, 0x0F, 0x01, 0x08,
    0x0F, 0x00, 0x01, 0x08, 0x01, 0x0E, 0x04, 0x0F, 0x01, 0x0E, 0x02, 0x07, 0x01, 0x0E, 0x04, 0x0F,
    0x01, 0x0E, 0x01, 0x08, 0x0F, 0x00, 0x02, 0x01, 0x01, 0x07, 0x0C, 0x0F, 0x01, 0x07, 0x02, 0x01,
    0x0D, 0x00, 0x01, 0x02, 0x01, 0x0D, 0x01, 0x0F, 0x01, 0x0E, 0x05, 0x0F, 0x02, 0x0C, 0x05, 0x0F,
    0x01, 0x0E, 0x01, 0x0F, 0x01, 0x0D, 0x01, 0x02, 0x0C, 0x00, 0x01, 0x03, 0x07, 0x0F, 0x01, 0x0A,
    0x02, 0x00, 0x01, 0x0A, 0x07, 0x0F, 0x01, 0x03, 0x0D, 0x00, 0x01, 0x0A, 0x06, 0x0F, 0x01, 0x06,
    0x02, 0x00, 0x01, 0x07, 0x06, 0x0F, 0x01, 0x0A, 0x0E, 0x00, 0x01, 0x01, 0x01, 0x0C, 0x05, 0x0F,
    0x01, 0x0D, 0x02, 0x04, 0x01, 0x0D, 0x05, 0x0F, 0x01, 0x0C, 0x01, 0x01, 0x10, 0x00, 0x01, 0x08,
    0x0C, 0x0F, 0x01, 0x08, 0x12, 0x00, 0x01, 0x05, 0x0C, 0x0F, 0x01, 0x05, 0x12, 0x00, 0x01, 0x03,
    0x0C, 0x0F, 0x01, 0x03, 0x13, 0x00, 0x01, 0x05, 0x01, 0x0C, 0x08, 0x0D, 0x01, 0x0C, 0x01, 0x05,
    0xAA, 0x00, 0xAF, 0x00, 0x01, 0x05, 0x01, 0x01, 0x1D, 0x00, 0x01, 0x09, 0x01, 0x0F, 0x01, 0x0B,
    0x1C, 0x00, 0x01, 0x09, 0x02, 0x0F, 0x01, 0x08, 0x1B, 0x00, 0x01, 0x09, 0x03, 0x0F, 0x01, 0x09,
    0x01, 0x08, 0x01, 0x05, 0x01, 0x01, 0x17, 0x00, 0x01, 0x02, 0x07, 0x0F, 0x01, 0x0D, 0x01, 0x08,
    0x01, 0x01, 0x15, 0x00, 0x01, 0x01, 0x01, 0x0B, 0x03, 0x0F, 0x01, 0x0D, 0x04, 0x0F, 0x01, 0x0C,
    0x01, 0x02, 0x11, 0x00, 0x01, 0x01, 0x01, 0x05, 0x01, 0x01, 0x01, 0x00, 0x01, 0x01, 0x01, 0x0B,
    0x02, 0x0F, 0x01, 0x08, 0x01, 0x03, 0x01, 0x07, 0x01, 0x0D, 0x02, 0x0F, 0x01, 0x0D, 0x01, 0x02,
    0x10, 0x00, 0x01, 0x0A, 0x01, 0x0F, 0x01, 0x0B, 0x02, 0x00, 0x01, 0x01, 0x01, 0x0B, 0x01, 0x0F,
    0x01, 0x0B, 0x02, 0x00, 0x01, 0x01, 0x01, 0x0A, 0x02, 0x0F, 0x01, 0x0B, 0x0F, 0x00, 0x01, 0x05,
    0x02, 0x0F, 0x01, 0x0A, 0x04, 0x00, 0x01, 0x06, 0x01, 0x02, 0x04, 0x00, 0x01, 0x0B, 0x02, 0x0F,
    0x01, 0x05, 0x0E, 0x00, 0x01, 0x0B, 0x01, 0x0F, 0x01, 0x0E, 0x01, 0x02, 0x0A, 0x00, 0x01, 0x02,
    0x01, 0x0E, 0x01, 0x0F, 0x01, 0x0B, 0x0D, 0x00, 0x01, 0x01, 0x01, 0x0E, 0x01, 0x0F, 0x01, 0x0B,
    0x0C, 0x00, 0x01, 0x0A, 0x01, 0x0F, 0x01, 0x0E, 0x01, 0x01, 0x0C, 0x00, 0x01, 0x03, 0x02, 0x0F,
    0x01, 0x07, 0x0C, 0x00, 0x01, 0x07, 0x02, 0x0F, 0x01, 0x03, 0x0C, 0x00, 0x01, 0x04, 0x02, 0x0F,
    0x01, 0x06, 0x0C, 0x00, 0x01, 0x06, 0x02, 0x0F, 0x01, 0x04, 0x0C, 0x00, 0x01, 0x03, 0x02, 0x0F,
    0x01, 0x06, 0x0C, 0x00, 0x01, 0x07, 0x02, 0x0F, 0x01, 0x03, 0x0C, 0x00, 0x01, 0x02, 0x01, 0x0E,
    0x01, 0x0F, 0x01, 0x09, 0x0C, 0x00, 0x01, 0x0A, 0x01, 0x0F, 0x01, 0x0E, 0x01, 0x01, 0x0D, 0x00,
    0x01, 0x0C, 0x01, 0x0F, 0x01, 0x0E, 0x01, 0x01, 0x0A, 0x00, 0x01, 0x01, 0x01, 0x0E, 0x01, 0x0F,
    0x01, 0x0B, 0x0E, 0x00, 0x01, 0x06, 0x02, 0x0F, 0x01, 0x09, 0x0A, 0x00, 0x01, 0x0A, 0x02, 0x0F,
    0x01, 0x06, 0x0E, 0x00, 0x01, 0x01, 0x01, 0x0D, 0x02, 0x0F, 0x01, 0x07, 0x08, 0x00, 0x01, 0x08,
    0x02, 0x0F, 0x01, 0x0C, 0x10, 0x00, 0x01, 0x03, 0x01, 0x0E, 0x02, 0x0F, 0x01, 0x0B, 0x01, 0x04,
    0x04, 0x00, 0x01, 0x04, 0x01, 0x0B, 0x02, 0x0F, 0x01, 0x0E, 0x01, 0x02, 0x11, 0x00, 0x01, 0x04,
    0x01, 0x0E, 0x03, 0x0F, 0x01, 0x09, 0x02, 0x00, 0x01, 0x09, 0x03, 0x0F, 0x01, 0x0D, 0x01, 0x03,
    0x13, 0x00, 0x01, 0x02, 0x01, 0x0A, 0x01, 0x0E, 0x01, 0x0F, 0x01, 0x0C, 0x02, 0x00, 0x01, 0x0C,
    0x01, 0x0F, 0x01, 0x0E, 0x01, 0x09, 0x01, 0x01, 0x16, 0x00, 0x01, 0x02, 0x01, 0x06, 0x01, 0x02,
    0x02, 0x00, 0x01, 0x02, 0x01, 0x06, 0x01, 0x02, 0xAC, 0x00, 0xA5, 0x00, 0x01, 0x02, 0x05, 0x00,
    0x01, 0x03, 0x01, 0x0A, 0x01, 0x06, 0x04, 0x00, 0x01, 0x06, 0x01, 0x0A, 0x01, 0x03, 0x0F, 0x00,
    0x01, 0x09, 0x01, 0x0F, 0x01, 0x08, 0x04, 0x00, 0x01, 0x09, 0x01, 0x0F, 0x01, 0x0E, 0x01, 0x01,
    0x02, 0x00, 0x01, 0x01, 0x01, 0x0E, 0x01, 0x0F, 0x01, 0x09, 0x0F, 0x00, 0x01, 0x0A, 0x02, 0x0F,
    0x01, 0x08, 0x03, 0x00, 0x01, 0x0A, 0x01, 0x0F, 0x01, 0x0E, 0x01, 0x01, 0x02, 0x00, 0x01, 0x01,
    0x01, 0x0E, 0x01, 0x0F, 0x01, 0x09, 0x0F, 0x00, 0x01, 0x01, 0x01, 0x0B, 0x02, 0x0F, 0x01, 0x08,
    0x02, 0x00, 0x01, 0x04, 0x01, 0x0F, 0x01, 0x0E, 0x04, 0x00, 0x01, 0x0E, 0x01, 0x0F, 0x01, 0x09,
    0x10, 0x00, 0x01, 0x01, 0x01, 0x0B, 0x02, 0x0F, 0x01, 0x08, 0x02, 0x00, 0x01, 0x05, 0x01, 0x0F,
    0x01, 0x05, 0x02, 0x04, 0x01, 0x05, 0x01, 0x0E, 0x01, 0x0F, 0x01, 0x0B, 0x01, 0x03, 0x10, 0x00,
    0x01, 0x01, 0x01, 0x0B, 0x02, 0x0F, 0x01, 0x08, 0x02, 0x00, 0x01, 0x05, 0x08, 0x0F, 0x01, 0x0C,
    0x01, 0x02, 0x0F, 0x00, 0x01, 0x01, 0x01, 0x0C, 0x02, 0x0F, 0x01, 0x08, 0x02, 0x00, 0x01, 0x05,
    0x08, 0x0F, 0x01, 0x09, 0x10, 0x00, 0x01, 0x0B, 0x03, 0x0F, 0x01, 0x08, 0x02, 0x00, 0x01, 0x05,
    0x07, 0x0F, 0x01, 0x0B, 0x10, 0x00, 0x01, 0x0B, 0x04, 0x0F, 0x01, 0x08, 0x02, 0x00, 0x01, 0x05,
    0x06, 0x0F, 0x01, 0x0B, 0x10, 0x00, 0x01, 0x0B, 0x05, 0x0F, 0x01, 0x08, 0x02, 0x00, 0x01, 0x05,
    0x05, 0x0F, 0x01, 0x0B, 0x10, 0x00, 0x01, 0x0B, 0x06, 0x0F, 0x01, 0x08, 0x02, 0x00, 0x01, 0x05,
    0x04, 0x0F, 0x01, 0x0B, 0x10, 0x00, 0x01, 0x0B, 0x07, 0x0F, 0x01, 0x08, 0x02, 0x00, 0x01, 0x05,
    0x03, 0x0F, 0x01, 0x0B, 0x10, 0x00, 0x01, 0x0B, 0x08, 0x0F, 0x01, 0x08, 0x02, 0x00, 0x01, 0x05,
    0x02, 0x0F, 0x01, 0x0B, 0x10, 0x00, 0x01, 0x0B, 0x09, 0x0F, 0x01, 0x08, 0x02, 0x00, 0x01, 0x05,
    0x01, 0x0F, 0x01, 0x0B, 0x10, 0x00, 0x01, 0x04, 0x0A, 0x0F, 0x01, 0x08, 0x02, 0x00, 0x01, 0x06,
    0x01, 0x05, 0x11, 0x00, 0x01, 0x06, 0x0A, 0x0F, 0x01, 0x08, 0x15, 0x00, 0x01, 0x06, 0x0A, 0x0F,
    0x01, 0x08, 0x15, 0x00, 0x01, 0x06, 0x0A, 0x0F, 0x01, 0x08, 0x15, 0x00, 0x01, 0x08, 0x06, 0x0F,
    0x01, 0x0A, 0x01, 0x0B, 0x02, 0x0F, 0x01, 0x08, 0x14, 0x00, 0x01, 0x05, 0x06, 0x0F, 0x01, 0x05,
    0x01, 0x00, 0x01, 0x0C, 0x02, 0x0F, 0x01, 0x08, 0x13, 0x00, 0x01, 0x06, 0x06, 0x0F, 0x01, 0x06,
    0x01, 0x00, 0x01, 0x01, 0x01, 0x0B, 0x02, 0x0F, 0x01, 0x08, 0x12, 0x00, 0x01, 0x01, 0x01, 0x09,
    0x04, 0x0B, 0x01, 0x09, 0x01, 0x01, 0x02, 0x00, 0x01, 0x01, 0x01, 0x0B, 0x02, 0x0F, 0x01, 0x02,
    0x1D, 0x00, 0x01, 0x09, 0x01, 0x08, 0x86, 0x00, 0xAC, 0x00, 0x01, 0x03, 0x01, 0x07, 0x01, 0x09,
    0x02, 0x0B, 0x01, 0x09, 0x01, 0x07, 0x01, 0x03, 0x16, 0x00, 0x01, 0x04, 0x01, 0x0B, 0x08, 0x0F,
    0x01, 0x0B, 0x01, 0x04, 0x13, 0x00, 0x01, 0x08, 0x04, 0x0F, 0x01, 0x0D, 0x02, 0x0B, 0x01, 0x0D,
    0x04, 0x0F, 0x01, 0x08, 0x11, 0x00, 0x01, 0x0A, 0x02, 0x0F, 0x01, 0x0E, 0x01, 0x07, 0x01, 0x02,
    0x04, 0x00, 0x01, 0x03, 0x01, 0x08, 0x01, 0x0E, 0x02, 0x0F, 0x01, 0x0A, 0x0F, 0x00, 0x01, 0x08,
    0x02, 0x0F, 0x01, 0x0C, 0x01, 0x02, 0x08, 0x00, 0x01, 0x02, 0x01, 0x0C, 0x02, 0x0F, 0x01, 0x08,
    0x0D, 0x00, 0x01, 0x03, 0x02, 0x0F, 0x01, 0x0C, 0x01, 0x01, 0x0A, 0x00, 0x01, 0x01, 0x01, 0x0C,
    0x02, 0x0F, 0x01, 0x04, 0x0C, 0x00, 0x01, 0x0B, 0x01, 0x0F, 0x01, 0x0E, 0x01, 0x02, 0x0C, 0x00,
    0x01, 0x02, 0x01, 0x0E, 0x01, 0x0F, 0x01, 0x0B, 0x0B, 0x00, 0x01, 0x03, 0x02, 0x0F, 0x01, 0x08,
    0x0E, 0x00, 0x01, 0x08, 0x01, 0x0F, 0x01, 0x0D, 0x0B, 0x00, 0x01, 0x07, 0x02, 0x0F, 0x01, 0x02,
    0x0F, 0x00, 0x01, 0x06, 0x01, 0x03, 0x0B, 0x00, 0x01, 0x0A, 0x01, 0x0F, 0x01, 0x0C, 0x1D, 0x00,
    0x01, 0x0B, 0x01, 0x0F, 0x01, 0x0B, 0x1D, 0x00, 0x01, 0x0B, 0x01, 0x0F, 0x01, 0x0B, 0x1D, 0x00,
    0x01, 0x0A, 0x01, 0x0F, 0x01, 0x0D, 0x0F, 0x00, 0x01, 0x04, 0x01, 0x0A, 0x0C, 0x00, 0x01, 0x07,
    0x02, 0x0F, 0x01, 0x02, 0x08, 0x00, 0x01, 0x01, 0x03, 0x02, 0x01, 0x01, 0x01, 0x00, 0x01, 0x08,
    0x01, 0x0F, 0x01, 0x04, 0x01, 0x01, 0x0A, 0x00, 0x01, 0x03, 0x02, 0x0F, 0x01, 0x08, 0x08, 0x00,
    0x01, 0x0C, 0x03, 0x0F, 0x01, 0x0E, 0x01, 0x00, 0x01, 0x07, 0x02, 0x0F, 0x01, 0x0A, 0x0B, 0x00,
    0x01, 0x0C, 0x01, 0x0F, 0x01, 0x0E, 0x01, 0x02, 0x01, 0x00, 0x01, 0x07, 0x01, 0x04, 0x04, 0x00,
    0x01, 0x05, 0x01, 0x08, 0x02, 0x07, 0x01, 0x06, 0x01, 0x00, 0x01, 0x08, 0x01, 0x0F, 0x01, 0x09,
    0x01, 0x04, 0x0B, 0x00, 0x01, 0x04, 0x02, 0x0F, 0x01, 0x0B, 0x01, 0x07, 0x01, 0x0F, 0x01, 0x0E,
    0x01, 0x01, 0x09, 0x00, 0x01, 0x07, 0x01, 0x0E, 0x01, 0x01, 0x0D, 0x00, 0x01, 0x09, 0x04, 0x0F,
    0x01, 0x0E, 0x01, 0x01, 0x04, 0x00, 0x01, 0x01, 0x01, 0x0E, 0x01, 0x07, 0x13, 0x00, 0x01, 0x09,
    0x03, 0x0F, 0x01, 0x0E, 0x01, 0x01, 0x03, 0x00, 0x01, 0x05, 0x01, 0x09, 0x01, 0x0F, 0x01, 0x08,
    0x01, 0x00, 0x01, 0x06, 0x02, 0x07, 0x01, 0x08, 0x01, 0x04, 0x0B, 0x00, 0x01, 0x01, 0x01, 0x09,
    0x01, 0x0B, 0x03, 0x0F, 0x01, 0x0E, 0x01, 0x01, 0x03, 0x00, 0x01, 0x0C, 0x02, 0x0F, 0x01, 0x07,
    0x01, 0x00, 0x01, 0x0E, 0x03, 0x0F, 0x01, 0x0A, 0x0B, 0x00, 0x01, 0x03, 0x05, 0x0F, 0x01, 0x0E,
    0x01, 0x01, 0x03, 0x00, 0x01, 0x01, 0x01, 0x04, 0x01, 0x0F, 0x01, 0x08, 0x01, 0x00, 0x01, 0x01,
    0x03, 0x02, 0x01, 0x01, 0x0B, 0x00, 0x01, 0x01, 0x01, 0x09, 0x04, 0x0B, 0x01, 0x06, 0x06, 0x00,
    0x01, 0x0A, 0x01, 0x04, 0xAB, 0x00, 0xCE, 0x00, 0x01, 0x02, 0x02, 0x04, 0x01, 0x02, 0x19, 0x00,
    0x01, 0x01, 0x01, 0x08, 0x01, 0x0D, 0x04, 0x0F, 0x01, 0x0D, 0x01, 0x09, 0x01, 0x02, 0x15, 0x00,
    0x01, 0x04, 0x01, 0x0D, 0x08, 0x0F, 0x01, 0x0E, 0x01, 0x06, 0x13, 0x00, 0x01, 0x05, 0x0C, 0x0F,
    0x01, 0x08, 0x11, 0x00, 0x01, 0x02, 0x01, 0x0E, 0x0D, 0x0F, 0x01, 0x05, 0x10, 0x00, 0x01, 0x09,
    0x0E, 0x0F, 0x01, 0x0D, 0x0E, 0x00, 0x01, 0x01, 0x01, 0x04, 0x01, 0x0E, 0x0F, 0x0F, 0x01, 0x03,
    0x0B, 0x00, 0x01, 0x02, 0x01, 0x0A, 0x01, 0x0E, 0x08, 0x0F, 0x02, 0x0B, 0x07, 0x0F, 0x01, 0x05,
    0x0A, 0x00, 0x01, 0x02, 0x01, 0x0D, 0x09, 0x0F, 0x01, 0x09, 0x02, 0x00, 0x01, 0x09, 0x06, 0x0F,
    0x01, 0x0C, 0x01, 0x09, 0x01, 0x04, 0x08, 0x00, 0x01, 0x0C, 0x09, 0x0F, 0x01, 0x09, 0x04, 0x00,
    0x01, 0x09, 0x08, 0x0F, 0x01, 0x0A, 0x01, 0x01, 0x05, 0x00, 0x01, 0x04, 0x09, 0x0F, 0x01, 0x09,
    0x06, 0x00, 0x01, 0x09, 0x08, 0x0F, 0x01, 0x0A, 0x05, 0x00, 0x01, 0x09, 0x08, 0x0F, 0x01, 0x0C,
    0x02, 0x00, 0x01, 0x01, 0x02, 0x00, 0x01, 0x01, 0x02, 0x00, 0x01, 0x0C, 0x08, 0x0F, 0x01, 0x04,
    0x04, 0x00, 0x01, 0x0B, 0x08, 0x0F, 0x01, 0x0D, 0x01, 0x02, 0x01, 0x04, 0x01, 0x0A, 0x02, 0x00,
    0x01, 0x0A, 0x01, 0x04, 0x01, 0x03, 0x01, 0x0D, 0x08, 0x0F, 0x01, 0x09, 0x04, 0x00, 0x01, 0x0B,
    0x0B, 0x0F, 0x01, 0x0C, 0x02, 0x00, 0x01, 0x0D, 0x0B, 0x0F, 0x01, 0x0B, 0x04, 0x00, 0x01, 0x09,
    0x0B, 0x0F, 0x01, 0x0C, 0x02, 0x00, 0x01, 0x0C, 0x0B, 0x0F, 0x01, 0x0A, 0x04, 0x00, 0x01, 0x04,
    0x0B, 0x0F, 0x01, 0x0C, 0x02, 0x00, 0x01, 0x0C, 0x0B, 0x0F, 0x01, 0x07, 0x05, 0x00, 0x01, 0x0A,
    0x0A, 0x0F, 0x01, 0x0C, 0x02, 0x00, 0x01, 0x0C, 0x0A, 0x0F, 0x01, 0x0E, 0x01, 0x01, 0x05, 0x00,
    0x01, 0x01, 0x01, 0x0B, 0x09, 0x0F, 0x01, 0x0C, 0x02, 0x00, 0x01, 0x0C, 0x0A, 0x0F, 0x01, 0x04,
    0x08, 0x00, 0x01, 0x07, 0x01, 0x0D, 0x07, 0x0F, 0x01, 0x0C, 0x02, 0x00, 0x01, 0x0D, 0x08, 0x0F,
    0x01, 0x0B, 0x01, 0x03, 0x0A, 0x00, 0x01, 0x01, 0x01, 0x03, 0x06, 0x04, 0x01, 0x03, 0x02, 0x00,
    0x01, 0x03, 0x07, 0x04, 0x01, 0x02, 0xC6, 0x00, 0xA5, 0x00, 0x01, 0x04, 0x01, 0x0A, 0x01, 0x03,
    0x04, 0x00, 0x01, 0x03, 0x01, 0x07, 0x01, 0x0A, 0x02, 0x0B, 0x01, 0x09, 0x01, 0x07, 0x01, 0x03,
    0x11, 0x00, 0x01, 0x0B, 0x01, 0x0F, 0x01, 0x09, 0x02, 0x00, 0x01, 0x04, 0x01, 0x0B, 0x08, 0x0F,
    0x01, 0x0B, 0x01, 0x04, 0x0F, 0x00, 0x01, 0x0B, 0x01, 0x0F, 0x01, 0x09, 0x01, 0x00, 0x01, 0x08,
    0x04, 0x0F, 0x01, 0x0E, 0x02, 0x0D, 0x01, 0x0E, 0x04, 0x0F, 0x01, 0x08, 0x0E, 0x00, 0x01, 0x0B,
    0x01, 0x0F, 0x02, 0x09, 0x03, 0x0F, 0x01, 0x0A, 0x01, 0x04, 0x01, 0x01, 0x02, 0x00, 0x01, 0x01,
    0x01, 0x04, 0x01, 0x0A, 0x03, 0x0F, 0x01, 0x0A, 0x0D, 0x00, 0x01, 0x0B, 0x01, 0x0F, 0x01, 0x0E,
    0x02, 0x0F, 0x01, 0x0C, 0x01, 0x03, 0x08, 0x00, 0x01, 0x04, 0x01, 0x0D, 0x02, 0x0F, 0x01, 0x08,
    0x0C, 0x00, 0x01, 0x0B, 0x04, 0x0F, 0x01, 0x07, 0x01, 0x05, 0x01, 0x03, 0x08, 0x00, 0x01, 0x02,
    0x01, 0x0D, 0x02, 0x0F, 0x01, 0x03, 0x0B, 0x00, 0x01, 0x0C, 0x06, 0x0F, 0x01, 0x0E, 0x01, 0x01,
    0x08, 0x00, 0x01, 0x04, 0x02, 0x0F, 0x01, 0x0B, 0x0B, 0x00, 0x01, 0x07, 0x06, 0x0E, 0x01, 0x0A,
    0x0A, 0x00, 0x01, 0x0A, 0x02, 0x0F, 0x01, 0x03, 0x0B, 0x00, 0x06, 0x01, 0x03, 0x00, 0x02, 0x05,
    0x06, 0x00, 0x01, 0x04, 0x02, 0x0F, 0x01, 0x07, 0x12, 0x00, 0x01, 0x01, 0x01, 0x0B, 0x02, 0x0F,
    0x01, 0x0B, 0x01, 0x01, 0x04, 0x00, 0x01, 0x01, 0x01, 0x0E, 0x01, 0x0F, 0x01, 0x0A, 0x0B, 0x00,
    0x01, 0x01, 0x06, 0x00, 0x01, 0x05, 0x04, 0x0F, 0x01, 0x05, 0x05, 0x00, 0x01, 0x0D, 0x01, 0x0F,
    0x01, 0x0B, 0x0A, 0x00, 0x01, 0x06, 0x01, 0x0D, 0x01, 0x08, 0x05, 0x00, 0x01, 0x05, 0x04, 0x0F,
    0x01, 0x05, 0x05, 0x00, 0x01, 0x0D, 0x01, 0x0F, 0x01, 0x0B, 0x0A, 0x00, 0x01, 0x0B, 0x01, 0x0F,
    0x01, 0x0E, 0x01, 0x01, 0x04, 0x00, 0x01, 0x01, 0x01, 0x0B, 0x02, 0x0F, 0x01, 0x0B, 0x01, 0x01,
    0x04, 0x00, 0x01, 0x01, 0x01, 0x0E, 0x01, 0x0F, 0x01, 0x0A, 0x0A, 0x00, 0x01, 0x07, 0x02, 0x0F,
    0x01, 0x04, 0x06, 0x00, 0x02, 0x05, 0x06, 0x00, 0x01, 0x04, 0x02, 0x0F, 0x01, 0x07, 0x0A, 0x00,
    0x01, 0x04, 0x02, 0x0F, 0x01, 0x0A, 0x0E, 0x00, 0x01, 0x0A, 0x02, 0x0F, 0x01, 0x03, 0x0B, 0x00,
    0x01, 0x0C, 0x02, 0x0F, 0x01, 0x03, 0x0C, 0x00, 0x01, 0x03, 0x02, 0x0F, 0x01, 0x0B, 0x0C, 0x00,
    0x01, 0x05, 0x02, 0x0F, 0x01, 0x0D, 0x01, 0x02, 0x0A, 0x00, 0x01, 0x02, 0x01, 0x0D, 0x02, 0x0F,
    0x01, 0x03, 0x0D, 0x00, 0x01, 0x09, 0x02, 0x0F, 0x01, 0x0D, 0x01, 0x04, 0x08, 0x00, 0x01, 0x04,
    0x01, 0x0D, 0x02, 0x0F, 0x01, 0x08, 0x0F, 0x00, 0x01, 0x0B, 0x03, 0x0F, 0x01, 0x09, 0x01, 0x04,
    0x01, 0x01, 0x02, 0x00, 0x01, 0x01, 0x01, 0x04, 0x01, 0x0A, 0x03, 0x0F, 0x01, 0x09, 0x11, 0x00,
    0x01, 0x09, 0x04, 0x0F, 0x01, 0x0E, 0x02, 0x0D, 0x01, 0x0E, 0x04, 0x0F, 0x01, 0x08, 0x13, 0x00,
    0x01, 0x05, 0x01, 0x0C, 0x08, 0x0F, 0x01, 0x0B, 0x01, 0x04, 0x16, 0x00, 0x01, 0x03, 0x01, 0x07,
    0x01, 0x0A, 0x02, 0x0B, 0x01, 0x09, 0x01, 0x07, 0x01, 0x03, 0xAC, 0x00, 0xCE, 0x00, 0x01, 0x02,
    0x02, 0x04, 0x01, 0x02, 0x05, 0x00, 0x01, 0x02, 0x01, 0x03, 0x12, 0x00, 0x01, 0x02, 0x01, 0x09,
    0x01, 0x0D, 0x04, 0x0F, 0x01, 0x0D, 0x01, 0x08, 0x01, 0x02, 0x01, 0x00, 0x01, 0x01, 0x01, 0x0C,
    0x01, 0x0F, 0x01, 0x04, 0x10, 0x00, 0x01, 0x07, 0x01, 0x0E, 0x08, 0x0F, 0x01, 0x0E, 0x01, 0x06,
    0x01, 0x00, 0x01, 0x0E, 0x01, 0x0F, 0x01, 0x06, 0x0F, 0x00, 0x01, 0x08, 0x03, 0x0F, 0x01, 0x0C,
    0x01, 0x08, 0x02, 0x06, 0x01, 0x08, 0x01, 0x0C, 0x03, 0x0F, 0x01, 0x09, 0x01, 0x0D, 0x01, 0x0F,
    0x01, 0x06, 0x0E, 0x00, 0x01, 0x07, 0x02, 0x0F, 0x01, 0x0E, 0x01, 0x06, 0x06, 0x00, 0x01, 0x05,
    0x01, 0x0E, 0x04, 0x0F, 0x01, 0x06, 0x0D, 0x00, 0x01, 0x02, 0x02, 0x0F, 0x01, 0x0E, 0x01, 0x03,
    0x08, 0x00, 0x01, 0x02, 0x01, 0x0D, 0x03, 0x0F, 0x01, 0x06, 0x0D, 0x00, 0x01, 0x09, 0x02, 0x0F,
    0x01, 0x06, 0x06, 0x00, 0x01, 0x02, 0x01, 0x0A, 0x01, 0x0B, 0x01, 0x0A, 0x01, 0x0D, 0x01, 0x0F,
    0x01, 0x0E, 0x01, 0x0F, 0x01, 0x06, 0x0D, 0x00, 0x01, 0x0D, 0x01, 0x0F, 0x01, 0x0C, 0x07, 0x00,
    0x01, 0x08, 0x07, 0x0F, 0x01, 0x05, 0x0C, 0x00, 0x01, 0x02, 0x02, 0x0F, 0x01, 0x08, 0x07, 0x00,
    0x01, 0x02, 0x01, 0x09, 0x05, 0x0A, 0x01, 0x08, 0x01, 0x01, 0x0C, 0x00, 0x01, 0x04, 0x02, 0x0F,
    0x01, 0x06, 0x1C, 0x00, 0x01, 0x04, 0x02, 0x0F, 0x01, 0x06, 0x0D, 0x00, 0x01, 0x02, 0x0E, 0x00,
    0x01, 0x02, 0x02, 0x0F, 0x01, 0x08, 0x0C, 0x00, 0x01, 0x07, 0x01, 0x0F, 0x01, 0x0A, 0x0E, 0x00,
    0x01, 0x0D, 0x01, 0x0F, 0x01, 0x0C, 0x0C, 0x00, 0x01, 0x0D, 0x01, 0x0F, 0x01, 0x0D, 0x0E, 0x00,
    0x01, 0x09, 0x02, 0x0F, 0x01, 0x06, 0x0A, 0x00, 0x01, 0x06, 0x02, 0x0F, 0x01, 0x08, 0x0E, 0x00,
    0x01, 0x02, 0x02, 0x0F, 0x01, 0x0E, 0x01, 0x03, 0x08, 0x00, 0x01, 0x04, 0x01, 0x0E, 0x01, 0x0F,
    0x01, 0x0E, 0x01, 0x02, 0x0F, 0x00, 0x01, 0x07, 0x02, 0x0F, 0x01, 0x0E, 0x01, 0x06, 0x06, 0x00,
    0x01, 0x06, 0x01, 0x0E, 0x02, 0x0F, 0x01, 0x06, 0x11, 0x00, 0x01, 0x08, 0x03, 0x0F, 0x01, 0x0C,
    0x01, 0x08, 0x02, 0x06, 0x01, 0x08, 0x01, 0x0C, 0x03, 0x0F, 0x01, 0x08, 0x13, 0x00, 0x01, 0x07,
    0x01, 0x0E, 0x08, 0x0F, 0x01, 0x0E, 0x01, 0x07, 0x15, 0x00, 0x01, 0x02, 0x01, 0x09, 0x01, 0x0D,
    0x04, 0x0F, 0x01, 0x0D, 0x01, 0x09, 0x01, 0x02, 0x19, 0x00, 0x01, 0x02, 0x02, 0x04, 0x01, 0x02,
    0xCE, 0x00, 0xAE, 0x00, 0x01, 0x01, 0x01, 0x09, 0x01, 0x0A, 0x01, 0x01, 0x1C, 0x00, 0x01, 0x04,
    0x02, 0x0F, 0x01, 0x05, 0x1C, 0x00, 0x01, 0x04, 0x02, 0x0F, 0x01, 0x06, 0x1C, 0x00, 0x01, 0x04,
    0x02, 0x0F, 0x01, 0x06, 0x1C, 0x00, 0x01, 0x04, 0x02, 0x0F, 0x01, 0x06, 0x1C, 0x00, 0x01, 0x04,
    0x02, 0x0F, 0x01, 0x06, 0x1C, 0x00, 0x01, 0x04, 0x02, 0x0F, 0x01, 0x06, 0x19, 0x00, 0x01, 0x04,
    0x02, 0x00, 0x01, 0x04, 0x02, 0x0F, 0x01, 0x06, 0x02, 0x00, 0x01, 0x03, 0x15, 0x00, 0x01, 0x0A,
    0x01, 0x0F, 0x01, 0x0B, 0x01, 0x00, 0x01, 0x04, 0x02, 0x0F, 0x01, 0x05, 0x01, 0x00, 0x01, 0x0A,
    0x01, 0x0F, 0x01, 0x0A, 0x14, 0x00, 0x01, 0x0A, 0x02, 0x0F, 0x01, 0x0A, 0x01, 0x04, 0x02, 0x0F,
    0x01, 0x05, 0x01, 0x09, 0x02, 0x0F, 0x01, 0x0B, 0x14, 0x00, 0x01, 0x01, 0x01, 0x0C, 0x02, 0x0F,
    0x01, 0x0D, 0x02, 0x0F, 0x01, 0x0D, 0x02, 0x0F, 0x01, 0x0C, 0x01, 0x01, 0x15, 0x00, 0x01, 0x01,
    0x01, 0x0C, 0x06, 0x0F, 0x01, 0x0C, 0x01, 0x01, 0x17, 0x00, 0x01, 0x01, 0x01, 0x0C, 0x04, 0x0F,
    0x01, 0x0C, 0x01, 0x01, 0x19, 0x00, 0x01, 0x01, 0x01, 0x0C, 0x02, 0x0F, 0x01, 0x0C, 0x01, 0x01,
    0x1B, 0x00, 0x01, 0x01, 0x02, 0x0B, 0x01, 0x01, 0x15, 0x00, 0x01, 0x07, 0x01, 0x08, 0x01, 0x01,
    0x0C, 0x00, 0x01, 0x01, 0x01, 0x08, 0x01, 0x07, 0x0D, 0x00, 0x01, 0x03, 0x02, 0x0F, 0x01, 0x04,
    0x0C, 0x00, 0x01, 0x04, 0x02, 0x0F, 0x01, 0x03, 0x0C, 0x00, 0x01, 0x04, 0x02, 0x0F, 0x01, 0x09,
    0x0C, 0x06, 0x01, 0x09, 0x02, 0x0F, 0x01, 0x04, 0x0C, 0x00, 0x01, 0x02, 0x12, 0x0F, 0x01, 0x02,
    0x0D, 0x00, 0x01, 0x07, 0x10, 0x0F, 0x01, 0x07, 0x0F, 0x00, 0x01, 0x02, 0x0E, 0x04, 0x01, 0x02,
    0xC8, 0x00, 0xD5, 0x00, 0x01, 0x06, 0x01, 0x07, 0x1D, 0x00, 0x01, 0x04, 0x02, 0x0F, 0x01, 0x09,
    0x1C, 0x00, 0x01, 0x02, 0x01, 0x0E, 0x02, 0x0F, 0x01, 0x09, 0x1C, 0x00, 0x01, 0x02, 0x01, 0x0D,
    0x02, 0x0F, 0x01, 0x09, 0x15, 0x00, 0x07, 0x02, 0x01, 0x05, 0x01, 0x0E, 0x02, 0x0F, 0x01, 0x09,
    0x13, 0x00, 0x01, 0x04, 0x01, 0x0E, 0x06, 0x0F, 0x01, 0x0E, 0x04, 0x0F, 0x01, 0x08, 0x12, 0x00,
    0x01, 0x07, 0x0C, 0x0F, 0x01, 0x0A, 0x13, 0x00, 0x01, 0x06, 0x04, 0x07, 0x01, 0x08, 0x01, 0x07,
    0x01, 0x08, 0x01, 0x0E, 0x02, 0x0F, 0x01, 0x0D, 0x01, 0x02, 0x0C, 0x00, 0x01, 0x02, 0x02, 0x0C,
    0x01, 0x02, 0x0A, 0x00, 0x01, 0x09, 0x02, 0x0F, 0x01, 0x0C, 0x01, 0x01, 0x0C, 0x00, 0x01, 0x02,
    0x01, 0x0D, 0x02, 0x0F, 0x01, 0x04, 0x08, 0x00, 0x01, 0x01, 0x01, 0x0A, 0x02, 0x0F, 0x01, 0x0C,
    0x01, 0x01, 0x0C, 0x00, 0x01, 0x02, 0x01, 0x0D, 0x02, 0x0F, 0x01, 0x09, 0x09, 0x00, 0x01, 0x04,
    0x02, 0x0F, 0x01, 0x0C, 0x01, 0x01, 0x0C, 0x00, 0x01, 0x03, 0x01, 0x0D, 0x02, 0x0F, 0x01, 0x08,
    0x0A, 0x00, 0x01, 0x01, 0x01, 0x0A, 0x01, 0x0B, 0x01, 0x01, 0x0C, 0x00, 0x01, 0x03, 0x01, 0x0E,
    0x02, 0x0F, 0x01, 0x0E, 0x07, 0x09, 0x01, 0x08, 0x01, 0x01, 0x12, 0x00, 0x01, 0x0B, 0x0C, 0x0F,
    0x01, 0x07, 0x12, 0x00, 0x01, 0x07, 0x04, 0x0F, 0x01, 0x0D, 0x06, 0x0E, 0x01, 0x0D, 0x01, 0x03,
    0x13, 0x00, 0x01, 0x08, 0x02, 0x0F, 0x01, 0x0E, 0x01, 0x05, 0x01, 0x00, 0x05, 0x01, 0x16, 0x00,
    0x01, 0x07, 0x02, 0x0F, 0x01, 0x0E, 0x01, 0x04, 0x1C, 0x00, 0x01, 0x07, 0x02, 0x0F, 0x01, 0x0E,
    0x01, 0x03, 0x1C, 0x00, 0x01, 0x07, 0x02, 0x0F, 0x01, 0x03, 0x1D, 0x00, 0x02, 0x05, 0xD5, 0x00,
    0x6D, 0x00, 0x01, 0x01, 0x01, 0x02, 0x02, 0x04, 0x01, 0x03, 0x01, 0x02, 0x18, 0x00, 0x01, 0x05,
    0x01, 0x0A, 0x01, 0x0D, 0x04, 0x0F, 0x01, 0x0E, 0x01, 0x0C, 0x01, 0x08, 0x01, 0x03, 0x13, 0x00,
    0x01, 0x05, 0x01, 0x0D, 0x0B, 0x0F, 0x01, 0x09, 0x01, 0x02, 0x10, 0x00, 0x01, 0x09, 0x0E, 0x0F,
    0x01, 0x0E, 0x01, 0x04, 0x0E, 0x00, 0x01, 0x0B, 0x11, 0x0F, 0x01, 0x05, 0x0C, 0x00, 0x01, 0x0A,
    0x12, 0x0F, 0x01, 0x0E, 0x01, 0x02, 0x0A, 0x00, 0x01, 0x05, 0x05, 0x0F, 0x01, 0x0B, 0x02, 0x02,
    0x01, 0x0B, 0x02, 0x0F, 0x01, 0x0B, 0x02, 0x02, 0x01, 0x0B, 0x05, 0x0F, 0x01, 0x0C, 0x09, 0x00,
    0x01, 0x01, 0x01, 0x0D, 0x05, 0x0F, 0x01, 0x03, 0x02, 0x00, 0x01, 0x02, 0x02, 0x0F, 0x01, 0x02,
    0x02, 0x00, 0x01, 0x03, 0x06, 0x0F, 0x01, 0x05, 0x08, 0x00, 0x01, 0x06, 0x06, 0x0F, 0x01, 0x05,
    0x02, 0x00, 0x01, 0x04, 0x02, 0x0F, 0x01, 0x04, 0x02, 0x00, 0x01, 0x05, 0x06, 0x0F, 0x01, 0x0B,
    0x08, 0x00, 0x01, 0x0B, 0x06, 0x0F, 0x01, 0x0E, 0x02, 0x07, 0x01, 0x0E, 0x02, 0x0F, 0x01, 0x0E,
    0x02, 0x07, 0x01, 0x0E, 0x06, 0x0F, 0x01, 0x0E, 0x01, 0x01, 0x06, 0x00, 0x01, 0x01, 0x01, 0x0E,
    0x03, 0x0F, 0x01, 0x09, 0x01, 0x05, 0x01, 0x0B, 0x0A, 0x0F, 0x01, 0x0B, 0x01, 0x05, 0x01, 0x09,
    0x04, 0x0F, 0x01, 0x03, 0x06, 0x00, 0x01, 0x03, 0x03, 0x0F, 0x01, 0x0A, 0x03, 0x00, 0x01, 0x0D,
    0x08, 0x0F, 0x01, 0x0D, 0x03, 0x00, 0x01, 0x0A, 0x03, 0x0F, 0x01, 0x04, 0x06, 0x00, 0x01, 0x04,
    0x03, 0x0F, 0x01, 0x08, 0x03, 0x00, 0x01, 0x0B, 0x08, 0x0F, 0x01, 0x0B, 0x03, 0x00, 0x01, 0x08,
    0x03, 0x0F, 0x01, 0x04, 0x06, 0x00, 0x01, 0x04, 0x03, 0x0F, 0x01, 0x0D, 0x01, 0x03, 0x01, 0x00,
    0x01, 0x05, 0x0A, 0x0F, 0x01, 0x05, 0x01, 0x00, 0x01, 0x03, 0x01, 0x0D, 0x03, 0x0F, 0x01, 0x02,
    0x06, 0x00, 0x01, 0x03, 0x05, 0x0F, 0x01, 0x0D, 0x0C, 0x0F, 0x01, 0x0D, 0x04, 0x0F, 0x01, 0x0B,
    0x07, 0x00, 0x01, 0x01, 0x01, 0x0E, 0x16, 0x0F, 0x01, 0x04, 0x08, 0x00, 0x01, 0x0B, 0x15, 0x0F,
    0x01, 0x09, 0x09, 0x00, 0x01, 0x06, 0x14, 0x0F, 0x01, 0x09, 0x0A, 0x00, 0x01, 0x01, 0x01, 0x0E,
    0x11, 0x0F, 0x01, 0x0C, 0x01, 0x05, 0x0C, 0x00, 0x01, 0x06, 0x0C, 0x0F, 0x01, 0x09, 0x03, 0x04,
    0x01, 0x02, 0x0F, 0x00, 0x01, 0x0A, 0x0B, 0x0F, 0x01, 0x0B, 0x13, 0x00, 0x01, 0x01, 0x01, 0x0B,
    0x0B, 0x0F, 0x01, 0x04, 0x13, 0x00, 0x01, 0x01, 0x01, 0x0A, 0x0A, 0x0F, 0x01, 0x03, 0x15, 0x00,
    0x01, 0x06, 0x01, 0x0D, 0x07, 0x0F, 0x01, 0x0C, 0x17, 0x00, 0x01, 0x01, 0x01, 0x06, 0x01, 0x0B,
    0x01, 0x0E, 0x03, 0x0F, 0x01, 0x0C, 0x01, 0x02, 0x1A, 0x00, 0x01, 0x01, 0x01, 0x03, 0x01, 0x04,
    0x01, 0x03, 0x6F, 0x00, 0x6D, 0x00, 0x01, 0x01, 0x01, 0x03, 0x02, 0x04, 0x01, 0x03, 0x01, 0x01,
    0x17, 0x00, 0x01, 0x01, 0x01, 0x06, 0x01, 0x0B, 0x01, 0x0E, 0x04, 0x0F, 0x01, 0x0E, 0x01, 0x0B,
    0x01, 0x06, 0x01, 0x01, 0x13, 0x00, 0x01, 0x06, 0x01, 0x0D, 0x0A, 0x0F, 0x01, 0x0D, 0x01, 0x06,
    0x10, 0x00, 0x01, 0x01, 0x01, 0x0A, 0x03, 0x0F, 0x01, 0x0D, 0x01, 0x0E, 0x01, 0x0F, 0x02, 0x0D,
    0x01, 0x0F, 0x01, 0x0E, 0x01, 0x0D, 0x03, 0x0F, 0x01, 0x0A, 0x01, 0x01, 0x0D, 0x00, 0x01, 0x01,
    0x01, 0x0B, 0x02, 0x0F, 0x01, 0x0D, 0x01, 0x06, 0x01, 0x03, 0x01, 0x0E, 0x01, 0x0F, 0x02, 0x04,
    0x02, 0x0F, 0x01, 0x04, 0x01, 0x05, 0x01, 0x0D, 0x02, 0x0F, 0x01, 0x0B, 0x01, 0x01, 0x0C, 0x00,
    0x01, 0x0A, 0x02, 0x0F, 0x01, 0x0B, 0x01, 0x02, 0x01, 0x00, 0x01, 0x07, 0x01, 0x0F, 0x01, 0x0D,
    0x02, 0x00, 0x01, 0x0D, 0x01, 0x0F, 0x01, 0x08, 0x01, 0x00, 0x01, 0x02, 0x01, 0x0B, 0x02, 0x0F,
    0x01, 0x0A, 0x0B, 0x00, 0x01, 0x06, 0x02, 0x0F, 0x01, 0x0C, 0x01, 0x01, 0x02, 0x00, 0x01, 0x0B,
    0x01, 0x0F, 0x01, 0x09, 0x02, 0x00, 0x01, 0x08, 0x01, 0x0F, 0x01, 0x0C, 0x02, 0x00, 0x01, 0x01,
    0x01, 0x0C, 0x02, 0x0F, 0x01, 0x06, 0x09, 0x00, 0x01, 0x01, 0x01, 0x0E, 0x01, 0x0F, 0x01, 0x0D,
    0x01, 0x01, 0x03, 0x00, 0x01, 0x0D, 0x01, 0x0F, 0x01, 0x04, 0x02, 0x00, 0x01, 0x04, 0x01, 0x0F,
    0x01, 0x0E, 0x03, 0x00, 0x01, 0x01, 0x01, 0x0D, 0x01, 0x0F, 0x01, 0x0E, 0x01, 0x01, 0x08, 0x00,
    0x01, 0x06, 0x02, 0x0F, 0x01, 0x0C, 0x01, 0x07, 0x01, 0x08, 0x01, 0x07, 0x01, 0x08, 0x02, 0x0F,
    0x01, 0x09, 0x02, 0x07, 0x01, 0x09, 0x02, 0x0F, 0x01, 0x09, 0x01, 0x07, 0x01, 0x08, 0x01, 0x07,
    0x01, 0x0C, 0x02, 0x0F, 0x01, 0x06, 0x08, 0x00, 0x01, 0x0B, 0x16, 0x0F, 0x01, 0x0B, 0x07, 0x00,
    0x01, 0x01, 0x01, 0x0E, 0x01, 0x0F, 0x01, 0x0E, 0x04, 0x0B, 0x01, 0x0D, 0x01, 0x0F, 0x01, 0x0E,
    0x04, 0x0B, 0x01, 0x0E, 0x01, 0x0F, 0x01, 0x0D, 0x04, 0x0B, 0x01, 0x0E, 0x01, 0x0F, 0x01, 0x0E,
    0x01, 0x01, 0x06, 0x00, 0x01, 0x03, 0x02, 0x0F, 0x01, 0x07, 0x04, 0x00, 0x01, 0x07, 0x01, 0x0F,
    0x01, 0x0B, 0x04, 0x00, 0x01, 0x0B, 0x01, 0x0F, 0x01, 0x07, 0x04, 0x00, 0x01, 0x07, 0x02, 0x0F,
    0x01, 0x03, 0x06, 0x00, 0x01, 0x04, 0x02, 0x0F, 0x01, 0x06, 0x04, 0x00, 0x01, 0x07, 0x01, 0x0F,
    0x01, 0x0B, 0x04, 0x00, 0x01, 0x0B, 0x01, 0x0F, 0x01, 0x07, 0x04, 0x00, 0x01, 0x06, 0x02, 0x0F,
    0x01, 0x04, 0x06, 0x00, 0x01, 0x04, 0x02, 0x0F, 0x01, 0x06, 0x04, 0x00, 0x01, 0x07, 0x01, 0x0F,
    0x01, 0x0B, 0x04, 0x00, 0x01, 0x0B, 0x01, 0x0F, 0x01, 0x07, 0x04, 0x00, 0x01, 0x06, 0x02, 0x0F,
    0x01, 0x04, 0x06, 0x00, 0x01, 0x03, 0x02, 0x0F, 0x01, 0x07, 0x04, 0x00, 0x01, 0x07, 0x01, 0x0F,
    0x01, 0x0B, 0x04, 0x00, 0x01, 0x0B, 0x01, 0x0F, 0x01, 0x07, 0x04, 0x00, 0x01, 0x07, 0x02, 0x0F,
    0x01, 0x03, 0x06, 0x00, 0x01, 0x01, 0x01, 0x0E, 0x01, 0x0F, 0x01, 0x0E, 0x04, 0x0B, 0x01, 0x0C,
    0x01, 0x0F, 0x01, 0x0E, 0x04, 0x0B, 0x01, 0x0E, 0x01, 0x0F, 0x01, 0x0D, 0x04, 0x0B, 0x01, 0x0E,
    0x01, 0x0F, 0x01, 0x0E, 0x01, 0x01, 0x07, 0x00, 0x01, 0x0B, 0x16, 0x0F, 0x01, 0x0B, 0x08, 0x00,
    0x01, 0x06, 0x02, 0x0F, 0x01, 0x0C, 0x01, 0x07, 0x01, 0x08, 0x01, 0x07, 0x01, 0x08, 0x02, 0x0F,
    0x01, 0x09, 0x02, 0x07, 0x01, 0x09, 0x02, 0x0F, 0x01, 0x09, 0x01, 0x07, 0x01, 0x08, 0x01, 0x07,
    0x01, 0x0C, 0x02, 0x0F, 0x01, 0x06, 0x08, 0x00, 0x01, 0x01, 0x01, 0x0E, 0x01, 0x0F, 0x01, 0x0D,
    0x01, 0x01, 0x03, 0x00, 0x01, 0x0D, 0x01, 0x0F, 0x01, 0x04, 0x02, 0x00, 0x01, 0x04, 0x01, 0x0F,
    0x01, 0x0E, 0x03, 0x00, 0x01, 0x01, 0x01, 0x0D, 0x01, 0x0F, 0x01, 0x0E, 0x01, 0x01, 0x09, 0x00,
    0x01, 0x06, 0x02, 0x0F, 0x01, 0x0C, 0x01, 0x01, 0x02, 0x00, 0x01, 0x0B, 0x01, 0x0F, 0x01, 0x09,
    0x02, 0x00, 0x01, 0x08, 0x01, 0x0F, 0x01, 0x0C, 0x02, 0x00, 0x01, 0x01, 0x01, 0x0C, 0x02, 0x0F,
    0x01, 0x06, 0x0B, 0x00, 0x01, 0x0A, 0x02, 0x0F, 0x01, 0x0B, 0x01, 0x01, 0x01, 0x00, 0x01, 0x07,
    0x01, 0x0F, 0x01, 0x0D, 0x02, 0x00, 0x01, 0x0D, 0x01, 0x0F, 0x01, 0x08, 0x01, 0x00, 0x01, 0x01,
    0x01, 0x0B, 0x02, 0x0F, 0x01, 0x0A, 0x0C, 0x00, 0x01, 0x01, 0x01, 0x0B, 0x02, 0x0F, 0x01, 0x0D,
    0x01, 0x05, 0x01, 0x03, 0x01, 0x0E, 0x01, 0x0F, 0x01, 0x04, 0x01, 0x03, 0x02, 0x0F, 0x01, 0x03,
    0x01, 0x05, 0x01, 0x0D, 0x02, 0x0F, 0x01, 0x0B, 0x01, 0x01, 0x0D, 0x00, 0x01, 0x01, 0x01, 0x0A,
    0x03, 0x0F, 0x01, 0x0D, 0x01, 0x0E, 0x01, 0x0F, 0x01, 0x0D, 0x01, 0x0C, 0x01, 0x0F, 0x01, 0x0E,
    0x01, 0x0D, 0x03, 0x0F, 0x01, 0x0A, 0x01, 0x01, 0x10, 0x00, 0x01, 0x06, 0x01, 0x0D, 0x0A, 0x0F,
    0x01, 0x0D, 0x01, 0x06, 0x13, 0x00, 0x01, 0x01, 0x01, 0x06, 0x01, 0x0B, 0x01, 0x0E, 0x04, 0x0F,
    0x01, 0x0E, 0x01, 0x0B, 0x01, 0x06, 0x01, 0x01, 0x17, 0x00, 0x01, 0x01, 0x01, 0x03, 0x02, 0x04,
    0x01, 0x03, 0x01, 0x01, 0x6D, 0x00, 0x6D, 0x00, 0x01, 0x02, 0x01, 0x04, 0x02, 0x05, 0x01, 0x04,
    0x01, 0x02, 0x18, 0x00, 0x01, 0x05, 0x01, 0x0B, 0x01, 0x0E, 0x04, 0x0F, 0x01, 0x0E, 0x01, 0x0B,
    0x01, 0x05, 0x14, 0x00, 0x01, 0x02, 0x01, 0x0B, 0x0A, 0x0F, 0x01, 0x0B, 0x01, 0x02, 0x11, 0x00,
    0x01, 0x02, 0x01, 0x0D, 0x02, 0x0F, 0x01, 0x0E, 0x01, 0x0A, 0x01, 0x06, 0x02, 0x04, 0x01, 0x06,
    0x01, 0x0A, 0x01, 0x0E, 0x02, 0x0F, 0x01, 0x0D, 0x01, 0x02, 0x0F, 0x00, 0x01, 0x01, 0x01, 0x0D,
    0x02, 0x0F, 0x01, 0x0B, 0x01, 0x03, 0x06, 0x00, 0x01, 0x03, 0x01, 0x0B, 0x02, 0x0F, 0x01, 0x0D,
    0x01, 0x01, 0x0E, 0x00, 0x01, 0x09, 0x02, 0x0F, 0x01, 0x0A, 0x0A, 0x00, 0x01, 0x0A, 0x02, 0x0F,
    0x01, 0x09, 0x0D, 0x00, 0x01, 0x02, 0x02, 0x0F, 0x01, 0x0D, 0x05, 0x00, 0x01, 0x03, 0x01, 0x04,
    0x05, 0x00, 0x01, 0x0D, 0x02, 0x0F, 0x01, 0x02, 0x0C, 0x00, 0x01, 0x08, 0x02, 0x0F, 0x01, 0x05,
    0x05, 0x00, 0x01, 0x0A, 0x01, 0x0B, 0x05, 0x00, 0x01, 0x05, 0x02, 0x0F, 0x01, 0x08, 0x0C, 0x00,
    0x01, 0x0C, 0x01, 0x0F, 0x01, 0x0D, 0x06, 0x00, 0x01, 0x0D, 0x01, 0x0E, 0x06, 0x00, 0x01, 0x0D,
    0x01, 0x0F, 0x01, 0x0C, 0x0C, 0x00, 0x01, 0x0D, 0x01, 0x0F, 0x01, 0x0A, 0x02, 0x00, 0x01, 0x01,
    0x01, 0x0B, 0x02, 0x0C, 0x02, 0x0F, 0x02, 0x0C, 0x01, 0x0B, 0x01, 0x01, 0x02, 0x00, 0x01, 0x0A,
    0x01, 0x0F, 0x01, 0x0D, 0x0B, 0x00, 0x01, 0x01, 0x01, 0x0E, 0x01, 0x0F, 0x01, 0x09, 0x03, 0x00,
    0x01, 0x04, 0x01, 0x0E, 0x04, 0x0F, 0x01, 0x0E, 0x01, 0x05, 0x03, 0x00, 0x01, 0x09, 0x01, 0x0F,
    0x01, 0x0E, 0x01, 0x01, 0x0A, 0x00, 0x01, 0x01, 0x01, 0x0D, 0x01, 0x0F, 0x01, 0x0A, 0x04, 0x00,
    0x01, 0x01, 0x01, 0x0D, 0x02, 0x0F, 0x01, 0x0D, 0x01, 0x01, 0x04, 0x00, 0x01, 0x0A, 0x01, 0x0F,
    0x01, 0x0D, 0x01, 0x01, 0x0B, 0x00, 0x01, 0x0C, 0x01, 0x0F, 0x01, 0x0C, 0x04, 0x00, 0x01, 0x01,
    0x04, 0x0F, 0x01, 0x02, 0x04, 0x00, 0x01, 0x0C, 0x01, 0x0F, 0x01, 0x0C, 0x0C, 0x00, 0x01, 0x09,
    0x02, 0x0F, 0x01, 0x03, 0x03, 0x00, 0x01, 0x07, 0x01, 0x0E, 0x02, 0x04, 0x01, 0x0E, 0x01, 0x08,
    0x03, 0x00, 0x01, 0x03, 0x02, 0x0F, 0x01, 0x09, 0x0C, 0x00, 0x01, 0x03, 0x02, 0x0F, 0x01, 0x0A,
    0x03, 0x00, 0x01, 0x05, 0x01, 0x03, 0x02, 0x00, 0x01, 0x02, 0x01, 0x05, 0x03, 0x00, 0x01, 0x0A,
    0x02, 0x0F, 0x01, 0x04, 0x0D, 0x00, 0x01, 0x0B, 0x02, 0x0F, 0x01, 0x06, 0x0A, 0x00, 0x01, 0x06,
    0x02, 0x0F, 0x01, 0x0C, 0x0E, 0x00, 0x01, 0x03, 0x03, 0x0F, 0x01, 0x07, 0x08, 0x00, 0x01, 0x07,
    0x03, 0x0F, 0x01, 0x04, 0x0F, 0x00, 0x01, 0x05, 0x01, 0x0E, 0x02, 0x0F, 0x01, 0x0C, 0x01, 0x05,
    0x01, 0x02, 0x02, 0x01, 0x01, 0x02, 0x01, 0x05, 0x01, 0x0C, 0x03, 0x0F, 0x01, 0x05, 0x11, 0x00,
    0x01, 0x0D, 0x05, 0x0F, 0x02, 0x0E, 0x05, 0x0F, 0x01, 0x0D, 0x12, 0x00, 0x01, 0x0D, 0x0C, 0x0F,
    0x01, 0x0D, 0x12, 0x00, 0x01, 0x0D, 0x0C, 0x0F, 0x01, 0x0D, 0x12, 0x00, 0x01, 0x0D, 0x0C, 0x0F,
    0x01, 0x0D, 0x12, 0x00, 0x01, 0x0D, 0x0C, 0x0F, 0x01, 0x0D, 0x12, 0x00, 0x01, 0x0D, 0x0C, 0x0F,
    0x01, 0x0D, 0x12, 0x00, 0x01, 0x0D, 0x0C, 0x0F, 0x01, 0x0D, 0x12, 0x00, 0x01, 0x0B, 0x02, 0x0F,
    0x01, 0x0D, 0x01, 0x0A, 0x01, 0x07, 0x02, 0x04, 0x01, 0x07, 0x01, 0x0A, 0x01, 0x0D, 0x02, 0x0F,
    0x01, 0x0B, 0x12, 0x00, 0x01, 0x01, 0x01, 0x04, 0x01, 0x02, 0x08, 0x00, 0x01, 0x02, 0x01, 0x04,
    0x01, 0x01, 0x49, 0x00, 0xA5, 0x00, 0x01, 0x04, 0x01, 0x0A, 0x01, 0x03, 0x04, 0x00, 0x01, 0x03,
    0x01, 0x07, 0x01, 0x0A, 0x02, 0x0B, 0x01, 0x09, 0x01, 0x07, 0x01, 0x03, 0x11, 0x00, 0x01, 0x0B,
    0x01, 0x0F, 0x01, 0x09, 0x02, 0x00, 0x01, 0x04, 0x01, 0x0B, 0x08, 0x0F, 0x01, 0x0B, 0x01, 0x04,
    0x0F, 0x00, 0x01, 0x0B, 0x01, 0x0F, 0x01, 0x09, 0x01, 0x00, 0x01, 0x08, 0x04, 0x0F, 0x01, 0x0E,
    0x02, 0x0D, 0x01, 0x0E, 0x04, 0x0F, 0x01, 0x08, 0x0E, 0x00, 0x01, 0x0B, 0x01, 0x0F, 0x02, 0x09,
    0x03, 0x0F, 0x01, 0x09, 0x01, 0x04, 0x01, 0x01, 0x02, 0x00, 0x01, 0x01, 0x01, 0x04, 0x01, 0x0A,
    0x03, 0x0F, 0x01, 0x0A, 0x0D, 0x00, 0x01, 0x0B, 0x01, 0x0F, 0x01, 0x0E, 0x02, 0x0F, 0x01, 0x0C,
    0x01, 0x02, 0x08, 0x00, 0x01, 0x04, 0x01, 0x0E, 0x02, 0x0F, 0x01, 0x08, 0x0C, 0x00, 0x01, 0x0B,
    0x04, 0x0F, 0x01, 0x07, 0x01, 0x05, 0x01, 0x02, 0x01, 0x00, 0x01, 0x02, 0x01, 0x0D, 0x01, 0x0B,
    0x01, 0x01, 0x03, 0x00, 0x01, 0x02, 0x01, 0x0E, 0x02, 0x0F, 0x01, 0x03, 0x0B, 0x00, 0x01, 0x0C,
    0x06, 0x0F, 0x01, 0x0D, 0x01, 0x00, 0x01, 0x04, 0x02, 0x0F, 0x01, 0x02, 0x04, 0x00, 0x01, 0x04,
    0x02, 0x0F, 0x01, 0x0B, 0x0B, 0x00, 0x01, 0x07, 0x06, 0x0E, 0x01, 0x0A, 0x01, 0x00, 0x01, 0x04,
    0x02, 0x0F, 0x01, 0x02, 0x05, 0x00, 0x01, 0x0A, 0x02, 0x0F, 0x01, 0x03, 0x0B, 0x00, 0x06, 0x01,
    0x02, 0x00, 0x01, 0x04, 0x02, 0x0F, 0x01, 0x02, 0x05, 0x00, 0x01, 0x04, 0x02, 0x0F, 0x01, 0x07,
    0x13, 0x00, 0x01, 0x04, 0x02, 0x0F, 0x01, 0x02, 0x05, 0x00, 0x01, 0x01, 0x01, 0x0E, 0x01, 0x0F,
    0x01, 0x0A, 0x13, 0x00, 0x01, 0x04, 0x02, 0x0F, 0x01, 0x08, 0x06, 0x00, 0x01, 0x0D, 0x01, 0x0F,
    0x01, 0x0B, 0x0A, 0x00, 0x01, 0x06, 0x01, 0x0D, 0x01, 0x07, 0x06, 0x00, 0x01, 0x01, 0x01, 0x0B,
    0x02, 0x0F, 0x01, 0x08, 0x05, 0x00, 0x01, 0x0D, 0x01, 0x0F, 0x01, 0x0B, 0x0A, 0x00, 0x01, 0x0A,
    0x01, 0x0F, 0x01, 0x0E, 0x01, 0x01, 0x06, 0x00, 0x01, 0x01, 0x01, 0x0B, 0x02, 0x0F, 0x01, 0x08,
    0x03, 0x00, 0x01, 0x01, 0x01, 0x0E, 0x01, 0x0F, 0x01, 0x0A, 0x0A, 0x00, 0x01, 0x07, 0x02, 0x0F,
    0x01, 0x03, 0x08, 0x00, 0x01, 0x0B, 0x02, 0x0F, 0x01, 0x03, 0x02, 0x00, 0x01, 0x04, 0x02, 0x0F,
    0x01, 0x07, 0x0A, 0x00, 0x01, 0x03, 0x02, 0x0F, 0x01, 0x09, 0x09, 0x00, 0x02, 0x0A, 0x01, 0x01,
    0x02, 0x00, 0x01, 0x0A, 0x02, 0x0F, 0x01, 0x03, 0x0B, 0x00, 0x01, 0x0C, 0x02, 0x0F, 0x01, 0x03,
    0x0C, 0x00, 0x01, 0x04, 0x02, 0x0F, 0x01, 0x0B, 0x0C, 0x00, 0x01, 0x04, 0x02, 0x0F, 0x01, 0x0D,
    0x01, 0x02, 0x0A, 0x00, 0x01, 0x02, 0x01, 0x0E, 0x02, 0x0F, 0x01, 0x03, 0x0D, 0x00, 0x01, 0x09,
    0x02, 0x0F, 0x01, 0x0D, 0x01, 0x03, 0x08, 0x00, 0x01, 0x04, 0x01, 0x0E, 0x02, 0x0F, 0x01, 0x08,
    0x0F, 0x00, 0x01, 0x0A, 0x03, 0x0F, 0x01, 0x09, 0x01, 0x04, 0x01, 0x01, 0x02, 0x00, 0x01, 0x01,
    0x01, 0x04, 0x01, 0x0A, 0x03, 0x0F, 0x01, 0x09, 0x11, 0x00, 0x01, 0x09, 0x04, 0x0F, 0x01, 0x0E,
    0x02, 0x0D, 0x01, 0x0E, 0x04, 0x0F, 0x01, 0x08, 0x13, 0x00, 0x01, 0x05, 0x01, 0x0C, 0x08, 0x0F,
    0x01, 0x0B, 0x01, 0x04, 0x16, 0x00, 0x01, 0x03, 0x01, 0x07, 0x01, 0x0A, 0x02, 0x0B, 0x01, 0x09,
    0x01, 0x07, 0x01, 0x03, 0xAC, 0x00, 0x74, 0x00, 0x01, 0x03, 0x01, 0x04, 0x01, 0x02, 0x1B, 0x00,
    0x01, 0x03, 0x01, 0x0C, 0x02, 0x0F, 0x01, 0x0E, 0x01, 0x08, 0x19, 0x00, 0x01, 0x02, 0x01, 0x0E,
    0x05, 0x0F, 0x01, 0x08, 0x18, 0x00, 0x01, 0x08, 0x07, 0x0F, 0x01, 0x02, 0x17, 0x00, 0x01, 0x0B,
    0x07, 0x0F, 0x01, 0x04, 0x17, 0x00, 0x01, 0x0C, 0x07, 0x0F, 0x01, 0x03, 0x15, 0x00, 0x01, 0x04,
    0x01, 0x0C, 0x07, 0x0F, 0x01, 0x0C, 0x14, 0x00, 0x01, 0x02, 0x01, 0x09, 0x03, 0x0F, 0x01, 0x0E,
    0x04, 0x0F, 0x01, 0x0E, 0x01, 0x03, 0x0E, 0x00, 0x01, 0x01, 0x04, 0x00, 0x01, 0x06, 0x01, 0x0E,
    0x02, 0x0F, 0x01, 0x0E, 0x01, 0x07, 0x01, 0x01, 0x01, 0x05, 0x01, 0x0A, 0x01, 0x0B, 0x01, 0x08,
    0x01, 0x02, 0x0D, 0x00, 0x01, 0x05, 0x01, 0x0C, 0x01, 0x0E, 0x01, 0x0D, 0x01, 0x08, 0x01, 0x04,
    0x01, 0x0B, 0x03, 0x0F, 0x01, 0x0A, 0x01, 0x02, 0x13, 0x00, 0x01, 0x05, 0x08, 0x0F, 0x01, 0x0D,
    0x01, 0x05, 0x14, 0x00, 0x01, 0x01, 0x01, 0x0E, 0x06, 0x0F, 0x01, 0x0E, 0x01, 0x08, 0x01, 0x01,
    0x15, 0x00, 0x01, 0x03, 0x07, 0x0F, 0x01, 0x0B, 0x17, 0x00, 0x01, 0x03, 0x07, 0x0F, 0x01, 0x0B,
    0x17, 0x00, 0x01, 0x01, 0x01, 0x0E, 0x06, 0x0F, 0x01, 0x0E, 0x01, 0x08, 0x01, 0x01, 0x16, 0x00,
    0x01, 0x05, 0x08, 0x0F, 0x01, 0x0D, 0x01, 0x05, 0x16, 0x00, 0x01, 0x05, 0x01, 0x0C, 0x01, 0x0E,
    0x01, 0x0D, 0x01, 0x08, 0x01, 0x04, 0x01, 0x0C, 0x03, 0x0F, 0x01, 0x0A, 0x01, 0x02, 0x16, 0x00,
    0x01, 0x01, 0x04, 0x00, 0x01, 0x07, 0x01, 0x0E, 0x02, 0x0F, 0x01, 0x0E, 0x01, 0x07, 0x01, 0x01,
    0x01, 0x05, 0x01, 0x0A, 0x01, 0x0B, 0x01, 0x08, 0x01, 0x02, 0x15, 0x00, 0x01, 0x02, 0x01, 0x0A,
    0x03, 0x0F, 0x01, 0x0D, 0x04, 0x0F, 0x01, 0x0E, 0x01, 0x03, 0x16, 0x00, 0x01, 0x05, 0x01, 0x0D,
    0x07, 0x0F, 0x01, 0x0C, 0x17, 0x00, 0x01, 0x01, 0x01, 0x0C, 0x07, 0x0F, 0x01, 0x03, 0x17, 0x00,
    0x01, 0x0B, 0x07, 0x0F, 0x01, 0x04, 0x17, 0x00, 0x01, 0x09, 0x07, 0x0F, 0x01, 0x02, 0x17, 0x00,
    0x01, 0x02, 0x01, 0x0E, 0x05, 0x0F, 0x01, 0x08, 0x19, 0x00, 0x01, 0x03, 0x01, 0x0C, 0x02, 0x0F,
    0x01, 0x0E, 0x01, 0x08, 0x1C, 0x00, 0x01, 0x03, 0x01, 0x04, 0x01, 0x02, 0x69, 0x00, 0xFF, 0x00,
    0x29, 0x00, 0x01, 0x02, 0x01, 0x03, 0x03, 0x04, 0x01, 0x02, 0x04, 0x00, 0x01, 0x03, 0x03, 0x04,
    0x01, 0x03, 0x01, 0x02, 0x0E, 0x00, 0x01, 0x03, 0x01, 0x0B, 0x01, 0x0E, 0x05, 0x0F, 0x01, 0x04,
    0x02, 0x00, 0x01, 0x05, 0x05, 0x0F, 0x01, 0x0E, 0x01, 0x0B, 0x01, 0x03, 0x0B, 0x00, 0x01, 0x05,
    0x08, 0x0F, 0x01, 0x04, 0x02, 0x00, 0x01, 0x05, 0x08, 0x0F, 0x01, 0x05, 0x09, 0x00, 0x01, 0x03,
    0x03, 0x0F, 0x01, 0x0A, 0x04, 0x06, 0x01, 0x04, 0x04, 0x00, 0x01, 0x05, 0x04, 0x06, 0x01, 0x0A,
    0x03, 0x0F, 0x01, 0x03, 0x08, 0x00, 0x01, 0x0B, 0x02, 0x0F, 0x01, 0x06, 0x10, 0x00, 0x01, 0x06,
    0x02, 0x0F, 0x01, 0x0B, 0x07, 0x00, 0x01, 0x02, 0x01, 0x0E, 0x01, 0x0F, 0x01, 0x0A, 0x05, 0x00,
    0x07, 0x04, 0x01, 0x03, 0x03, 0x00, 0x01, 0x01, 0x01, 0x00, 0x01, 0x0A, 0x02, 0x0F, 0x01, 0x02,
    0x06, 0x00, 0x01, 0x04, 0x02, 0x0F, 0x01, 0x06, 0x04, 0x00, 0x01, 0x08, 0x08, 0x0F, 0x01, 0x04,
    0x04, 0x00, 0x01, 0x05, 0x02, 0x0E, 0x01, 0x03, 0x06, 0x00, 0x01, 0x04, 0x02, 0x0F, 0x01, 0x06,
    0x04, 0x00, 0x01, 0x07, 0x07, 0x0F, 0x01, 0x0E, 0x01, 0x04, 0x01, 0x00, 0x01, 0x03, 0x01, 0x07,
    0x01, 0x01, 0x01, 0x00, 0x02, 0x01, 0x07, 0x00, 0x01, 0x02, 0x02, 0x0F, 0x01, 0x0A, 0x05, 0x00,
    0x01, 0x02, 0x06, 0x03, 0x01, 0x02, 0x02, 0x00, 0x01, 0x0C, 0x01, 0x0F, 0x01, 0x07, 0x0B, 0x00,
    0x01, 0x0B, 0x02, 0x0F, 0x01, 0x06, 0x0E, 0x00, 0x01, 0x0C, 0x01, 0x0F, 0x01, 0x07, 0x0B, 0x00,
    0x01, 0x03, 0x03, 0x0F, 0x01, 0x0A, 0x01, 0x06, 0x03, 0x05, 0x01, 0x04, 0x05, 0x00, 0x01, 0x01,
    0x02, 0x02, 0x01, 0x0D, 0x01, 0x0F, 0x01, 0x08, 0x02, 0x02, 0x0A, 0x00, 0x01, 0x06, 0x08, 0x0F,
    0x01, 0x04, 0x03, 0x00, 0x01, 0x02, 0x01, 0x0E, 0x07, 0x0F, 0x01, 0x0A, 0x0A, 0x00, 0x01, 0x04,
    0x01, 0x0B, 0x01, 0x0E, 0x05, 0x0F, 0x01, 0x04, 0x03, 0x00, 0x01, 0x03, 0x08, 0x0F, 0x01, 0x0C,
    0x0C, 0x00, 0x01, 0x02, 0x04, 0x04, 0x01, 0x03, 0x05, 0x00, 0x01, 0x03, 0x02, 0x04, 0x01, 0x0D,
    0x01, 0x0F, 0x01, 0x0A, 0x02, 0x04, 0x01, 0x01, 0x1A, 0x00, 0x01, 0x0C, 0x01, 0x0F, 0x01, 0x07,
    0x1D, 0x00, 0x01, 0x0D, 0x01, 0x0F, 0x01, 0x07, 0x1D, 0x00, 0x01, 0x04, 0x01, 0x09, 0x01, 0x01,
    0xC7, 0x00, 0xAF, 0x00, 0x02, 0x07, 0x1D, 0x00, 0x01, 0x05, 0x02, 0x0F, 0x01, 0x05, 0x1C, 0x00,
    0x01, 0x0B, 0x02, 0x0F, 0x01, 0x0B, 0x1B, 0x00, 0x01, 0x03, 0x04, 0x0F, 0x01, 0x03, 0x1A, 0x00,
    0x01, 0x09, 0x04, 0x0F, 0x01, 0x09, 0x19, 0x00, 0x01, 0x01, 0x01, 0x0E, 0x04, 0x0F, 0x01, 0x0E,
    0x01, 0x01, 0x14, 0x00, 0x01, 0x01, 0x01, 0x02, 0x01, 0x03, 0x01, 0x04, 0x01, 0x09, 0x06, 0x0F,
    0x01, 0x09, 0x01, 0x04, 0x01, 0x03, 0x01, 0x02, 0x01, 0x01, 0x0D, 0x00, 0x01, 0x04, 0x01, 0x0C,
    0x01, 0x0D, 0x01, 0x0E, 0x0E, 0x0F, 0x01, 0x0E, 0x01, 0x0D, 0x01, 0x0C, 0x01, 0x04, 0x0A, 0x00,
    0x01, 0x0B, 0x14, 0x0F, 0x01, 0x0A, 0x0A, 0x00, 0x01, 0x03, 0x01, 0x0E, 0x12, 0x0F, 0x01, 0x0E,
    0x01, 0x03, 0x0B, 0x00, 0x01, 0x02, 0x01, 0x0D, 0x10, 0x0F, 0x01, 0x0D, 0x01, 0x02, 0x0D, 0x00,
    0x01, 0x01, 0x01, 0x0B, 0x0E, 0x0F, 0x01, 0x0B, 0x01, 0x01, 0x10, 0x00, 0x01, 0x09, 0x0C, 0x0F,
    0x01, 0x09, 0x13, 0x00, 0x01, 0x0C, 0x0A, 0x0F, 0x01, 0x0C, 0x13, 0x00, 0x01, 0x01, 0x01, 0x0E,
    0x0A, 0x0F, 0x01, 0x0E, 0x01, 0x01, 0x12, 0x00, 0x01, 0x04, 0x0C, 0x0F, 0x01, 0x04, 0x12, 0x00,
    0x01, 0x07, 0x0C, 0x0F, 0x01, 0x07, 0x12, 0x00, 0x01, 0x0A, 0x05, 0x0F, 0x02, 0x0A, 0x05, 0x0F,
    0x01, 0x0A, 0x11, 0x00, 0x01, 0x01, 0x01, 0x0D, 0x03, 0x0F, 0x01, 0x0D, 0x01, 0x05, 0x02, 0x00,
    0x01, 0x05, 0x01, 0x0D, 0x03, 0x0F, 0x01, 0x0D, 0x01, 0x01, 0x10, 0x00, 0x01, 0x02, 0x02, 0x0F,
    0x01, 0x0E, 0x01, 0x08, 0x01, 0x01, 0x04, 0x00, 0x01, 0x01, 0x01, 0x08, 0x01, 0x0E, 0x02, 0x0F,
    0x01, 0x02, 0x11, 0x00, 0x01, 0x06, 0x01, 0x09, 0x01, 0x02, 0x08, 0x00, 0x01, 0x02, 0x01, 0x09,
    0x01, 0x06, 0xC9, 0x00, 0x6F, 0x00, 0x01, 0x03, 0x01, 0x02, 0x1D, 0x00, 0x01, 0x06, 0x02, 0x0F,
    0x01, 0x05, 0x12, 0x00, 0x01, 0x03, 0x01, 0x06, 0x08, 0x00, 0x01, 0x0B, 0x02, 0x0F, 0x01, 0x0A,
    0x11, 0x00, 0x01, 0x01, 0x01, 0x0E, 0x01, 0x0F, 0x01, 0x09, 0x07, 0x00, 0x01, 0x0B, 0x02, 0x0F,
    0x01, 0x0A, 0x12, 0x00, 0x01, 0x0A, 0x02, 0x0F, 0x01, 0x09, 0x04, 0x00, 0x01, 0x03, 0x01, 0x0B,
    0x03, 0x0F, 0x01, 0x0E, 0x01, 0x0B, 0x01, 0x06, 0x11, 0x00, 0x01, 0x0A, 0x02, 0x0F, 0x01, 0x09,
    0x03, 0x00, 0x01, 0x08, 0x07, 0x0F, 0x01, 0x0B, 0x01, 0x01, 0x10, 0x00, 0x01, 0x0B, 0x02, 0x0F,
    0x01, 0x09, 0x02, 0x00, 0x01, 0x02, 0x01, 0x0E, 0x07, 0x0F, 0x01, 0x0C, 0x01, 0x01, 0x10, 0x00,
    0x01, 0x0B, 0x02, 0x0F, 0x01, 0x09, 0x02, 0x00, 0x01, 0x03, 0x01, 0x0E, 0x07, 0x0F, 0x01, 0x09,
    0x11, 0x00, 0x01, 0x0B, 0x02, 0x0F, 0x01, 0x09, 0x02, 0x00, 0x01, 0x03, 0x01, 0x0E, 0x07, 0x0F,
    0x01, 0x02, 0x10, 0x00, 0x01, 0x0A, 0x03, 0x0F, 0x01, 0x09, 0x02, 0x00, 0x01, 0x03, 0x01, 0x0E,
    0x06, 0x0F, 0x01, 0x07, 0x10, 0x00, 0x01, 0x0D, 0x04, 0x0F, 0x01, 0x09, 0x02, 0x00, 0x01, 0x03,
    0x01, 0x0E, 0x05, 0x0F, 0x01, 0x0A, 0x0F, 0x00, 0x01, 0x01, 0x01, 0x0E, 0x05, 0x0F, 0x01, 0x09,
    0x02, 0x00, 0x01, 0x03, 0x01, 0x0E, 0x04, 0x0F, 0x01, 0x0B, 0x0F, 0x00, 0x01, 0x01, 0x01, 0x0E,
    0x06, 0x0F, 0x01, 0x09, 0x02, 0x00, 0x01, 0x03, 0x01, 0x0D, 0x03, 0x0F, 0x01, 0x0B, 0x0F, 0x00,
    0x01, 0x01, 0x01, 0x0E, 0x07, 0x0F, 0x01, 0x09, 0x02, 0x00, 0x01, 0x02, 0x01, 0x0D, 0x02, 0x0F,
    0x01, 0x0B, 0x0F, 0x00, 0x01, 0x01, 0x01, 0x0E, 0x08, 0x0F, 0x01, 0x09, 0x02, 0x00, 0x01, 0x02,
    0x01, 0x0D, 0x01, 0x0F, 0x01, 0x0A, 0x0F, 0x00, 0x01, 0x01, 0x01, 0x0E, 0x09, 0x0F, 0x01, 0x09,
    0x02, 0x00, 0x01, 0x02, 0x01, 0x07, 0x01, 0x01, 0x0F, 0x00, 0x01, 0x01, 0x01, 0x0E, 0x0A, 0x0F,
    0x01, 0x09, 0x13, 0x00, 0x01, 0x01, 0x01, 0x0E, 0x0B, 0x0F, 0x01, 0x09, 0x12, 0x00, 0x01, 0x02,
    0x01, 0x0E, 0x0C, 0x0F, 0x01, 0x09, 0x10, 0x00, 0x01, 0x03, 0x01, 0x0D, 0x0C, 0x0F, 0x01, 0x0E,
    0x01, 0x0F, 0x01, 0x09, 0x0F, 0x00, 0x01, 0x04, 0x10, 0x0F, 0x01, 0x09, 0x0F, 0x00, 0x01, 0x05,
    0x01, 0x08, 0x09, 0x07, 0x02, 0x08, 0x01, 0x07, 0x01, 0x0B, 0x02, 0x0F, 0x01, 0x09, 0x1D, 0x00,
    0x01, 0x0A, 0x02, 0x0F, 0x01, 0x09, 0x13, 0x00, 0x01, 0x05, 0x01, 0x0F, 0x03, 0x0E, 0x01, 0x02,
    0x04, 0x00, 0x01, 0x0A, 0x02, 0x0F, 0x01, 0x04, 0x12, 0x00, 0x01, 0x02, 0x01, 0x0E, 0x02, 0x0F,
    0x01, 0x0B, 0x01, 0x01, 0x05, 0x00, 0x01, 0x09, 0x01, 0x0B, 0x01, 0x01, 0x13, 0x00, 0x01, 0x01,
    0x01, 0x05, 0x01, 0x04, 0x6F, 0x00, 0x4D, 0x00, 0x01, 0x02, 0x01, 0x07, 0x02, 0x09, 0x01, 0x07,
    0x01, 0x02, 0x19, 0x00, 0x01, 0x08, 0x01, 0x0E, 0x05, 0x0F, 0x01, 0x08, 0x17, 0x00, 0x01, 0x09,
    0x03, 0x0F, 0x02, 0x0E, 0x03, 0x0F, 0x01, 0x09, 0x15, 0x00, 0x01, 0x05, 0x02, 0x0F, 0x01, 0x0E,
    0x01, 0x05, 0x02, 0x02, 0x01, 0x05, 0x01, 0x0E, 0x02, 0x0F, 0x01, 0x05, 0x14, 0x00, 0x01, 0x0C,
    0x01, 0x0F, 0x01, 0x0E, 0x01, 0x03, 0x04, 0x00, 0x01, 0x03, 0x01, 0x0E, 0x01, 0x0F, 0x01, 0x0C,
    0x13, 0x00, 0x01, 0x01, 0x01, 0x0E, 0x01, 0x0F, 0x01, 0x0A, 0x06, 0x00, 0x01, 0x0A, 0x01, 0x0F,
    0x01, 0x0E, 0x01, 0x01, 0x12, 0x00, 0x01, 0x02, 0x02, 0x0F, 0x01, 0x07, 0x06, 0x00, 0x01, 0x07,
    0x02, 0x0F, 0x01, 0x02, 0x12, 0x00, 0x01, 0x02, 0x02, 0x0F, 0x01, 0x08, 0x06, 0x00, 0x01, 0x08,
    0x02, 0x0F, 0x01, 0x02, 0x12, 0x00, 0x01, 0x02, 0x02, 0x0F, 0x01, 0x07, 0x06, 0x00, 0x01, 0x07,
    0x02, 0x0F, 0x01, 0x02, 0x10, 0x00, 0x01, 0x01, 0x01, 0x09, 0x01, 0x0C, 0x02, 0x0F, 0x01, 0x0D,
    0x06, 0x0B, 0x01, 0x0D, 0x02, 0x0F, 0x01, 0x0C, 0x01, 0x09, 0x01, 0x01, 0x0D, 0x00, 0x01, 0x01,
    0x01, 0x0C, 0x10, 0x0F, 0x01, 0x0C, 0x01, 0x01, 0x0C, 0x00, 0x01, 0x03, 0x12, 0x0F, 0x01, 0x03,
    0x0C, 0x00, 0x01, 0x04, 0x12, 0x0F, 0x01, 0x04, 0x0C, 0x00, 0x01, 0x04, 0x12, 0x0F, 0x01, 0x04,
    0x0C, 0x00, 0x01, 0x04, 0x12, 0x0F, 0x01, 0x04, 0x0C, 0x00, 0x01, 0x04, 0x07, 0x0F, 0x01, 0x0E,
    0x01, 0x09, 0x01, 0x08, 0x01, 0x0E, 0x07, 0x0F, 0x01, 0x04, 0x0C, 0x00, 0x01, 0x04, 0x06, 0x0F,
    0x01, 0x0E, 0x01, 0x03, 0x02, 0x00, 0x01, 0x03, 0x01, 0x0E, 0x06, 0x0F, 0x01, 0x04, 0x0C, 0x00,
    0x01, 0x04, 0x06, 0x0F, 0x01, 0x0B, 0x04, 0x00, 0x01, 0x0B, 0x06, 0x0F, 0x01, 0x04, 0x0C, 0x00,
    0x01, 0x04, 0x06, 0x0F, 0x01, 0x0D, 0x04, 0x00, 0x01, 0x0D, 0x06, 0x0F, 0x01, 0x04, 0x0C, 0x00,
    0x01, 0x04, 0x07, 0x0F, 0x01, 0x09, 0x02, 0x02, 0x01, 0x09, 0x07, 0x0F, 0x01, 0x04, 0x0C, 0x00,
    0x01, 0x04, 0x08, 0x0F, 0x02, 0x0E, 0x08, 0x0F, 0x01, 0x04, 0x0C, 0x00, 0x01, 0x04, 0x12, 0x0F,
    0x01, 0x04, 0x0C, 0x00, 0x01, 0x04, 0x12, 0x0F, 0x01, 0x04, 0x0C, 0x00, 0x01, 0x04, 0x12, 0x0F,
    0x01, 0x04, 0x0C, 0x00, 0x01, 0x02, 0x12, 0x0F, 0x01, 0x02, 0x0D, 0x00, 0x01, 0x07, 0x10, 0x0F,
    0x01, 0x07, 0x0F, 0x00, 0x01, 0x02, 0x0E, 0x04, 0x01, 0x02, 0x68, 0x00, 0x6D, 0x00, 0x01, 0x01,
    0x01, 0x03, 0x02, 0x04, 0x01, 0x03, 0x01, 0x01, 0x17, 0x00, 0x01, 0x01, 0x01, 0x06, 0x01, 0x0B,
    0x01, 0x0E, 0x04, 0x0F, 0x01, 0x0E, 0x01, 0x0B, 0x01, 0x06, 0x01, 0x01, 0x13, 0x00, 0x01, 0x06,
    0x01, 0x0D, 0x0A, 0x0F, 0x01, 0x0D, 0x01, 0x06, 0x10, 0x00, 0x01, 0x01, 0x01, 0x0A, 0x0E, 0x0F,
    0x01, 0x0A, 0x01, 0x01, 0x0D, 0x00, 0x01, 0x01, 0x01, 0x0C, 0x10, 0x0F, 0x01, 0x0C, 0x01, 0x01,
    0x0C, 0x00, 0x01, 0x0B, 0x08, 0x0F, 0x01, 0x0A, 0x01, 0x09, 0x08, 0x0F, 0x01, 0x0A, 0x0B, 0x00,
    0x01, 0x06, 0x08, 0x0F, 0x01, 0x0C, 0x02, 0x00, 0x01, 0x0C, 0x08, 0x0F, 0x01, 0x06, 0x09, 0x00,
    0x01, 0x01, 0x01, 0x0E, 0x08, 0x0F, 0x01, 0x0B, 0x02, 0x00, 0x01, 0x0B, 0x08, 0x0F, 0x01, 0x0E,
    0x01, 0x01, 0x08, 0x00, 0x01, 0x06, 0x09, 0x0F, 0x01, 0x0B, 0x02, 0x00, 0x01, 0x0B, 0x09, 0x0F,
    0x01, 0x06, 0x08, 0x00, 0x01, 0x0B, 0x09, 0x0F, 0x01, 0x0B, 0x02, 0x00, 0x01, 0x0B, 0x09, 0x0F,
    0x01, 0x0B, 0x07, 0x00, 0x01, 0x01, 0x01, 0x0E, 0x09, 0x0F, 0x01, 0x0B, 0x02, 0x00, 0x01, 0x0B,
    0x09, 0x0F, 0x01, 0x0E, 0x01, 0x01, 0x06, 0x00, 0x01, 0x03, 0x0A, 0x0F, 0x01, 0x0B, 0x02, 0x00,
    0x01, 0x0B, 0x0A, 0x0F, 0x01, 0x03, 0x06, 0x00, 0x01, 0x04, 0x0A, 0x0F, 0x01, 0x0B, 0x02, 0x00,
    0x01, 0x04, 0x01, 0x0E, 0x09, 0x0F, 0x01, 0x04, 0x06, 0x00, 0x01, 0x04, 0x0B, 0x0F, 0x01, 0x05,
    0x02, 0x00, 0x01, 0x04, 0x01, 0x0E, 0x08, 0x0F, 0x01, 0x04, 0x06, 0x00, 0x01, 0x03, 0x0C, 0x0F,
    0x01, 0x05, 0x02, 0x00, 0x01, 0x04, 0x01, 0x0E, 0x07, 0x0F, 0x01, 0x03, 0x06, 0x00, 0x01, 0x01,
    0x01, 0x0E, 0x0C, 0x0F, 0x01, 0x05, 0x02, 0x00, 0x01, 0x04, 0x01, 0x0E, 0x05, 0x0F, 0x01, 0x0E,
    0x01, 0x01, 0x07, 0x00, 0x01, 0x0B, 0x0D, 0x0F, 0x01, 0x05, 0x02, 0x00, 0x01, 0x0A, 0x05, 0x0F,
    0x01, 0x0B, 0x08, 0x00, 0x01, 0x06, 0x0E, 0x0F, 0x01, 0x06, 0x01, 0x04, 0x01, 0x0E, 0x05, 0x0F,
    0x01, 0x06, 0x08, 0x00, 0x01, 0x01, 0x01, 0x0D, 0x14, 0x0F, 0x01, 0x0D, 0x01, 0x01, 0x09, 0x00,
    0x01, 0x05, 0x14, 0x0F, 0x01, 0x05, 0x0B, 0x00, 0x01, 0x0A, 0x12, 0x0F, 0x01, 0x0A, 0x0D, 0x00,
    0x01, 0x0B, 0x10, 0x0F, 0x01, 0x0B, 0x0F, 0x00, 0x01, 0x09, 0x0E, 0x0F, 0x01, 0x0A, 0x11, 0x00,
    0x01, 0x05, 0x01, 0x0D, 0x0A, 0x0F, 0x01, 0x0D, 0x01, 0x05, 0x14, 0x00, 0x01, 0x05, 0x01, 0x0A,
    0x01, 0x0D, 0x04, 0x0F, 0x01, 0x0D, 0x01, 0x0A, 0x01, 0x05, 0x01, 0x01, 0x18, 0x00, 0x01, 0x02,
    0x02, 0x03, 0x01, 0x02, 0x01, 0x01, 0x6D, 0x00, 0xFF, 0x00, 0x15, 0x00, 0x01, 0x01, 0x05, 0x00,
    0x01, 0x01, 0x17, 0x00, 0x01, 0x02, 0x01, 0x0C, 0x01, 0x0D, 0x01, 0x02, 0x03, 0x00, 0x01, 0x06,
    0x01, 0x0D, 0x01, 0x08, 0x15, 0x00, 0x01, 0x02, 0x01, 0x0D, 0x02, 0x0F, 0x01, 0x05, 0x02, 0x00,
    0x01, 0x06, 0x02, 0x0F, 0x01, 0x0E, 0x14, 0x00, 0x01, 0x02, 0x01, 0x0D, 0x02, 0x0F, 0x01, 0x09,
    0x02, 0x00, 0x01, 0x06, 0x03, 0x0F, 0x01, 0x05, 0x13, 0x00, 0x01, 0x02, 0x01, 0x0D, 0x02, 0x0F,
    0x01, 0x09, 0x02, 0x00, 0x01, 0x06, 0x03, 0x0F, 0x01, 0x05, 0x14, 0x00, 0x01, 0x0B, 0x02, 0x0F,
    0x01, 0x09, 0x02, 0x00, 0x01, 0x06, 0x03, 0x0F, 0x01, 0x05, 0x0B, 0x00, 0x01, 0x02, 0x05, 0x00,
    0x01, 0x03, 0x01, 0x04, 0x02, 0x00, 0x01, 0x07, 0x01, 0x0E, 0x01, 0x09, 0x02, 0x00, 0x01, 0x06,
    0x03, 0x0F, 0x01, 0x05, 0x0B, 0x00, 0x01, 0x06, 0x01, 0x0E, 0x01, 0x0B, 0x01, 0x01, 0x02, 0x00,
    0x01, 0x03, 0x02, 0x0F, 0x01, 0x07, 0x02, 0x00, 0x01, 0x02, 0x02, 0x00, 0x01, 0x06, 0x03, 0x0F,
    0x01, 0x05, 0x0C, 0x00, 0x01, 0x09, 0x02, 0x0F, 0x01, 0x0B, 0x01, 0x01, 0x01, 0x00, 0x01, 0x02,
    0x01, 0x0E, 0x02, 0x0F, 0x01, 0x07, 0x03, 0x00, 0x01, 0x06, 0x03, 0x0F, 0x01, 0x05, 0x0D, 0x00,
    0x01, 0x01, 0x01, 0x0C, 0x02, 0x0F, 0x01, 0x0B, 0x01, 0x01, 0x01, 0x00, 0x01, 0x04, 0x03, 0x0F,
    0x01, 0x07, 0x01, 0x00, 0x01, 0x07, 0x03, 0x0F, 0x01, 0x05, 0x0F, 0x00, 0x01, 0x01, 0x01, 0x0C,
    0x02, 0x0F, 0x01, 0x0B, 0x01, 0x01, 0x01, 0x00, 0x01, 0x04, 0x03, 0x0F, 0x01, 0x0A, 0x03, 0x0F,
    0x01, 0x05, 0x11, 0x00, 0x01, 0x01, 0x01, 0x0C, 0x02, 0x0F, 0x01, 0x0B, 0x01, 0x01, 0x01, 0x00,
    0x01, 0x05, 0x05, 0x0F, 0x01, 0x05, 0x13, 0x00, 0x01, 0x01, 0x01, 0x0C, 0x02, 0x0F, 0x01, 0x07,
    0x02, 0x00, 0x01, 0x05, 0x03, 0x0F, 0x01, 0x05, 0x15, 0x00, 0x01, 0x01, 0x01, 0x0B, 0x01, 0x0D,
    0x01, 0x03, 0x03, 0x00, 0x01, 0x04, 0x01, 0x0B, 0x01, 0x05, 0xFF, 0x00, 0x4F, 0x00, 0x6D, 0x00,
    0x01, 0x01, 0x01, 0x03, 0x02, 0x04, 0x01, 0x03, 0x01, 0x01, 0x17, 0x00, 0x01, 0x01, 0x01, 0x06,
    0x01, 0x0B, 0x01, 0x0E, 0x04, 0x0F, 0x01, 0x0E, 0x01, 0x0B, 0x01, 0x06, 0x01, 0x01, 0x13, 0x00,
    0x01, 0x06, 0x01, 0x0D, 0x0A, 0x0F, 0x01, 0x0D, 0x01, 0x06, 0x10, 0x00, 0x01, 0x01, 0x01, 0x0A,
    0x0E, 0x0F, 0x01, 0x0A, 0x01, 0x01, 0x0D, 0x00, 0x01, 0x01, 0x01, 0x0B, 0x10, 0x0F, 0x01, 0x0B,
    0x01, 0x01, 0x0C, 0x00, 0x01, 0x0A, 0x12, 0x0F, 0x01, 0x0A, 0x0B, 0x00, 0x01, 0x06, 0x09, 0x0F,
    0x02, 0x0E, 0x09, 0x0F, 0x01, 0x06, 0x09, 0x00, 0x01, 0x01, 0x01, 0x0E, 0x08, 0x0F, 0x01, 0x0D,
    0x01, 0x02, 0x01, 0x01, 0x01, 0x0D, 0x08, 0x0F, 0x01, 0x0E, 0x01, 0x01, 0x08, 0x00, 0x01, 0x06,
    0x09, 0x0F, 0x01, 0x0B, 0x02, 0x00, 0x01, 0x0B, 0x09, 0x0F, 0x01, 0x06, 0x08, 0x00, 0x01, 0x0B,
    0x09, 0x0F, 0x01, 0x0B, 0x02, 0x00, 0x01, 0x0B, 0x09, 0x0F, 0x01, 0x0B, 0x07, 0x00, 0x01, 0x01,
    0x01, 0x0E, 0x09, 0x0F, 0x01, 0x0B, 0x02, 0x00, 0x01, 0x0B, 0x09, 0x0F, 0x01, 0x0E, 0x01, 0x01,
    0x06, 0x00, 0x01, 0x03, 0x0A, 0x0F, 0x01, 0x0B, 0x02, 0x00, 0x01, 0x0B, 0x0A, 0x0F, 0x01, 0x03,
    0x06, 0x00, 0x01, 0x04, 0x0A, 0x0F, 0x01, 0x0B, 0x02, 0x00, 0x01, 0x0B, 0x0A, 0x0F, 0x01, 0x04,
    0x06, 0x00, 0x01, 0x04, 0x0A, 0x0F, 0x01, 0x0C, 0x02, 0x00, 0x01, 0x0C, 0x0A, 0x0F, 0x01, 0x04,
    0x06, 0x00, 0x01, 0x03, 0x0B, 0x0F, 0x02, 0x09, 0x0B, 0x0F, 0x01, 0x03, 0x06, 0x00, 0x01, 0x01,
    0x01, 0x0E, 0x16, 0x0F, 0x01, 0x0E, 0x01, 0x01, 0x07, 0x00, 0x01, 0x0B, 0x0A, 0x0F, 0x02, 0x0B,
    0x0A, 0x0F, 0x01, 0x0B, 0x08, 0x00, 0x01, 0x06, 0x09, 0x0F, 0x01, 0x0C, 0x02, 0x00, 0x01, 0x0C,
    0x09, 0x0F, 0x01, 0x06, 0x08, 0x00, 0x01, 0x01, 0x01, 0x0E, 0x08, 0x0F, 0x01, 0x0C, 0x02, 0x00,
    0x01, 0x0C, 0x08, 0x0F, 0x01, 0x0E, 0x01, 0x01, 0x09, 0x00, 0x01, 0x06, 0x09, 0x0F, 0x02, 0x0D,
    0x09, 0x0F, 0x01, 0x06, 0x0B, 0x00, 0x01, 0x0A, 0x12, 0x0F, 0x01, 0x0A, 0x0C, 0x00, 0x01, 0x01,
    0x01, 0x0B, 0x10, 0x0F, 0x01, 0x0B, 0x01, 0x01, 0x0D, 0x00, 0x01, 0x01, 0x01, 0x0A, 0x0E, 0x0F,
    0x01, 0x0A, 0x01, 0x01, 0x10, 0x00, 0x01, 0x06, 0x01, 0x0D, 0x0A, 0x0F, 0x01, 0x0D, 0x01, 0x06,
    0x13, 0x00, 0x01, 0x01, 0x01, 0x06, 0x01, 0x0B, 0x01, 0x0E, 0x04, 0x0F, 0x01, 0x0E, 0x01, 0x0B,
    0x01, 0x06, 0x01, 0x01, 0x17, 0x00, 0x01, 0x01, 0x01, 0x03, 0x02, 0x04, 0x01, 0x03, 0x01, 0x01,
    0x6D, 0x00,
};

/* Where each icon's runs start, plus a final entry so the last icon has an end.
   One line per icon, named, because this is the table a bad merge shows up in. */
static const uint32_t k_run_offsets[INKCELL_ICON_COUNT + 1] = {
    0,     /* INKCELL_ICON_NONE (-) */
    5,     /* INKCELL_ICON_MESSAGES (forum) */
    174,   /* INKCELL_ICON_NODES (hub) */
    449,   /* INKCELL_ICON_DEVICES (settings_input_antenna) */
    764,   /* INKCELL_ICON_STATUS (speed) */
    911,   /* INKCELL_ICON_SETTINGS (settings) */
    1094,  /* INKCELL_ICON_MAP (map) */
    1295,  /* INKCELL_ICON_CHEVRON (chevron_right) */
    1361,  /* INKCELL_ICON_BACK (arrow_back) */
    1457,  /* INKCELL_ICON_EDIT (edit) */
    1561,  /* INKCELL_ICON_STEPPER (code) */
    1710,  /* INKCELL_ICON_UNSAVED (fiber_manual_record) */
    1793,  /* INKCELL_ICON_CHECK (check) */
    1874,  /* INKCELL_ICON_CLOSE (close) */
    1986,  /* INKCELL_ICON_WARNING (warning) */
    2114,  /* INKCELL_ICON_CHANNEL (tag) */
    2286,  /* INKCELL_ICON_BROADCAST (public) */
    2557,  /* INKCELL_ICON_COMPOSE (add) */
    2633,  /* INKCELL_ICON_REPLY (reply) */
    2740,  /* INKCELL_ICON_DELETE (delete) */
    2928,  /* INKCELL_ICON_BLUETOOTH (bluetooth) */
    3141,  /* INKCELL_ICON_USB (usb) */
    3318,  /* INKCELL_ICON_RADIO (cell_tower) */
    3682,  /* INKCELL_ICON_LINK (link) */
    3833,  /* INKCELL_ICON_SEND (send) */
    3946,  /* INKCELL_ICON_BACKSPACE (backspace) */
    4094,  /* INKCELL_ICON_SPACE (space_bar) */
    4143,  /* INKCELL_ICON_ABOUT (info) */
    4328,  /* INKCELL_ICON_USER (person) */
    4425,  /* INKCELL_ICON_DEVICE (tune) */
    4581,  /* INKCELL_ICON_DISPLAY (monitor) */
    4682,  /* INKCELL_ICON_POSITION (place) */
    4833,  /* INKCELL_ICON_POWER (battery_charging_full) */
    5000,  /* INKCELL_ICON_LORA (wifi_tethering) */
    5345,  /* INKCELL_ICON_SECURITY (shield) */
    5482,  /* INKCELL_ICON_NETWORK (lan) */
    5658,  /* INKCELL_ICON_MODULES (extension) */
    5775,  /* INKCELL_ICON_ACTIONS (power_settings_new) */
    6038,  /* INKCELL_ICON_MQTT (cloud) */
    6138,  /* INKCELL_ICON_STORE_FWD (inventory_2) */
    6293,  /* INKCELL_ICON_TELEMETRY (monitoring) */
    6526,  /* INKCELL_ICON_RANGE_TEST (straighten) */
    6705,  /* INKCELL_ICON_NEIGHBORS (group) */
    6886,  /* INKCELL_ICON_AMBIENT (lightbulb) */
    7005,  /* INKCELL_ICON_PAXCOUNTER (groups) */
    7183,  /* INKCELL_ICON_STATUS_MSG (campaign) */
    7354,  /* INKCELL_ICON_TAK (military_tech) */
    7528,  /* INKCELL_ICON_DETECTION (sensors) */
    7800,  /* INKCELL_ICON_EXT_NOTIFY (notifications) */
    7916,  /* INKCELL_ICON_TRAFFIC (traffic) */
    8073,  /* INKCELL_ICON_RESTART (restart_alt) */
    8269,  /* INKCELL_ICON_SHUTDOWN (power_off) */
    8468,  /* INKCELL_ICON_FACTORY (reset_settings) */
    8683,  /* INKCELL_ICON_BACKUP (backup) */
    8844,  /* INKCELL_ICON_RESTORE (settings_backup_restore) */
    9070,  /* INKCELL_ICON_REFRESH (refresh) */
    9249,  /* INKCELL_ICON_DOWNLOAD (download) */
    9377,  /* INKCELL_ICON_SWAP (swap_horiz) */
    9504,  /* INKCELL_ICON_THEME (palette) */
    9706,  /* INKCELL_ICON_LANGUAGE (language) */
    10075, /* INKCELL_ICON_LICENSE (workspace_premium) */
    10330, /* INKCELL_ICON_HISTORY (history) */
    10571, /* INKCELL_ICON_SHARE (share) */
    10735, /* INKCELL_ICON_IMPORT (add_link) */
    10905, /* INKCELL_ICON_PINNED (star) */
    11034, /* INKCELL_ICON_MUTED (notifications_off) */
    11235, /* INKCELL_ICON_ENCRYPTED (lock) */
    11414, /* INKCELL_ICON_SENDING (schedule) */
    11604, /* INKCELL_ICON_DELIVERED (done_all) */
    11751, /* INKCELL_ICON_UNDELIVERED (error) */
    11937, /* end */
};

const struct inkcell_icon_table inkcell_icon_table = {
    .runs = k_runs,
    .run_offsets = k_run_offsets,
};
